<?xml version='1.0' encoding='utf-8'?>
<kml xmlns="http://www.opengis.net/kml/2.2">
  <Document>
    <name>Rémi - trains directs - septembre 2026</name>
    <Style id="REMI_K1">
      <LineStyle>
        <color>ff5f00bf</color>
        <width>4</width>
      </LineStyle>
      <IconStyle>
        <color>ff5f00bf</color>
        <scale>0.75</scale>
        <Icon>
          <href>https://maps.google.com/mapfiles/kml/shapes/rail.png</href>
        </Icon>
      </IconStyle>
    </Style>
    <Style id="REMI_K16">
      <LineStyle>
        <color>ff5f00bf</color>
        <width>4</width>
      </LineStyle>
      <IconStyle>
        <color>ff5f00bf</color>
        <scale>0.75</scale>
        <Icon>
          <href>https://maps.google.com/mapfiles/kml/shapes/rail.png</href>
        </Icon>
      </IconStyle>
    </Style>
    <Style id="REMI_K30">
      <LineStyle>
        <color>ff5f00bf</color>
        <width>4</width>
      </LineStyle>
      <IconStyle>
        <color>ff5f00bf</color>
        <scale>0.75</scale>
        <Icon>
          <href>https://maps.google.com/mapfiles/kml/shapes/rail.png</href>
        </Icon>
      </IconStyle>
    </Style>
    <Style id="REMI_K39">
      <LineStyle>
        <color>ff5f00bf</color>
        <width>4</width>
      </LineStyle>
      <IconStyle>
        <color>ff5f00bf</color>
        <scale>0.75</scale>
        <Icon>
          <href>https://maps.google.com/mapfiles/kml/shapes/rail.png</href>
        </Icon>
      </IconStyle>
    </Style>
    <Style id="REMI_K6plus">
      <LineStyle>
        <color>ff781e6e</color>
        <width>4</width>
      </LineStyle>
      <IconStyle>
        <color>ff781e6e</color>
        <scale>0.75</scale>
        <Icon>
          <href>https://maps.google.com/mapfiles/kml/shapes/rail.png</href>
        </Icon>
      </IconStyle>
    </Style>
    <Style id="REMI_P1">
      <LineStyle>
        <color>ff33805b</color>
        <width>4</width>
      </LineStyle>
      <IconStyle>
        <color>ff33805b</color>
        <scale>0.75</scale>
        <Icon>
          <href>https://maps.google.com/mapfiles/kml/shapes/rail.png</href>
        </Icon>
      </IconStyle>
    </Style>
    <Style id="REMI_P2">
      <LineStyle>
        <color>ff33805b</color>
        <width>4</width>
      </LineStyle>
      <IconStyle>
        <color>ff33805b</color>
        <scale>0.75</scale>
        <Icon>
          <href>https://maps.google.com/mapfiles/kml/shapes/rail.png</href>
        </Icon>
      </IconStyle>
    </Style>
    <Style id="REMI_P6">
      <LineStyle>
        <color>ff33805b</color>
        <width>4</width>
      </LineStyle>
      <IconStyle>
        <color>ff33805b</color>
        <scale>0.75</scale>
        <Icon>
          <href>https://maps.google.com/mapfiles/kml/shapes/rail.png</href>
        </Icon>
      </IconStyle>
    </Style>
    <Style id="REMI_P7">
      <LineStyle>
        <color>ff33805b</color>
        <width>4</width>
      </LineStyle>
      <IconStyle>
        <color>ff33805b</color>
        <scale>0.75</scale>
        <Icon>
          <href>https://maps.google.com/mapfiles/kml/shapes/rail.png</href>
        </Icon>
      </IconStyle>
    </Style>
    <Style id="REMI_P10">
      <LineStyle>
        <color>ff33805b</color>
        <width>4</width>
      </LineStyle>
      <IconStyle>
        <color>ff33805b</color>
        <scale>0.75</scale>
        <Icon>
          <href>https://maps.google.com/mapfiles/kml/shapes/rail.png</href>
        </Icon>
      </IconStyle>
    </Style>
    <Style id="REMI_P11">
      <LineStyle>
        <color>ff33805b</color>
        <width>4</width>
      </LineStyle>
      <IconStyle>
        <color>ff33805b</color>
        <scale>0.75</scale>
        <Icon>
          <href>https://maps.google.com/mapfiles/kml/shapes/rail.png</href>
        </Icon>
      </IconStyle>
    </Style>
    <Style id="REMI_P16">
      <LineStyle>
        <color>ff33805b</color>
        <width>4</width>
      </LineStyle>
      <IconStyle>
        <color>ff33805b</color>
        <scale>0.75</scale>
        <Icon>
          <href>https://maps.google.com/mapfiles/kml/shapes/rail.png</href>
        </Icon>
      </IconStyle>
    </Style>
    <Style id="REMI_P17">
      <LineStyle>
        <color>ff33805b</color>
        <width>4</width>
      </LineStyle>
      <IconStyle>
        <color>ff33805b</color>
        <scale>0.75</scale>
        <Icon>
          <href>https://maps.google.com/mapfiles/kml/shapes/rail.png</href>
        </Icon>
      </IconStyle>
    </Style>
    <Style id="REMI_P21">
      <LineStyle>
        <color>ff33805b</color>
        <width>4</width>
      </LineStyle>
      <IconStyle>
        <color>ff33805b</color>
        <scale>0.75</scale>
        <Icon>
          <href>https://maps.google.com/mapfiles/kml/shapes/rail.png</href>
        </Icon>
      </IconStyle>
    </Style>
    <Style id="REMI_P30">
      <LineStyle>
        <color>ff33805b</color>
        <width>4</width>
      </LineStyle>
      <IconStyle>
        <color>ff33805b</color>
        <scale>0.75</scale>
        <Icon>
          <href>https://maps.google.com/mapfiles/kml/shapes/rail.png</href>
        </Icon>
      </IconStyle>
    </Style>
    <Style id="REMI_P31">
      <LineStyle>
        <color>ff33805b</color>
        <width>4</width>
      </LineStyle>
      <IconStyle>
        <color>ff33805b</color>
        <scale>0.75</scale>
        <Icon>
          <href>https://maps.google.com/mapfiles/kml/shapes/rail.png</href>
        </Icon>
      </IconStyle>
    </Style>
    <Style id="REMI_P33">
      <LineStyle>
        <color>ff33805b</color>
        <width>4</width>
      </LineStyle>
      <IconStyle>
        <color>ff33805b</color>
        <scale>0.75</scale>
        <Icon>
          <href>https://maps.google.com/mapfiles/kml/shapes/rail.png</href>
        </Icon>
      </IconStyle>
    </Style>
    <Style id="REMI_P65">
      <LineStyle>
        <color>ff33805b</color>
        <width>4</width>
      </LineStyle>
      <IconStyle>
        <color>ff33805b</color>
        <scale>0.75</scale>
        <Icon>
          <href>https://maps.google.com/mapfiles/kml/shapes/rail.png</href>
        </Icon>
      </IconStyle>
    </Style>
    <Style id="SNCF_GARE">
      <LineStyle>
        <color>ff555555</color>
        <width>4</width>
      </LineStyle>
      <IconStyle>
        <color>ff555555</color>
        <scale>0.75</scale>
        <Icon>
          <href>https://maps.google.com/mapfiles/kml/shapes/rail.png</href>
        </Icon>
      </IconStyle>
    </Style>
    <Placemark>
      <name>K1 - Orléans ↔ Nantes ↔ Le Croisic</name>
      <styleUrl>#REMI_K1</styleUrl>
      <LineString>
        <tessellate>1</tessellate>
        <coordinates>1.9047170,47.9081564,0 1.9047295,47.9082683,0 1.9047384,47.9083487,0 1.9047707,47.9086805,0 1.9047872,47.9088490,0 1.9047872,47.9088492,0 1.9047935,47.9089126,0 1.9047935,47.9089127,0 1.9048020,47.9090000,0 1.9048657,47.9096317,0 1.9049089,47.9100611,0 1.9049136,47.9101088,0 1.9049256,47.9102318,0 1.9049256,47.9102319,0 1.9049390,47.9103695,0 1.9049707,47.9106941,0 1.9050135,47.9111317,0 1.9050624,47.9114853,0 1.9051359,47.9120173,0 1.9051502,47.9121518,0 1.9051583,47.9126198,0 1.9051700,47.9127323,0 1.9051701,47.9127324,0 1.9051707,47.9127384,0 1.9051804,47.9128457,0 1.9051881,47.9129322,0 1.9051875,47.9131980,0 1.9051853,47.9133998,0 1.9051821,47.9134606,0 1.9051541,47.9136278,0 1.9051256,47.9137838,0 1.9050970,47.9139034,0 1.9050590,47.9140356,0 1.9050043,47.9141662,0 1.9049308,47.9142978,0 1.9048760,47.9143956,0 1.9047428,47.9146011,0 1.9046240,47.9147413,0 1.9044886,47.9148671,0 1.9041653,47.9151172,0 1.9039324,47.9152988,0 1.9034310,47.9156684,0 1.9030651,47.9159079,0 1.9029198,47.9160029,0 1.9027179,47.9161208,0 1.9025063,47.9162355,0 1.9022662,47.9163582,0 1.9020381,47.9164681,0 1.9018480,47.9165509,0 1.9016294,47.9166417,0 1.9013632,47.9167341,0 1.9012181,47.9167803,0 1.9010631,47.9168313,0 1.9007974,47.9169188,0 1.9005764,47.9169794,0 1.9002673,47.9170543,0 1.8998158,47.9171547,0 1.8994592,47.9172200,0 1.8990981,47.9172693,0 1.8989269,47.9172837,0 1.8985371,47.9173107,0 1.8983437,47.9173263,0 1.8977684,47.9173318,0 1.8970620,47.9173362,0 1.8966864,47.9173251,0 1.8963417,47.9173092,0 1.8962348,47.9173044,0 1.8960256,47.9172869,0 1.8958996,47.9172725,0 1.8957237,47.9172518,0 1.8955764,47.9172311,0 1.8954599,47.9172167,0 1.8952864,47.9171897,0 1.8951438,47.9171658,0 1.8949941,47.9171387,0 1.8947683,47.9170925,0 1.8946708,47.9170734,0 1.8944878,47.9170336,0 1.8943405,47.9169953,0 1.8942399,47.9169684,0 1.8940790,47.9169253,0 1.8938413,47.9168520,0 1.8937130,47.9168137,0 1.8931591,47.9166274,0 1.8930813,47.9166000,0 1.8930812,47.9166000,0 1.8925674,47.9164187,0 1.8922982,47.9163226,0 1.8918139,47.9161495,0 1.8908252,47.9157958,0 1.8891852,47.9152081,0 1.8878233,47.9147253,0 1.8866611,47.9143080,0 1.8862450,47.9141582,0 1.8860476,47.9140812,0 1.8852563,47.9138078,0 1.8845766,47.9135577,0 1.8838279,47.9132884,0 1.8831386,47.9130431,0 1.8822212,47.9127101,0 1.8820063,47.9126337,0 1.8813750,47.9124090,0 1.8802675,47.9120140,0 1.8793809,47.9117001,0 1.8783993,47.9113544,0 1.8782614,47.9113059,0 1.8773346,47.9109801,0 1.8756351,47.9103763,0 1.8745156,47.9099764,0 1.8741924,47.9098585,0 1.8734342,47.9095909,0 1.8733757,47.9095697,0 1.8725333,47.9092642,0 1.8715185,47.9088994,0 1.8701946,47.9084231,0 1.8693413,47.9081171,0 1.8686911,47.9078868,0 1.8682124,47.9077172,0 1.8669836,47.9072743,0 1.8656716,47.9068090,0 1.8631261,47.9058993,0 1.8622276,47.9055759,0 1.8616405,47.9053704,0 1.8603428,47.9049004,0 1.8590491,47.9044435,0 1.8590071,47.9044287,0 1.8577545,47.9039825,0 1.8568941,47.9036782,0 1.8553967,47.9031445,0 1.8537734,47.9025693,0 1.8518387,47.9018809,0 1.8502981,47.9013368,0 1.8498944,47.9011941,0 1.8478290,47.9004596,0 1.8473489,47.9002667,0 1.8466953,47.9000341,0 1.8450956,47.8994636,0 1.8429637,47.8987036,0 1.8408175,47.8979387,0 1.8390824,47.8973188,0 1.8375992,47.8967913,0 1.8370010,47.8965756,0 1.8366890,47.8964631,0 1.8347543,47.8957762,0 1.8327458,47.8950559,0 1.8305758,47.8942782,0 1.8299222,47.8940456,0 1.8281753,47.8934224,0 1.8262905,47.8927467,0 1.8260002,47.8926433,0 1.8247789,47.8922080,0 1.8229107,47.8915419,0 1.8209902,47.8908597,0 1.8188796,47.8900979,0 1.8183993,47.8899261,0 1.8166383,47.8892962,0 1.8147345,47.8886205,0 1.8146632,47.8885942,0 1.8140287,47.8883606,0 1.8124766,47.8878045,0 1.8106892,47.8871717,0 1.8088402,47.8865102,0 1.8084503,47.8863706,0 1.8069126,47.8858201,0 1.8062423,47.8855809,0 1.8052369,47.8852175,0 1.8039963,47.8847745,0 1.8029077,47.8843839,0 1.8018524,47.8840093,0 1.8012539,47.8837935,0 1.8009064,47.8836683,0 1.7997583,47.8832602,0 1.7990833,47.8830211,0 1.7984512,47.8827931,0 1.7973055,47.8823835,0 1.7960292,47.8819244,0 1.7950975,47.8815945,0 1.7933506,47.8809728,0 1.7928328,47.8807847,0 1.7922620,47.8805774,0 1.7913635,47.8802602,0 1.7907504,47.8800402,0 1.7893385,47.8795445,0 1.7887919,47.8793516,0 1.7869594,47.8786916,0 1.7856094,47.8782134,0 1.7838690,47.8775871,0 1.7837269,47.8775359,0 1.7827262,47.8771804,0 1.7818849,47.8768807,0 1.7811789,47.8766272,0 1.7809246,47.8765331,0 1.7804802,47.8763786,0 1.7798766,47.8761633,0 1.7794938,47.8760230,0 1.7788831,47.8758078,0 1.7782911,47.8755894,0 1.7776851,47.8753726,0 1.7771772,47.8751890,0 1.7771028,47.8751621,0 1.7761735,47.8748305,0 1.7757671,47.8746855,0 1.7752109,47.8744909,0 1.7744693,47.8742231,0 1.7740011,47.8740589,0 1.7733379,47.8738182,0 1.7724324,47.8734977,0 1.7718382,47.8732841,0 1.7713557,47.8731119,0 1.7708019,47.8729062,0 1.7703480,47.8727437,0 1.7700984,47.8726496,0 1.7695922,47.8724535,0 1.7690478,47.8722382,0 1.7684133,47.8719863,0 1.7678642,47.8717632,0 1.7674030,47.8715750,0 1.7672964,47.8715319,0 1.7670869,47.8714474,0 1.7667851,47.8713279,0 1.7665997,47.8712577,0 1.7660151,47.8710042,0 1.7651285,47.8706168,0 1.7649002,47.8705154,0 1.7646651,47.8704111,0 1.7643037,47.8702516,0 1.7639330,47.8700843,0 1.7633507,47.8698164,0 1.7626305,47.8694864,0 1.7621124,47.8692393,0 1.7617843,47.8690702,0 1.7611925,47.8687832,0 1.7608574,47.8686142,0 1.7604772,47.8684197,0 1.7602556,47.8683134,0 1.7601682,47.8682714,0 1.7597163,47.8680473,0 1.7595764,47.8679780,0 1.7593449,47.8678572,0 1.7593448,47.8678572,0 1.7591366,47.8677484,0 1.7588017,47.8675790,0 1.7584402,47.8673960,0 1.7580053,47.8671776,0 1.7579021,47.8671258,0 1.7573137,47.8668300,0 1.7567314,47.8665446,0 1.7560182,47.8661859,0 1.7555216,47.8659355,0 1.7549345,47.8656389,0 1.7541287,47.8652323,0 1.7537057,47.8650234,0 1.7525125,47.8644223,0 1.7518683,47.8640970,0 1.7508607,47.8635932,0 1.7500834,47.8632008,0 1.7497364,47.8630270,0 1.7492179,47.8627715,0 1.7486170,47.8624753,0 1.7472907,47.8618120,0 1.7468605,47.8615919,0 1.7458670,47.8610928,0 1.7452395,47.8607786,0 1.7449865,47.8606500,0 1.7438063,47.8600498,0 1.7433167,47.8598106,0 1.7425870,47.8594423,0 1.7420712,47.8591808,0 1.7410944,47.8586927,0 1.7405406,47.8584120,0 1.7394877,47.8578874,0 1.7389291,47.8576114,0 1.7378501,47.8570645,0 1.7375197,47.8568986,0 1.7372846,47.8567814,0 1.7363812,47.8563309,0 1.7356824,47.8559816,0 1.7347745,47.8555191,0 1.7341850,47.8552321,0 1.7328588,47.8545574,0 1.7323478,47.8543022,0 1.7309193,47.8535845,0 1.7297262,47.8529897,0 1.7290441,47.8526451,0 1.7275372,47.8518747,0 1.7266672,47.8514441,0 1.7257379,47.8509753,0 1.7249156,47.8505653,0 1.7240361,47.8501251,0 1.7236404,47.8499254,0 1.7235974,47.8499037,0 1.7231733,47.8496896,0 1.7224365,47.8493276,0 1.7221157,47.8491633,0 1.7211151,47.8486560,0 1.7200027,47.8480994,0 1.7193158,47.8477597,0 1.7182035,47.8472061,0 1.7173193,47.8467548,0 1.7157744,47.8459748,0 1.7140465,47.8451054,0 1.7128605,47.8445184,0 1.7124412,47.8443071,0 1.7121451,47.8441579,0 1.7114201,47.8437894,0 1.7108046,47.8434767,0 1.7101960,47.8431593,0 1.7095021,47.8427732,0 1.7088271,47.8423681,0 1.7084849,47.8421463,0 1.7082305,47.8419772,0 1.7078311,47.8417028,0 1.7074818,47.8414683,0 1.7070135,47.8411254,0 1.7068828,47.8410293,0 1.7067355,47.8409211,0 1.7063385,47.8406388,0 1.7055661,47.8400549,0 1.7052856,47.8398379,0 1.7050644,47.8396833,0 1.7045964,47.8393561,0 1.7041709,47.8390339,0 1.7034864,47.8385393,0 1.7028946,47.8381038,0 1.7027809,47.8380213,0 1.7021316,47.8375502,0 1.7016159,47.8371609,0 1.7005606,47.8364015,0 1.7001303,47.8360936,0 1.6999568,47.8359661,0 1.6998321,47.8358743,0 1.6990267,47.8352818,0 1.6986567,47.8350094,0 1.6978763,47.8344384,0 1.6973990,47.8340855,0 1.6969075,47.8337212,0 1.6963157,47.8332951,0 1.6960826,47.8331212,0 1.6953649,47.8325947,0 1.6948348,47.8322070,0 1.6940576,47.8316246,0 1.6938162,47.8314400,0 1.6927932,47.8306997,0 1.6924820,47.8304799,0 1.6924272,47.8304390,0 1.6920270,47.8301387,0 1.6918442,47.8300029,0 1.6914820,47.8297340,0 1.6903647,47.8289173,0 1.6897172,47.8284408,0 1.6892124,47.8280703,0 1.6884258,47.8274935,0 1.6878407,47.8270660,0 1.6868350,47.8263280,0 1.6863727,47.8259865,0 1.6853562,47.8252132,0 1.6850235,47.8249546,0 1.6840084,47.8241525,0 1.6833289,47.8236190,0 1.6828178,47.8232117,0 1.6819289,47.8225259,0 1.6817406,47.8223743,0 1.6814750,47.8221604,0 1.6807266,47.8215806,0 1.6803415,47.8212789,0 1.6800203,47.8210261,0 1.6800122,47.8210196,0 1.6794617,47.8205933,0 1.6790768,47.8202821,0 1.6780832,47.8195080,0 1.6777386,47.8192367,0 1.6768956,47.8185707,0 1.6764393,47.8182124,0 1.6754355,47.8174253,0 1.6743839,47.8165984,0 1.6740343,47.8163250,0 1.6732440,47.8157068,0 1.6729494,47.8154797,0 1.6722306,47.8149121,0 1.6720176,47.8147439,0 1.6711311,47.8140560,0 1.6704371,47.8135229,0 1.6700545,47.8132212,0 1.6698215,47.8130376,0 1.6691417,47.8125125,0 1.6686925,47.8121438,0 1.6683425,47.8118652,0 1.6680389,47.8116235,0 1.6676562,47.8113090,0 1.6674756,47.8111702,0 1.6666794,47.8105620,0 1.6663894,47.8103258,0 1.6661001,47.8101026,0 1.6657310,47.8098181,0 1.6652224,47.8094159,0 1.6646234,47.8089354,0 1.6642669,47.8086625,0 1.6635420,47.8080846,0 1.6631807,47.8078116,0 1.6624130,47.8072099,0 1.6620637,47.8069304,0 1.6610107,47.8061051,0 1.6600576,47.8053453,0 1.6595847,47.8049829,0 1.6593981,47.8048372,0 1.6587694,47.8043460,0 1.6584248,47.8040666,0 1.6575953,47.8034232,0 1.6571651,47.8030848,0 1.6562928,47.8024031,0 1.6559458,47.8021301,0 1.6549665,47.8013669,0 1.6545910,47.8010700,0 1.6541727,47.8007364,0 1.6536997,47.8003739,0 1.6532885,47.8000579,0 1.6528821,47.7997306,0 1.6525041,47.7994400,0 1.6521002,47.7991175,0 1.6515108,47.7986577,0 1.6509402,47.7982122,0 1.6506646,47.7979871,0 1.6500371,47.7974921,0 1.6495783,47.7971457,0 1.6491149,47.7967704,0 1.6486586,47.7964032,0 1.6477815,47.7957310,0 1.6473917,47.7954213,0 1.6469551,47.7950799,0 1.6467690,47.7949343,0 1.6462485,47.7945191,0 1.6452384,47.7937064,0 1.6444506,47.7931055,0 1.6437600,47.7925591,0 1.6437599,47.7925590,0 1.6434462,47.7923108,0 1.6433954,47.7922704,0 1.6426683,47.7916905,0 1.6425051,47.7915604,0 1.6415781,47.7908402,0 1.6411598,47.7905240,0 1.6404515,47.7899508,0 1.6395958,47.7892993,0 1.6387972,47.7886605,0 1.6382149,47.7882102,0 1.6373902,47.7875474,0 1.6370170,47.7872313,0 1.6362184,47.7866117,0 1.6351393,47.7857653,0 1.6347491,47.7854628,0 1.6344738,47.7852494,0 1.6337680,47.7847017,0 1.6333972,47.7844063,0 1.6328315,47.7839590,0 1.6324868,47.7836876,0 1.6317263,47.7830935,0 1.6311225,47.7826175,0 1.6307612,47.7823333,0 1.6306623,47.7822557,0 1.6304452,47.7820857,0 1.6297036,47.7814868,0 1.6289264,47.7808767,0 1.6285508,47.7805940,0 1.6279614,47.7801436,0 1.6279493,47.7801339,0 1.6275051,47.7797810,0 1.6268016,47.7792364,0 1.6266407,47.7791003,0 1.6265806,47.7790495,0 1.6262383,47.7787812,0 1.6258835,47.7784992,0 1.6256542,47.7783686,0 1.6247116,47.7776338,0 1.6242584,47.7772800,0 1.6236229,47.7767910,0 1.6235011,47.7766961,0 1.6234097,47.7766249,0 1.6223046,47.7757842,0 1.6214723,47.7751709,0 1.6205809,47.7745213,0 1.6185177,47.7730624,0 1.6184282,47.7730011,0 1.6177099,47.7725090,0 1.6173357,47.7722528,0 1.6167916,47.7718919,0 1.6158910,47.7713027,0 1.6152900,47.7709146,0 1.6145605,47.7704515,0 1.6140213,47.7701098,0 1.6132037,47.7696083,0 1.6128469,47.7693828,0 1.6113736,47.7684516,0 1.6105131,47.7679244,0 1.6089800,47.7669435,0 1.6075850,47.7660890,0 1.6062347,47.7652452,0 1.6053913,47.7647067,0 1.6049085,47.7643985,0 1.6043098,47.7640296,0 1.6033384,47.7634229,0 1.6029514,47.7632027,0 1.6027391,47.7630760,0 1.6026052,47.7629925,0 1.6019029,47.7625387,0 1.6018153,47.7624823,0 1.6013164,47.7621405,0 1.6001907,47.7614381,0 1.5989404,47.7606583,0 1.5980657,47.7601070,0 1.5971199,47.7595112,0 1.5965471,47.7591597,0 1.5954277,47.7584535,0 1.5949070,47.7581339,0 1.5937730,47.7574115,0 1.5928534,47.7568267,0 1.5922547,47.7564546,0 1.5913865,47.7559157,0 1.5912635,47.7558393,0 1.5904783,47.7553482,0 1.5891664,47.7545237,0 1.5877213,47.7536161,0 1.5860575,47.7525758,0 1.5845459,47.7516281,0 1.5830461,47.7506837,0 1.5813254,47.7496050,0 1.5797328,47.7486062,0 1.5781143,47.7475834,0 1.5774633,47.7471760,0 1.5766739,47.7466821,0 1.5749534,47.7456034,0 1.5733715,47.7446388,0 1.5713499,47.7435094,0 1.5698172,47.7426752,0 1.5684765,47.7419448,0 1.5673618,47.7413325,0 1.5658304,47.7404958,0 1.5655246,47.7403288,0 1.5633547,47.7391460,0 1.5617622,47.7382813,0 1.5602054,47.7374341,0 1.5590312,47.7367867,0 1.5571559,47.7357700,0 1.5569453,47.7356547,0 1.5554351,47.7348285,0 1.5537453,47.7339093,0 1.5527243,47.7333516,0 1.5522145,47.7330732,0 1.5507694,47.7322851,0 1.5488247,47.7312186,0 1.5476707,47.7305688,0 1.5472486,47.7303311,0 1.5458839,47.7295363,0 1.5441224,47.7284906,0 1.5429887,47.7278175,0 1.5423421,47.7274337,0 1.5410729,47.7266712,0 1.5397516,47.7258895,0 1.5383207,47.7250420,0 1.5366853,47.7240747,0 1.5357100,47.7234955,0 1.5352878,47.7232448,0 1.5337572,47.7223351,0 1.5326187,47.7216540,0 1.5318302,47.7211869,0 1.5310570,47.7206846,0 1.5310209,47.7206632,0 1.5302786,47.7202275,0 1.5299554,47.7200377,0 1.5297517,47.7199181,0 1.5291422,47.7195540,0 1.5284801,47.7191585,0 1.5271562,47.7183734,0 1.5263433,47.7178905,0 1.5256493,47.7174779,0 1.5249862,47.7170814,0 1.5242541,47.7166496,0 1.5231540,47.7160089,0 1.5229635,47.7158980,0 1.5214757,47.7149929,0 1.5199735,47.7141102,0 1.5189407,47.7134965,0 1.5184690,47.7132162,0 1.5169502,47.7123111,0 1.5155812,47.7115034,0 1.5147369,47.7110007,0 1.5141361,47.7106431,0 1.5126839,47.7097858,0 1.5122690,47.7095383,0 1.5089931,47.7075847,0 1.5089930,47.7075847,0 1.5089565,47.7075629,0 1.5089046,47.7075320,0 1.5088776,47.7075163,0 1.5082435,47.7071414,0 1.5078367,47.7068992,0 1.5062734,47.7059552,0 1.5052929,47.7053631,0 1.5046911,47.7049996,0 1.5036357,47.7043887,0 1.5030090,47.7040247,0 1.5029251,47.7039760,0 1.5023071,47.7036129,0 1.5010117,47.7028531,0 1.4999328,47.7022165,0 1.4989701,47.7016375,0 1.4982143,47.7011896,0 1.4972779,47.7006441,0 1.4967858,47.7003610,0 1.4955974,47.6997068,0 1.4947132,47.6992349,0 1.4940882,47.6989086,0 1.4936413,47.6986750,0 1.4929496,47.6983295,0 1.4921815,47.6979575,0 1.4919586,47.6978496,0 1.4910191,47.6974079,0 1.4901355,47.6970081,0 1.4893654,47.6966642,0 1.4880820,47.6961059,0 1.4864467,47.6954020,0 1.4847283,47.6946613,0 1.4833760,47.6940854,0 1.4823635,47.6936503,0 1.4815221,47.6932823,0 1.4799011,47.6925863,0 1.4788839,47.6921513,0 1.4780804,47.6918089,0 1.4764072,47.6910873,0 1.4760423,47.6909258,0 1.4757204,47.6907833,0 1.4740090,47.6900442,0 1.4731700,47.6896859,0 1.4729561,47.6895946,0 1.4722668,47.6892938,0 1.4711736,47.6888282,0 1.4699542,47.6882987,0 1.4689917,47.6878810,0 1.4675299,47.6872539,0 1.4658138,47.6865211,0 1.4646159,47.6860027,0 1.4632612,47.6854170,0 1.4623318,47.6850202,0 1.4614643,47.6846423,0 1.4611601,47.6845098,0 1.4600740,47.6840361,0 1.4593086,47.6836761,0 1.4586788,47.6833545,0 1.4578991,47.6829097,0 1.4573572,47.6825721,0 1.4570102,47.6823448,0 1.4567702,47.6821767,0 1.4563588,47.6818931,0 1.4561712,47.6817639,0 1.4555438,47.6813015,0 1.4548782,47.6808215,0 1.4540130,47.6801925,0 1.4529197,47.6794037,0 1.4521711,47.6788579,0 1.4513867,47.6782898,0 1.4504028,47.6775713,0 1.4492382,47.6767263,0 1.4481210,47.6759118,0 1.4469523,47.6750586,0 1.4468197,47.6749618,0 1.4456373,47.6741082,0 1.4444845,47.6732791,0 1.4429633,47.6721733,0 1.4417631,47.6712978,0 1.4404345,47.6703311,0 1.4391367,47.6693868,0 1.4381409,47.6686649,0 1.4374664,47.6681725,0 1.4370950,47.6679014,0 1.4366387,47.6675701,0 1.4358591,47.6670003,0 1.4354764,47.6667234,0 1.4345804,47.6660720,0 1.4341003,47.6657246,0 1.4329903,47.6649162,0 1.4317568,47.6640215,0 1.4306754,47.6632371,0 1.4295464,47.6624175,0 1.4282368,47.6614314,0 1.4273529,47.6608110,0 1.4269985,47.6605622,0 1.4259075,47.6597714,0 1.4246002,47.6588157,0 1.4233477,47.6579016,0 1.4220594,47.6569698,0 1.4207474,47.6560125,0 1.4194474,47.6550711,0 1.4182400,47.6541921,0 1.4171705,47.6534108,0 1.4158869,47.6524838,0 1.4144751,47.6514527,0 1.4143438,47.6513581,0 1.4135351,47.6508171,0 1.4131561,47.6505369,0 1.4128962,47.6503447,0 1.4123988,47.6499754,0 1.4123988,47.6499753,0 1.4118054,47.6495347,0 1.4103771,47.6485036,0 1.4093151,47.6477292,0 1.4089631,47.6474726,0 1.4081484,47.6468792,0 1.4078451,47.6466637,0 1.4068900,47.6459692,0 1.4057496,47.6451536,0 1.4046899,47.6443856,0 1.4039666,47.6438610,0 1.4034298,47.6434722,0 1.4031876,47.6432960,0 1.4026419,47.6428991,0 1.4013976,47.6419945,0 1.4004161,47.6412835,0 1.3991753,47.6403849,0 1.3979750,47.6395057,0 1.3965870,47.6384953,0 1.3955364,47.6377344,0 1.3942362,47.6367768,0 1.3930859,47.6359440,0 1.3919908,47.6351468,0 1.3911580,47.6345664,0 1.3898261,47.6337489,0 1.3884550,47.6329594,0 1.3873789,47.6323300,0 1.3872119,47.6322323,0 1.3860427,47.6315517,0 1.3847307,47.6307941,0 1.3831787,47.6298907,0 1.3822847,47.6293733,0 1.3822185,47.6293349,0 1.3812987,47.6287999,0 1.3796231,47.6278356,0 1.3784464,47.6271515,0 1.3767684,47.6261696,0 1.3757253,47.6255595,0 1.3746083,47.6249331,0 1.3732198,47.6241208,0 1.3720270,47.6234288,0 1.3710740,47.6228810,0 1.3699379,47.6222291,0 1.3698902,47.6222018,0 1.3688181,47.6215817,0 1.3676487,47.6209025,0 1.3663178,47.6201319,0 1.3647823,47.6192363,0 1.3633846,47.6184304,0 1.3622248,47.6177463,0 1.3610389,47.6170590,0 1.3600074,47.6164582,0 1.3580561,47.6153335,0 1.3565539,47.6144570,0 1.3546811,47.6133723,0 1.3544205,47.6131783,0 1.3532247,47.6124887,0 1.3531016,47.6124177,0 1.3520131,47.6117912,0 1.3515567,47.6115157,0 1.3510100,47.6111983,0 1.3507272,47.6110301,0 1.3504253,47.6108603,0 1.3497099,47.6104485,0 1.3486333,47.6098139,0 1.3480224,47.6094534,0 1.3468221,47.6087660,0 1.3454032,47.6078766,0 1.3439509,47.6071010,0 1.3433832,47.6067702,0 1.3427602,47.6064072,0 1.3412200,47.6054921,0 1.3396347,47.6045819,0 1.3384058,47.6038736,0 1.3371438,47.6031332,0 1.3358461,47.6023992,0 1.3353041,47.6020803,0 1.3348265,47.6017998,0 1.3341965,47.6014344,0 1.3329440,47.6007068,0 1.3318317,47.6000594,0 1.3304532,47.5992612,0 1.3288892,47.5983525,0 1.3287343,47.5982716,0 1.3285532,47.5981770,0 1.3282689,47.5980143,0 1.3276580,47.5976601,0 1.3270710,47.5973171,0 1.3266907,47.5970815,0 1.3264554,47.5969340,0 1.3262106,47.5967721,0 1.3260456,47.5966480,0 1.3259443,47.5965718,0 1.3257209,47.5963811,0 1.3254120,47.5961102,0 1.3252290,47.5959371,0 1.3250603,47.5957608,0 1.3248820,47.5955509,0 1.3247227,47.5953633,0 1.3245943,47.5952046,0 1.3244588,47.5949915,0 1.3243686,47.5948472,0 1.3242688,47.5946853,0 1.3241617,47.5945042,0 1.3239598,47.5940906,0 1.3239017,47.5939591,0 1.3238410,47.5938214,0 1.3237696,47.5936178,0 1.3236873,47.5933580,0 1.3236674,47.5932956,0 1.3236223,47.5931225,0 1.3235866,47.5929670,0 1.3235604,47.5928083,0 1.3235437,47.5926817,0 1.3235153,47.5923211,0 1.3235010,47.5920166,0 1.3235081,47.5917568,0 1.3235013,47.5913546,0 1.3234905,47.5910468,0 1.3234892,47.5910114,0 1.3234803,47.5906207,0 1.3234803,47.5906206,0 1.3234783,47.5905352,0 1.3234724,47.5902741,0 1.3234710,47.5902160,0 1.3234637,47.5892796,0 1.3234634,47.5892532,0 1.3234788,47.5884453,0 1.3234846,47.5883278,0 1.3234860,47.5883026,0 1.3234860,47.5883024,0 1.3235060,47.5878976,0 1.3235419,47.5875009,0 1.3235750,47.5869703,0 1.3235813,47.5866514,0 1.3235813,47.5862474,0 1.3235766,47.5859622,0 1.3235633,47.5853641,0 1.3235173,47.5853645,0 1.3235100,47.5848960,0 1.3234911,47.5847181,0 1.3234672,47.5845209,0 1.3234530,47.5844055,0 1.3234387,47.5843173,0 1.3234102,47.5841538,0 1.3233531,47.5839021,0 1.3233465,47.5838771,0 1.3232533,47.5835301,0 1.3232504,47.5835211,0 1.3231678,47.5832657,0 1.3230704,47.5830059,0 1.3230126,47.5828635,0 1.3229345,47.5826992,0 1.3228396,47.5825207,0 1.3227733,47.5824171,0 1.3227733,47.5824170,0 1.3227092,47.5823169,0 1.3225376,47.5820785,0 1.3224982,47.5820238,0 1.3223194,47.5818112,0 1.3221657,47.5816280,0 1.3220429,47.5814957,0 1.3218588,47.5813014,0 1.3216416,47.5811103,0 1.3214761,47.5809685,0 1.3212825,47.5808187,0 1.3210955,47.5806797,0 1.3209017,47.5805443,0 1.3204370,47.5802420,0 1.3198862,47.5799025,0 1.3198319,47.5798693,0 1.3198318,47.5798692,0 1.3194843,47.5796571,0 1.3193209,47.5795556,0 1.3187873,47.5792241,0 1.3185995,47.5791074,0 1.3183103,47.5789277,0 1.3177552,47.5785903,0 1.3177551,47.5785903,0 1.3174238,47.5783890,0 1.3168486,47.5780345,0 1.3159685,47.5774923,0 1.3157495,47.5773477,0 1.3153732,47.5771067,0 1.3150686,47.5768885,0 1.3147667,47.5766879,0 1.3145921,47.5765605,0 1.3143709,47.5763953,0 1.3141261,47.5762125,0 1.3136207,47.5758071,0 1.3129949,47.5752775,0 1.3125336,47.5748748,0 1.3120868,47.5744820,0 1.3117018,47.5741485,0 1.3111552,47.5736707,0 1.3106347,47.5732218,0 1.3101474,47.5727968,0 1.3097813,47.5724792,0 1.3094841,47.5722162,0 1.3093492,47.5720982,0 1.3092515,47.5720127,0 1.3089566,47.5717625,0 1.3087448,47.5715731,0 1.3085050,47.5713631,0 1.3079488,47.5708757,0 1.3075424,47.5705262,0 1.3073266,47.5703362,0 1.3071597,47.5701894,0 1.3068505,47.5699230,0 1.3065483,47.5696469,0 1.3062296,47.5693612,0 1.3059629,47.5691074,0 1.3055062,47.5686677,0 1.3052990,47.5684603,0 1.3050110,47.5681601,0 1.3046263,47.5677578,0 1.3042680,47.5673977,0 1.3039051,47.5670551,0 1.3037045,47.5668737,0 1.3034086,47.5666468,0 1.3030116,47.5663356,0 1.3026510,47.5660588,0 1.3020381,47.5656163,0 1.3018426,47.5654715,0 1.3015939,47.5652779,0 1.3014219,47.5651248,0 1.3011576,47.5648919,0 1.3008571,47.5646070,0 1.3007013,47.5644468,0 1.3004777,47.5641996,0 1.3002775,47.5639729,0 1.3001037,47.5637609,0 1.2998967,47.5635168,0 1.2996705,47.5632228,0 1.2996637,47.5632140,0 1.2992641,47.5627000,0 1.2986984,47.5619685,0 1.2984773,47.5616798,0 1.2975623,47.5605075,0 1.2975513,47.5604933,0 1.2973410,47.5602202,0 1.2971106,47.5599138,0 1.2967117,47.5593947,0 1.2962961,47.5588964,0 1.2958996,47.5584173,0 1.2951780,47.5576114,0 1.2948532,47.5572738,0 1.2946685,47.5570932,0 1.2943764,47.5568208,0 1.2941605,47.5566191,0 1.2939924,47.5564721,0 1.2936481,47.5561742,0 1.2931284,47.5557466,0 1.2925352,47.5552869,0 1.2922029,47.5550433,0 1.2916821,47.5546582,0 1.2912692,47.5543465,0 1.2911211,47.5542347,0 1.2907387,47.5539526,0 1.2901636,47.5535324,0 1.2895908,47.5531105,0 1.2890131,47.5526853,0 1.2884427,47.5522618,0 1.2879128,47.5518673,0 1.2873732,47.5514726,0 1.2869500,47.5511581,0 1.2865446,47.5508555,0 1.2864063,47.5507349,0 1.2862809,47.5506359,0 1.2860545,47.5504525,0 1.2859045,47.5503254,0 1.2857282,47.5501743,0 1.2855261,47.5499962,0 1.2851860,47.5496976,0 1.2846655,47.5492307,0 1.2842922,47.5488971,0 1.2839811,47.5486197,0 1.2832348,47.5479651,0 1.2830016,47.5477564,0 1.2825572,47.5473569,0 1.2820394,47.5468968,0 1.2816684,47.5465775,0 1.2814259,47.5463575,0 1.2811431,47.5461105,0 1.2808794,47.5458747,0 1.2805987,47.5456307,0 1.2803182,47.5453740,0 1.2800116,47.5451028,0 1.2797593,47.5448731,0 1.2795930,47.5447191,0 1.2794360,47.5445762,0 1.2793166,47.5444634,0 1.2791996,47.5443490,0 1.2790875,47.5442330,0 1.2790779,47.5442228,0 1.2789401,47.5440789,0 1.2787443,47.5438743,0 1.2786275,47.5437342,0 1.2784751,47.5435622,0 1.2783937,47.5434589,0 1.2780800,47.5430642,0 1.2777499,47.5426489,0 1.2775107,47.5423628,0 1.2773756,47.5422188,0 1.2772166,47.5420410,0 1.2770320,47.5418525,0 1.2769014,47.5417243,0 1.2767714,47.5415966,0 1.2766040,47.5414471,0 1.2764258,47.5413027,0 1.2763003,47.5411907,0 1.2761560,47.5410806,0 1.2760249,47.5409744,0 1.2759069,47.5408788,0 1.2756916,47.5407223,0 1.2751757,47.5403515,0 1.2748145,47.5400853,0 1.2741703,47.5396263,0 1.2733004,47.5389941,0 1.2724350,47.5383680,0 1.2722405,47.5382273,0 1.2715272,47.5377120,0 1.2712487,47.5375062,0 1.2709516,47.5372784,0 1.2707492,47.5371289,0 1.2706293,47.5370318,0 1.2704750,47.5369036,0 1.2703083,47.5367701,0 1.2701796,47.5366591,0 1.2699679,47.5364808,0 1.2697179,47.5362590,0 1.2693281,47.5359125,0 1.2690601,47.5356787,0 1.2688703,47.5355217,0 1.2686804,47.5353630,0 1.2685266,47.5352384,0 1.2684060,47.5351474,0 1.2682827,47.5350546,0 1.2681005,47.5349219,0 1.2679820,47.5348404,0 1.2677687,47.5346915,0 1.2675320,47.5345397,0 1.2670905,47.5342657,0 1.2667014,47.5340302,0 1.2666395,47.5339948,0 1.2662593,47.5337767,0 1.2654700,47.5332967,0 1.2647593,47.5328779,0 1.2638035,47.5322984,0 1.2632710,47.5319725,0 1.2628611,47.5317200,0 1.2626826,47.5315978,0 1.2623575,47.5313895,0 1.2622049,47.5312913,0 1.2621019,47.5312217,0 1.2619253,47.5310960,0 1.2614642,47.5307575,0 1.2612603,47.5306134,0 1.2609198,47.5303787,0 1.2607026,47.5302127,0 1.2604483,47.5300185,0 1.2602177,47.5298403,0 1.2595832,47.5293573,0 1.2590840,47.5289737,0 1.2585422,47.5285598,0 1.2578980,47.5280751,0 1.2573417,47.5276431,0 1.2563816,47.5269003,0 1.2554025,47.5261621,0 1.2543946,47.5253916,0 1.2532419,47.5245089,0 1.2521794,47.5236951,0 1.2511937,47.5229451,0 1.2509792,47.5227819,0 1.2498764,47.5219393,0 1.2486262,47.5209890,0 1.2473141,47.5199858,0 1.2471134,47.5198315,0 1.2463730,47.5192620,0 1.2452845,47.5184466,0 1.2444407,47.5178028,0 1.2439106,47.5173950,0 1.2432523,47.5168894,0 1.2427366,47.5164963,0 1.2423562,47.5162105,0 1.2419450,47.5158910,0 1.2415221,47.5155732,0 1.2412366,47.5153532,0 1.2408706,47.5150707,0 1.2404953,47.5147850,0 1.2396470,47.5141380,0 1.2393566,47.5139165,0 1.2388551,47.5135296,0 1.2375218,47.5125150,0 1.2365996,47.5118102,0 1.2365285,47.5117558,0 1.2356585,47.5110895,0 1.2350309,47.5106110,0 1.2341896,47.5099657,0 1.2338450,47.5097041,0 1.2327896,47.5089045,0 1.2317557,47.5081131,0 1.2308740,47.5074468,0 1.2302495,47.5069719,0 1.2288744,47.5059900,0 1.2280458,47.5054336,0 1.2274145,47.5050296,0 1.2268543,47.5046928,0 1.2262438,47.5043318,0 1.2256475,47.5039868,0 1.2250492,47.5036404,0 1.2244513,47.5033230,0 1.2239552,47.5030648,0 1.2236064,47.5028917,0 1.2231344,47.5026549,0 1.2224805,47.5023397,0 1.2217945,47.5020238,0 1.2207211,47.5015441,0 1.2201870,47.5013195,0 1.2199147,47.5012071,0 1.2197099,47.5011224,0 1.2188600,47.5007887,0 1.2183256,47.5005898,0 1.2179552,47.5004501,0 1.2174153,47.5002564,0 1.2173831,47.5002449,0 1.2168182,47.5000493,0 1.2164397,47.4999246,0 1.2158731,47.4997380,0 1.2158300,47.4997246,0 1.2148405,47.4993801,0 1.2142161,47.4991909,0 1.2135173,47.4989934,0 1.2128328,47.4988103,0 1.2118441,47.4985502,0 1.2110146,47.4983366,0 1.2100496,47.4980862,0 1.2093294,47.4978999,0 1.2087899,47.4977553,0 1.2075325,47.4974326,0 1.2062705,47.4970986,0 1.2046282,47.4966778,0 1.2035704,47.4964113,0 1.2026079,47.4961688,0 1.2010749,47.4957689,0 1.2002738,47.4955585,0 1.1998152,47.4954355,0 1.1990997,47.4952438,0 1.1981942,47.4949997,0 1.1968369,47.4946560,0 1.1959172,47.4944104,0 1.1951400,47.4942144,0 1.1945815,47.4940698,0 1.1935547,47.4938016,0 1.1930199,47.4936620,0 1.1915486,47.4932637,0 1.1909711,47.4931176,0 1.1903463,47.4929527,0 1.1893763,47.4926968,0 1.1879692,47.4923322,0 1.1875566,47.4922305,0 1.1873702,47.4921845,0 1.1871136,47.4921218,0 1.1868444,47.4920596,0 1.1868091,47.4920515,0 1.1865067,47.4919728,0 1.1860935,47.4918655,0 1.1850699,47.4915997,0 1.1849839,47.4915774,0 1.1835032,47.4911968,0 1.1822231,47.4908673,0 1.1822230,47.4908673,0 1.1820866,47.4908323,0 1.1803492,47.4903713,0 1.1785832,47.4899120,0 1.1773996,47.4896036,0 1.1766177,47.4894013,0 1.1759449,47.4892262,0 1.1752201,47.4890382,0 1.1745261,47.4888552,0 1.1735088,47.4885870,0 1.1729859,47.4884601,0 1.1723181,47.4882866,0 1.1713530,47.4880377,0 1.1708441,47.4879013,0 1.1707779,47.4878835,0 1.1695681,47.4875703,0 1.1684652,47.4872860,0 1.1675478,47.4870451,0 1.1664283,47.4867544,0 1.1652732,47.4864540,0 1.1642203,47.4861794,0 1.1634715,47.4859882,0 1.1628346,47.4858180,0 1.1620764,47.4856205,0 1.1616819,47.4855192,0 1.1611352,47.4853795,0 1.1606860,47.4852654,0 1.1603509,47.4851755,0 1.1599040,47.4850567,0 1.1591553,47.4848624,0 1.1585230,47.4847001,0 1.1579004,47.4845363,0 1.1572825,47.4843789,0 1.1566051,47.4842006,0 1.1559752,47.4840351,0 1.1553881,47.4838825,0 1.1547464,47.4837139,0 1.1537814,47.4834650,0 1.1525526,47.4831453,0 1.1511527,47.4827775,0 1.1504158,47.4825847,0 1.1493036,47.4822956,0 1.1483480,47.4820466,0 1.1470741,47.4817172,0 1.1461187,47.4814683,0 1.1453747,47.4812788,0 1.1446402,47.4810860,0 1.1440271,47.4809253,0 1.1432831,47.4807311,0 1.1427816,47.4805993,0 1.1423562,47.4804885,0 1.1419022,47.4803696,0 1.1414315,47.4802507,0 1.1411373,47.4801707,0 1.1409943,47.4801319,0 1.1403336,47.4799664,0 1.1393614,47.4797126,0 1.1383323,47.4794428,0 1.1375906,47.4792515,0 1.1368634,47.4790572,0 1.1362050,47.4788869,0 1.1354207,47.4786893,0 1.1346601,47.4784902,0 1.1336928,47.4782428,0 1.1331508,47.4780981,0 1.1321574,47.4778347,0 1.1314776,47.4776580,0 1.1307883,47.4774765,0 1.1301133,47.4773014,0 1.1289653,47.4770058,0 1.1278434,47.4767151,0 1.1263960,47.4763391,0 1.1254810,47.4760966,0 1.1249937,47.4759681,0 1.1242402,47.4757721,0 1.1231640,47.4754998,0 1.1230210,47.4754636,0 1.1223744,47.4752933,0 1.1216709,47.4750893,0 1.1208842,47.4748821,0 1.1201973,47.4747102,0 1.1194629,47.4745206,0 1.1188093,47.4743503,0 1.1180890,47.4741736,0 1.1174545,47.4740065,0 1.1167058,47.4738138,0 1.1162043,47.4736884,0 1.1155626,47.4735197,0 1.1148994,47.4733446,0 1.1140319,47.4731196,0 1.1132333,47.4729109,0 1.1126034,47.4727486,0 1.1122279,47.4726522,0 1.1117145,47.4725172,0 1.1109540,47.4723196,0 1.1102576,47.4721380,0 1.1095421,47.4719534,0 1.1084607,47.4716689,0 1.1071725,47.4713348,0 1.1063073,47.4711099,0 1.1058034,47.4709765,0 1.1051737,47.4708126,0 1.1045319,47.4706455,0 1.1037499,47.4704383,0 1.1030083,47.4702486,0 1.1019316,47.4699675,0 1.1010618,47.4697394,0 1.1002940,47.4695401,0 1.0991818,47.4692510,0 1.0985471,47.4690838,0 1.0979576,47.4689345,0 1.0970521,47.4686982,0 1.0965410,47.4685633,0 1.0956546,47.4683303,0 1.0951744,47.4682066,0 1.0946540,47.4680733,0 1.0940597,47.4679174,0 1.0936319,47.4678049,0 1.0931352,47.4676764,0 1.0924543,47.4674956,0 1.0923366,47.4674643,0 1.0917210,47.4672956,0 1.0912861,47.4671735,0 1.0908725,47.4670481,0 1.0904779,47.4669244,0 1.0900882,47.4667975,0 1.0897221,47.4666754,0 1.0893679,47.4665452,0 1.0890923,47.4664472,0 1.0887952,47.4663331,0 1.0883221,47.4661500,0 1.0880274,47.4660279,0 1.0877399,47.4659105,0 1.0875473,47.4658302,0 1.0868913,47.4655555,0 1.0861664,47.4652550,0 1.0854558,47.4649577,0 1.0846833,47.4646412,0 1.0838989,47.4643150,0 1.0828508,47.4638827,0 1.0814199,47.4632866,0 1.0796088,47.4625346,0 1.0777561,47.4617615,0 1.0777027,47.4617392,0 1.0769658,47.4614387,0 1.0768353,47.4613845,0 1.0768352,47.4613845,0 1.0766049,47.4612889,0 1.0760247,47.4610482,0 1.0756363,47.4608886,0 1.0748790,47.4605694,0 1.0733769,47.4599442,0 1.0727233,47.4596742,0 1.0713043,47.4590829,0 1.0701563,47.4586088,0 1.0690796,47.4581589,0 1.0679606,47.4576983,0 1.0677130,47.4575964,0 1.0659755,47.4568668,0 1.0644995,47.4562561,0 1.0636083,47.4558881,0 1.0622654,47.4553305,0 1.0614954,47.4550122,0 1.0598838,47.4543421,0 1.0592112,47.4540641,0 1.0578398,47.4534871,0 1.0560144,47.4527350,0 1.0544386,47.4520808,0 1.0526322,47.4513206,0 1.0513107,47.4507757,0 1.0505953,47.4504800,0 1.0497801,47.4501377,0 1.0492857,47.4499319,0 1.0491659,47.4498813,0 1.0486321,47.4496555,0 1.0479547,47.4493742,0 1.0465167,47.4487843,0 1.0452642,47.4482587,0 1.0439403,47.4477042,0 1.0423431,47.4470435,0 1.0407436,47.4463797,0 1.0401350,47.4461274,0 1.0386781,47.4455150,0 1.0377131,47.4451195,0 1.0365010,47.4446116,0 1.0350036,47.4439863,0 1.0340173,47.4435764,0 1.0325554,47.4429704,0 1.0302927,47.4420252,0 1.0288928,47.4414464,0 1.0277496,47.4409658,0 1.0270389,47.4406732,0 1.0261976,47.4403195,0 1.0253467,47.4399563,0 1.0240751,47.4394354,0 1.0223068,47.4386943,0 1.0217601,47.4384773,0 1.0208640,47.4381027,0 1.0193358,47.4374677,0 1.0178336,47.4368439,0 1.0163814,47.4362186,0 1.0146226,47.4354854,0 1.0133796,47.4349854,0 1.0123052,47.4345336,0 1.0115375,47.4342073,0 1.0103586,47.4337250,0 1.0087281,47.4330400,0 1.0075540,47.4325544,0 1.0071292,47.4323770,0 1.0058878,47.4318583,0 1.0044356,47.4312521,0 1.0028027,47.4305720,0 1.0019163,47.4302023,0 1.0012317,47.4299193,0 1.0009157,47.4297906,0 1.0005614,47.4296426,0 1.0000766,47.4294401,0 0.9991830,47.4290670,0 0.9979090,47.4285364,0 0.9972435,47.4282599,0 0.9967586,47.4280573,0 0.9963974,47.4279061,0 0.9960360,47.4277501,0 0.9956367,47.4275910,0 0.9953040,47.4274478,0 0.9948714,47.4272694,0 0.9945373,47.4271252,0 0.9941274,47.4269574,0 0.9931721,47.4265602,0 0.9924186,47.4262451,0 0.9916770,47.4259379,0 0.9911138,47.4257032,0 0.9905766,47.4254781,0 0.9899966,47.4252369,0 0.9891671,47.4248912,0 0.9884898,47.4246082,0 0.9874725,47.4241869,0 0.9868046,47.4239022,0 0.9861082,47.4236112,0 0.9855069,47.4233602,0 0.9842379,47.4228335,0 0.9841356,47.4227911,0 0.9832316,47.4224159,0 0.9811629,47.4215571,0 0.9797385,47.4209658,0 0.9797198,47.4209866,0 0.9792170,47.4208155,0 0.9787831,47.4206617,0 0.9785004,47.4205457,0 0.9781238,47.4203885,0 0.9776109,47.4201696,0 0.9772683,47.4200196,0 0.9769409,47.4198800,0 0.9768122,47.4198288,0 0.9765926,47.4197443,0 0.9757768,47.4194280,0 0.9755713,47.4193520,0 0.9755712,47.4193519,0 0.9754760,47.4193166,0 0.9754714,47.4193149,0 0.9749933,47.4191412,0 0.9746103,47.4190140,0 0.9742211,47.4188901,0 0.9739181,47.4187966,0 0.9734033,47.4186494,0 0.9727541,47.4184726,0 0.9725023,47.4184073,0 0.9722279,47.4183395,0 0.9718551,47.4182421,0 0.9714709,47.4181498,0 0.9708954,47.4180282,0 0.9704639,47.4179424,0 0.9699510,47.4178489,0 0.9693888,47.4177490,0 0.9689667,47.4176862,0 0.9683535,47.4176004,0 0.9679239,47.4175441,0 0.9672803,47.4174660,0 0.9666159,47.4173892,0 0.9656083,47.4172343,0 0.9654248,47.4172145,0 0.9638397,47.4170409,0 0.9632670,47.4169846,0 0.9624563,47.4168977,0 0.9620897,47.4168583,0 0.9618429,47.4168318,0 0.9612059,47.4167626,0 0.9607971,47.4167192,0 0.9603337,47.4166677,0 0.9598822,47.4166195,0 0.9594286,47.4165713,0 0.9591027,47.4165391,0 0.9586958,47.4164940,0 0.9583464,47.4164555,0 0.9579924,47.4164152,0 0.9575743,47.4163702,0 0.9568516,47.4162946,0 0.9562481,47.4162271,0 0.9556231,47.4161644,0 0.9548931,47.4160839,0 0.9541967,47.4160083,0 0.9535243,47.4159360,0 0.9528374,47.4158652,0 0.9521932,47.4157960,0 0.9516939,47.4157414,0 0.9512803,47.4156963,0 0.9506862,47.4156288,0 0.9501682,47.4155757,0 0.9496715,47.4155211,0 0.9493004,47.4154825,0 0.9487156,47.4154132,0 0.9478224,47.4153200,0 0.9471450,47.4152476,0 0.9463392,47.4151608,0 0.9456832,47.4150900,0 0.9447826,47.4149951,0 0.9443469,47.4149507,0 0.9442145,47.4149372,0 0.9434678,47.4148568,0 0.9426953,47.4147699,0 0.9420535,47.4147008,0 0.9411764,47.4145994,0 0.9404428,47.4145191,0 0.9399745,47.4144757,0 0.9393656,47.4144097,0 0.9386289,47.4143309,0 0.9379397,47.4142585,0 0.9371671,47.4141765,0 0.9363067,47.4140815,0 0.9353466,47.4139787,0 0.9347309,47.4139127,0 0.9337137,47.4138033,0 0.9332287,47.4137518,0 0.9327222,47.4136956,0 0.9320926,47.4136248,0 0.9313630,47.4135476,0 0.9308044,47.4134865,0 0.9300772,47.4134109,0 0.9293974,47.4133369,0 0.9287889,47.4132710,0 0.9281969,47.4132066,0 0.9281234,47.4131986,0 0.9275649,47.4131390,0 0.9271772,47.4130972,0 0.9271294,47.4130918,0 0.9267161,47.4130457,0 0.9264401,47.4130156,0 0.9259655,47.4129637,0 0.9253470,47.4129016,0 0.9253403,47.4129010,0 0.9239023,47.4127418,0 0.9226187,47.4126083,0 0.9218723,47.4125246,0 0.9205034,47.4123783,0 0.9193294,47.4122512,0 0.9184643,47.4121628,0 0.9179552,47.4121080,0 0.9177585,47.4120848,0 0.9175058,47.4120550,0 0.9168787,47.4119858,0 0.9162680,47.4119215,0 0.9152649,47.4118121,0 0.9144331,47.4117236,0 0.9133232,47.4116047,0 0.9124461,47.4115098,0 0.9110653,47.4113634,0 0.9102047,47.4112717,0 0.9093205,47.4111752,0 0.9084934,47.4110835,0 0.9080563,47.4110368,0 0.9067442,47.4109017,0 0.9057741,47.4107923,0 0.9045625,47.4106588,0 0.9038899,47.4105913,0 0.9030815,47.4105044,0 0.9022185,47.4104112,0 0.9016574,47.4103467,0 0.9009212,47.4102648,0 0.8999966,47.4101715,0 0.8986630,47.4100251,0 0.8973418,47.4098804,0 0.8964337,47.4097903,0 0.8951349,47.4096418,0 0.8949005,47.4096150,0 0.8936883,47.4094895,0 0.8928517,47.4093945,0 0.8921768,47.4093222,0 0.8906199,47.4091517,0 0.8899261,47.4090761,0 0.8886450,47.4089426,0 0.8880149,47.4088750,0 0.8867575,47.4087318,0 0.8859045,47.4086418,0 0.8847945,47.4085244,0 0.8838981,47.4084279,0 0.8830711,47.4083313,0 0.8822394,47.4082461,0 0.8811271,47.4081222,0 0.8802858,47.4080370,0 0.8794587,47.4079437,0 0.8788049,47.4078777,0 0.8781867,47.4078069,0 0.8772952,47.4077071,0 0.8770344,47.4076767,0 0.8766217,47.4076381,0 0.8752635,47.4074916,0 0.8744696,47.4074032,0 0.8732503,47.4072713,0 0.8721882,47.4071572,0 0.8713037,47.4070670,0 0.8702126,47.4069415,0 0.8689487,47.4068064,0 0.8684280,47.4067534,0 0.8679806,47.4067034,0 0.8676504,47.4066648,0 0.8671682,47.4066134,0 0.8661319,47.4065024,0 0.8654165,47.4064252,0 0.8646489,47.4063431,0 0.8639214,47.4062643,0 0.8632131,47.4061871,0 0.8622243,47.4060778,0 0.8615897,47.4060085,0 0.8607701,47.4059185,0 0.8602755,47.4058686,0 0.8593935,47.4057705,0 0.8588397,47.4057109,0 0.8584213,47.4056627,0 0.8578276,47.4055984,0 0.8572642,47.4055404,0 0.8567246,47.4054810,0 0.8555720,47.4053587,0 0.8548539,47.4052831,0 0.8546511,47.4052603,0 0.8534255,47.4051222,0 0.8526223,47.4050402,0 0.8515097,47.4049179,0 0.8506945,47.4048278,0 0.8494943,47.4046959,0 0.8486126,47.4046010,0 0.8469987,47.4044257,0 0.8460290,47.4043227,0 0.8445102,47.4041538,0 0.8421049,47.4038997,0 0.8401248,47.4036808,0 0.8384065,47.4034926,0 0.8376366,47.4034090,0 0.8361630,47.4032513,0 0.8353310,47.4031644,0 0.8338669,47.4030035,0 0.8330755,47.4029183,0 0.8316207,47.4027591,0 0.8307361,47.4026625,0 0.8305417,47.4026381,0 0.8301591,47.4025899,0 0.8296944,47.4025156,0 0.8294176,47.4024705,0 0.8291472,47.4024186,0 0.8287148,47.4023233,0 0.8284233,47.4022472,0 0.8279875,47.4021280,0 0.8276313,47.4020244,0 0.8272922,47.4019064,0 0.8269901,47.4018001,0 0.8266461,47.4016772,0 0.8261787,47.4014787,0 0.8259158,47.4013671,0 0.8254765,47.4011489,0 0.8250689,47.4009344,0 0.8247965,47.4007839,0 0.8245669,47.4006414,0 0.8243332,47.4004897,0 0.8240970,47.4003299,0 0.8238799,47.4001732,0 0.8235911,47.3999584,0 0.8233621,47.3997678,0 0.8231953,47.3996275,0 0.8229397,47.3994060,0 0.8227006,47.3991664,0 0.8225025,47.3989500,0 0.8222830,47.3986996,0 0.8220796,47.3984557,0 0.8218217,47.3981153,0 0.8218198,47.3981126,0 0.8214186,47.3975312,0 0.8208008,47.3966560,0 0.8203586,47.3960171,0 0.8200566,47.3955793,0 0.8198000,47.3951981,0 0.8191703,47.3942989,0 0.8185189,47.3933671,0 0.8181339,47.3928024,0 0.8175492,47.3919673,0 0.8170032,47.3912006,0 0.8166476,47.3907594,0 0.8164187,47.3905007,0 0.8161160,47.3901900,0 0.8159166,47.3900035,0 0.8157174,47.3898253,0 0.8155207,47.3896520,0 0.8152913,47.3894615,0 0.8151282,47.3893382,0 0.8148983,47.3891665,0 0.8145928,47.3889549,0 0.8142987,47.3887622,0 0.8140670,47.3886134,0 0.8138450,47.3884871,0 0.8132844,47.3881755,0 0.8132759,47.3881708,0 0.8127171,47.3878951,0 0.8122410,47.3876850,0 0.8119090,47.3875469,0 0.8116086,47.3874252,0 0.8112066,47.3872811,0 0.8107659,47.3871400,0 0.8104992,47.3870585,0 0.8098353,47.3868899,0 0.8093923,47.3867776,0 0.8090658,47.3867120,0 0.8086742,47.3866300,0 0.8083032,47.3865628,0 0.8079577,47.3865131,0 0.8076873,47.3864762,0 0.8073393,47.3864329,0 0.8069628,47.3863960,0 0.8065530,47.3863607,0 0.8062288,47.3863416,0 0.8058363,47.3863240,0 0.8055882,47.3863240,0 0.8052740,47.3863224,0 0.8050302,47.3863191,0 0.8047536,47.3863255,0 0.8043556,47.3863367,0 0.8037112,47.3863736,0 0.8032705,47.3864121,0 0.8028996,47.3864473,0 0.8026374,47.3864873,0 0.8021134,47.3865628,0 0.8010571,47.3867636,0 0.8006867,47.3868334,0 0.7990173,47.3871314,0 0.7984818,47.3872320,0 0.7981462,47.3873027,0 0.7975985,47.3874182,0 0.7975429,47.3874300,0 0.7964496,47.3876584,0 0.7954799,47.3878515,0 0.7945673,47.3880366,0 0.7937876,47.3881830,0 0.7924341,47.3884567,0 0.7924186,47.3884598,0 0.7920359,47.3885268,0 0.7919149,47.3885524,0 0.7918556,47.3885647,0 0.7916391,47.3886095,0 0.7906859,47.3887977,0 0.7900561,47.3889217,0 0.7891434,47.3891067,0 0.7883591,47.3892466,0 0.7879051,47.3893319,0 0.7871420,47.3894552,0 0.7869686,47.3894832,0 0.7860607,47.3896248,0 0.7852502,47.3897503,0 0.7847392,47.3898195,0 0.7842852,47.3898823,0 0.7842501,47.3898867,0 0.7829233,47.3900136,0 0.7825437,47.3900586,0 0.7815186,47.3901462,0 0.7815055,47.3901477,0 0.7805893,47.3902550,0 0.7805892,47.3902550,0 0.7801720,47.3903038,0 0.7801285,47.3903087,0 0.7798911,47.3903373,0 0.7795740,47.3903754,0 0.7784644,47.3905090,0 0.7784440,47.3905114,0 0.7784432,47.3905115,0 0.7784406,47.3905118,0 0.7779137,47.3905744,0 0.7777470,47.3905943,0 0.7768618,47.3906995,0 0.7761841,47.3907801,0 0.7759517,47.3908078,0 0.7750505,47.3909164,0 0.7750504,47.3909164,0 0.7745897,47.3909719,0 0.7737483,47.3910750,0 0.7725766,47.3912117,0 0.7723256,47.3912426,0 0.7723255,47.3912426,0 0.7709546,47.3914112,0 0.7707322,47.3914385,0 0.7701119,47.3915190,0 0.7700155,47.3915306,0 0.7698980,47.3915448,0 0.7693964,47.3915947,0 0.7680917,47.3917523,0 0.7668106,47.3919036,0 0.7655537,47.3920579,0 0.7655536,47.3920579,0 0.7652632,47.3920935,0 0.7648469,47.3921423,0 0.7641936,47.3922190,0 0.7632476,47.3923396,0 0.7630388,47.3923651,0 0.7625072,47.3924300,0 0.7624400,47.3924383,0 0.7624301,47.3924394,0 0.7624287,47.3924396,0 0.7624286,47.3924396,0 0.7614936,47.3925537,0 0.7607900,47.3926357,0 0.7602030,47.3926969,0 0.7596968,47.3927355,0 0.7592452,47.3927644,0 0.7589029,47.3927773,0 0.7584609,47.3927869,0 0.7576955,47.3927724,0 0.7571275,47.3927435,0 0.7567514,47.3927118,0 0.7565546,47.3926952,0 0.7559890,47.3926341,0 0.7555183,47.3925617,0 0.7551309,47.3925021,0 0.7546579,47.3924088,0 0.7541041,47.3922881,0 0.7536621,47.3921804,0 0.7528564,47.3919680,0 0.7519770,47.3917427,0 0.7512734,47.3915512,0 0.7504558,47.3913372,0 0.7496691,47.3911297,0 0.7488610,47.3909189,0 0.7483361,47.3907801,0 0.7481047,47.3907189,0 0.7480577,47.3907065,0 0.7476393,47.3905922,0 0.7475761,47.3905758,0 0.7469397,47.3904111,0 0.7469396,47.3904111,0 0.7468257,47.3903816,0 0.7468024,47.3903756,0 0.7467813,47.3903701,0 0.7462936,47.3902441,0 0.7460004,47.3901682,0 0.7455453,47.3900529,0 0.7454052,47.3900174,0 0.7454051,47.3900174,0 0.7453399,47.3900009,0 0.7452952,47.3899903,0 0.7446378,47.3898485,0 0.7441502,47.3897199,0 0.7440907,47.3897047,0 0.7440766,47.3897011,0 0.7440760,47.3897010,0 0.7437152,47.3896089,0 0.7436588,47.3895943,0 0.7435711,47.3895715,0 0.7435381,47.3895629,0 0.7435380,47.3895629,0 0.7435346,47.3895620,0 0.7434955,47.3895518,0 0.7434950,47.3895516,0 0.7434024,47.3895277,0 0.7433289,47.3895086,0 0.7433155,47.3895051,0 0.7433149,47.3895049,0 0.7431447,47.3894608,0 0.7430614,47.3894398,0 0.7428104,47.3893765,0 0.7428103,47.3893765,0 0.7426789,47.3893433,0 0.7423335,47.3892504,0 0.7423335,47.3892503,0 0.7420634,47.3891777,0 0.7412457,47.3889636,0 0.7406703,47.3888163,0 0.7405921,47.3887962,0 0.7401810,47.3886868,0 0.7393680,47.3884744,0 0.7389949,47.3883731,0 0.7386931,47.3882878,0 0.7382914,47.3881655,0 0.7379159,47.3880384,0 0.7373416,47.3878448,0 0.7370960,47.3878074,0 0.7368855,47.3877760,0 0.7366004,47.3877337,0 0.7363920,47.3876647,0 0.7359514,47.3875172,0 0.7354832,47.3873697,0 0.7351076,47.3872635,0 0.7350900,47.3872589,0 0.7347273,47.3871653,0 0.7344231,47.3870946,0 0.7339692,47.3870061,0 0.7334249,47.3869160,0 0.7332751,47.3868934,0 0.7331277,47.3868757,0 0.7328474,47.3868483,0 0.7328107,47.3868448,0 0.7328101,47.3868448,0 0.7327195,47.3868362,0 0.7325930,47.3868242,0 0.7323482,47.3868049,0 0.7323201,47.3868032,0 0.7323185,47.3868031,0 0.7323184,47.3868031,0 0.7320415,47.3867856,0 0.7317873,47.3867743,0 0.7315710,47.3867647,0 0.7313356,47.3867615,0 0.7310053,47.3867615,0 0.7305423,47.3867662,0 0.7305348,47.3867663,0 0.7304888,47.3867673,0 0.7304012,47.3867691,0 0.7299928,47.3867776,0 0.7294818,47.3867840,0 0.7290070,47.3867852,0 0.7288557,47.3867818,0 0.7285809,47.3867727,0 0.7283327,47.3867570,0 0.7283176,47.3867560,0 0.7283170,47.3867560,0 0.7283169,47.3867560,0 0.7282506,47.3867518,0 0.7279686,47.3867298,0 0.7277761,47.3867005,0 0.7277759,47.3867005,0 0.7277425,47.3866954,0 0.7273676,47.3866384,0 0.7270444,47.3865707,0 0.7266427,47.3864790,0 0.7265492,47.3864513,0 0.7265492,47.3864512,0 0.7263123,47.3863809,0 0.7259012,47.3862489,0 0.7253877,47.3860768,0 0.7252275,47.3860209,0 0.7250508,47.3859592,0 0.7247793,47.3858643,0 0.7247051,47.3858390,0 0.7247050,47.3858390,0 0.7239926,47.3855956,0 0.7234719,47.3854180,0 0.7234718,47.3854180,0 0.7229778,47.3852496,0 0.7228332,47.3852009,0 0.7228330,47.3852009,0 0.7227603,47.3851764,0 0.7220554,47.3849390,0 0.7213567,47.3847008,0 0.7206364,47.3844472,0 0.7205502,47.3844169,0 0.7197827,47.3842048,0 0.7193810,47.3841067,0 0.7193420,47.3840949,0 0.7190079,47.3839940,0 0.7187156,47.3838990,0 0.7184132,47.3838006,0 0.7183994,47.3837961,0 0.7183705,47.3837845,0 0.7183704,47.3837845,0 0.7182406,47.3837328,0 0.7181966,47.3837153,0 0.7181166,47.3836833,0 0.7174433,47.3833726,0 0.7170459,47.3831732,0 0.7163327,47.3828095,0 0.7159934,47.3826506,0 0.7155378,47.3824652,0 0.7152597,47.3823653,0 0.7147937,47.3821980,0 0.7143541,47.3820467,0 0.7139216,47.3819115,0 0.7135508,47.3818069,0 0.7133225,47.3817457,0 0.7128116,47.3816379,0 0.7125168,47.3815864,0 0.7123458,47.3815671,0 0.7121865,47.3815591,0 0.7119559,47.3815365,0 0.7116873,47.3814931,0 0.7115447,47.3814689,0 0.7113119,47.3814384,0 0.7108793,47.3813869,0 0.7105251,47.3813466,0 0.7101733,47.3813128,0 0.7098406,47.3812935,0 0.7093296,47.3812919,0 0.7090848,47.3813000,0 0.7089504,47.3813068,0 0.7085143,47.3813434,0 0.7081471,47.3813827,0 0.7077894,47.3814094,0 0.7074115,47.3814432,0 0.7070812,47.3814818,0 0.7067293,47.3815301,0 0.7066009,47.3815515,0 0.7061993,47.3816186,0 0.7058855,47.3816814,0 0.7055267,47.3817602,0 0.7048018,47.3819453,0 0.7043265,47.3820902,0 0.7037298,47.3822816,0 0.7035169,47.3823590,0 0.7031190,47.3825037,0 0.7026603,47.3827017,0 0.7022514,47.3828900,0 0.7016501,47.3831893,0 0.7014286,47.3833089,0 0.7010044,47.3835383,0 0.7005090,47.3838473,0 0.7001027,47.3841323,0 0.6996726,47.3844366,0 0.6992952,47.3846564,0 0.6990954,47.3847627,0 0.6987437,47.3849848,0 0.6983539,47.3852664,0 0.6981724,47.3853997,0 0.6979970,47.3855180,0 0.6976764,47.3858026,0 0.6976763,47.3858026,0 0.6975797,47.3858883,0 0.6975535,47.3859116,0 0.6975211,47.3859404,0 0.6973627,47.3860803,0 0.6972478,47.3861818,0 0.6971064,47.3863120,0 0.6971064,47.3863121,0 0.6970511,47.3863629,0 0.6970510,47.3863630,0 0.6966940,47.3866919,0 0.6964351,47.3869467,0 0.6963049,47.3870748,0 0.6962329,47.3871457,0 0.6961789,47.3871979,0 0.6961062,47.3872682,0 0.6956435,47.3877154,0 0.6950445,47.3882641,0 0.6948987,47.3883871,0 0.6946453,47.3886026,0 0.6943866,47.3888227,0 0.6942583,47.3889319,0 0.6942279,47.3889576,0 0.6942274,47.3889581,0 0.6941719,47.3890054,0 0.6941065,47.3890610,0 0.6940649,47.3890964,0 0.6939291,47.3892121,0 0.6938082,47.3893150,0 0.6939291,47.3892121,0 0.6940649,47.3890964,0 0.6941065,47.3890610,0 0.6941719,47.3890054,0 0.6942274,47.3889581,0 0.6942279,47.3889576,0 0.6942583,47.3889319,0 0.6943866,47.3888227,0 0.6946453,47.3886026,0 0.6948987,47.3883871,0 0.6950445,47.3882641,0 0.6956435,47.3877154,0 0.6961062,47.3872682,0 0.6961789,47.3871979,0 0.6962329,47.3871457,0 0.6963049,47.3870748,0 0.6964351,47.3869467,0 0.6966940,47.3866919,0 0.6970510,47.3863630,0 0.6970511,47.3863629,0 0.6971064,47.3863121,0 0.6971064,47.3863120,0 0.6972478,47.3861818,0 0.6973627,47.3860803,0 0.6975211,47.3859404,0 0.6975535,47.3859116,0 0.6975797,47.3858883,0 0.6976763,47.3858026,0 0.6976764,47.3858026,0 0.6979970,47.3855180,0 0.6983043,47.3852432,0 0.6986810,47.3848896,0 0.6988451,47.3847383,0 0.6990352,47.3845790,0 0.6994463,47.3842459,0 0.6998053,47.3839497,0 0.7001690,47.3836440,0 0.7006252,47.3832577,0 0.7009223,47.3830083,0 0.7012409,47.3827234,0 0.7015522,47.3824112,0 0.7018161,47.3821264,0 0.7021036,47.3817853,0 0.7024126,47.3813926,0 0.7025196,47.3812477,0 0.7027715,47.3808872,0 0.7029213,47.3805975,0 0.7030044,47.3804044,0 0.7030425,47.3802627,0 0.7030710,47.3801067,0 0.7030781,47.3799361,0 0.7030734,47.3797461,0 0.7030401,47.3795836,0 0.7029902,47.3794114,0 0.7029189,47.3792392,0 0.7028309,47.3790670,0 0.7026908,47.3788658,0 0.7024816,47.3786389,0 0.7022582,47.3784473,0 0.7020679,47.3783138,0 0.7018968,47.3782075,0 0.7016568,47.3780788,0 0.7013896,47.3779640,0 0.7011886,47.3778776,0 0.7005849,47.3776313,0 0.6999764,47.3773786,0 0.6990470,47.3769988,0 0.6985051,47.3767735,0 0.6980085,47.3765545,0 0.6967573,47.3759211,0 0.6962413,47.3756073,0 0.6959254,47.3754019,0 0.6958632,47.3753615,0 0.6953692,47.3750855,0 0.6950395,47.3749113,0 0.6948675,47.3748203,0 0.6945656,47.3746787,0 0.6943489,47.3745795,0 0.6941353,47.3744839,0 0.6940815,47.3744643,0 0.6934791,47.3742450,0 0.6933651,47.3742071,0 0.6930423,47.3741139,0 0.6926719,47.3740118,0 0.6923634,47.3739369,0 0.6921635,47.3738951,0 0.6919138,47.3738444,0 0.6916973,47.3738072,0 0.6914220,47.3737652,0 0.6911639,47.3737298,0 0.6909653,47.3737086,0 0.6907278,47.3736865,0 0.6902849,47.3736572,0 0.6897494,47.3736337,0 0.6888791,47.3736044,0 0.6885814,47.3735953,0 0.6882525,47.3735897,0 0.6877537,47.3735910,0 0.6873201,47.3736043,0 0.6870148,47.3736234,0 0.6867164,47.3736464,0 0.6861703,47.3737060,0 0.6857265,47.3737688,0 0.6853011,47.3738405,0 0.6848694,47.3739292,0 0.6844549,47.3740261,0 0.6838044,47.3742042,0 0.6824712,47.3745614,0 0.6813135,47.3748797,0 0.6805956,47.3750782,0 0.6794151,47.3753999,0 0.6790688,47.3754966,0 0.6782865,47.3757152,0 0.6767650,47.3761274,0 0.6756785,47.3764268,0 0.6744330,47.3767632,0 0.6723988,47.3773200,0 0.6712790,47.3776325,0 0.6709463,47.3777199,0 0.6705555,47.3778226,0 0.6688720,47.3782363,0 0.6681440,47.3784216,0 0.6678989,47.3784764,0 0.6676453,47.3785331,0 0.6673870,47.3785909,0 0.6672502,47.3786187,0 0.6668665,47.3786964,0 0.6662528,47.3788207,0 0.6662145,47.3788284,0 0.6654395,47.3789584,0 0.6645180,47.3790923,0 0.6638710,47.3791760,0 0.6632072,47.3792614,0 0.6619605,47.3793999,0 0.6611322,47.3794709,0 0.6595930,47.3795885,0 0.6587216,47.3796336,0 0.6577602,47.3796659,0 0.6569653,47.3796835,0 0.6561585,47.3796868,0 0.6551451,47.3796803,0 0.6543049,47.3796610,0 0.6537052,47.3796385,0 0.6529558,47.3796046,0 0.6521940,47.3795595,0 0.6515539,47.3795096,0 0.6510090,47.3794660,0 0.6503542,47.3794032,0 0.6496996,47.3793290,0 0.6493626,47.3792869,0 0.6487583,47.3792115,0 0.6474277,47.3790587,0 0.6454073,47.3788285,0 0.6451868,47.3788026,0 0.6451867,47.3788026,0 0.6441500,47.3786810,0 0.6436643,47.3786241,0 0.6424697,47.3784792,0 0.6409319,47.3783086,0 0.6392584,47.3781123,0 0.6381953,47.3779869,0 0.6369909,47.3778402,0 0.6363268,47.3777627,0 0.6352820,47.3776407,0 0.6333782,47.3774121,0 0.6318356,47.3772319,0 0.6289439,47.3768971,0 0.6276093,47.3767425,0 0.6265838,47.3766104,0 0.6256652,47.3764734,0 0.6248492,47.3763365,0 0.6242691,47.3762303,0 0.6229831,47.3759869,0 0.6217447,47.3757455,0 0.6206062,47.3755250,0 0.6196935,47.3753447,0 0.6189117,47.3751967,0 0.6178800,47.3749955,0 0.6171313,47.3748522,0 0.6151920,47.3744724,0 0.6136281,47.3741762,0 0.6123421,47.3739284,0 0.6109515,47.3736595,0 0.6088694,47.3732474,0 0.6077905,47.3730381,0 0.6072606,47.3729353,0 0.6071608,47.3729159,0 0.6067745,47.3728421,0 0.6059684,47.3726879,0 0.6059683,47.3726879,0 0.6050478,47.3725119,0 0.6021478,47.3719452,0 0.5974526,47.3710295,0 0.5968426,47.3709132,0 0.5965916,47.3708653,0 0.5945876,47.3704724,0 0.5926695,47.3701119,0 0.5906893,47.3697254,0 0.5888714,47.3693682,0 0.5876953,47.3691461,0 0.5873786,47.3690855,0 0.5863828,47.3688949,0 0.5846809,47.3685649,0 0.5827510,47.3681866,0 0.5807546,47.3677970,0 0.5784944,47.3673608,0 0.5766737,47.3670131,0 0.5747601,47.3666412,0 0.5737358,47.3664383,0 0.5719080,47.3660826,0 0.5702348,47.3657590,0 0.5686804,47.3654548,0 0.5673304,47.3651940,0 0.5662064,47.3649753,0 0.5658901,47.3649139,0 0.5640980,47.3645694,0 0.5623986,47.3642425,0 0.5607536,47.3639205,0 0.5587050,47.3635181,0 0.5565253,47.3630930,0 0.5544908,47.3626922,0 0.5522519,47.3622511,0 0.5500536,47.3618260,0 0.5480119,47.3614365,0 0.5463101,47.3611064,0 0.5446942,47.3607927,0 0.5443446,47.3607248,0 0.5423261,47.3603311,0 0.5412631,47.3601217,0 0.5406129,47.3599830,0 0.5397323,47.3597798,0 0.5390328,47.3596042,0 0.5383644,47.3594269,0 0.5376957,47.3592431,0 0.5370103,47.3590496,0 0.5363082,47.3588320,0 0.5357202,47.3586369,0 0.5349446,47.3583727,0 0.5344712,47.3582066,0 0.5339150,47.3580086,0 0.5331686,47.3577429,0 0.5324129,47.3574708,0 0.5315192,47.3571552,0 0.5306088,47.3568299,0 0.5297864,47.3565320,0 0.5287765,47.3561731,0 0.5278067,47.3558333,0 0.5265016,47.3553647,0 0.5250757,47.3548527,0 0.5230031,47.3541168,0 0.5213536,47.3535243,0 0.5209400,47.3533778,0 0.5199538,47.3530283,0 0.5177765,47.3522522,0 0.5140946,47.3509317,0 0.5107841,47.3497451,0 0.5086853,47.3490011,0 0.5071064,47.3484357,0 0.5062252,47.3481201,0 0.5041598,47.3473793,0 0.5007610,47.3461683,0 0.4980658,47.3452004,0 0.4960503,47.3444806,0 0.4938068,47.3436835,0 0.4934323,47.3435517,0 0.4930728,47.3434348,0 0.4927039,47.3433306,0 0.4922724,47.3432166,0 0.4918226,47.3431091,0 0.4913680,47.3430128,0 0.4910745,47.3429602,0 0.4909467,47.3429374,0 0.4904369,47.3428571,0 0.4899821,47.3427913,0 0.4895451,47.3427433,0 0.4890351,47.3426998,0 0.4884597,47.3426677,0 0.4877872,47.3426469,0 0.4872787,47.3426549,0 0.4866134,47.3426806,0 0.4858935,47.3427335,0 0.4853305,47.3427923,0 0.4849239,47.3428515,0 0.4847425,47.3428779,0 0.4841241,47.3429823,0 0.4836578,47.3430801,0 0.4831649,47.3431925,0 0.4825253,47.3433579,0 0.4820000,47.3435166,0 0.4813881,47.3437271,0 0.4797860,47.3442961,0 0.4784150,47.3447830,0 0.4773603,47.3451650,0 0.4761004,47.3456272,0 0.4747034,47.3461264,0 0.4734947,47.3465583,0 0.4730810,47.3466987,0 0.4727362,47.3468054,0 0.4723095,47.3469283,0 0.4719585,47.3470205,0 0.4714925,47.3471290,0 0.4710522,47.3472069,0 0.4704985,47.3472862,0 0.4701420,47.3473241,0 0.4698754,47.3473524,0 0.4693902,47.3473849,0 0.4689791,47.3473962,0 0.4684015,47.3473982,0 0.4679573,47.3473824,0 0.4674820,47.3473541,0 0.4669793,47.3473045,0 0.4664484,47.3472311,0 0.4658861,47.3471307,0 0.4654608,47.3470352,0 0.4649070,47.3468977,0 0.4643829,47.3467372,0 0.4640181,47.3466112,0 0.4635077,47.3464155,0 0.4627059,47.3460851,0 0.4627023,47.3460835,0 0.4590355,47.3444970,0 0.4570652,47.3436370,0 0.4565388,47.3434118,0 0.4553827,47.3429172,0 0.4535881,47.3421457,0 0.4527038,47.3417647,0 0.4508346,47.3409595,0 0.4488951,47.3401236,0 0.4465659,47.3391185,0 0.4440750,47.3380474,0 0.4413796,47.3368829,0 0.4394156,47.3360312,0 0.4390765,47.3358842,0 0.4365928,47.3348130,0 0.4343776,47.3338530,0 0.4322480,47.3329348,0 0.4298238,47.3318878,0 0.4277702,47.3310050,0 0.4249276,47.3297711,0 0.4247765,47.3297063,0 0.4223701,47.3286740,0 0.4214780,47.3282885,0 0.4201741,47.3277252,0 0.4179023,47.3267621,0 0.4176107,47.3266429,0 0.4159936,47.3259818,0 0.4153890,47.3257347,0 0.4134840,47.3250308,0 0.4129662,47.3248395,0 0.4124094,47.3246460,0 0.4116610,47.3243859,0 0.4110893,47.3241872,0 0.4089598,47.3234608,0 0.4075109,47.3229721,0 0.4067390,47.3227118,0 0.4065761,47.3226568,0 0.4062856,47.3225592,0 0.4043395,47.3219059,0 0.4018437,47.3210585,0 0.4012413,47.3208529,0 0.4000302,47.3204398,0 0.3983737,47.3198791,0 0.3981450,47.3198021,0 0.3956855,47.3189736,0 0.3935512,47.3182517,0 0.3914006,47.3175235,0 0.3911103,47.3174251,0 0.3886550,47.3166017,0 0.3862425,47.3157815,0 0.3838017,47.3149597,0 0.3812394,47.3140928,0 0.3788055,47.3132694,0 0.3761791,47.3123815,0 0.3735789,47.3115015,0 0.3731446,47.3113544,0 0.3708765,47.3105862,0 0.3684401,47.3097514,0 0.3659472,47.3089006,0 0.3638441,47.3082013,0 0.3630231,47.3079320,0 0.3628169,47.3078643,0 0.3615427,47.3074243,0 0.3599552,47.3068861,0 0.3575928,47.3060883,0 0.3550947,47.3052502,0 0.3526036,47.3043976,0 0.3516190,47.3040555,0 0.3502346,47.3035489,0 0.3497021,47.3033376,0 0.3492707,47.3031665,0 0.3485042,47.3028505,0 0.3477077,47.3025067,0 0.3465138,47.3019696,0 0.3448782,47.3012103,0 0.3423279,47.3000095,0 0.3398727,47.2988651,0 0.3388527,47.2983884,0 0.3373201,47.2976723,0 0.3357538,47.2969453,0 0.3330632,47.2956863,0 0.3306033,47.2945386,0 0.3285521,47.2935843,0 0.3268217,47.2927750,0 0.3251703,47.2920105,0 0.3234965,47.2912193,0 0.3209179,47.2900151,0 0.3193808,47.2893029,0 0.3180748,47.2887408,0 0.3168947,47.2882609,0 0.3162586,47.2880155,0 0.3158044,47.2878403,0 0.3133137,47.2869069,0 0.3111390,47.2860911,0 0.3087431,47.2851946,0 0.3062426,47.2842449,0 0.3054553,47.2839477,0 0.3041631,47.2834598,0 0.3018006,47.2825746,0 0.2994119,47.2816781,0 0.2968198,47.2807014,0 0.2967118,47.2806607,0 0.2942827,47.2797480,0 0.2927171,47.2791581,0 0.2924812,47.2790691,0 0.2919307,47.2788622,0 0.2900496,47.2781549,0 0.2867484,47.2769100,0 0.2842169,47.2759618,0 0.2820801,47.2751458,0 0.2801174,47.2744089,0 0.2787870,47.2739094,0 0.2782491,47.2737074,0 0.2765953,47.2730894,0 0.2742065,47.2721895,0 0.2720245,47.2713686,0 0.2698110,47.2705249,0 0.2695242,47.2704155,0 0.2674019,47.2696236,0 0.2650725,47.2687462,0 0.2623796,47.2677285,0 0.2597984,47.2667544,0 0.2570722,47.2657303,0 0.2544553,47.2647415,0 0.2518766,47.2637657,0 0.2502523,47.2631541,0 0.2491695,47.2627463,0 0.2464954,47.2617414,0 0.2416944,47.2599235,0 0.2388494,47.2588492,0 0.2373783,47.2582941,0 0.2363015,47.2578878,0 0.2337416,47.2569231,0 0.2311295,47.2559374,0 0.2283534,47.2548872,0 0.2275401,47.2545803,0 0.2257580,47.2539080,0 0.2230912,47.2529014,0 0.2205490,47.2519499,0 0.2191456,47.2514679,0 0.2179509,47.2510770,0 0.2176278,47.2509714,0 0.2160472,47.2504834,0 0.2154355,47.2503054,0 0.2135973,47.2497992,0 0.2114597,47.2492704,0 0.2101728,47.2489770,0 0.2099041,47.2489158,0 0.2080968,47.2485401,0 0.2063868,47.2482241,0 0.2050495,47.2480001,0 0.2039889,47.2478365,0 0.2036480,47.2477839,0 0.2022397,47.2475856,0 0.2013685,47.2474777,0 0.1994515,47.2472648,0 0.1980291,47.2471310,0 0.1965849,47.2470214,0 0.1948393,47.2469118,0 0.1932195,47.2468440,0 0.1918347,47.2468021,0 0.1901341,47.2467779,0 0.1889610,47.2467793,0 0.1887115,47.2467795,0 0.1875385,47.2467973,0 0.1858996,47.2468505,0 0.1841170,47.2469392,0 0.1825725,47.2470359,0 0.1792355,47.2472344,0 0.1778346,47.2473221,0 0.1769418,47.2473780,0 0.1745720,47.2475216,0 0.1720647,47.2476749,0 0.1693148,47.2478443,0 0.1688811,47.2478704,0 0.1663364,47.2480234,0 0.1634369,47.2481944,0 0.1628413,47.2482359,0 0.1622577,47.2482766,0 0.1614856,47.2483198,0 0.1614564,47.2483214,0 0.1611315,47.2483396,0 0.1583102,47.2485139,0 0.1561849,47.2486429,0 0.1556528,47.2486752,0 0.1548046,47.2487268,0 0.1521259,47.2488897,0 0.1495777,47.2490544,0 0.1473242,47.2491805,0 0.1471841,47.2491883,0 0.1457539,47.2492735,0 0.1457538,47.2492735,0 0.1449335,47.2493232,0 0.1438812,47.2493881,0 0.1425117,47.2494725,0 0.1410197,47.2495646,0 0.1380619,47.2497415,0 0.1352155,47.2499115,0 0.1330143,47.2500477,0 0.1323843,47.2500866,0 0.1295757,47.2502567,0 0.1268936,47.2504164,0 0.1242496,47.2505727,0 0.1211603,47.2507616,0 0.1185551,47.2509210,0 0.1181290,47.2509471,0 0.1156824,47.2510914,0 0.1126891,47.2512786,0 0.1102449,47.2514194,0 0.1077477,47.2515688,0 0.1048683,47.2517492,0 0.1032806,47.2518428,0 0.1020420,47.2519158,0 0.0990388,47.2520943,0 0.0969236,47.2522266,0 0.0941327,47.2523950,0 0.0910900,47.2525752,0 0.0910028,47.2525804,0 0.0881767,47.2527556,0 0.0853073,47.2529256,0 0.0826128,47.2530870,0 0.0797411,47.2532623,0 0.0773210,47.2534097,0 0.0766693,47.2534494,0 0.0743719,47.2535868,0 0.0712750,47.2537705,0 0.0683399,47.2539509,0 0.0653846,47.2541261,0 0.0633216,47.2542515,0 0.0623888,47.2543081,0 0.0592033,47.2544987,0 0.0557268,47.2547083,0 0.0530903,47.2548628,0 0.0514111,47.2549633,0 0.0495607,47.2550740,0 0.0453893,47.2553189,0 0.0453481,47.2553213,0 0.0433677,47.2554467,0 0.0400135,47.2557128,0 0.0383615,47.2558604,0 0.0382173,47.2558728,0 0.0358390,47.2560785,0 0.0325115,47.2563722,0 0.0296549,47.2566040,0 0.0293853,47.2566275,0 0.0267301,47.2568581,0 0.0240753,47.2570884,0 0.0227863,47.2571983,0 0.0215149,47.2573108,0 0.0197984,47.2574593,0 0.0191329,47.2575229,0 0.0173362,47.2576748,0 0.0156991,47.2578165,0 0.0140620,47.2579548,0 0.0136111,47.2579943,0 0.0124124,47.2580990,0 0.0108006,47.2582347,0 0.0091824,47.2583729,0 0.0076632,47.2585009,0 0.0059289,47.2586537,0 0.0042905,47.2588014,0 0.0030292,47.2589096,0 0.0015427,47.2590400,0 0.0000992,47.2591637,0 -0.0014355,47.2592977,0 -0.0015726,47.2593087,0 -0.0033331,47.2594505,0 -0.0045018,47.2595561,0 -0.0061528,47.2596960,0 -0.0076077,47.2598256,0 -0.0087148,47.2599210,0 -0.0093408,47.2599736,0 -0.0100825,47.2600360,0 -0.0115295,47.2601554,0 -0.0132651,47.2603177,0 -0.0149163,47.2604601,0 -0.0163522,47.2605821,0 -0.0178601,47.2607108,0 -0.0188204,47.2607933,0 -0.0198898,47.2608833,0 -0.0201462,47.2609049,0 -0.0213772,47.2610105,0 -0.0230534,47.2611522,0 -0.0247169,47.2612947,0 -0.0262234,47.2614269,0 -0.0272812,47.2615231,0 -0.0288235,47.2616536,0 -0.0306718,47.2618124,0 -0.0320406,47.2619309,0 -0.0331729,47.2620304,0 -0.0343132,47.2621267,0 -0.0343736,47.2621318,0 -0.0357197,47.2622460,0 -0.0369355,47.2623456,0 -0.0384674,47.2624778,0 -0.0395806,47.2625722,0 -0.0407798,47.2626787,0 -0.0419102,47.2627744,0 -0.0422600,47.2628041,0 -0.0435721,47.2629182,0 -0.0448785,47.2630262,0 -0.0449266,47.2630301,0 -0.0459860,47.2631181,0 -0.0477257,47.2632681,0 -0.0489139,47.2633713,0 -0.0502759,47.2634907,0 -0.0503801,47.2634998,0 -0.0510874,47.2635612,0 -0.0511673,47.2635681,0 -0.0522062,47.2636552,0 -0.0527766,47.2637020,0 -0.0542833,47.2638311,0 -0.0561465,47.2639902,0 -0.0563035,47.2640036,0 -0.0576165,47.2641180,0 -0.0590193,47.2642936,0 -0.0599976,47.2644321,0 -0.0606738,47.2645368,0 -0.0617802,47.2647334,0 -0.0626608,47.2648993,0 -0.0634024,47.2650601,0 -0.0642938,47.2652950,0 -0.0649029,47.2654751,0 -0.0655837,47.2656941,0 -0.0660456,47.2658548,0 -0.0667469,47.2661350,0 -0.0673761,47.2663963,0 -0.0675107,47.2664522,0 -0.0679008,47.2666222,0 -0.0680716,47.2666969,0 -0.0682352,47.2667776,0 -0.0684347,47.2668776,0 -0.0689256,47.2671543,0 -0.0692659,47.2673462,0 -0.0694016,47.2674265,0 -0.0696927,47.2675986,0 -0.0696928,47.2675986,0 -0.0699529,47.2677523,0 -0.0702439,47.2679232,0 -0.0708764,47.2683112,0 -0.0714824,47.2686907,0 -0.0717033,47.2688314,0 -0.0720618,47.2690597,0 -0.0724123,47.2692787,0 -0.0727297,47.2694735,0 -0.0732282,47.2697568,0 -0.0735584,47.2699457,0 -0.0739392,47.2701714,0 -0.0744174,47.2704710,0 -0.0752790,47.2710126,0 -0.0759886,47.2714599,0 -0.0767730,47.2719621,0 -0.0774371,47.2724093,0 -0.0781204,47.2728728,0 -0.0786631,47.2732402,0 -0.0787552,47.2733023,0 -0.0792084,47.2736078,0 -0.0795683,47.2738541,0 -0.0799196,47.2740424,0 -0.0806456,47.2745294,0 -0.0811020,47.2748197,0 -0.0818649,47.2752906,0 -0.0830675,47.2760356,0 -0.0840943,47.2766451,0 -0.0847457,47.2770258,0 -0.0855134,47.2774966,0 -0.0863547,47.2780288,0 -0.0872840,47.2786157,0 -0.0877214,47.2788914,0 -0.0882941,47.2792493,0 -0.0895372,47.2800427,0 -0.0903857,47.2805700,0 -0.0914720,47.2812601,0 -0.0923798,47.2818357,0 -0.0930692,47.2822694,0 -0.0939390,47.2828193,0 -0.0944905,47.2831643,0 -0.0955957,47.2838641,0 -0.0967365,47.2845912,0 -0.0979582,47.2853507,0 -0.0988114,47.2858859,0 -0.0995531,47.2863567,0 -0.1003516,47.2868597,0 -0.1017088,47.2877174,0 -0.1028354,47.2884300,0 -0.1039572,47.2891314,0 -0.1050958,47.2898520,0 -0.1059276,47.2903808,0 -0.1072205,47.2911981,0 -0.1084541,47.2919800,0 -0.1090222,47.2923346,0 -0.1102866,47.2931310,0 -0.1116034,47.2939628,0 -0.1129558,47.2948139,0 -0.1142820,47.2956457,0 -0.1157533,47.2965742,0 -0.1172102,47.2974914,0 -0.1184057,47.2982410,0 -0.1196179,47.2990034,0 -0.1207255,47.2997013,0 -0.1219543,47.3004766,0 -0.1231118,47.3012019,0 -0.1242955,47.3019530,0 -0.1251582,47.3024978,0 -0.1261802,47.3031425,0 -0.1269432,47.3036244,0 -0.1278298,47.3041757,0 -0.1286473,47.3046994,0 -0.1300734,47.3055891,0 -0.1301332,47.3056273,0 -0.1312595,47.3063466,0 -0.1319820,47.3068026,0 -0.1329731,47.3074231,0 -0.1345251,47.3084030,0 -0.1351182,47.3087783,0 -0.1360558,47.3093716,0 -0.1377363,47.3104352,0 -0.1392597,47.3113892,0 -0.1406798,47.3122837,0 -0.1407690,47.3123399,0 -0.1420240,47.3131328,0 -0.1436235,47.3141335,0 -0.1443770,47.3146186,0 -0.1458292,47.3155354,0 -0.1469320,47.3162283,0 -0.1480820,47.3169484,0 -0.1482416,47.3170484,0 -0.1496843,47.3179540,0 -0.1505851,47.3185147,0 -0.1515169,47.3191029,0 -0.1527742,47.3199004,0 -0.1536132,47.3204273,0 -0.1542573,47.3208366,0 -0.1550677,47.3213473,0 -0.1556025,47.3216808,0 -0.1565818,47.3222979,0 -0.1573447,47.3227829,0 -0.1581045,47.3232556,0 -0.1582431,47.3233419,0 -0.1594126,47.3240799,0 -0.1604322,47.3247243,0 -0.1613757,47.3253171,0 -0.1624882,47.3260147,0 -0.1631988,47.3264626,0 -0.1639903,47.3269636,0 -0.1649814,47.3275887,0 -0.1662553,47.3283877,0 -0.1673345,47.3290692,0 -0.1675584,47.3292098,0 -0.1678811,47.3294123,0 -0.1687176,47.3299375,0 -0.1692001,47.3302403,0 -0.1701201,47.3308187,0 -0.1707903,47.3312439,0 -0.1720095,47.3320091,0 -0.1732194,47.3327694,0 -0.1745836,47.3336264,0 -0.1759621,47.3344914,0 -0.1776092,47.3355271,0 -0.1786645,47.3361908,0 -0.1796415,47.3368044,0 -0.1810556,47.3376984,0 -0.1819161,47.3382347,0 -0.1819509,47.3382567,0 -0.1827074,47.3387324,0 -0.1835084,47.3392382,0 -0.1841217,47.3396247,0 -0.1853029,47.3403608,0 -0.1861966,47.3409245,0 -0.1874919,47.3417427,0 -0.1885496,47.3424079,0 -0.1898711,47.3432373,0 -0.1908527,47.3438557,0 -0.1920031,47.3445804,0 -0.1931012,47.3452697,0 -0.1944417,47.3461088,0 -0.1944429,47.3461096,0 -0.1956277,47.3468576,0 -0.1968851,47.3476467,0 -0.1981353,47.3484293,0 -0.1989109,47.3489176,0 -0.1994757,47.3492732,0 -0.2003457,47.3498223,0 -0.2012798,47.3504069,0 -0.2025822,47.3512233,0 -0.2037207,47.3519415,0 -0.2048426,47.3526452,0 -0.2055176,47.3530719,0 -0.2067868,47.3538689,0 -0.2071337,47.3540853,0 -0.2077731,47.3544840,0 -0.2091684,47.3553647,0 -0.2104398,47.3561602,0 -0.2115927,47.3568863,0 -0.2126599,47.3575594,0 -0.2139480,47.3583692,0 -0.2148822,47.3589569,0 -0.2154978,47.3593449,0 -0.2166219,47.3600485,0 -0.2178317,47.3608084,0 -0.2193196,47.3617422,0 -0.2193928,47.3617888,0 -0.2195192,47.3618694,0 -0.2208765,47.3627211,0 -0.2215823,47.3631686,0 -0.2227422,47.3638946,0 -0.2232185,47.3641868,0 -0.2233197,47.3642488,0 -0.2242894,47.3648606,0 -0.2256182,47.3656961,0 -0.2264191,47.3661919,0 -0.2278522,47.3670951,0 -0.2291738,47.3679257,0 -0.2305666,47.3688014,0 -0.2319357,47.3696578,0 -0.2334829,47.3706316,0 -0.2347094,47.3714027,0 -0.2353568,47.3718078,0 -0.2357099,47.3720288,0 -0.2373690,47.3730735,0 -0.2382936,47.3736514,0 -0.2396341,47.3744916,0 -0.2406679,47.3751403,0 -0.2420441,47.3760045,0 -0.2430399,47.3766290,0 -0.2441928,47.3773517,0 -0.2453692,47.3780888,0 -0.2463058,47.3786747,0 -0.2473943,47.3793619,0 -0.2486493,47.3801473,0 -0.2486675,47.3801587,0 -0.2496998,47.3808087,0 -0.2510973,47.3816858,0 -0.2522168,47.3823891,0 -0.2533552,47.3831005,0 -0.2540160,47.3835157,0 -0.2549691,47.3841159,0 -0.2560363,47.3847806,0 -0.2573008,47.3855756,0 -0.2580281,47.3860325,0 -0.2591993,47.3867674,0 -0.2593233,47.3868452,0 -0.2600079,47.3872748,0 -0.2612557,47.3880585,0 -0.2623657,47.3887536,0 -0.2635636,47.3895035,0 -0.2646332,47.3901745,0 -0.2658477,47.3909404,0 -0.2667294,47.3914891,0 -0.2668893,47.3915906,0 -0.2674496,47.3919461,0 -0.2688305,47.3928102,0 -0.2700356,47.3935696,0 -0.2708651,47.3940861,0 -0.2717825,47.3946589,0 -0.2730993,47.3954842,0 -0.2749271,47.3966314,0 -0.2751968,47.3968006,0 -0.2754699,47.3969718,0 -0.2762794,47.3974793,0 -0.2775749,47.3982901,0 -0.2777400,47.3983940,0 -0.2777400,47.3983941,0 -0.2781208,47.3986336,0 -0.2783249,47.3987620,0 -0.2789558,47.3991589,0 -0.2799579,47.3997884,0 -0.2803390,47.4000276,0 -0.2807585,47.4002891,0 -0.2807585,47.4002892,0 -0.2816011,47.4008143,0 -0.2828798,47.4016187,0 -0.2841681,47.4024215,0 -0.2856274,47.4033385,0 -0.2867397,47.4040366,0 -0.2882941,47.4050115,0 -0.2893684,47.4056646,0 -0.2902122,47.4061375,0 -0.2912461,47.4066506,0 -0.2922491,47.4071108,0 -0.2927744,47.4073311,0 -0.2936656,47.4076930,0 -0.2946283,47.4080388,0 -0.2955124,47.4083252,0 -0.2962207,47.4085343,0 -0.2968054,47.4086935,0 -0.2973122,47.4088290,0 -0.2973710,47.4088448,0 -0.2983812,47.4090779,0 -0.2989541,47.4091954,0 -0.3000997,47.4094142,0 -0.3010883,47.4095670,0 -0.3018918,47.4096715,0 -0.3028900,47.4097809,0 -0.3036055,47.4098404,0 -0.3043399,47.4098886,0 -0.3053786,47.4099466,0 -0.3066406,47.4100061,0 -0.3080619,47.4101058,0 -0.3087798,47.4101781,0 -0.3098326,47.4102988,0 -0.3109520,47.4104693,0 -0.3118482,47.4106366,0 -0.3125207,47.4107701,0 -0.3132838,47.4109438,0 -0.3141988,47.4111706,0 -0.3152564,47.4114440,0 -0.3165446,47.4117947,0 -0.3175596,47.4120665,0 -0.3190031,47.4124524,0 -0.3191781,47.4124992,0 -0.3208894,47.4129592,0 -0.3225865,47.4134191,0 -0.3239936,47.4137939,0 -0.3252461,47.4141349,0 -0.3263180,47.4144196,0 -0.3281791,47.4149198,0 -0.3291084,47.4151675,0 -0.3312523,47.4157465,0 -0.3328849,47.4161830,0 -0.3332013,47.4162675,0 -0.3353166,47.4168385,0 -0.3373298,47.4173789,0 -0.3388937,47.4177986,0 -0.3409758,47.4183599,0 -0.3427679,47.4188424,0 -0.3442985,47.4192508,0 -0.3454938,47.4195724,0 -0.3458411,47.4196658,0 -0.3469106,47.4199488,0 -0.3483010,47.4203283,0 -0.3506682,47.4209604,0 -0.3521443,47.4213544,0 -0.3536620,47.4217639,0 -0.3538010,47.4218014,0 -0.3552175,47.4221857,0 -0.3564106,47.4225025,0 -0.3576418,47.4228370,0 -0.3586282,47.4230991,0 -0.3594576,47.4233227,0 -0.3594660,47.4233249,0 -0.3612236,47.4238002,0 -0.3626711,47.4241846,0 -0.3645892,47.4246992,0 -0.3654401,47.4249259,0 -0.3667177,47.4252720,0 -0.3668946,47.4253199,0 -0.3686939,47.4258023,0 -0.3704028,47.4262606,0 -0.3714818,47.4265484,0 -0.3734166,47.4270645,0 -0.3749044,47.4274633,0 -0.3758290,47.4277142,0 -0.3772907,47.4281065,0 -0.3792885,47.4286420,0 -0.3793062,47.4286467,0 -0.3807299,47.4290311,0 -0.3825316,47.4295086,0 -0.3846421,47.4300794,0 -0.3864438,47.4305617,0 -0.3885519,47.4311261,0 -0.3902894,47.4315859,0 -0.3915824,47.4319349,0 -0.3936953,47.4325008,0 -0.3961126,47.4331520,0 -0.3981970,47.4337147,0 -0.3999864,47.4341891,0 -0.4000224,47.4341986,0 -0.4020616,47.4347436,0 -0.4040653,47.4352838,0 -0.4064260,47.4359188,0 -0.4065038,47.4359397,0 -0.4085765,47.4364944,0 -0.4108272,47.4370957,0 -0.4130544,47.4376954,0 -0.4143639,47.4380442,0 -0.4166386,47.4386551,0 -0.4186445,47.4391920,0 -0.4205365,47.4397016,0 -0.4223666,47.4401952,0 -0.4246484,47.4408028,0 -0.4262431,47.4412256,0 -0.4278903,47.4416677,0 -0.4291761,47.4420133,0 -0.4310633,47.4425181,0 -0.4318628,47.4427322,0 -0.4326059,47.4429312,0 -0.4344812,47.4434327,0 -0.4364634,47.4439615,0 -0.4379085,47.4443490,0 -0.4394273,47.4447556,0 -0.4405469,47.4450547,0 -0.4410102,47.4451784,0 -0.4424006,47.4455513,0 -0.4440050,47.4459869,0 -0.4461180,47.4465543,0 -0.4476176,47.4469530,0 -0.4491174,47.4473558,0 -0.4495025,47.4474593,0 -0.4510593,47.4478740,0 -0.4531746,47.4484317,0 -0.4551093,47.4489525,0 -0.4569442,47.4494298,0 -0.4588456,47.4499393,0 -0.4605759,47.4504039,0 -0.4615028,47.4506498,0 -0.4620310,47.4507923,0 -0.4635398,47.4511994,0 -0.4651156,47.4516109,0 -0.4667460,47.4520528,0 -0.4682458,47.4524498,0 -0.4697735,47.4528662,0 -0.4704039,47.4530381,0 -0.4721034,47.4534897,0 -0.4739002,47.4539702,0 -0.4753025,47.4543431,0 -0.4771183,47.4548284,0 -0.4790198,47.4553331,0 -0.4806812,47.4557782,0 -0.4825351,47.4562716,0 -0.4833515,47.4564920,0 -0.4834875,47.4565287,0 -0.4838685,47.4566316,0 -0.4853016,47.4570124,0 -0.4869441,47.4574464,0 -0.4885056,47.4578674,0 -0.4900196,47.4582723,0 -0.4913602,47.4586307,0 -0.4922538,47.4588718,0 -0.4937203,47.4592590,0 -0.4945688,47.4594904,0 -0.4954672,47.4597444,0 -0.4973068,47.4602168,0 -0.4987782,47.4606089,0 -0.4997835,47.4608741,0 -0.5013949,47.4613031,0 -0.5014724,47.4613238,0 -0.5029851,47.4617273,0 -0.5044658,47.4621210,0 -0.5053951,47.4623701,0 -0.5067570,47.4627316,0 -0.5080191,47.4630642,0 -0.5092503,47.4633824,0 -0.5099156,47.4635419,0 -0.5103697,47.4636508,0 -0.5120097,47.4640171,0 -0.5131648,47.4642582,0 -0.5146670,47.4645457,0 -0.5157390,47.4647370,0 -0.5163759,47.4648494,0 -0.5167129,47.4649028,0 -0.5175951,47.4650422,0 -0.5186742,47.4651821,0 -0.5202929,47.4653893,0 -0.5216571,47.4655500,0 -0.5231308,47.4656978,0 -0.5241052,47.4657830,0 -0.5253506,47.4658746,0 -0.5264867,47.4659453,0 -0.5279580,47.4660144,0 -0.5298880,47.4660770,0 -0.5301638,47.4660811,0 -0.5314210,47.4660995,0 -0.5329469,47.4660866,0 -0.5338810,47.4660803,0 -0.5354140,47.4660642,0 -0.5362221,47.4660337,0 -0.5365419,47.4660178,0 -0.5366761,47.4660111,0 -0.5373012,47.4659774,0 -0.5379629,47.4659315,0 -0.5384182,47.4658939,0 -0.5389445,47.4658558,0 -0.5403801,47.4657309,0 -0.5422933,47.4655606,0 -0.5443944,47.4653822,0 -0.5499915,47.4649008,0 -0.5499916,47.4649007,0 -0.5504001,47.4648656,0 -0.5507456,47.4648358,0 -0.5507584,47.4648346,0 -0.5511756,47.4648042,0 -0.5517434,47.4647628,0 -0.5524796,47.4647091,0 -0.5531287,47.4646563,0 -0.5533388,47.4646393,0 -0.5539830,47.4645815,0 -0.5556819,47.4644461,0 -0.5564643,47.4643838,0 -0.5567690,47.4643563,0 -0.5572464,47.4643131,0 -0.5579117,47.4642440,0 -0.5584750,47.4641525,0 -0.5590028,47.4640359,0 -0.5593355,47.4639435,0 -0.5595263,47.4638817,0 -0.5596380,47.4638454,0 -0.5609589,47.4633112,0 -0.5610403,47.4632829,0 -0.5613146,47.4631874,0 -0.5616657,47.4630665,0 -0.5617036,47.4630534,0 -0.5623835,47.4627810,0 -0.5624271,47.4627636,0 -0.5627504,47.4625997,0 -0.5629175,47.4625057,0 -0.5631146,47.4623948,0 -0.5631147,47.4623948,0 -0.5631188,47.4623924,0 -0.5635110,47.4621321,0 -0.5638034,47.4619168,0 -0.5639115,47.4618278,0 -0.5639116,47.4618277,0 -0.5641432,47.4616372,0 -0.5645615,47.4612804,0 -0.5649964,47.4609157,0 -0.5653553,47.4606088,0 -0.5657356,47.4602873,0 -0.5659947,47.4600608,0 -0.5664920,47.4596613,0 -0.5668669,47.4593601,0 -0.5673114,47.4589664,0 -0.5676465,47.4586177,0 -0.5678676,47.4583637,0 -0.5681918,47.4579822,0 -0.5681919,47.4579821,0 -0.5683691,47.4577736,0 -0.5690071,47.4570160,0 -0.5693448,47.4566150,0 -0.5694905,47.4564329,0 -0.5696172,47.4562612,0 -0.5698266,47.4559773,0 -0.5698695,47.4559212,0 -0.5698695,47.4559211,0 -0.5700572,47.4556752,0 -0.5702498,47.4554100,0 -0.5705944,47.4549536,0 -0.5710104,47.4544039,0 -0.5713432,47.4539636,0 -0.5719873,47.4531021,0 -0.5724388,47.4524834,0 -0.5728310,47.4519530,0 -0.5731613,47.4515287,0 -0.5735416,47.4510224,0 -0.5738411,47.4506335,0 -0.5741167,47.4502911,0 -0.5744317,47.4499327,0 -0.5748180,47.4495204,0 -0.5753241,47.4489712,0 -0.5753241,47.4489711,0 -0.5753802,47.4489103,0 -0.5753875,47.4489023,0 -0.5753876,47.4489021,0 -0.5757718,47.4484852,0 -0.5760439,47.4481790,0 -0.5764444,47.4477093,0 -0.5773155,47.4465743,0 -0.5778441,47.4459324,0 -0.5778574,47.4459144,0 -0.5782772,47.4453588,0 -0.5783517,47.4452601,0 -0.5787536,47.4447151,0 -0.5793572,47.4438922,0 -0.5798275,47.4432705,0 -0.5803528,47.4425985,0 -0.5810733,47.4416240,0 -0.5817031,47.4407769,0 -0.5822662,47.4400327,0 -0.5827131,47.4394346,0 -0.5830933,47.4389299,0 -0.5837304,47.4380842,0 -0.5845172,47.4370360,0 -0.5848001,47.4366561,0 -0.5851304,47.4362129,0 -0.5858338,47.4352804,0 -0.5866658,47.4341711,0 -0.5873110,47.4333055,0 -0.5873645,47.4332338,0 -0.5879105,47.4325095,0 -0.5885319,47.4317827,0 -0.5890226,47.4312729,0 -0.5895323,47.4307997,0 -0.5898521,47.4305241,0 -0.5903714,47.4301054,0 -0.5908739,47.4297382,0 -0.5913363,47.4294190,0 -0.5917250,47.4291673,0 -0.5921897,47.4288882,0 -0.5925832,47.4286604,0 -0.5930786,47.4283942,0 -0.5933073,47.4282799,0 -0.5935956,47.4281359,0 -0.5938706,47.4280045,0 -0.5943090,47.4278041,0 -0.5947025,47.4276389,0 -0.5953738,47.4273645,0 -0.5960632,47.4271160,0 -0.5969285,47.4268385,0 -0.5978032,47.4265964,0 -0.5987729,47.4263639,0 -0.5996312,47.4261970,0 -0.6003309,47.4260750,0 -0.6008711,47.4259949,0 -0.6015251,47.4259132,0 -0.6022773,47.4258426,0 -0.6030059,47.4257783,0 -0.6036773,47.4257356,0 -0.6042952,47.4256964,0 -0.6053923,47.4256417,0 -0.6058865,47.4255899,0 -0.6062393,47.4255496,0 -0.6067072,47.4254882,0 -0.6071207,47.4254155,0 -0.6073547,47.4253687,0 -0.6076741,47.4253009,0 -0.6081867,47.4251848,0 -0.6087073,47.4250458,0 -0.6092391,47.4248812,0 -0.6094703,47.4248044,0 -0.6100496,47.4246120,0 -0.6105318,47.4244197,0 -0.6109398,47.4242486,0 -0.6114665,47.4240196,0 -0.6121384,47.4236875,0 -0.6123171,47.4235858,0 -0.6127090,47.4233629,0 -0.6130957,47.4231157,0 -0.6134419,47.4228766,0 -0.6139613,47.4224863,0 -0.6142181,47.4222934,0 -0.6145279,47.4220354,0 -0.6147387,47.4218443,0 -0.6150582,47.4215362,0 -0.6153277,47.4212586,0 -0.6156403,47.4208970,0 -0.6161238,47.4202686,0 -0.6161842,47.4201901,0 -0.6165800,47.4194658,0 -0.6167860,47.4190603,0 -0.6168681,47.4188986,0 -0.6170348,47.4185183,0 -0.6173319,47.4178669,0 -0.6175340,47.4173973,0 -0.6177241,47.4169826,0 -0.6182019,47.4159065,0 -0.6184467,47.4153661,0 -0.6187557,47.4146712,0 -0.6190076,47.4140971,0 -0.6193380,47.4133652,0 -0.6196161,47.4127186,0 -0.6200464,47.4117566,0 -0.6203363,47.4110747,0 -0.6206166,47.4104477,0 -0.6209660,47.4096837,0 -0.6210162,47.4095716,0 -0.6212608,47.4090257,0 -0.6215793,47.4083083,0 -0.6219478,47.4074877,0 -0.6223282,47.4065883,0 -0.6225776,47.4060095,0 -0.6230076,47.4050527,0 -0.6232736,47.4044772,0 -0.6237415,47.4035304,0 -0.6240382,47.4029697,0 -0.6244250,47.4023048,0 -0.6249023,47.4015573,0 -0.6253535,47.4008743,0 -0.6258402,47.4001865,0 -0.6262796,47.3996094,0 -0.6267857,47.3989469,0 -0.6269709,47.3987144,0 -0.6272082,47.3984165,0 -0.6275573,47.3980034,0 -0.6279919,47.3974874,0 -0.6285171,47.3969067,0 -0.6289393,47.3964105,0 -0.6292448,47.3961187,0 -0.6297147,47.3956543,0 -0.6298389,47.3955316,0 -0.6302877,47.3951121,0 -0.6307819,47.3946521,0 -0.6315181,47.3939832,0 -0.6324206,47.3932052,0 -0.6329166,47.3927970,0 -0.6340375,47.3919176,0 -0.6346073,47.3914998,0 -0.6350704,47.3911636,0 -0.6357401,47.3906910,0 -0.6366899,47.3900512,0 -0.6376328,47.3894451,0 -0.6384759,47.3889225,0 -0.6390053,47.3886059,0 -0.6398031,47.3881445,0 -0.6404082,47.3878119,0 -0.6414862,47.3872535,0 -0.6417834,47.3870995,0 -0.6425814,47.3867024,0 -0.6434127,47.3863004,0 -0.6444194,47.3858294,0 -0.6449820,47.3855851,0 -0.6457772,47.3852428,0 -0.6461245,47.3851059,0 -0.6473209,47.3845809,0 -0.6480980,47.3842430,0 -0.6490317,47.3838392,0 -0.6497325,47.3835448,0 -0.6505313,47.3832117,0 -0.6514110,47.3828382,0 -0.6520214,47.3825760,0 -0.6531573,47.3821126,0 -0.6538920,47.3818036,0 -0.6553353,47.3812013,0 -0.6555390,47.3811163,0 -0.6567724,47.3806030,0 -0.6578229,47.3801685,0 -0.6585704,47.3798602,0 -0.6586618,47.3798225,0 -0.6595982,47.3794395,0 -0.6602686,47.3791626,0 -0.6609623,47.3788779,0 -0.6615564,47.3786397,0 -0.6622101,47.3783742,0 -0.6628992,47.3780958,0 -0.6633055,47.3779333,0 -0.6639328,47.3776839,0 -0.6646459,47.3774055,0 -0.6651289,47.3772121,0 -0.6658397,47.3769142,0 -0.6665194,47.3766391,0 -0.6669693,47.3764537,0 -0.6674805,47.3762299,0 -0.6678358,47.3760807,0 -0.6684207,47.3758562,0 -0.6690545,47.3756472,0 -0.6695162,47.3754861,0 -0.6699577,47.3753301,0 -0.6705507,47.3751341,0 -0.6710613,47.3749765,0 -0.6715461,47.3748253,0 -0.6720850,47.3746597,0 -0.6727733,47.3744620,0 -0.6735140,47.3742594,0 -0.6740981,47.3741099,0 -0.6746391,47.3739717,0 -0.6752991,47.3738206,0 -0.6758662,47.3736904,0 -0.6762014,47.3736241,0 -0.6762885,47.3736069,0 -0.6768875,47.3734845,0 -0.6775474,47.3733527,0 -0.6780501,47.3732643,0 -0.6790671,47.3730970,0 -0.6796442,47.3730005,0 -0.6801907,47.3729184,0 -0.6809203,47.3727993,0 -0.6813670,47.3727333,0 -0.6818450,47.3726561,0 -0.6825124,47.3725547,0 -0.6830356,47.3724774,0 -0.6835231,47.3723985,0 -0.6842096,47.3722923,0 -0.6849533,47.3721780,0 -0.6856351,47.3720784,0 -0.6862880,47.3719867,0 -0.6868453,47.3719163,0 -0.6879485,47.3717598,0 -0.6880400,47.3717499,0 -0.6882940,47.3717223,0 -0.6887100,47.3716788,0 -0.6895989,47.3715886,0 -0.6901122,47.3715355,0 -0.6906946,47.3714759,0 -0.6912128,47.3714196,0 -0.6916381,47.3713745,0 -0.6922039,47.3713166,0 -0.6929525,47.3712361,0 -0.6934236,47.3711898,0 -0.6940483,47.3711283,0 -0.6946656,47.3710642,0 -0.6946657,47.3710642,0 -0.6949014,47.3710398,0 -0.6952437,47.3710043,0 -0.6963014,47.3709045,0 -0.6984524,47.3706808,0 -0.6996504,47.3705568,0 -0.7005369,47.3704618,0 -0.7011383,47.3703974,0 -0.7022696,47.3702686,0 -0.7023781,47.3702610,0 -0.7028638,47.3702268,0 -0.7035698,47.3701785,0 -0.7040593,47.3701544,0 -0.7045251,47.3701399,0 -0.7051597,47.3701238,0 -0.7057539,47.3701383,0 -0.7064408,47.3701608,0 -0.7069305,47.3701850,0 -0.7078075,47.3702671,0 -0.7082353,47.3703170,0 -0.7089674,47.3704119,0 -0.7099372,47.3705568,0 -0.7100489,47.3705764,0 -0.7108664,47.3707194,0 -0.7125421,47.3710607,0 -0.7134857,47.3712731,0 -0.7144340,47.3715081,0 -0.7151875,47.3717142,0 -0.7165066,47.3721069,0 -0.7177069,47.3725045,0 -0.7185221,47.3727749,0 -0.7195607,47.3731338,0 -0.7208655,47.3735781,0 -0.7222132,47.3740433,0 -0.7225802,47.3741640,0 -0.7235347,47.3744778,0 -0.7251177,47.3750171,0 -0.7263274,47.3754291,0 -0.7270857,47.3756996,0 -0.7277964,47.3759410,0 -0.7286116,47.3762178,0 -0.7294744,47.3765139,0 -0.7304227,47.3768358,0 -0.7315707,47.3772253,0 -0.7330990,47.3777420,0 -0.7341875,47.3781121,0 -0.7352975,47.3784872,0 -0.7368757,47.3790247,0 -0.7379357,47.3793659,0 -0.7386987,47.3795977,0 -0.7403695,47.3800982,0 -0.7406491,47.3801789,0 -0.7416126,47.3804571,0 -0.7426965,47.3807435,0 -0.7439895,47.3810735,0 -0.7449615,47.3813101,0 -0.7456056,47.3814646,0 -0.7468653,47.3817526,0 -0.7486503,47.3821485,0 -0.7495583,47.3823417,0 -0.7507894,47.3826201,0 -0.7518519,47.3828518,0 -0.7527074,47.3830450,0 -0.7536630,47.3832638,0 -0.7547682,47.3835052,0 -0.7557218,47.3837243,0 -0.7560707,47.3838045,0 -0.7571354,47.3840427,0 -0.7584997,47.3843404,0 -0.7597808,47.3846269,0 -0.7612853,47.3849632,0 -0.7625688,47.3852481,0 -0.7639189,47.3855457,0 -0.7654685,47.3858869,0 -0.7666141,47.3861428,0 -0.7680924,47.3864710,0 -0.7690504,47.3866818,0 -0.7701603,47.3869248,0 -0.7724111,47.3874333,0 -0.7738704,47.3877584,0 -0.7739812,47.3877845,0 -0.7747879,47.3879740,0 -0.7753202,47.3880996,0 -0.7760000,47.3882701,0 -0.7767487,47.3884729,0 -0.7775783,47.3887062,0 -0.7783151,47.3889250,0 -0.7796746,47.3893547,0 -0.7810793,47.3898406,0 -0.7824269,47.3903442,0 -0.7834799,47.3907707,0 -0.7846847,47.3912826,0 -0.7848583,47.3913564,0 -0.7861133,47.3919276,0 -0.7871947,47.3924183,0 -0.7877937,47.3926919,0 -0.7884521,47.3929863,0 -0.7891199,47.3932888,0 -0.7904439,47.3938841,0 -0.7920838,47.3946259,0 -0.7923294,47.3947368,0 -0.7929490,47.3950168,0 -0.7945082,47.3957167,0 -0.7956704,47.3962380,0 -0.7969087,47.3967867,0 -0.7975670,47.3970875,0 -0.7983206,47.3974174,0 -0.7992380,47.3978292,0 -0.7998560,47.3981076,0 -0.8005835,47.3984372,0 -0.8006902,47.3984856,0 -0.8016908,47.3989329,0 -0.8023634,47.3992370,0 -0.8034687,47.3997341,0 -0.8048091,47.4003325,0 -0.8056861,47.4007235,0 -0.8064230,47.4010437,0 -0.8074070,47.4014571,0 -0.8084315,47.4018753,0 -0.8094867,47.4022920,0 -0.8100999,47.4025301,0 -0.8107845,47.4027859,0 -0.8114381,47.4030240,0 -0.8122343,47.4033120,0 -0.8128522,47.4035259,0 -0.8135676,47.4037671,0 -0.8140454,47.4039238,0 -0.8144899,47.4040696,0 -0.8152100,47.4042997,0 -0.8158304,47.4044943,0 -0.8165909,47.4047291,0 -0.8174822,47.4049978,0 -0.8181001,47.4051796,0 -0.8189392,47.4054289,0 -0.8194644,47.4055818,0 -0.8204390,47.4058762,0 -0.8214515,47.4061705,0 -0.8221978,47.4063813,0 -0.8231984,47.4066386,0 -0.8236571,47.4067448,0 -0.8244534,47.4069233,0 -0.8250880,47.4070520,0 -0.8260719,47.4072370,0 -0.8270203,47.4073914,0 -0.8275798,47.4074699,0 -0.8281208,47.4075459,0 -0.8293329,47.4076890,0 -0.8303859,47.4077919,0 -0.8313770,47.4078692,0 -0.8324204,47.4079383,0 -0.8333615,47.4079994,0 -0.8346902,47.4080863,0 -0.8350689,47.4081095,0 -0.8358763,47.4081587,0 -0.8367509,47.4082150,0 -0.8376280,47.4082745,0 -0.8384884,47.4083276,0 -0.8395650,47.4083968,0 -0.8405965,47.4084627,0 -0.8417327,47.4085350,0 -0.8427522,47.4086010,0 -0.8437672,47.4086654,0 -0.8446751,47.4087216,0 -0.8457898,47.4087876,0 -0.8466954,47.4088471,0 -0.8475000,47.4088957,0 -0.8478933,47.4089195,0 -0.8491577,47.4090048,0 -0.8503628,47.4090803,0 -0.8517461,47.4091689,0 -0.8529797,47.4092493,0 -0.8538732,47.4093056,0 -0.8551805,47.4093860,0 -0.8564498,47.4094728,0 -0.8572126,47.4095259,0 -0.8587338,47.4096224,0 -0.8597749,47.4096900,0 -0.8606543,47.4097479,0 -0.8616074,47.4098106,0 -0.8626109,47.4098721,0 -0.8626580,47.4098749,0 -0.8636705,47.4099393,0 -0.8646806,47.4100004,0 -0.8653699,47.4100423,0 -0.8664489,47.4101163,0 -0.8694413,47.4103044,0 -0.8712286,47.4104202,0 -0.8725311,47.4104991,0 -0.8736791,47.4105746,0 -0.8747558,47.4106422,0 -0.8761082,47.4107291,0 -0.8774392,47.4108160,0 -0.8789936,47.4109108,0 -0.8805790,47.4110121,0 -0.8818291,47.4110846,0 -0.8830223,47.4111650,0 -0.8839278,47.4112181,0 -0.8848334,47.4112776,0 -0.8859054,47.4113451,0 -0.8865892,47.4113848,0 -0.8872363,47.4114223,0 -0.8879661,47.4114593,0 -0.8890617,47.4115011,0 -0.8901455,47.4115268,0 -0.8913316,47.4115413,0 -0.8926268,47.4115381,0 -0.8938295,47.4115221,0 -0.8946329,47.4114963,0 -0.8954553,47.4114577,0 -0.8962966,47.4113982,0 -0.8966098,47.4113807,0 -0.8971880,47.4113483,0 -0.8982147,47.4112872,0 -0.8990727,47.4112277,0 -0.8998024,47.4111811,0 -0.9008505,47.4111070,0 -0.9018964,47.4110395,0 -0.9025500,47.4109928,0 -0.9034556,47.4109269,0 -0.9041329,47.4108899,0 -0.9049648,47.4108336,0 -0.9056826,47.4107838,0 -0.9062150,47.4107371,0 -0.9064835,47.4107130,0 -0.9070493,47.4106439,0 -0.9072918,47.4106133,0 -0.9077909,47.4105441,0 -0.9083874,47.4104508,0 -0.9090838,47.4103334,0 -0.9090999,47.4103301,0 -0.9092608,47.4102932,0 -0.9103205,47.4100498,0 -0.9116538,47.4097346,0 -0.9125523,47.4094916,0 -0.9139640,47.4090381,0 -0.9146319,47.4087887,0 -0.9152109,47.4085515,0 -0.9160438,47.4081952,0 -0.9167093,47.4078767,0 -0.9173177,47.4075743,0 -0.9175035,47.4074762,0 -0.9182043,47.4071062,0 -0.9188294,47.4067700,0 -0.9198396,47.4062295,0 -0.9206795,47.4058235,0 -0.9212529,47.4055142,0 -0.9217450,47.4052488,0 -0.9225320,47.4048241,0 -0.9228241,47.4046664,0 -0.9234444,47.4043302,0 -0.9240790,47.4039956,0 -0.9245899,47.4037157,0 -0.9250797,47.4034567,0 -0.9257570,47.4030980,0 -0.9263899,47.4027578,0 -0.9265651,47.4026636,0 -0.9271117,47.4023692,0 -0.9275277,47.4021472,0 -0.9280791,47.4018496,0 -0.9287542,47.4014973,0 -0.9290678,47.4013284,0 -0.9296550,47.4010131,0 -0.9307218,47.4004478,0 -0.9308575,47.4003760,0 -0.9312996,47.4001395,0 -0.9317204,47.3999126,0 -0.9327019,47.3994010,0 -0.9332225,47.3991147,0 -0.9336456,47.3988959,0 -0.9339284,47.3987527,0 -0.9341970,47.3986192,0 -0.9346415,47.3984084,0 -0.9350123,47.3982426,0 -0.9355471,47.3980126,0 -0.9359867,47.3978372,0 -0.9364455,47.3976571,0 -0.9370325,47.3974543,0 -0.9374390,47.3973160,0 -0.9382756,47.3970601,0 -0.9387367,47.3969266,0 -0.9394568,47.3967223,0 -0.9405525,47.3964198,0 -0.9413440,47.3961978,0 -0.9414446,47.3961701,0 -0.9420143,47.3960128,0 -0.9425918,47.3958519,0 -0.9430625,47.3957216,0 -0.9437921,47.3955204,0 -0.9445479,47.3953113,0 -0.9450993,47.3951584,0 -0.9457815,47.3949686,0 -0.9462544,47.3948366,0 -0.9468819,47.3946645,0 -0.9479443,47.3943700,0 -0.9487335,47.3941496,0 -0.9493989,47.3939646,0 -0.9502000,47.3937409,0 -0.9509653,47.3935301,0 -0.9511064,47.3934901,0 -0.9515143,47.3933741,0 -0.9521869,47.3931891,0 -0.9527645,47.3930313,0 -0.9536130,47.3927949,0 -0.9544853,47.3925535,0 -0.9550985,47.3923814,0 -0.9567171,47.3919292,0 -0.9575180,47.3917120,0 -0.9584165,47.3914626,0 -0.9591249,47.3912646,0 -0.9599994,47.3910313,0 -0.9608670,47.3907900,0 -0.9617345,47.3905454,0 -0.9624999,47.3903298,0 -0.9632271,47.3901286,0 -0.9640376,47.3899050,0 -0.9649431,47.3896572,0 -0.9655113,47.3894963,0 -0.9661197,47.3893306,0 -0.9665971,47.3891973,0 -0.9669206,47.3891069,0 -0.9681281,47.3887689,0 -0.9691739,47.3884873,0 -0.9695693,47.3883790,0 -0.9699725,47.3882685,0 -0.9700990,47.3882305,0 -0.9711148,47.3879813,0 -0.9711272,47.3879778,0 -0.9715099,47.3878697,0 -0.9721260,47.3876997,0 -0.9726411,47.3875575,0 -0.9732640,47.3873837,0 -0.9742242,47.3871134,0 -0.9750893,47.3868752,0 -0.9760469,47.3866082,0 -0.9766788,47.3864376,0 -0.9774301,47.3862364,0 -0.9782174,47.3860174,0 -0.9788995,47.3858210,0 -0.9796765,47.3856039,0 -0.9803277,47.3854237,0 -0.9811739,47.3851887,0 -0.9817822,47.3850182,0 -0.9824003,47.3848492,0 -0.9828831,47.3847122,0 -0.9832796,47.3845998,0 -0.9840283,47.3843970,0 -0.9847438,47.3841959,0 -0.9855541,47.3839722,0 -0.9862387,47.3837855,0 -0.9872110,47.3835118,0 -0.9885040,47.3831498,0 -0.9897496,47.3828005,0 -0.9902703,47.3826540,0 -0.9907046,47.3825286,0 -0.9914602,47.3823308,0 -0.9923616,47.3820779,0 -0.9929462,47.3819138,0 -0.9937258,47.3816981,0 -0.9944789,47.3814842,0 -0.9948238,47.3813925,0 -0.9952328,47.3812748,0 -0.9956294,47.3811655,0 -0.9963329,47.3809708,0 -0.9972051,47.3807310,0 -0.9978495,47.3805539,0 -0.9987480,47.3803013,0 -0.9993755,47.3801274,0 -0.9998936,47.3799809,0 -1.0006111,47.3797798,0 -1.0010411,47.3796624,0 -1.0013815,47.3795705,0 -1.0018236,47.3794418,0 -1.0023747,47.3792922,0 -1.0027862,47.3791762,0 -1.0038653,47.3788736,0 -1.0040324,47.3788267,0 -1.0043071,47.3787498,0 -1.0050105,47.3785567,0 -1.0058355,47.3783313,0 -1.0067649,47.3780673,0 -1.0076917,47.3778098,0 -1.0086545,47.3775442,0 -1.0092536,47.3773719,0 -1.0103445,47.3770646,0 -1.0114759,47.3767443,0 -1.0124027,47.3764820,0 -1.0130839,47.3762939,0 -1.0139375,47.3760766,0 -1.0145464,47.3759042,0 -1.0151571,47.3757384,0 -1.0157539,47.3755709,0 -1.0162556,47.3754309,0 -1.0169900,47.3752216,0 -1.0175319,47.3750688,0 -1.0183730,47.3748306,0 -1.0187715,47.3747230,0 -1.0191355,47.3746247,0 -1.0199737,47.3743973,0 -1.0205272,47.3742991,0 -1.0209964,47.3741997,0 -1.0216926,47.3740313,0 -1.0223200,47.3739035,0 -1.0231465,47.3737524,0 -1.0232679,47.3737332,0 -1.0239384,47.3736271,0 -1.0249931,47.3734864,0 -1.0259279,47.3733819,0 -1.0270680,47.3732903,0 -1.0279480,47.3732403,0 -1.0287846,47.3732164,0 -1.0290103,47.3732100,0 -1.0299437,47.3732083,0 -1.0308052,47.3732223,0 -1.0317055,47.3732438,0 -1.0340074,47.3732999,0 -1.0342574,47.3733051,0 -1.0354070,47.3732931,0 -1.0354407,47.3732947,0 -1.0365604,47.3733226,0 -1.0374618,47.3733430,0 -1.0385495,47.3733690,0 -1.0393682,47.3733957,0 -1.0407706,47.3734295,0 -1.0419592,47.3734585,0 -1.0429242,47.3734778,0 -1.0442052,47.3735100,0 -1.0452885,47.3735332,0 -1.0454101,47.3735358,0 -1.0466365,47.3735664,0 -1.0479104,47.3735985,0 -1.0489872,47.3736243,0 -1.0505653,47.3736629,0 -1.0520438,47.3736999,0 -1.0530040,47.3737208,0 -1.0544157,47.3737563,0 -1.0560034,47.3737949,0 -1.0569186,47.3738174,0 -1.0581877,47.3738480,0 -1.0595687,47.3738819,0 -1.0608854,47.3739124,0 -1.0620049,47.3739413,0 -1.0631864,47.3739672,0 -1.0638983,47.3739815,0 -1.0639850,47.3739832,0 -1.0653015,47.3740154,0 -1.0661689,47.3740363,0 -1.0673169,47.3740669,0 -1.0682084,47.3740895,0 -1.0694849,47.3741168,0 -1.0709678,47.3741490,0 -1.0723535,47.3741844,0 -1.0732757,47.3742053,0 -1.0747874,47.3742424,0 -1.0757262,47.3742633,0 -1.0768765,47.3742906,0 -1.0776655,47.3743084,0 -1.0792224,47.3743518,0 -1.0808459,47.3743856,0 -1.0824193,47.3744242,0 -1.0832820,47.3744420,0 -1.0837693,47.3744550,0 -1.0842422,47.3744677,0 -1.0852407,47.3744903,0 -1.0862201,47.3745064,0 -1.0872823,47.3745288,0 -1.0884110,47.3745530,0 -1.0895542,47.3745868,0 -1.0906167,47.3746093,0 -1.0919287,47.3746464,0 -1.0931079,47.3746705,0 -1.0942057,47.3746947,0 -1.0955842,47.3747301,0 -1.0981270,47.3747889,0 -1.0982295,47.3747912,0 -1.0993783,47.3748240,0 -1.0999789,47.3748411,0 -1.1015002,47.3748717,0 -1.1031780,47.3749087,0 -1.1052222,47.3749651,0 -1.1071356,47.3750005,0 -1.1089085,47.3750455,0 -1.1109454,47.3750986,0 -1.1111932,47.3751044,0 -1.1122408,47.3751292,0 -1.1138402,47.3751678,0 -1.1151049,47.3752065,0 -1.1164861,47.3752274,0 -1.1182923,47.3752693,0 -1.1198015,47.3752999,0 -1.1211775,47.3753336,0 -1.1212430,47.3753353,0 -1.1222494,47.3753610,0 -1.1237492,47.3753948,0 -1.1253395,47.3754334,0 -1.1254693,47.3754358,0 -1.1276450,47.3754769,0 -1.1294014,47.3755187,0 -1.1309939,47.3755494,0 -1.1324194,47.3755831,0 -1.1337647,47.3756282,0 -1.1349011,47.3756571,0 -1.1355119,47.3756717,0 -1.1361159,47.3756862,0 -1.1369249,47.3757006,0 -1.1375086,47.3757007,0 -1.1382554,47.3756845,0 -1.1390329,47.3756231,0 -1.1396201,47.3755649,0 -1.1404596,47.3754421,0 -1.1411345,47.3753162,0 -1.1417220,47.3751884,0 -1.1427513,47.3749061,0 -1.1432843,47.3747418,0 -1.1438738,47.3745695,0 -1.1445184,47.3743681,0 -1.1446014,47.3743421,0 -1.1451502,47.3741703,0 -1.1454284,47.3740881,0 -1.1460136,47.3739029,0 -1.1469404,47.3736148,0 -1.1479456,47.3733010,0 -1.1488345,47.3730290,0 -1.1494715,47.3728326,0 -1.1501104,47.3726347,0 -1.1509196,47.3723985,0 -1.1513244,47.3722911,0 -1.1517623,47.3721885,0 -1.1522028,47.3720971,0 -1.1525958,47.3720249,0 -1.1532354,47.3719239,0 -1.1536800,47.3718694,0 -1.1542870,47.3718132,0 -1.1546988,47.3717811,0 -1.1550990,47.3717635,0 -1.1562230,47.3717216,0 -1.1570927,47.3716895,0 -1.1579815,47.3716605,0 -1.1592866,47.3716155,0 -1.1607981,47.3715591,0 -1.1622312,47.3715124,0 -1.1631846,47.3714802,0 -1.1653319,47.3713990,0 -1.1663408,47.3713659,0 -1.1665129,47.3713596,0 -1.1675564,47.3712908,0 -1.1685825,47.3712604,0 -1.1686094,47.3712595,0 -1.1696459,47.3712238,0 -1.1707304,47.3711728,0 -1.1713601,47.3711204,0 -1.1720063,47.3710522,0 -1.1734136,47.3708084,0 -1.1741807,47.3706328,0 -1.1747036,47.3704893,0 -1.1748783,47.3704358,0 -1.1748784,47.3704358,0 -1.1753212,47.3703004,0 -1.1759042,47.3701073,0 -1.1768849,47.3697791,0 -1.1770027,47.3697403,0 -1.1771944,47.3696739,0 -1.1776251,47.3695328,0 -1.1778466,47.3694973,0 -1.1782139,47.3693771,0 -1.1789602,47.3691324,0 -1.1793580,47.3690012,0 -1.1794972,47.3689553,0 -1.1802127,47.3687236,0 -1.1808996,47.3684966,0 -1.1812263,47.3683912,0 -1.1815938,47.3682728,0 -1.1823949,47.3680023,0 -1.1830769,47.3677769,0 -1.1835894,47.3676078,0 -1.1845181,47.3672698,0 -1.1845427,47.3672619,0 -1.1846123,47.3672367,0 -1.1853871,47.3669872,0 -1.1854775,47.3669573,0 -1.1861144,47.3667457,0 -1.1870414,47.3664382,0 -1.1878400,47.3661775,0 -1.1888667,47.3658346,0 -1.1897510,47.3655431,0 -1.1903380,47.3653468,0 -1.1911152,47.3650940,0 -1.1917879,47.3648702,0 -1.1922655,47.3647141,0 -1.1928051,47.3645354,0 -1.1935894,47.3642746,0 -1.1942240,47.3640621,0 -1.1947992,47.3638705,0 -1.1956288,47.3636049,0 -1.1961326,47.3634390,0 -1.1966317,47.3632878,0 -1.1971095,47.3631541,0 -1.1976308,47.3630216,0 -1.1977489,47.3629915,0 -1.1982361,47.3628853,0 -1.1990561,47.3627243,0 -1.1999568,47.3625633,0 -1.2008529,47.3624039,0 -1.2019320,47.3622058,0 -1.2029350,47.3620239,0 -1.2039593,47.3618388,0 -1.2049696,47.3616585,0 -1.2057039,47.3615281,0 -1.2066262,47.3613623,0 -1.2073463,47.3612286,0 -1.2081639,47.3610789,0 -1.2089578,47.3609388,0 -1.2097873,47.3607858,0 -1.2103387,47.3606893,0 -1.2113629,47.3605036,0 -1.2114130,47.3604945,0 -1.2123376,47.3603286,0 -1.2130174,47.3602079,0 -1.2138350,47.3600565,0 -1.2145718,47.3599245,0 -1.2154131,47.3597764,0 -1.2161643,47.3596444,0 -1.2169081,47.3595140,0 -1.2175238,47.3593980,0 -1.2185172,47.3592209,0 -1.2193277,47.3590712,0 -1.2199742,47.3589488,0 -1.2204235,47.3588587,0 -1.2209653,47.3587363,0 -1.2213741,47.3586349,0 -1.2218828,47.3584803,0 -1.2222345,47.3583724,0 -1.2225530,47.3582646,0 -1.2229000,47.3581374,0 -1.2232090,47.3580166,0 -1.2237843,47.3577703,0 -1.2242861,47.3575455,0 -1.2243666,47.3575095,0 -1.2248252,47.3572808,0 -1.2254622,47.3569668,0 -1.2263392,47.3565305,0 -1.2270570,47.3561778,0 -1.2275870,47.3559170,0 -1.2282122,47.3556111,0 -1.2290725,47.3551812,0 -1.2299139,47.3547577,0 -1.2304392,47.3544953,0 -1.2310429,47.3541958,0 -1.2315231,47.3539639,0 -1.2321125,47.3536918,0 -1.2325142,47.3535179,0 -1.2329111,47.3533697,0 -1.2331701,47.3532763,0 -1.2335409,47.3531571,0 -1.2339926,47.3530203,0 -1.2344442,47.3528931,0 -1.2349004,47.3527675,0 -1.2355279,47.3525952,0 -1.2360770,47.3524422,0 -1.2367115,47.3522667,0 -1.2376814,47.3519994,0 -1.2381943,47.3518631,0 -1.2383658,47.3518175,0 -1.2390908,47.3516130,0 -1.2395400,47.3514874,0 -1.2400961,47.3513215,0 -1.2406665,47.3511605,0 -1.2412109,47.3510172,0 -1.2418407,47.3508497,0 -1.2424325,47.3506790,0 -1.2427083,47.3506098,0 -1.2431219,47.3504938,0 -1.2434498,47.3503972,0 -1.2438966,47.3502587,0 -1.2442650,47.3501315,0 -1.2447237,47.3499721,0 -1.2452087,47.3497724,0 -1.2457838,47.3495276,0 -1.2465492,47.3491734,0 -1.2470744,47.3489382,0 -1.2477447,47.3486403,0 -1.2479943,47.3485357,0 -1.2482865,47.3484020,0 -1.2485171,47.3483134,0 -1.2487215,47.3482313,0 -1.2489805,47.3481427,0 -1.2492444,47.3480574,0 -1.2494750,47.3479881,0 -1.2497911,47.3478996,0 -1.2500953,47.3478126,0 -1.2503686,47.3477449,0 -1.2507750,47.3476596,0 -1.2511982,47.3475775,0 -1.2515903,47.3475082,0 -1.2520514,47.3474422,0 -1.2524840,47.3473890,0 -1.2531448,47.3473150,0 -1.2535342,47.3472718,0 -1.2539718,47.3472232,0 -1.2547230,47.3471475,0 -1.2556260,47.3470476,0 -1.2562345,47.3469864,0 -1.2575085,47.3468463,0 -1.2582073,47.3467787,0 -1.2589132,47.3467014,0 -1.2598236,47.3466128,0 -1.2606103,47.3465259,0 -1.2611997,47.3464663,0 -1.2614996,47.3464347,0 -1.2618415,47.3463986,0 -1.2624546,47.3463342,0 -1.2632390,47.3462505,0 -1.2639235,47.3461812,0 -1.2647577,47.3460911,0 -1.2656300,47.3460041,0 -1.2665403,47.3459059,0 -1.2671083,47.3458447,0 -1.2680306,47.3457496,0 -1.2687103,47.3456771,0 -1.2697681,47.3455709,0 -1.2705214,47.3454903,0 -1.2712820,47.3454130,0 -1.2720022,47.3453325,0 -1.2728674,47.3452423,0 -1.2735970,47.3451682,0 -1.2747830,47.3450459,0 -1.2754533,47.3449701,0 -1.2760213,47.3449106,0 -1.2771028,47.3447995,0 -1.2777326,47.3447334,0 -1.2795486,47.3445402,0 -1.2797905,47.3445169,0 -1.2803352,47.3444645,0 -1.2811933,47.3443856,0 -1.2820560,47.3442922,0 -1.2826907,47.3442326,0 -1.2837863,47.3441118,0 -1.2846515,47.3440168,0 -1.2852410,47.3439523,0 -1.2859279,47.3438750,0 -1.2871304,47.3437511,0 -1.2882166,47.3436399,0 -1.2890724,47.3435513,0 -1.2903463,47.3434160,0 -1.2910522,47.3433420,0 -1.2921384,47.3432276,0 -1.2923320,47.3432073,0 -1.2927535,47.3431630,0 -1.2933196,47.3431036,0 -1.2939328,47.3430408,0 -1.2944724,47.3429828,0 -1.2948883,47.3429394,0 -1.2953756,47.3428878,0 -1.2958795,47.3428379,0 -1.2964333,47.3427767,0 -1.2969134,47.3427267,0 -1.2977809,47.3426365,0 -1.2984298,47.3425673,0 -1.2990525,47.3425061,0 -1.2993923,47.3424658,0 -1.2996965,47.3424240,0 -1.3000460,47.3423724,0 -1.3003978,47.3423144,0 -1.3006426,47.3422661,0 -1.3009563,47.3422098,0 -1.3013223,47.3421260,0 -1.3015790,47.3420648,0 -1.3018856,47.3419875,0 -1.3020900,47.3419327,0 -1.3023967,47.3418474,0 -1.3026724,47.3417604,0 -1.3031049,47.3416170,0 -1.3034852,47.3414754,0 -1.3038418,47.3413368,0 -1.3041435,47.3412064,0 -1.3044930,47.3410501,0 -1.3049161,47.3408521,0 -1.3051609,47.3407328,0 -1.3055292,47.3405267,0 -1.3057978,47.3403624,0 -1.3061639,47.3401401,0 -1.3065798,47.3398534,0 -1.3068385,47.3396720,0 -1.3068531,47.3396618,0 -1.3071289,47.3394508,0 -1.3073522,47.3392688,0 -1.3076827,47.3389692,0 -1.3079820,47.3386825,0 -1.3082840,47.3383862,0 -1.3085240,47.3381300,0 -1.3087260,47.3379320,0 -1.3088378,47.3378208,0 -1.3090255,47.3376501,0 -1.3093322,47.3373698,0 -1.3095365,47.3372039,0 -1.3096957,47.3370831,0 -1.3099025,47.3369237,0 -1.3100024,47.3368512,0 -1.3110148,47.3361875,0 -1.3114332,47.3359443,0 -1.3118324,47.3357317,0 -1.3121583,47.3355598,0 -1.3123309,47.3354726,0 -1.3125249,47.3353708,0 -1.3127357,47.3352642,0 -1.3127456,47.3352590,0 -1.3130737,47.3350907,0 -1.3138148,47.3347234,0 -1.3141641,47.3345349,0 -1.3146181,47.3343029,0 -1.3154043,47.3338978,0 -1.3159960,47.3335917,0 -1.3164048,47.3333711,0 -1.3168398,47.3331455,0 -1.3173247,47.3328895,0 -1.3177549,47.3326720,0 -1.3181684,47.3324513,0 -1.3185415,47.3322580,0 -1.3191596,47.3319375,0 -1.3194272,47.3318055,0 -1.3196233,47.3317013,0 -1.3197645,47.3316291,0 -1.3198056,47.3316079,0 -1.3198521,47.3315838,0 -1.3201031,47.3314534,0 -1.3203606,47.3313194,0 -1.3206426,47.3311732,0 -1.3208621,47.3310606,0 -1.3212297,47.3308710,0 -1.3215554,47.3307099,0 -1.3218905,47.3305391,0 -1.3221377,47.3304103,0 -1.3225537,47.3301928,0 -1.3229315,47.3300028,0 -1.3233046,47.3298094,0 -1.3236826,47.3296113,0 -1.3239940,47.3294485,0 -1.3241960,47.3293422,0 -1.3244527,47.3292070,0 -1.3248663,47.3289959,0 -1.3252228,47.3288074,0 -1.3254675,47.3286801,0 -1.3257409,47.3285335,0 -1.3262447,47.3282662,0 -1.3265276,47.3281179,0 -1.3270077,47.3278699,0 -1.3273025,47.3277168,0 -1.3274997,47.3276120,0 -1.3278253,47.3274364,0 -1.3281462,47.3272512,0 -1.3284908,47.3270337,0 -1.3287927,47.3268371,0 -1.3291540,47.3265810,0 -1.3294272,47.3263700,0 -1.3295794,47.3262298,0 -1.3295934,47.3262173,0 -1.3298765,47.3259624,0 -1.3302307,47.3256160,0 -1.3307322,47.3251569,0 -1.3310649,47.3248443,0 -1.3313049,47.3246284,0 -1.3314473,47.3245265,0 -1.3315102,47.3244753,0 -1.3315276,47.3244617,0 -1.3316577,47.3243604,0 -1.3318840,47.3241922,0 -1.3321311,47.3240144,0 -1.3322187,47.3239531,0 -1.3323041,47.3238971,0 -1.3324213,47.3238191,0 -1.3325485,47.3237360,0 -1.3327244,47.3236289,0 -1.3333656,47.3232509,0 -1.3337459,47.3230624,0 -1.3344661,47.3227402,0 -1.3350127,47.3225049,0 -1.3355712,47.3222874,0 -1.3356771,47.3222426,0 -1.3362535,47.3219990,0 -1.3368904,47.3217300,0 -1.3376676,47.3214028,0 -1.3381454,47.3211837,0 -1.3386778,47.3209227,0 -1.3389178,47.3207987,0 -1.3392720,47.3205957,0 -1.3395286,47.3204426,0 -1.3399922,47.3201574,0 -1.3403154,47.3199673,0 -1.3407670,47.3196773,0 -1.3413778,47.3192842,0 -1.3418222,47.3190053,0 -1.3434385,47.3179645,0 -1.3443607,47.3173989,0 -1.3448432,47.3171025,0 -1.3452804,47.3168269,0 -1.3456963,47.3165597,0 -1.3459151,47.3164192,0 -1.3462644,47.3161921,0 -1.3466804,47.3159277,0 -1.3470513,47.3156861,0 -1.3473531,47.3154911,0 -1.3478950,47.3151559,0 -1.3481896,47.3149819,0 -1.3487364,47.3146322,0 -1.3491903,47.3143502,0 -1.3495206,47.3141359,0 -1.3501553,47.3137298,0 -1.3507798,47.3133309,0 -1.3509800,47.3132029,0 -1.3518737,47.3126438,0 -1.3523063,47.3123762,0 -1.3526533,47.3121619,0 -1.3528743,47.3120201,0 -1.3531596,47.3118380,0 -1.3534211,47.3116623,0 -1.3536254,47.3115254,0 -1.3538607,47.3113755,0 -1.3541270,47.3112031,0 -1.3543837,47.3110177,0 -1.3545500,47.3108969,0 -1.3548210,47.3106890,0 -1.3551204,47.3104488,0 -1.3556029,47.3100395,0 -1.3560308,47.3096689,0 -1.3563540,47.3094013,0 -1.3566915,47.3091081,0 -1.3571431,47.3087133,0 -1.3574425,47.3084570,0 -1.3577705,47.3081685,0 -1.3579678,47.3080026,0 -1.3584194,47.3076125,0 -1.3587071,47.3073675,0 -1.3592418,47.3069212,0 -1.3595056,47.3066875,0 -1.3598550,47.3063909,0 -1.3600571,47.3062232,0 -1.3603304,47.3060122,0 -1.3603549,47.3059944,0 -1.3604967,47.3058913,0 -1.3607558,47.3057092,0 -1.3610172,47.3055351,0 -1.3612835,47.3053691,0 -1.3615378,47.3052192,0 -1.3617397,47.3051064,0 -1.3622080,47.3048518,0 -1.3626763,47.3046180,0 -1.3631445,47.3043908,0 -1.3635628,47.3041877,0 -1.3639692,47.3039911,0 -1.3644755,47.3037445,0 -1.3650863,47.3034399,0 -1.3655735,47.3031982,0 -1.3658707,47.3030498,0 -1.3662534,47.3028629,0 -1.3671850,47.3024067,0 -1.3677531,47.3021247,0 -1.3680810,47.3019619,0 -1.3683401,47.3018426,0 -1.3686040,47.3017202,0 -1.3688298,47.3016154,0 -1.3692908,47.3013913,0 -1.3697020,47.3011834,0 -1.3701703,47.3009545,0 -1.3704412,47.3008094,0 -1.3707288,47.3006531,0 -1.3709855,47.3005064,0 -1.3712969,47.3003227,0 -1.3716724,47.3000809,0 -1.3720360,47.2998537,0 -1.3720810,47.2998230,0 -1.3724901,47.2995441,0 -1.3729392,47.2992491,0 -1.3732316,47.2990687,0 -1.3735786,47.2988414,0 -1.3740540,47.2985400,0 -1.3743487,47.2983482,0 -1.3746386,47.2981548,0 -1.3749096,47.2979839,0 -1.3752448,47.2977921,0 -1.3756274,47.2975873,0 -1.3760338,47.2973906,0 -1.3766208,47.2970925,0 -1.3771343,47.2968297,0 -1.3775930,47.2966025,0 -1.3779043,47.2964381,0 -1.3781966,47.2962865,0 -1.3785818,47.2960947,0 -1.3787647,47.2960060,0 -1.3790666,47.2958673,0 -1.3793495,47.2957416,0 -1.3796346,47.2956256,0 -1.3799840,47.2954885,0 -1.3804096,47.2953387,0 -1.3807185,47.2952403,0 -1.3810726,47.2951372,0 -1.3815124,47.2950114,0 -1.3820186,47.2948728,0 -1.3826485,47.2947035,0 -1.3831737,47.2945584,0 -1.3836919,47.2944231,0 -1.3843622,47.2942312,0 -1.3849349,47.2940781,0 -1.3854769,47.2939297,0 -1.3861994,47.2937314,0 -1.3866509,47.2936057,0 -1.3872798,47.2934396,0 -1.3873284,47.2934268,0 -1.3879891,47.2932447,0 -1.3884858,47.2931092,0 -1.3899903,47.2926981,0 -1.3907201,47.2925015,0 -1.3913379,47.2923306,0 -1.3918395,47.2921968,0 -1.3930683,47.2918599,0 -1.3938027,47.2916568,0 -1.3945110,47.2914713,0 -1.3951599,47.2912924,0 -1.3955972,47.2911699,0 -1.3961676,47.2910216,0 -1.3968902,47.2908200,0 -1.3974797,47.2906605,0 -1.3980572,47.2905025,0 -1.3984683,47.2903847,0 -1.3987726,47.2902994,0 -1.3991267,47.2901913,0 -1.3993787,47.2901091,0 -1.3996876,47.2900011,0 -1.3999562,47.2899027,0 -1.4002225,47.2897963,0 -1.4005766,47.2896545,0 -1.4006079,47.2896404,0 -1.4008214,47.2895448,0 -1.4011066,47.2894110,0 -1.4013229,47.2893095,0 -1.4017602,47.2890822,0 -1.4021167,47.2888839,0 -1.4023948,47.2887227,0 -1.4028084,47.2884743,0 -1.4031792,47.2882455,0 -1.4035452,47.2880278,0 -1.4038398,47.2878424,0 -1.4040539,47.2877182,0 -1.4042487,47.2875973,0 -1.4045410,47.2874183,0 -1.4047740,47.2872765,0 -1.4051044,47.2870717,0 -1.4054917,47.2868380,0 -1.4057675,47.2866687,0 -1.4061644,47.2864285,0 -1.4065613,47.2861899,0 -1.4068490,47.2860060,0 -1.4071911,47.2858013,0 -1.4074764,47.2856239,0 -1.4078305,47.2854111,0 -1.4084176,47.2850532,0 -1.4088146,47.2848129,0 -1.4093446,47.2844888,0 -1.4098127,47.2842051,0 -1.4102977,47.2839117,0 -1.4107945,47.2836053,0 -1.4112911,47.2832925,0 -1.4117641,47.2830103,0 -1.4124130,47.2826104,0 -1.4127267,47.2824235,0 -1.4133043,47.2820703,0 -1.4139103,47.2817027,0 -1.4144000,47.2814012,0 -1.4152057,47.2809094,0 -1.4157856,47.2805579,0 -1.4163181,47.2802338,0 -1.4168504,47.2799113,0 -1.4174257,47.2795517,0 -1.4180722,47.2791567,0 -1.4184691,47.2789115,0 -1.4188208,47.2786988,0 -1.4193651,47.2783697,0 -1.4200639,47.2779489,0 -1.4206011,47.2776232,0 -1.4212642,47.2772120,0 -1.4218988,47.2768266,0 -1.4225334,47.2764444,0 -1.4228995,47.2762219,0 -1.4229745,47.2761757,0 -1.4235198,47.2758397,0 -1.4239571,47.2755623,0 -1.4252144,47.2748012,0 -1.4263125,47.2741351,0 -1.4272537,47.2735643,0 -1.4281189,47.2730370,0 -1.4287107,47.2726806,0 -1.4289863,47.2725129,0 -1.4295876,47.2721467,0 -1.4301296,47.2718129,0 -1.4307785,47.2714307,0 -1.4317625,47.2708324,0 -1.4325753,47.2703405,0 -1.4332480,47.2699292,0 -1.4336924,47.2696550,0 -1.4347952,47.2689841,0 -1.4351317,47.2687793,0 -1.4354893,47.2685616,0 -1.4360264,47.2682375,0 -1.4369938,47.2676423,0 -1.4375214,47.2673245,0 -1.4381774,47.2669262,0 -1.4388215,47.2665343,0 -1.4397913,47.2659407,0 -1.4402483,47.2656636,0 -1.4404378,47.2655488,0 -1.4412483,47.2650553,0 -1.4417854,47.2647214,0 -1.4424033,47.2643455,0 -1.4428194,47.2640956,0 -1.4434302,47.2637278,0 -1.4438840,47.2634520,0 -1.4444997,47.2630762,0 -1.4450321,47.2627552,0 -1.4454814,47.2624778,0 -1.4462419,47.2620116,0 -1.4462603,47.2620007,0 -1.4466744,47.2617535,0 -1.4473209,47.2613584,0 -1.4478082,47.2610567,0 -1.4482147,47.2608115,0 -1.4492889,47.2601550,0 -1.4500685,47.2596824,0 -1.4506509,47.2593242,0 -1.4512212,47.2589758,0 -1.4518155,47.2586113,0 -1.4523788,47.2582710,0 -1.4529302,47.2579370,0 -1.4533176,47.2577015,0 -1.4538144,47.2573950,0 -1.4542921,47.2571078,0 -1.4550598,47.2566384,0 -1.4556967,47.2562529,0 -1.4563337,47.2558722,0 -1.4568638,47.2555479,0 -1.4569625,47.2554875,0 -1.4575934,47.2551011,0 -1.4578930,47.2549172,0 -1.4581592,47.2547526,0 -1.4585299,47.2545300,0 -1.4595258,47.2539185,0 -1.4598894,47.2537008,0 -1.4603934,47.2533846,0 -1.4609162,47.2530732,0 -1.4613036,47.2528425,0 -1.4617979,47.2525424,0 -1.4625538,47.2520858,0 -1.4630553,47.2517777,0 -1.4641700,47.2511001,0 -1.4649568,47.2506209,0 -1.4654321,47.2503402,0 -1.4660787,47.2499401,0 -1.4663899,47.2497497,0 -1.4668440,47.2494690,0 -1.4672456,47.2492254,0 -1.4678207,47.2488737,0 -1.4679057,47.2488205,0 -1.4683032,47.2485720,0 -1.4687264,47.2483122,0 -1.4690662,47.2481089,0 -1.4693586,47.2479266,0 -1.4698815,47.2476104,0 -1.4704282,47.2472796,0 -1.4709087,47.2469916,0 -1.4716732,47.2465334,0 -1.4721691,47.2462363,0 -1.4722535,47.2461857,0 -1.4729631,47.2457508,0 -1.4733113,47.2455399,0 -1.4736582,47.2453289,0 -1.4740744,47.2450757,0 -1.4751472,47.2444248,0 -1.4756810,47.2441003,0 -1.4760834,47.2438546,0 -1.4767266,47.2434637,0 -1.4772091,47.2431700,0 -1.4779794,47.2427033,0 -1.4788484,47.2421748,0 -1.4791843,47.2419706,0 -1.4805009,47.2411708,0 -1.4805735,47.2411266,0 -1.4808195,47.2409771,0 -1.4812722,47.2407011,0 -1.4819324,47.2403001,0 -1.4823274,47.2400604,0 -1.4829031,47.2397113,0 -1.4834772,47.2393613,0 -1.4839193,47.2390920,0 -1.4842197,47.2389097,0 -1.4845254,47.2387246,0 -1.4847391,47.2385954,0 -1.4851666,47.2383358,0 -1.4856223,47.2380584,0 -1.4861413,47.2377432,0 -1.4865289,47.2375075,0 -1.4871362,47.2371389,0 -1.4874598,47.2369416,0 -1.4875296,47.2368991,0 -1.4878914,47.2366886,0 -1.4888722,47.2360831,0 -1.4892293,47.2358875,0 -1.4894016,47.2357996,0 -1.4895793,47.2357042,0 -1.4897042,47.2356333,0 -1.4898298,47.2355607,0 -1.4900037,47.2354556,0 -1.4900065,47.2354540,0 -1.4901379,47.2353751,0 -1.4903866,47.2352243,0 -1.4907710,47.2349919,0 -1.4911037,47.2347898,0 -1.4914343,47.2345870,0 -1.4920878,47.2341817,0 -1.4924593,47.2339538,0 -1.4930006,47.2336279,0 -1.4939158,47.2330812,0 -1.4942420,47.2328867,0 -1.4944018,47.2327910,0 -1.4945769,47.2326855,0 -1.4947507,47.2325824,0 -1.4949082,47.2324885,0 -1.4951982,47.2323151,0 -1.4954881,47.2321419,0 -1.4959035,47.2318906,0 -1.4963158,47.2316380,0 -1.4965596,47.2314875,0 -1.4968014,47.2313380,0 -1.4972907,47.2310418,0 -1.4974428,47.2309538,0 -1.4976116,47.2308575,0 -1.4978099,47.2307480,0 -1.4979573,47.2306694,0 -1.4981167,47.2305860,0 -1.4982906,47.2304969,0 -1.4984681,47.2304083,0 -1.4992514,47.2300215,0 -1.4993410,47.2299763,0 -1.4994298,47.2299324,0 -1.4995211,47.2298874,0 -1.4996124,47.2298424,0 -1.4998005,47.2297502,0 -1.4999120,47.2296944,0 -1.4999374,47.2296824,0 -1.5000388,47.2296325,0 -1.5001554,47.2295747,0 -1.5002540,47.2295262,0 -1.5004085,47.2294502,0 -1.5004092,47.2294499,0 -1.5007148,47.2292982,0 -1.5008141,47.2292472,0 -1.5008906,47.2292084,0 -1.5010149,47.2291431,0 -1.5011281,47.2290828,0 -1.5013545,47.2289551,0 -1.5014567,47.2288943,0 -1.5016591,47.2287705,0 -1.5016731,47.2287613,0 -1.5016734,47.2287611,0 -1.5016982,47.2287448,0 -1.5017947,47.2286817,0 -1.5018942,47.2286156,0 -1.5020283,47.2285202,0 -1.5022054,47.2283893,0 -1.5022858,47.2283256,0 -1.5023803,47.2282508,0 -1.5024826,47.2281662,0 -1.5026356,47.2280348,0 -1.5027859,47.2278990,0 -1.5029076,47.2277884,0 -1.5030318,47.2276736,0 -1.5032777,47.2274441,0 -1.5033434,47.2273828,0 -1.5034589,47.2272768,0 -1.5036400,47.2271108,0 -1.5038245,47.2269497,0 -1.5039115,47.2268757,0 -1.5040145,47.2267905,0 -1.5041277,47.2266984,0 -1.5042037,47.2266400,0 -1.5042775,47.2265839,0 -1.5043658,47.2265187,0 -1.5044874,47.2264316,0 -1.5046112,47.2263449,0 -1.5047353,47.2262610,0 -1.5048608,47.2261785,0 -1.5048623,47.2261775,0 -1.5048625,47.2261773,0 -1.5048955,47.2261556,0 -1.5050061,47.2260844,0 -1.5050958,47.2260263,0 -1.5052974,47.2258978,0 -1.5053450,47.2258677,0 -1.5053456,47.2258673,0 -1.5054441,47.2258043,0 -1.5054591,47.2257948,0 -1.5055433,47.2257412,0 -1.5057401,47.2256148,0 -1.5058265,47.2255607,0 -1.5061465,47.2253549,0 -1.5064706,47.2251482,0 -1.5069466,47.2248484,0 -1.5071278,47.2247379,0 -1.5073123,47.2246302,0 -1.5074965,47.2245244,0 -1.5077004,47.2244128,0 -1.5079622,47.2242769,0 -1.5081676,47.2241752,0 -1.5084229,47.2240540,0 -1.5086889,47.2239333,0 -1.5089625,47.2238152,0 -1.5093824,47.2236388,0 -1.5097239,47.2234968,0 -1.5100578,47.2233602,0 -1.5102262,47.2232933,0 -1.5104691,47.2232012,0 -1.5107122,47.2231156,0 -1.5108046,47.2230847,0 -1.5109023,47.2230539,0 -1.5110171,47.2230187,0 -1.5111368,47.2229832,0 -1.5112607,47.2229479,0 -1.5113851,47.2229146,0 -1.5116028,47.2228597,0 -1.5117763,47.2228199,0 -1.5119494,47.2227830,0 -1.5121981,47.2227366,0 -1.5123700,47.2227070,0 -1.5125212,47.2226824,0 -1.5126750,47.2226603,0 -1.5128314,47.2226398,0 -1.5130003,47.2226210,0 -1.5130297,47.2226178,0 -1.5132280,47.2225966,0 -1.5136204,47.2225612,0 -1.5136211,47.2225612,0 -1.5136266,47.2225606,0 -1.5139760,47.2225258,0 -1.5142961,47.2224930,0 -1.5144076,47.2224810,0 -1.5145708,47.2224625,0 -1.5149630,47.2224125,0 -1.5153683,47.2223471,0 -1.5160756,47.2222228,0 -1.5167920,47.2221219,0 -1.5174337,47.2220283,0 -1.5181942,47.2218830,0 -1.5187481,47.2217764,0 -1.5200577,47.2215198,0 -1.5212698,47.2212825,0 -1.5218807,47.2211663,0 -1.5223738,47.2210706,0 -1.5223741,47.2210705,0 -1.5225130,47.2210436,0 -1.5238499,47.2207918,0 -1.5239139,47.2207809,0 -1.5239823,47.2207673,0 -1.5239849,47.2207668,0 -1.5239850,47.2207668,0 -1.5251848,47.2205218,0 -1.5261458,47.2203235,0 -1.5264928,47.2202476,0 -1.5274491,47.2200614,0 -1.5280731,47.2199419,0 -1.5286451,47.2198325,0 -1.5286456,47.2198324,0 -1.5287100,47.2198201,0 -1.5289719,47.2197700,0 -1.5293482,47.2196981,0 -1.5296999,47.2196270,0 -1.5301425,47.2195427,0 -1.5306021,47.2194551,0 -1.5306022,47.2194551,0 -1.5310532,47.2193692,0 -1.5311105,47.2193583,0 -1.5319033,47.2192038,0 -1.5327794,47.2190232,0 -1.5333116,47.2189049,0 -1.5336057,47.2188437,0 -1.5339437,47.2187731,0 -1.5341539,47.2187120,0 -1.5344161,47.2186413,0 -1.5348801,47.2185408,0 -1.5350678,47.2184963,0 -1.5351722,47.2184715,0 -1.5352129,47.2184598,0 -1.5352130,47.2184598,0 -1.5355063,47.2183763,0 -1.5357245,47.2183125,0 -1.5360325,47.2182105,0 -1.5364447,47.2180638,0 -1.5367708,47.2179524,0 -1.5369828,47.2178926,0 -1.5373930,47.2177893,0 -1.5388614,47.2174985,0 -1.5402439,47.2172267,0 -1.5417554,47.2169377,0 -1.5421797,47.2168566,0 -1.5423631,47.2168213,0 -1.5427077,47.2167548,0 -1.5430999,47.2166792,0 -1.5431000,47.2166792,0 -1.5436664,47.2165700,0 -1.5438363,47.2165300,0 -1.5438364,47.2165300,0 -1.5440526,47.2164790,0 -1.5443503,47.2163886,0 -1.5444232,47.2163666,0 -1.5445775,47.2163148,0 -1.5446289,47.2162975,0 -1.5448251,47.2162233,0 -1.5450239,47.2161481,0 -1.5451835,47.2160762,0 -1.5455531,47.2159096,0 -1.5456503,47.2158742,0 -1.5464493,47.2155835,0 -1.5471816,47.2153157,0 -1.5476437,47.2151377,0 -1.5481247,47.2149207,0 -1.5489711,47.2145435,0 -1.5494952,47.2142955,0 -1.5499829,47.2140750,0 -1.5505195,47.2138541,0 -1.5510375,47.2136475,0 -1.5518837,47.2133084,0 -1.5526323,47.2130081,0 -1.5530638,47.2128259,0 -1.5532971,47.2127337,0 -1.5533736,47.2127000,0 -1.5534478,47.2126671,0 -1.5538808,47.2124920,0 -1.5548284,47.2121114,0 -1.5552727,47.2119521,0 -1.5557058,47.2117984,0 -1.5562039,47.2116443,0 -1.5566403,47.2115231,0 -1.5569107,47.2114483,0 -1.5573722,47.2113343,0 -1.5578023,47.2112363,0 -1.5581619,47.2111552,0 -1.5585102,47.2110918,0 -1.5590843,47.2110182,0 -1.5595380,47.2109786,0 -1.5600294,47.2109572,0 -1.5605392,47.2109510,0 -1.5609189,47.2109508,0 -1.5616357,47.2110183,0 -1.5624716,47.2111007,0 -1.5629197,47.2111388,0 -1.5633264,47.2111617,0 -1.5637197,47.2111693,0 -1.5643175,47.2111540,0 -1.5650862,47.2110777,0 -1.5656345,47.2109861,0 -1.5661739,47.2108762,0 -1.5669696,47.2106472,0 -1.5677291,47.2104365,0 -1.5689697,47.2101006,0 -1.5697249,47.2098899,0 -1.5702058,47.2097586,0 -1.5743268,47.2083531,0 -1.5744107,47.2083322,0 -1.5744812,47.2083062,0 -1.5766543,47.2074537,0 -1.5774880,47.2071070,0 -1.5780274,47.2068734,0 -1.5784623,47.2066466,0 -1.5788740,47.2064010,0 -1.5790173,47.2062923,0 -1.5791824,47.2061708,0 -1.5794740,47.2059453,0 -1.5796090,47.2058239,0 -1.5797842,47.2056521,0 -1.5799579,47.2054632,0 -1.5801213,47.2052810,0 -1.5802326,47.2051528,0 -1.5804197,47.2049387,0 -1.5806692,47.2046250,0 -1.5807888,47.2044794,0 -1.5812641,47.2039092,0 -1.5814824,47.2036590,0 -1.5816543,47.2034437,0 -1.5818415,47.2032272,0 -1.5820606,47.2029593,0 -1.5821870,47.2028069,0 -1.5824325,47.2025305,0 -1.5825312,47.2024017,0 -1.5827539,47.2021305,0 -1.5830427,47.2018144,0 -1.5833079,47.2015670,0 -1.5836540,47.2012555,0 -1.5837995,47.2011280,0 -1.5840288,47.2009448,0 -1.5843109,47.2007334,0 -1.5849649,47.2002752,0 -1.5854042,47.2000103,0 -1.5857492,47.1998095,0 -1.5860020,47.1996682,0 -1.5867254,47.1993179,0 -1.5873233,47.1990617,0 -1.5882298,47.1986887,0 -1.5894117,47.1982232,0 -1.5899698,47.1980033,0 -1.5901255,47.1979502,0 -1.5903352,47.1978799,0 -1.5906081,47.1978032,0 -1.5907839,47.1977587,0 -1.5909643,47.1977144,0 -1.5911408,47.1976774,0 -1.5913461,47.1976409,0 -1.5917195,47.1975762,0 -1.5920567,47.1975216,0 -1.5926129,47.1974328,0 -1.5927982,47.1974008,0 -1.5928106,47.1973987,0 -1.5931000,47.1973488,0 -1.5934138,47.1972922,0 -1.5937514,47.1972292,0 -1.5940413,47.1971759,0 -1.5942718,47.1971356,0 -1.5944407,47.1971049,0 -1.5946521,47.1970710,0 -1.5948851,47.1970322,0 -1.5953414,47.1969596,0 -1.5956409,47.1969111,0 -1.5959998,47.1968530,0 -1.5962968,47.1968093,0 -1.5967343,47.1967416,0 -1.5970908,47.1966947,0 -1.5973332,47.1966640,0 -1.5975994,47.1966366,0 -1.5978679,47.1966139,0 -1.5980581,47.1966010,0 -1.5982506,47.1965881,0 -1.5985025,47.1965800,0 -1.5989233,47.1965639,0 -1.5994105,47.1965526,0 -1.5997576,47.1965445,0 -1.6001259,47.1965332,0 -1.6003113,47.1965251,0 -1.6005727,47.1965138,0 -1.6008366,47.1964993,0 -1.6012168,47.1964750,0 -1.6014997,47.1964557,0 -1.6017706,47.1964331,0 -1.6020559,47.1964072,0 -1.6022247,47.1963910,0 -1.6025597,47.1963588,0 -1.6030613,47.1962991,0 -1.6033369,47.1962635,0 -1.6036910,47.1962183,0 -1.6040477,47.1961633,0 -1.6044612,47.1961003,0 -1.6049080,47.1960310,0 -1.6052600,47.1959730,0 -1.6058801,47.1958711,0 -1.6070781,47.1956804,0 -1.6073728,47.1956368,0 -1.6083505,47.1954788,0 -1.6090069,47.1953748,0 -1.6096950,47.1952656,0 -1.6099814,47.1952238,0 -1.6103990,47.1951612,0 -1.6104370,47.1951555,0 -1.6109653,47.1950796,0 -1.6109654,47.1950796,0 -1.6109832,47.1950770,0 -1.6110579,47.1950698,0 -1.6110580,47.1950698,0 -1.6115477,47.1950232,0 -1.6120972,47.1949780,0 -1.6124918,47.1949628,0 -1.6131381,47.1949596,0 -1.6136975,47.1949857,0 -1.6141731,47.1950079,0 -1.6151157,47.1951029,0 -1.6158403,47.1952074,0 -1.6165302,47.1953299,0 -1.6176013,47.1955429,0 -1.6183236,47.1956915,0 -1.6186313,47.1957543,0 -1.6191225,47.1958546,0 -1.6202089,47.1960711,0 -1.6215375,47.1963310,0 -1.6233863,47.1967024,0 -1.6252449,47.1970852,0 -1.6267923,47.1974017,0 -1.6270671,47.1974569,0 -1.6279356,47.1976311,0 -1.6289267,47.1978313,0 -1.6301270,47.1980752,0 -1.6314769,47.1983481,0 -1.6326534,47.1985855,0 -1.6337277,47.1988068,0 -1.6352514,47.1991152,0 -1.6361426,47.1992961,0 -1.6369444,47.1994589,0 -1.6374782,47.1995674,0 -1.6391348,47.1999097,0 -1.6406418,47.2002230,0 -1.6412433,47.2003425,0 -1.6430044,47.2007011,0 -1.6447229,47.2010450,0 -1.6463961,47.2013841,0 -1.6465929,47.2014241,0 -1.6475179,47.2016118,0 -1.6494408,47.2020042,0 -1.6510618,47.2023272,0 -1.6523014,47.2025821,0 -1.6527968,47.2026840,0 -1.6543466,47.2029957,0 -1.6557298,47.2032719,0 -1.6568253,47.2034946,0 -1.6582918,47.2037966,0 -1.6595893,47.2040614,0 -1.6613111,47.2044212,0 -1.6617818,47.2045401,0 -1.6622625,47.2046784,0 -1.6626807,47.2047979,0 -1.6629215,47.2048814,0 -1.6635420,47.2051132,0 -1.6635683,47.2051231,0 -1.6638097,47.2052145,0 -1.6640788,47.2053267,0 -1.6644456,47.2054956,0 -1.6649784,47.2057594,0 -1.6653695,47.2059816,0 -1.6660468,47.2063579,0 -1.6671801,47.2070067,0 -1.6677314,47.2073263,0 -1.6682476,47.2076253,0 -1.6692788,47.2081966,0 -1.6698988,47.2085726,0 -1.6707075,47.2090364,0 -1.6714859,47.2094762,0 -1.6720414,47.2097581,0 -1.6726066,47.2100237,0 -1.6730078,47.2101909,0 -1.6736657,47.2104386,0 -1.6740570,47.2105715,0 -1.6746273,47.2107530,0 -1.6750239,47.2108553,0 -1.6754722,47.2109654,0 -1.6759853,47.2110740,0 -1.6768126,47.2112182,0 -1.6773901,47.2112960,0 -1.6781407,47.2113769,0 -1.6788762,47.2114352,0 -1.6803049,47.2115449,0 -1.6814813,47.2116322,0 -1.6822774,47.2116951,0 -1.6840458,47.2118323,0 -1.6840618,47.2118336,0 -1.6852722,47.2119244,0 -1.6854081,47.2119350,0 -1.6862201,47.2119986,0 -1.6864554,47.2120170,0 -1.6866128,47.2120293,0 -1.6880211,47.2121327,0 -1.6887650,47.2121668,0 -1.6895513,47.2121733,0 -1.6901463,47.2121667,0 -1.6908336,47.2121555,0 -1.6917014,47.2121377,0 -1.6925901,47.2121183,0 -1.6936407,47.2120973,0 -1.6947411,47.2120763,0 -1.6957106,47.2120569,0 -1.6966177,47.2120440,0 -1.6971384,47.2120472,0 -1.6976211,47.2120698,0 -1.6984792,47.2121261,0 -1.6989551,47.2121792,0 -1.6996233,47.2122597,0 -1.7000861,47.2123399,0 -1.7009135,47.2125137,0 -1.7013749,47.2126263,0 -1.7018720,47.2127630,0 -1.7024426,47.2129447,0 -1.7029755,47.2131361,0 -1.7034322,47.2133146,0 -1.7038842,47.2135159,0 -1.7041478,47.2136332,0 -1.7045308,47.2138244,0 -1.7051778,47.2141817,0 -1.7056879,47.2144928,0 -1.7062564,47.2148418,0 -1.7065937,47.2150370,0 -1.7071495,47.2153872,0 -1.7075350,47.2156167,0 -1.7081147,47.2159636,0 -1.7087654,47.2163637,0 -1.7092434,47.2166657,0 -1.7100434,47.2171463,0 -1.7101066,47.2171842,0 -1.7106365,47.2175021,0 -1.7111502,47.2178171,0 -1.7117138,47.2181418,0 -1.7120847,47.2183614,0 -1.7126774,47.2186993,0 -1.7131191,47.2189361,0 -1.7137177,47.2192114,0 -1.7140857,47.2193721,0 -1.7149396,47.2196864,0 -1.7153499,47.2198160,0 -1.7161662,47.2200682,0 -1.7168850,47.2202670,0 -1.7176981,47.2204899,0 -1.7181499,47.2206110,0 -1.7191576,47.2208805,0 -1.7205477,47.2212533,0 -1.7208400,47.2213354,0 -1.7211230,47.2214148,0 -1.7227802,47.2218508,0 -1.7238304,47.2221218,0 -1.7250518,47.2224608,0 -1.7262384,47.2227774,0 -1.7265488,47.2228578,0 -1.7271903,47.2230507,0 -1.7275904,47.2231911,0 -1.7279602,47.2233210,0 -1.7285193,47.2235479,0 -1.7288744,47.2237006,0 -1.7292409,47.2238741,0 -1.7297359,47.2241314,0 -1.7301268,47.2243550,0 -1.7305793,47.2246270,0 -1.7309700,47.2248890,0 -1.7312918,47.2251189,0 -1.7316048,47.2253636,0 -1.7317819,47.2255048,0 -1.7321821,47.2258649,0 -1.7324310,47.2261129,0 -1.7325969,47.2262754,0 -1.7327314,47.2264211,0 -1.7330135,47.2267496,0 -1.7332835,47.2270858,0 -1.7335794,47.2274973,0 -1.7337639,47.2278074,0 -1.7339370,47.2281182,0 -1.7340793,47.2283950,0 -1.7341476,47.2285391,0 -1.7342351,47.2287560,0 -1.7343133,47.2289697,0 -1.7344389,47.2293643,0 -1.7345053,47.2295978,0 -1.7345574,47.2297969,0 -1.7345903,47.2299637,0 -1.7346331,47.2302275,0 -1.7346852,47.2306449,0 -1.7347113,47.2309039,0 -1.7347374,47.2313845,0 -1.7347803,47.2320736,0 -1.7347910,47.2322509,0 -1.7349118,47.2334349,0 -1.7349217,47.2335990,0 -1.7349229,47.2336243,0 -1.7349479,47.2341720,0 -1.7349693,47.2345382,0 -1.7349875,47.2348154,0 -1.7349875,47.2348155,0 -1.7349911,47.2348694,0 -1.7350169,47.2352612,0 -1.7350478,47.2358342,0 -1.7350619,47.2360730,0 -1.7350953,47.2366378,0 -1.7351214,47.2370236,0 -1.7351499,47.2373107,0 -1.7351689,47.2374980,0 -1.7351975,47.2376933,0 -1.7352403,47.2379320,0 -1.7353163,47.2382774,0 -1.7353876,47.2385550,0 -1.7354756,47.2388406,0 -1.7355730,47.2390956,0 -1.7357180,47.2394425,0 -1.7357629,47.2395332,0 -1.7358155,47.2396393,0 -1.7359604,47.2399250,0 -1.7361790,47.2402768,0 -1.7363003,47.2404688,0 -1.7364453,47.2406737,0 -1.7366046,47.2408900,0 -1.7368351,47.2411675,0 -1.7371393,47.2415176,0 -1.7373699,47.2417581,0 -1.7376503,47.2420179,0 -1.7380758,47.2423826,0 -1.7386010,47.2428134,0 -1.7389504,47.2430748,0 -1.7397371,47.2436670,0 -1.7408803,47.2445432,0 -1.7415007,47.2450110,0 -1.7424633,47.2457387,0 -1.7434615,47.2464890,0 -1.7439749,47.2468779,0 -1.7447594,47.2474635,0 -1.7455722,47.2480704,0 -1.7456886,47.2481573,0 -1.7463280,47.2486349,0 -1.7471766,47.2492754,0 -1.7479228,47.2498353,0 -1.7484480,47.2502273,0 -1.7491469,47.2507549,0 -1.7498029,47.2512518,0 -1.7504136,47.2517035,0 -1.7512669,47.2523488,0 -1.7521844,47.2530409,0 -1.7526717,47.2534072,0 -1.7534801,47.2540144,0 -1.7534964,47.2540267,0 -1.7544185,47.2547139,0 -1.7553598,47.2554237,0 -1.7557924,47.2557479,0 -1.7565292,47.2563061,0 -1.7570924,47.2567271,0 -1.7579743,47.2573869,0 -1.7587967,47.2580112,0 -1.7592815,47.2583709,0 -1.7598472,47.2588000,0 -1.7603226,47.2591549,0 -1.7608977,47.2595856,0 -1.7613326,47.2599152,0 -1.7614468,47.2600018,0 -1.7621598,47.2605324,0 -1.7627540,47.2609825,0 -1.7634622,47.2615181,0 -1.7641635,47.2620439,0 -1.7645460,47.2623358,0 -1.7652710,47.2628778,0 -1.7657891,47.2632697,0 -1.7664333,47.2637520,0 -1.7668872,47.2640940,0 -1.7676811,47.2646891,0 -1.7684583,47.2652601,0 -1.7691547,47.2657359,0 -1.7697917,47.2661633,0 -1.7702123,47.2664197,0 -1.7705760,47.2666343,0 -1.7710561,47.2669052,0 -1.7722565,47.2675407,0 -1.7726048,47.2677278,0 -1.7731810,47.2680374,0 -1.7736421,47.2682761,0 -1.7743551,47.2686536,0 -1.7750420,47.2690180,0 -1.7762851,47.2696761,0 -1.7774070,47.2702711,0 -1.7785573,47.2708856,0 -1.7794676,47.2713662,0 -1.7799907,47.2716536,0 -1.7803304,47.2718403,0 -1.7816686,47.2725548,0 -1.7818696,47.2726604,0 -1.7827762,47.2731370,0 -1.7840929,47.2738320,0 -1.7851505,47.2743787,0 -1.7864411,47.2750624,0 -1.7874822,47.2756139,0 -1.7883972,47.2761009,0 -1.7896973,47.2767895,0 -1.7903723,47.2771442,0 -1.7911401,47.2775506,0 -1.7919006,47.2779570,0 -1.7928418,47.2784552,0 -1.7933956,47.2787487,0 -1.7937568,47.2789376,0 -1.7940183,47.2790744,0 -1.7945602,47.2793582,0 -1.7952305,47.2796952,0 -1.7958318,47.2799774,0 -1.7964807,47.2802612,0 -1.7970345,47.2804869,0 -1.7976928,47.2807466,0 -1.7984368,47.2810191,0 -1.7991950,47.2812738,0 -1.7997464,47.2814415,0 -1.8005141,47.2816769,0 -1.8013602,47.2819429,0 -1.8027431,47.2823794,0 -1.8028624,47.2824170,0 -1.8034661,47.2825927,0 -1.8047543,47.2829943,0 -1.8055148,47.2832312,0 -1.8063895,47.2835038,0 -1.8072285,47.2837649,0 -1.8080818,47.2840278,0 -1.8087496,47.2842357,0 -1.8091989,47.2843727,0 -1.8095102,47.2844727,0 -1.8097930,47.2845582,0 -1.8102923,47.2847113,0 -1.8109839,47.2849258,0 -1.8122269,47.2853128,0 -1.8135009,47.2857094,0 -1.8148343,47.2861270,0 -1.8158610,47.2864510,0 -1.8170804,47.2868380,0 -1.8174574,47.2869538,0 -1.8178100,47.2870621,0 -1.8186300,47.2873200,0 -1.8195617,47.2876118,0 -1.8209426,47.2880471,0 -1.8225992,47.2885614,0 -1.8227536,47.2886096,0 -1.8240064,47.2889999,0 -1.8255869,47.2894819,0 -1.8267468,47.2898415,0 -1.8287284,47.2904574,0 -1.8288217,47.2904864,0 -1.8298627,47.2908103,0 -1.8309204,47.2911521,0 -1.8316572,47.2914085,0 -1.8325604,47.2917503,0 -1.8335373,47.2921597,0 -1.8345569,47.2926321,0 -1.8355789,47.2931592,0 -1.8362754,47.2935542,0 -1.8373331,47.2941974,0 -1.8378249,47.2945036,0 -1.8383027,47.2948390,0 -1.8388708,47.2952516,0 -1.8392558,47.2955757,0 -1.8398761,47.2960850,0 -1.8402137,47.2963736,0 -1.8406011,47.2967282,0 -1.8413070,47.2973826,0 -1.8419463,47.2979758,0 -1.8424041,47.2983972,0 -1.8425381,47.2985206,0 -1.8430730,47.2990203,0 -1.8434771,47.2993911,0 -1.8438114,47.2997049,0 -1.8439407,47.2998260,0 -1.8445846,47.3004258,0 -1.8448671,47.3006853,0 -1.8448672,47.3006853,0 -1.8449519,47.3007632,0 -1.8453024,47.3010851,0 -1.8458804,47.3016219,0 -1.8459584,47.3016944,0 -1.8465835,47.3022730,0 -1.8477956,47.3033980,0 -1.8486775,47.3042087,0 -1.8495284,47.3049968,0 -1.8502604,47.3056737,0 -1.8507545,47.3061363,0 -1.8507784,47.3061588,0 -1.8514345,47.3067696,0 -1.8520762,47.3073594,0 -1.8528772,47.3081024,0 -1.8535285,47.3087164,0 -1.8541251,47.3092885,0 -1.8546099,47.3097285,0 -1.8556747,47.3107018,0 -1.8561548,47.3111058,0 -1.8563164,47.3112418,0 -1.8568298,47.3116333,0 -1.8574526,47.3120991,0 -1.8581799,47.3126018,0 -1.8587788,47.3129966,0 -1.8594372,47.3133946,0 -1.8599814,47.3137056,0 -1.8606018,47.3140360,0 -1.8613814,47.3144260,0 -1.8622584,47.3148256,0 -1.8629239,47.3151157,0 -1.8636845,47.3154186,0 -1.8639903,47.3155337,0 -1.8644332,47.3157006,0 -1.8650987,47.3159294,0 -1.8664155,47.3163484,0 -1.8670786,47.3165595,0 -1.8686044,47.3170235,0 -1.8703277,47.3175504,0 -1.8707377,47.3176758,0 -1.8709598,47.3177437,0 -1.8725143,47.3182271,0 -1.8741733,47.3187411,0 -1.8757443,47.3192261,0 -1.8769208,47.3195903,0 -1.8782210,47.3199947,0 -1.8795996,47.3204152,0 -1.8801363,47.3205825,0 -1.8808093,47.3207922,0 -1.8822307,47.3212257,0 -1.8828058,47.3214125,0 -1.8837375,47.3216977,0 -1.8844410,47.3219185,0 -1.8852253,47.3221602,0 -1.8870437,47.3227224,0 -1.8889022,47.3232944,0 -1.8906160,47.3238260,0 -1.8921371,47.3242949,0 -1.8928236,47.3245040,0 -1.8931687,47.3246090,0 -1.8943927,47.3249893,0 -1.8959803,47.3254758,0 -1.8976537,47.3259962,0 -1.8993411,47.3265150,0 -1.9011974,47.3270869,0 -1.9031749,47.3277104,0 -1.9037501,47.3279004,0 -1.9044845,47.3281711,0 -1.9049860,47.3283740,0 -1.9053687,47.3285496,0 -1.9057751,47.3287429,0 -1.9062061,47.3289759,0 -1.9064787,47.3291231,0 -1.9071299,47.3295243,0 -1.9075387,47.3298078,0 -1.9078501,47.3300382,0 -1.9082708,47.3303717,0 -1.9085465,47.3306100,0 -1.9089623,47.3310321,0 -1.9092024,47.3312834,0 -1.9095970,47.3317473,0 -1.9100153,47.3322161,0 -1.9103837,47.3326542,0 -1.9108519,47.3331923,0 -1.9112584,47.3336562,0 -1.9120119,47.3345276,0 -1.9127962,47.3354361,0 -1.9133832,47.3361223,0 -1.9137635,47.3365588,0 -1.9144956,47.3374012,0 -1.9149258,47.3379038,0 -1.9154701,47.3385319,0 -1.9158052,47.3389168,0 -1.9162662,47.3394468,0 -1.9167416,47.3399960,0 -1.9172456,47.3405742,0 -1.9176306,47.3410268,0 -1.9182961,47.3417918,0 -1.9183863,47.3418976,0 -1.9187524,47.3423265,0 -1.9192776,47.3429224,0 -1.9197150,47.3433846,0 -1.9201476,47.3438259,0 -1.9206562,47.3442994,0 -1.9212029,47.3447761,0 -1.9220419,47.3454574,0 -1.9228357,47.3460355,0 -1.9238624,47.3467086,0 -1.9242665,47.3469712,0 -1.9250367,47.3474060,0 -1.9255785,47.3477023,0 -1.9265815,47.3482112,0 -1.9272090,47.3484962,0 -1.9276512,47.3486833,0 -1.9282857,47.3489519,0 -1.9289844,47.3492386,0 -1.9302370,47.3497652,0 -1.9316156,47.3503448,0 -1.9322383,47.3506090,0 -1.9339354,47.3512933,0 -1.9352364,47.3518357,0 -1.9352949,47.3518601,0 -1.9363501,47.3523094,0 -1.9371369,47.3526476,0 -1.9385891,47.3532546,0 -1.9397846,47.3537570,0 -1.9400096,47.3538507,0 -1.9406237,47.3541064,0 -1.9409468,47.3542415,0 -1.9414913,47.3544650,0 -1.9421020,47.3547150,0 -1.9443691,47.3556536,0 -1.9459084,47.3562717,0 -1.9479123,47.3570692,0 -1.9503438,47.3580385,0 -1.9514066,47.3584759,0 -1.9526326,47.3589804,0 -1.9534479,47.3593072,0 -1.9539534,47.3594979,0 -1.9539535,47.3594979,0 -1.9541976,47.3595899,0 -1.9542102,47.3595947,0 -1.9543959,47.3596647,0 -1.9545767,47.3597308,0 -1.9551522,47.3599201,0 -1.9554960,47.3600281,0 -1.9557821,47.3601096,0 -1.9557822,47.3601096,0 -1.9557840,47.3601101,0 -1.9560925,47.3601966,0 -1.9564293,47.3602804,0 -1.9568325,47.3603691,0 -1.9570449,47.3604096,0 -1.9572635,47.3604450,0 -1.9575999,47.3604909,0 -1.9579504,47.3605280,0 -1.9584832,47.3605704,0 -1.9587397,47.3605849,0 -1.9590057,47.3605987,0 -1.9593334,47.3606116,0 -1.9595514,47.3606170,0 -1.9595515,47.3606170,0 -1.9595916,47.3606180,0 -1.9598382,47.3606203,0 -1.9602121,47.3606207,0 -1.9605500,47.3606139,0 -1.9608557,47.3606044,0 -1.9611924,47.3605862,0 -1.9615312,47.3605640,0 -1.9619167,47.3605294,0 -1.9623229,47.3604850,0 -1.9627492,47.3604301,0 -1.9635406,47.3603061,0 -1.9637705,47.3602640,0 -1.9642086,47.3601837,0 -1.9647458,47.3600919,0 -1.9655468,47.3599471,0 -1.9665783,47.3597587,0 -1.9675979,47.3595752,0 -1.9692925,47.3592677,0 -1.9706711,47.3590197,0 -1.9720354,47.3587814,0 -1.9730668,47.3585898,0 -1.9746474,47.3583097,0 -1.9756702,47.3581269,0 -1.9764229,47.3579925,0 -1.9777753,47.3577413,0 -1.9789518,47.3575336,0 -1.9799644,47.3573484,0 -1.9811289,47.3571455,0 -1.9823602,47.3569266,0 -1.9838171,47.3566561,0 -1.9854975,47.3563566,0 -1.9868072,47.3561248,0 -1.9883354,47.3558526,0 -1.9893645,47.3556707,0 -1.9911614,47.3553486,0 -1.9924948,47.3551039,0 -1.9935715,47.3549172,0 -1.9948858,47.3546788,0 -1.9956915,47.3545130,0 -1.9964568,47.3543262,0 -1.9971628,47.3541410,0 -1.9975299,47.3540316,0 -1.9976381,47.3539994,0 -1.9982253,47.3538222,0 -1.9988360,47.3536064,0 -1.9993518,47.3534148,0 -1.9999483,47.3531765,0 -2.0005402,47.3529124,0 -2.0009942,47.3526886,0 -2.0014007,47.3524905,0 -2.0018949,47.3522313,0 -2.0023394,47.3519834,0 -2.0033591,47.3513617,0 -2.0037632,47.3510832,0 -2.0041244,47.3508240,0 -2.0046806,47.3504004,0 -2.0049274,47.3501927,0 -2.0051227,47.3500284,0 -2.0054982,47.3496919,0 -2.0059403,47.3492635,0 -2.0064703,47.3487096,0 -2.0067555,47.3483746,0 -2.0070621,47.3480026,0 -2.0072618,47.3477289,0 -2.0075850,47.3472892,0 -2.0077894,47.3469735,0 -2.0081293,47.3464324,0 -2.0084264,47.3459461,0 -2.0088281,47.3452955,0 -2.0092084,47.3446867,0 -2.0093445,47.3444623,0 -2.0095388,47.3441424,0 -2.0097907,47.3437349,0 -2.0100450,47.3433227,0 -2.0103230,47.3428781,0 -2.0106249,47.3423804,0 -2.0108531,47.3420020,0 -2.0111573,47.3415221,0 -2.0115115,47.3409438,0 -2.0119726,47.3401997,0 -2.0122887,47.3396972,0 -2.0127497,47.3389499,0 -2.0130802,47.3383894,0 -2.0135805,47.3375724,0 -2.0136079,47.3375277,0 -2.0139049,47.3370589,0 -2.0142852,47.3365000,0 -2.0147843,47.3358396,0 -2.0152074,47.3353226,0 -2.0155711,47.3349037,0 -2.0160440,47.3344028,0 -2.0165051,47.3339453,0 -2.0168664,47.3336103,0 -2.0173346,47.3331931,0 -2.0179122,47.3327067,0 -2.0185729,47.3321928,0 -2.0193953,47.3316113,0 -2.0202106,47.3310828,0 -2.0207477,47.3307590,0 -2.0212920,47.3304465,0 -2.0218291,47.3301614,0 -2.0224519,47.3298248,0 -2.0231506,47.3294510,0 -2.0240206,47.3289950,0 -2.0248976,47.3285295,0 -2.0251557,47.3283974,0 -2.0253730,47.3282862,0 -2.0260075,47.3279415,0 -2.0268371,47.3275081,0 -2.0275715,47.3271215,0 -2.0284485,47.3266591,0 -2.0293327,47.3261903,0 -2.0300243,47.3258198,0 -2.0306471,47.3254863,0 -2.0315431,47.3250175,0 -2.0330200,47.3242421,0 -2.0335309,47.3239683,0 -2.0336729,47.3239365,0 -2.0338211,47.3238584,0 -2.0338226,47.3238576,0 -2.0345933,47.3234499,0 -2.0346436,47.3234233,0 -2.0354638,47.3229899,0 -2.0361465,47.3226352,0 -2.0363061,47.3225543,0 -2.0364940,47.3224612,0 -2.0366563,47.3223841,0 -2.0369071,47.3222734,0 -2.0370232,47.3222222,0 -2.0372186,47.3221359,0 -2.0374336,47.3220411,0 -2.0376133,47.3219617,0 -2.0376141,47.3219614,0 -2.0377227,47.3219135,0 -2.0377892,47.3218890,0 -2.0379287,47.3218377,0 -2.0380820,47.3217812,0 -2.0383022,47.3217003,0 -2.0384803,47.3216348,0 -2.0386291,47.3215800,0 -2.0388423,47.3215016,0 -2.0391246,47.3214142,0 -2.0393855,47.3213358,0 -2.0396990,47.3212416,0 -2.0400844,47.3211258,0 -2.0403697,47.3210579,0 -2.0407530,47.3209668,0 -2.0410056,47.3209066,0 -2.0413268,47.3208303,0 -2.0416574,47.3207712,0 -2.0420094,47.3207084,0 -2.0424269,47.3206340,0 -2.0425976,47.3206034,0 -2.0426946,47.3205890,0 -2.0430745,47.3205363,0 -2.0435510,47.3204759,0 -2.0440283,47.3204187,0 -2.0448360,47.3203229,0 -2.0455253,47.3202410,0 -2.0462189,47.3201587,0 -2.0469777,47.3200686,0 -2.0475143,47.3200048,0 -2.0482695,47.3199152,0 -2.0487298,47.3198605,0 -2.0494550,47.3197744,0 -2.0505343,47.3196462,0 -2.0511925,47.3195680,0 -2.0521718,47.3194517,0 -2.0526606,47.3193933,0 -2.0539653,47.3192271,0 -2.0562240,47.3189011,0 -2.0588569,47.3185066,0 -2.0646129,47.3176439,0 -2.0681108,47.3171196,0 -2.0691799,47.3169586,0 -2.0695450,47.3168986,0 -2.0697709,47.3168570,0 -2.0699640,47.3168178,0 -2.0701968,47.3167608,0 -2.0705289,47.3166774,0 -2.0707033,47.3166217,0 -2.0709653,47.3165379,0 -2.0712824,47.3164179,0 -2.0714943,47.3163343,0 -2.0717148,47.3162312,0 -2.0719557,47.3161163,0 -2.0722376,47.3159576,0 -2.0724938,47.3158059,0 -2.0727110,47.3156605,0 -2.0730871,47.3153888,0 -2.0734357,47.3151277,0 -2.0738059,47.3148501,0 -2.0742296,47.3145323,0 -2.0746522,47.3142153,0 -2.0751054,47.3138755,0 -2.0757446,47.3133961,0 -2.0760688,47.3131529,0 -2.0763379,47.3129536,0 -2.0766336,47.3127456,0 -2.0768532,47.3126030,0 -2.0771168,47.3124528,0 -2.0772323,47.3123870,0 -2.0776149,47.3122000,0 -2.0778156,47.3121108,0 -2.0780505,47.3120182,0 -2.0782099,47.3119553,0 -2.0783568,47.3119077,0 -2.0787222,47.3117908,0 -2.0790018,47.3117206,0 -2.0792447,47.3116595,0 -2.0795421,47.3116041,0 -2.0797033,47.3115739,0 -2.0801441,47.3115140,0 -2.0803298,47.3114908,0 -2.0805698,47.3114751,0 -2.0808540,47.3114565,0 -2.0813903,47.3114511,0 -2.0814413,47.3114508,0 -2.0816835,47.3114633,0 -2.0819768,47.3114785,0 -2.0825465,47.3115406,0 -2.0830538,47.3116280,0 -2.0834209,47.3117126,0 -2.0836128,47.3117578,0 -2.0841011,47.3119060,0 -2.0844996,47.3120547,0 -2.0848556,47.3122087,0 -2.0851187,47.3123313,0 -2.0854374,47.3125030,0 -2.0857451,47.3126802,0 -2.0861361,47.3129188,0 -2.0865312,47.3131600,0 -2.0869330,47.3134050,0 -2.0873335,47.3136493,0 -2.0877468,47.3139033,0 -2.0879577,47.3140303,0 -2.0881672,47.3141570,0 -2.0886983,47.3144805,0 -2.0894153,47.3149186,0 -2.0896754,47.3150776,0 -2.0900446,47.3153026,0 -2.0909565,47.3158584,0 -2.0915606,47.3162270,0 -2.0920712,47.3165378,0 -2.0920732,47.3165390,0 -2.0922945,47.3166737,0 -2.0928286,47.3170004,0 -2.0933665,47.3173284,0 -2.0941650,47.3178160,0 -2.0945999,47.3180808,0 -2.0947902,47.3181972,0 -2.0950319,47.3183440,0 -2.0953828,47.3185575,0 -2.0955632,47.3186685,0 -2.0957377,47.3187743,0 -2.0962010,47.3190566,0 -2.0964546,47.3192113,0 -2.0966649,47.3193389,0 -2.0971872,47.3196585,0 -2.0974066,47.3197909,0 -2.0975603,47.3198855,0 -2.0977129,47.3199780,0 -2.0982671,47.3203162,0 -2.0988285,47.3206587,0 -2.0993166,47.3209549,0 -2.0994606,47.3210445,0 -2.0997449,47.3212181,0 -2.1005556,47.3217020,0 -2.1009436,47.3219176,0 -2.1011692,47.3220363,0 -2.1014259,47.3221640,0 -2.1017115,47.3223009,0 -2.1019848,47.3224224,0 -2.1022582,47.3225393,0 -2.1024676,47.3226243,0 -2.1026830,47.3227073,0 -2.1029062,47.3227892,0 -2.1031267,47.3228670,0 -2.1033341,47.3229369,0 -2.1036262,47.3230301,0 -2.1039138,47.3231164,0 -2.1040362,47.3231527,0 -2.1041609,47.3231873,0 -2.1043635,47.3232413,0 -2.1045617,47.3232924,0 -2.1049574,47.3233864,0 -2.1051618,47.3234313,0 -2.1053640,47.3234739,0 -2.1057009,47.3235387,0 -2.1060427,47.3235989,0 -2.1063929,47.3236527,0 -2.1074612,47.3237404,0 -2.1077088,47.3237601,0 -2.1079022,47.3237727,0 -2.1082370,47.3237912,0 -2.1084475,47.3238004,0 -2.1086619,47.3238056,0 -2.1088176,47.3238092,0 -2.1089802,47.3238124,0 -2.1093055,47.3238132,0 -2.1095993,47.3238123,0 -2.1103936,47.3238075,0 -2.1111841,47.3237996,0 -2.1119233,47.3237935,0 -2.1126610,47.3237864,0 -2.1138078,47.3237756,0 -2.1142818,47.3237717,0 -2.1149394,47.3237655,0 -2.1156701,47.3237583,0 -2.1163950,47.3237520,0 -2.1177787,47.3237392,0 -2.1192197,47.3237260,0 -2.1199665,47.3237188,0 -2.1207084,47.3237125,0 -2.1221718,47.3236997,0 -2.1230266,47.3236912,0 -2.1232731,47.3236891,0 -2.1236435,47.3236855,0 -2.1242609,47.3236798,0 -2.1244499,47.3236780,0 -2.1251225,47.3236718,0 -2.1259857,47.3236637,0 -2.1264068,47.3236600,0 -2.1268247,47.3236560,0 -2.1276605,47.3236486,0 -2.1276609,47.3236486,0 -2.1276915,47.3236482,0 -2.1285172,47.3236403,0 -2.1288835,47.3236367,0 -2.1294195,47.3236324,0 -2.1303499,47.3236235,0 -2.1307050,47.3236210,0 -2.1314649,47.3236139,0 -2.1319833,47.3236089,0 -2.1324973,47.3236045,0 -2.1332075,47.3235974,0 -2.1343846,47.3235860,0 -2.1354671,47.3235767,0 -2.1361007,47.3235705,0 -2.1367329,47.3235630,0 -2.1372177,47.3235591,0 -2.1377026,47.3235546,0 -2.1377996,47.3235535,0 -2.1388273,47.3235437,0 -2.1394391,47.3235381,0 -2.1400532,47.3235320,0 -2.1411454,47.3235217,0 -2.1425108,47.3235095,0 -2.1438540,47.3234965,0 -2.1443491,47.3234918,0 -2.1448781,47.3234869,0 -2.1465965,47.3234708,0 -2.1480345,47.3234579,0 -2.1488047,47.3234514,0 -2.1499285,47.3234412,0 -2.1504026,47.3234315,0 -2.1508747,47.3234146,0 -2.1510105,47.3234076,0 -2.1512959,47.3233909,0 -2.1515625,47.3233709,0 -2.1518302,47.3233565,0 -2.1524338,47.3232855,0 -2.1529354,47.3232002,0 -2.1535201,47.3230922,0 -2.1539883,47.3229875,0 -2.1543118,47.3229107,0 -2.1544090,47.3228876,0 -2.1551292,47.3227007,0 -2.1561299,47.3224235,0 -2.1571305,47.3221352,0 -2.1577504,47.3219671,0 -2.1579504,47.3219129,0 -2.1586943,47.3217034,0 -2.1599232,47.3213553,0 -2.1611448,47.3210089,0 -2.1619600,47.3207754,0 -2.1628752,47.3205192,0 -2.1632574,47.3204154,0 -2.1635335,47.3203403,0 -2.1641130,47.3201705,0 -2.1642869,47.3201195,0 -2.1647079,47.3199983,0 -2.1647080,47.3199983,0 -2.1647444,47.3199878,0 -2.1647445,47.3199878,0 -2.1655016,47.3197699,0 -2.1659104,47.3196507,0 -2.1663571,47.3195024,0 -2.1666281,47.3194057,0 -2.1671985,47.3191915,0 -2.1675028,47.3190642,0 -2.1678926,47.3188869,0 -2.1682135,47.3187306,0 -2.1685795,47.3185437,0 -2.1688647,47.3183906,0 -2.1693020,47.3181313,0 -2.1697488,47.3178557,0 -2.1702075,47.3175319,0 -2.1709301,47.3170066,0 -2.1718024,47.3163571,0 -2.1724464,47.3158835,0 -2.1730574,47.3154339,0 -2.1736824,47.3149682,0 -2.1741482,47.3146298,0 -2.1747544,47.3141738,0 -2.1752463,47.3138096,0 -2.1758405,47.3133745,0 -2.1763800,47.3129749,0 -2.1770669,47.3124625,0 -2.1778537,47.3118743,0 -2.1783385,47.3115181,0 -2.1789256,47.3110814,0 -2.1797266,47.3104916,0 -2.1803470,47.3100355,0 -2.1809863,47.3095585,0 -2.1816019,47.3091040,0 -2.1824647,47.3084610,0 -2.1831563,47.3079437,0 -2.1839668,47.3073458,0 -2.1839698,47.3073436,0 -2.1845681,47.3068961,0 -2.1851600,47.3064546,0 -2.1856377,47.3060839,0 -2.1862486,47.3056359,0 -2.1868403,47.3051991,0 -2.1880667,47.3043014,0 -2.1884708,47.3040032,0 -2.1889985,47.3036035,0 -2.1895427,47.3032054,0 -2.1899397,47.3029023,0 -2.1905173,47.3024882,0 -2.1913206,47.3018853,0 -2.1919148,47.3014388,0 -2.1928702,47.3007345,0 -2.1929002,47.3007115,0 -2.1934336,47.3003025,0 -2.1939565,47.2999205,0 -2.1944651,47.2995434,0 -2.1951473,47.2990324,0 -2.1956464,47.2986648,0 -2.1960742,47.2983506,0 -2.1961919,47.2982597,0 -2.1963309,47.2981523,0 -2.1966208,47.2979250,0 -2.1969250,47.2976671,0 -2.1970843,47.2975205,0 -2.1973315,47.2972771,0 -2.1975692,47.2970240,0 -2.1978830,47.2966645,0 -2.1981158,47.2963469,0 -2.1983653,47.2960068,0 -2.1985507,47.2957166,0 -2.1988074,47.2952417,0 -2.1988075,47.2952416,0 -2.1990852,47.2947280,0 -2.1991567,47.2946721,0 -2.1994642,47.2940858,0 -2.1996263,47.2937979,0 -2.1997451,47.2935707,0 -2.1999185,47.2932132,0 -2.2000751,47.2928693,0 -2.2003704,47.2921267,0 -2.2004665,47.2918343,0 -2.2005639,47.2915374,0 -2.2006555,47.2912041,0 -2.2009645,47.2901337,0 -2.2010738,47.2898338,0 -2.2011023,47.2897677,0 -2.2011878,47.2895968,0 -2.2012568,47.2894711,0 -2.2013685,47.2892954,0 -2.2015088,47.2891035,0 -2.2015991,47.2889987,0 -2.2017370,47.2888504,0 -2.2019081,47.2886827,0 -2.2020055,47.2885908,0 -2.2021933,47.2884328,0 -2.2024595,47.2882394,0 -2.2026115,47.2881378,0 -2.2028920,47.2879798,0 -2.2033437,47.2877653,0 -2.2035575,47.2876800,0 -2.2037524,47.2876106,0 -2.2039617,47.2875380,0 -2.2042303,47.2874655,0 -2.2048398,47.2873144,0 -2.2051738,47.2872063,0 -2.2056024,47.2870762,0 -2.2056391,47.2870661,0 -2.2057448,47.2870383,0 -2.2060787,47.2869508,0 -2.2064733,47.2868460,0 -2.2068013,47.2867574,0 -2.2068702,47.2867411,0 -2.2070342,47.2867025,0 -2.2072362,47.2866606,0 -2.2074692,47.2866203,0 -2.2077639,47.2865735,0 -2.2080420,47.2865445,0 -2.2084008,47.2865219,0 -2.2086243,47.2865171,0 -2.2088786,47.2865187,0 -2.2091661,47.2865316,0 -2.2094871,47.2865606,0 -2.2099363,47.2866090,0 -2.2110295,47.2867460,0 -2.2132115,47.2870249,0 -2.2154528,47.2873055,0 -2.2165913,47.2874586,0 -2.2168503,47.2874996,0 -2.2169692,47.2875183,0 -2.2177565,47.2876544,0 -2.2190019,47.2878077,0 -2.2193870,47.2878529,0 -2.2198386,47.2879060,0 -2.2203971,47.2879641,0 -2.2218255,47.2881301,0 -2.2226818,47.2882347,0 -2.2242049,47.2884246,0 -2.2248250,47.2885166,0 -2.2255567,47.2886556,0 -2.2259086,47.2887420,0 -2.2263340,47.2888569,0 -2.2267717,47.2889930,0 -2.2269944,47.2890722,0 -2.2273820,47.2892208,0 -2.2277814,47.2893892,0 -2.2282586,47.2896208,0 -2.2285678,47.2897877,0 -2.2288953,47.2899793,0 -2.2294772,47.2903729,0 -2.2299172,47.2907039,0 -2.2302425,47.2909602,0 -2.2308212,47.2914159,0 -2.2312075,47.2917200,0 -2.2317148,47.2921192,0 -2.2320047,47.2923479,0 -2.2323209,47.2925783,0 -2.2325841,47.2927653,0 -2.2328659,47.2929504,0 -2.2333346,47.2932331,0 -2.2337717,47.2934731,0 -2.2341618,47.2936764,0 -2.2346395,47.2939022,0 -2.2352107,47.2941432,0 -2.2356221,47.2943030,0 -2.2361183,47.2944747,0 -2.2366115,47.2946303,0 -2.2370104,47.2947420,0 -2.2374259,47.2948482,0 -2.2378548,47.2949483,0 -2.2383576,47.2950471,0 -2.2403987,47.2953921,0 -2.2410742,47.2955049,0 -2.2421697,47.2956876,0 -2.2431939,47.2958621,0 -2.2433913,47.2958958,0 -2.2444274,47.2960865,0 -2.2447558,47.2961638,0 -2.2451686,47.2962665,0 -2.2457329,47.2964372,0 -2.2464622,47.2966691,0 -2.2471404,47.2968825,0 -2.2476555,47.2970412,0 -2.2482906,47.2972371,0 -2.2488824,47.2974198,0 -2.2495271,47.2976224,0 -2.2510087,47.2980838,0 -2.2510901,47.2981091,0 -2.2514617,47.2982184,0 -2.2519886,47.2983518,0 -2.2525509,47.2984518,0 -2.2530227,47.2985105,0 -2.2534925,47.2985358,0 -2.2539035,47.2985472,0 -2.2544145,47.2985302,0 -2.2548825,47.2984917,0 -2.2553720,47.2984278,0 -2.2558361,47.2983544,0 -2.2580929,47.2979659,0 -2.2588165,47.2978611,0 -2.2591975,47.2978339,0 -2.2595753,47.2978208,0 -2.2599135,47.2978305,0 -2.2602182,47.2978505,0 -2.2605190,47.2978811,0 -2.2609809,47.2979611,0 -2.2612448,47.2980201,0 -2.2615650,47.2981165,0 -2.2617978,47.2981964,0 -2.2620513,47.2983022,0 -2.2623748,47.2984625,0 -2.2627314,47.2986618,0 -2.2628390,47.2987363,0 -2.2629746,47.2988301,0 -2.2633309,47.2991093,0 -2.2640302,47.2997130,0 -2.2645001,47.3001103,0 -2.2652393,47.3007330,0 -2.2658323,47.3012308,0 -2.2660355,47.3013916,0 -2.2662127,47.3015267,0 -2.2664661,47.3017035,0 -2.2668750,47.3019289,0 -2.2671320,47.3020518,0 -2.2674581,47.3021832,0 -2.2677310,47.3022723,0 -2.2680027,47.3023456,0 -2.2683754,47.3024262,0 -2.2689248,47.3025015,0 -2.2695243,47.3025298,0 -2.2699416,47.3025231,0 -2.2703685,47.3024837,0 -2.2706851,47.3024367,0 -2.2710900,47.3023648,0 -2.2715819,47.3022370,0 -2.2716543,47.3022182,0 -2.2727104,47.3019312,0 -2.2748514,47.3013438,0 -2.2769585,47.3007770,0 -2.2783583,47.3003877,0 -2.2801554,47.2998914,0 -2.2803384,47.2998433,0 -2.2804916,47.2998031,0 -2.2828966,47.2991517,0 -2.2838212,47.2988891,0 -2.2845688,47.2986996,0 -2.2852509,47.2985546,0 -2.2857476,47.2984683,0 -2.2862851,47.2983887,0 -2.2868101,47.2983225,0 -2.2876728,47.2982419,0 -2.2886853,47.2981532,0 -2.2901150,47.2980001,0 -2.2905332,47.2979445,0 -2.2909552,47.2978671,0 -2.2914804,47.2977382,0 -2.2919177,47.2976012,0 -2.2922472,47.2974903,0 -2.2926736,47.2973021,0 -2.2930588,47.2970923,0 -2.2933571,47.2969085,0 -2.2934089,47.2968745,0 -2.2936809,47.2966959,0 -2.2950456,47.2957579,0 -2.2965489,47.2947182,0 -2.2974248,47.2941072,0 -2.2980950,47.2936478,0 -2.2985633,47.2933156,0 -2.2989625,47.2930319,0 -2.2992953,47.2927709,0 -2.2994795,47.2926120,0 -2.2996566,47.2924379,0 -2.2998265,47.2922453,0 -2.2999775,47.2920421,0 -2.3000821,47.2918600,0 -2.3002509,47.2914650,0 -2.3004644,47.2907384,0 -2.3006559,47.2900521,0 -2.3007621,47.2897457,0 -2.3009711,47.2893432,0 -2.3011128,47.2891392,0 -2.3012205,47.2890050,0 -2.3013187,47.2889036,0 -2.3013790,47.2888464,0 -2.3016483,47.2885905,0 -2.3019645,47.2883536,0 -2.3023233,47.2881456,0 -2.3028296,47.2878932,0 -2.3032776,47.2877046,0 -2.3044434,47.2872009,0 -2.3052159,47.2868461,0 -2.3054917,47.2866930,0 -2.3069961,47.2856361,0 -2.3074070,47.2853483,0 -2.3080444,47.2849017,0 -2.3088025,47.2843729,0 -2.3098150,47.2836457,0 -2.3101049,47.2834346,0 -2.3111745,47.2826767,0 -2.3117878,47.2822365,0 -2.3122726,47.2818834,0 -2.3126815,47.2815899,0 -2.3130213,47.2813126,0 -2.3133565,47.2809966,0 -2.3136416,47.2806612,0 -2.3138104,47.2804162,0 -2.3139768,47.2801323,0 -2.3141218,47.2798281,0 -2.3142692,47.2794470,0 -2.3144497,47.2787826,0 -2.3147231,47.2779175,0 -2.3148222,47.2776841,0 -2.3149227,47.2774798,0 -2.3151295,47.2771879,0 -2.3152561,47.2770344,0 -2.3154123,47.2768734,0 -2.3156050,47.2766980,0 -2.3158212,47.2765252,0 -2.3161729,47.2763042,0 -2.3164796,47.2761413,0 -2.3168646,47.2759656,0 -2.3172353,47.2758366,0 -2.3175361,47.2757463,0 -2.3182182,47.2755738,0 -2.3188908,47.2754181,0 -2.3197917,47.2752076,0 -2.3207531,47.2749892,0 -2.3215687,47.2747946,0 -2.3216894,47.2747658,0 -2.3225262,47.2745804,0 -2.3233033,47.2743796,0 -2.3236860,47.2742707,0 -2.3241589,47.2741030,0 -2.3246272,47.2738966,0 -2.3250598,47.2736579,0 -2.3253902,47.2734435,0 -2.3257110,47.2732080,0 -2.3259344,47.2730178,0 -2.3263456,47.2726420,0 -2.3265224,47.2724852,0 -2.3268495,47.2721678,0 -2.3273117,47.2717437,0 -2.3285727,47.2705615,0 -2.3290313,47.2701342,0 -2.3293071,47.2698769,0 -2.3298228,47.2694036,0 -2.3300772,47.2691803,0 -2.3303351,47.2689730,0 -2.3307332,47.2687165,0 -2.3310517,47.2685496,0 -2.3313867,47.2684141,0 -2.3316922,47.2683101,0 -2.3319144,47.2682504,0 -2.3322175,47.2681860,0 -2.3326037,47.2681198,0 -2.3329863,47.2680827,0 -2.3332460,47.2680723,0 -2.3335176,47.2680755,0 -2.3338402,47.2680944,0 -2.3341261,47.2681270,0 -2.3344861,47.2681883,0 -2.3350912,47.2683133,0 -2.3357375,47.2684673,0 -2.3367666,47.2687101,0 -2.3377851,47.2689488,0 -2.3380225,47.2690040,0 -2.3386384,47.2691472,0 -2.3432033,47.2702081,0 -2.3433975,47.2702532,0 -2.3441925,47.2704729,0 -2.3445990,47.2705762,0 -2.3447325,47.2706068,0 -2.3460012,47.2708971,0 -2.3477814,47.2713051,0 -2.3489270,47.2715664,0 -2.3495332,47.2717260,0 -2.3497970,47.2718034,0 -2.3502224,47.2719534,0 -2.3505361,47.2720695,0 -2.3508690,47.2722033,0 -2.3512824,47.2723920,0 -2.3514066,47.2724549,0 -2.3517606,47.2726694,0 -2.3521528,47.2729387,0 -2.3524357,47.2731677,0 -2.3525629,47.2732749,0 -2.3526907,47.2733986,0 -2.3527696,47.2734749,0 -2.3530322,47.2737563,0 -2.3531843,47.2739450,0 -2.3533816,47.2742256,0 -2.3535504,47.2745022,0 -2.3536591,47.2747096,0 -2.3537714,47.2749465,0 -2.3538463,47.2751521,0 -2.3538879,47.2752899,0 -2.3539354,47.2754592,0 -2.3539806,47.2756479,0 -2.3540329,47.2758962,0 -2.3540875,47.2762010,0 -2.3541803,47.2766880,0 -2.3542883,47.2770677,0 -2.3543633,47.2772661,0 -2.3544798,47.2775209,0 -2.3546591,47.2778370,0 -2.3548053,47.2780530,0 -2.3549419,47.2782353,0 -2.3550139,47.2783257,0 -2.3550988,47.2784272,0 -2.3553128,47.2786617,0 -2.3555100,47.2788520,0 -2.3558512,47.2791345,0 -2.3559842,47.2792446,0 -2.3562575,47.2794269,0 -2.3565880,47.2796333,0 -2.3574056,47.2801251,0 -2.3588506,47.2809812,0 -2.3592974,47.2812360,0 -2.3596040,47.2813973,0 -2.3598750,47.2815278,0 -2.3602625,47.2817036,0 -2.3606879,47.2818874,0 -2.3619095,47.2824163,0 -2.3629792,47.2828855,0 -2.3648188,47.2836820,0 -2.3648379,47.2836903,0 -2.3654641,47.2839618,0 -2.3661778,47.2842738,0 -2.3669484,47.2846268,0 -2.3670487,47.2846754,0 -2.3672077,47.2847524,0 -2.3676649,47.2849815,0 -2.3681722,47.2852537,0 -2.3686015,47.2855015,0 -2.3693466,47.2859675,0 -2.3699325,47.2863390,0 -2.3708367,47.2869098,0 -2.3712608,47.2871536,0 -2.3715399,47.2872862,0 -2.3719415,47.2874642,0 -2.3723432,47.2876287,0 -2.3728965,47.2878175,0 -2.3731749,47.2879040,0 -2.3736794,47.2880402,0 -2.3742820,47.2881762,0 -2.3750651,47.2882995,0 -2.3756151,47.2883587,0 -2.3760093,47.2883878,0 -2.3767479,47.2884140,0 -2.3778389,47.2884398,0 -2.3786993,47.2884543,0 -2.3800753,47.2884785,0 -2.3809168,47.2884914,0 -2.3820450,47.2885091,0 -2.3823571,47.2885140,0 -2.3838860,47.2885466,0 -2.3846174,47.2885607,0 -2.3850264,47.2885701,0 -2.3856535,47.2885845,0 -2.3863881,47.2885930,0 -2.3886842,47.2886381,0 -2.3892619,47.2886482,0 -2.3908018,47.2886752,0 -2.3924157,47.2886913,0 -2.3927907,47.2886938,0 -2.3930761,47.2886871,0 -2.3932567,47.2886819,0 -2.3933949,47.2886759,0 -2.3936060,47.2886666,0 -2.3939690,47.2886527,0 -2.3943273,47.2886220,0 -2.3952678,47.2885398,0 -2.3962780,47.2884415,0 -2.3976447,47.2882915,0 -2.3985811,47.2881480,0 -2.4008641,47.2877807,0 -2.4047465,47.2871661,0 -2.4066028,47.2868679,0 -2.4078292,47.2866679,0 -2.4080428,47.2866330,0 -2.4096712,47.2863802,0 -2.4120829,47.2859928,0 -2.4122358,47.2859682,0 -2.4136167,47.2857473,0 -2.4146268,47.2855862,0 -2.4164700,47.2852871,0 -2.4177451,47.2850847,0 -2.4196371,47.2847767,0 -2.4207459,47.2846083,0 -2.4216693,47.2844591,0 -2.4232071,47.2842141,0 -2.4245903,47.2839964,0 -2.4259570,47.2837787,0 -2.4273756,47.2835668,0 -2.4277497,47.2835037,0 -2.4283123,47.2834119,0 -2.4291704,47.2832661,0 -2.4332265,47.2826216,0 -2.4335416,47.2825715,0 -2.4338279,47.2825283,0 -2.4344796,47.2824300,0 -2.4347187,47.2823864,0 -2.4362372,47.2821482,0 -2.4372962,47.2819820,0 -2.4391772,47.2816799,0 -2.4398220,47.2815810,0 -2.4410643,47.2813763,0 -2.4431407,47.2810473,0 -2.4441867,47.2808791,0 -2.4452556,47.2807070,0 -2.4465778,47.2804940,0 -2.4467513,47.2804661,0 -2.4485254,47.2801878,0 -2.4503849,47.2798931,0 -2.4521281,47.2796131,0 -2.4533450,47.2794182,0 -2.4538988,47.2793295,0 -2.4559455,47.2790037,0 -2.4564011,47.2789228,0 -2.4571678,47.2788095,0 -2.4575881,47.2787619,0 -2.4579800,47.2787228,0 -2.4585420,47.2786821,0 -2.4587866,47.2786738,0 -2.4589973,47.2786666,0 -2.4598700,47.2786544,0 -2.4605435,47.2786758,0 -2.4608680,47.2787000,0 -2.4618818,47.2788095,0 -2.4625774,47.2788960,0 -2.4637728,47.2790466,0 -2.4652902,47.2792389,0 -2.4660050,47.2793286,0 -2.4670601,47.2794600,0 -2.4683839,47.2796199,0 -2.4698195,47.2797957,0 -2.4704670,47.2798788,0 -2.4719040,47.2800619,0 -2.4727478,47.2801684,0 -2.4733550,47.2802414,0 -2.4741970,47.2803426,0 -2.4758178,47.2805480,0 -2.4773598,47.2807411,0 -2.4790669,47.2809549,0 -2.4805103,47.2811356,0 -2.4815775,47.2812646,0 -2.4831842,47.2814646,0 -2.4836173,47.2815149,0 -2.4841278,47.2815742,0 -2.4868539,47.2819177,0 -2.4879294,47.2820474,0 -2.4890287,47.2821805,0 -2.4899866,47.2823063,0 -2.4907521,47.2823969,0 -2.4907558,47.2823974,0 -2.4912391,47.2824546,0 -2.4932903,47.2827142,0 -2.4943385,47.2828416,0 -2.4956315,47.2829947,0 -2.4975876,47.2832463,0 -2.4977455,47.2832653,0 -2.4981473,47.2833139,0 -2.4993713,47.2834640,0 -2.4998420,47.2835440,0 -2.5002862,47.2836402,0 -2.5006156,47.2837219,0 -2.5009661,47.2838259,0 -2.5012075,47.2839089,0 -2.5015725,47.2840426,0 -2.5019894,47.2842210,0 -2.5024453,47.2844507,0 -2.5026928,47.2845953,0 -2.5029258,47.2847457,0 -2.5031897,47.2849360,0 -2.5034653,47.2851667,0 -2.5036321,47.2853317,0 -2.5038533,47.2855861,0 -2.5040594,47.2858449,0 -2.5042641,47.2861185,0 -2.5042698,47.2861262,0 -2.5042858,47.2861475,0 -2.5044694,47.2863977,0 -2.5044695,47.2863977,0 -2.5045720,47.2865374,0 -2.5046567,47.2866482,0 -2.5047749,47.2868376,0 -2.5051312,47.2873200,0 -2.5054257,47.2877222,0 -2.5057896,47.2881984,0 -2.5061316,47.2886755,0 -2.5064813,47.2891736,0 -2.5065941,47.2893377,0 -2.5065941,47.2893378,0 -2.5067193,47.2895200,0 -2.5068868,47.2897649,0</coordinates>
      </LineString>
    </Placemark>
    <Placemark>
      <name>K16 - Orléans ↔ Tours</name>
      <styleUrl>#REMI_K16</styleUrl>
      <LineString>
        <tessellate>1</tessellate>
        <coordinates>0.6938082,47.3893150,0 0.6939291,47.3892121,0 0.6940649,47.3890964,0 0.6941065,47.3890610,0 0.6941719,47.3890054,0 0.6942274,47.3889581,0 0.6942279,47.3889576,0 0.6942583,47.3889319,0 0.6943866,47.3888227,0 0.6946453,47.3886026,0 0.6948987,47.3883871,0 0.6950445,47.3882641,0 0.6956435,47.3877154,0 0.6961062,47.3872682,0 0.6961789,47.3871979,0 0.6962329,47.3871457,0 0.6963049,47.3870748,0 0.6964351,47.3869467,0 0.6966940,47.3866919,0 0.6970510,47.3863630,0 0.6970511,47.3863629,0 0.6971064,47.3863121,0 0.6971064,47.3863120,0 0.6972478,47.3861818,0 0.6973627,47.3860803,0 0.6975211,47.3859404,0 0.6975535,47.3859116,0 0.6975797,47.3858883,0 0.6976763,47.3858026,0 0.6976764,47.3858026,0 0.6979970,47.3855180,0 0.6981724,47.3853997,0 0.6983539,47.3852664,0 0.6987437,47.3849848,0 0.6990954,47.3847627,0 0.6992952,47.3846564,0 0.6996726,47.3844366,0 0.7001027,47.3841323,0 0.7005090,47.3838473,0 0.7010044,47.3835383,0 0.7014286,47.3833089,0 0.7016501,47.3831893,0 0.7022514,47.3828900,0 0.7026603,47.3827017,0 0.7031190,47.3825037,0 0.7035169,47.3823590,0 0.7037298,47.3822816,0 0.7043265,47.3820902,0 0.7048018,47.3819453,0 0.7055267,47.3817602,0 0.7058855,47.3816814,0 0.7061993,47.3816186,0 0.7066009,47.3815515,0 0.7067293,47.3815301,0 0.7070812,47.3814818,0 0.7074115,47.3814432,0 0.7077894,47.3814094,0 0.7081471,47.3813827,0 0.7085143,47.3813434,0 0.7089504,47.3813068,0 0.7090848,47.3813000,0 0.7093296,47.3812919,0 0.7098406,47.3812935,0 0.7101733,47.3813128,0 0.7105251,47.3813466,0 0.7108793,47.3813869,0 0.7113119,47.3814384,0 0.7115447,47.3814689,0 0.7116873,47.3814931,0 0.7119559,47.3815365,0 0.7121865,47.3815591,0 0.7123458,47.3815671,0 0.7125168,47.3815864,0 0.7128116,47.3816379,0 0.7133225,47.3817457,0 0.7135508,47.3818069,0 0.7139216,47.3819115,0 0.7143541,47.3820467,0 0.7147937,47.3821980,0 0.7152597,47.3823653,0 0.7155378,47.3824652,0 0.7159934,47.3826506,0 0.7163327,47.3828095,0 0.7170459,47.3831732,0 0.7174433,47.3833726,0 0.7181166,47.3836833,0 0.7181966,47.3837153,0 0.7182406,47.3837328,0 0.7183704,47.3837845,0 0.7183705,47.3837845,0 0.7183994,47.3837961,0 0.7184132,47.3838006,0 0.7187156,47.3838990,0 0.7190079,47.3839940,0 0.7193420,47.3840949,0 0.7193810,47.3841067,0 0.7197827,47.3842048,0 0.7205502,47.3844169,0 0.7206364,47.3844472,0 0.7213567,47.3847008,0 0.7220554,47.3849390,0 0.7227603,47.3851764,0 0.7228330,47.3852009,0 0.7228332,47.3852009,0 0.7229778,47.3852496,0 0.7234718,47.3854180,0 0.7234719,47.3854180,0 0.7239926,47.3855956,0 0.7247050,47.3858390,0 0.7247051,47.3858390,0 0.7247793,47.3858643,0 0.7250508,47.3859592,0 0.7252275,47.3860209,0 0.7253877,47.3860768,0 0.7259012,47.3862489,0 0.7263123,47.3863809,0 0.7265492,47.3864512,0 0.7265492,47.3864513,0 0.7266427,47.3864790,0 0.7270444,47.3865707,0 0.7273676,47.3866384,0 0.7277425,47.3866954,0 0.7277759,47.3867005,0 0.7277761,47.3867005,0 0.7279686,47.3867298,0 0.7282506,47.3867518,0 0.7283169,47.3867560,0 0.7283170,47.3867560,0 0.7283176,47.3867560,0 0.7283327,47.3867570,0 0.7285809,47.3867727,0 0.7288557,47.3867818,0 0.7290070,47.3867852,0 0.7294818,47.3867840,0 0.7299928,47.3867776,0 0.7304012,47.3867691,0 0.7304888,47.3867673,0 0.7305348,47.3867663,0 0.7305423,47.3867662,0 0.7310053,47.3867615,0 0.7313356,47.3867615,0 0.7315710,47.3867647,0 0.7317873,47.3867743,0 0.7320415,47.3867856,0 0.7323184,47.3868031,0 0.7323185,47.3868031,0 0.7323201,47.3868032,0 0.7323482,47.3868049,0 0.7325930,47.3868242,0 0.7327195,47.3868362,0 0.7328101,47.3868448,0 0.7328107,47.3868448,0 0.7328474,47.3868483,0 0.7331277,47.3868757,0 0.7332751,47.3868934,0 0.7334249,47.3869160,0 0.7339692,47.3870061,0 0.7344231,47.3870946,0 0.7347273,47.3871653,0 0.7350900,47.3872589,0 0.7351076,47.3872635,0 0.7354832,47.3873697,0 0.7359514,47.3875172,0 0.7363920,47.3876647,0 0.7366004,47.3877337,0 0.7368855,47.3877760,0 0.7370960,47.3878074,0 0.7373416,47.3878448,0 0.7379159,47.3880384,0 0.7382914,47.3881655,0 0.7386931,47.3882878,0 0.7389949,47.3883731,0 0.7393680,47.3884744,0 0.7401810,47.3886868,0 0.7405921,47.3887962,0 0.7406703,47.3888163,0 0.7412457,47.3889636,0 0.7420634,47.3891777,0 0.7423335,47.3892503,0 0.7423335,47.3892504,0 0.7426789,47.3893433,0 0.7428103,47.3893765,0 0.7428104,47.3893765,0 0.7430614,47.3894398,0 0.7431447,47.3894608,0 0.7433149,47.3895049,0 0.7433155,47.3895051,0 0.7433289,47.3895086,0 0.7434024,47.3895277,0 0.7434950,47.3895516,0 0.7434955,47.3895518,0 0.7435346,47.3895620,0 0.7435380,47.3895629,0 0.7435381,47.3895629,0 0.7435711,47.3895715,0 0.7436588,47.3895943,0 0.7437152,47.3896089,0 0.7440760,47.3897010,0 0.7440766,47.3897011,0 0.7440907,47.3897047,0 0.7441502,47.3897199,0 0.7446378,47.3898485,0 0.7452952,47.3899903,0 0.7453399,47.3900009,0 0.7454051,47.3900174,0 0.7454052,47.3900174,0 0.7455453,47.3900529,0 0.7460004,47.3901682,0 0.7462936,47.3902441,0 0.7467813,47.3903701,0 0.7468024,47.3903756,0 0.7468257,47.3903816,0 0.7469396,47.3904111,0 0.7469397,47.3904111,0 0.7475761,47.3905758,0 0.7476393,47.3905922,0 0.7480577,47.3907065,0 0.7481047,47.3907189,0 0.7483361,47.3907801,0 0.7488610,47.3909189,0 0.7496691,47.3911297,0 0.7504558,47.3913372,0 0.7512734,47.3915512,0 0.7519770,47.3917427,0 0.7528564,47.3919680,0 0.7536621,47.3921804,0 0.7541041,47.3922881,0 0.7546579,47.3924088,0 0.7551309,47.3925021,0 0.7555183,47.3925617,0 0.7559890,47.3926341,0 0.7565546,47.3926952,0 0.7567514,47.3927118,0 0.7571275,47.3927435,0 0.7576955,47.3927724,0 0.7584609,47.3927869,0 0.7589029,47.3927773,0 0.7592452,47.3927644,0 0.7596968,47.3927355,0 0.7602030,47.3926969,0 0.7607900,47.3926357,0 0.7614936,47.3925537,0 0.7624286,47.3924396,0 0.7624287,47.3924396,0 0.7624301,47.3924394,0 0.7624400,47.3924383,0 0.7625072,47.3924300,0 0.7630388,47.3923651,0 0.7632476,47.3923396,0 0.7641936,47.3922190,0 0.7648469,47.3921423,0 0.7652632,47.3920935,0 0.7655536,47.3920579,0 0.7655537,47.3920579,0 0.7668106,47.3919036,0 0.7680917,47.3917523,0 0.7693964,47.3915947,0 0.7698980,47.3915448,0 0.7700155,47.3915306,0 0.7701119,47.3915190,0 0.7707322,47.3914385,0 0.7709546,47.3914112,0 0.7723255,47.3912426,0 0.7723256,47.3912426,0 0.7725766,47.3912117,0 0.7737483,47.3910750,0 0.7745897,47.3909719,0 0.7750504,47.3909164,0 0.7750505,47.3909164,0 0.7759517,47.3908078,0 0.7761841,47.3907801,0 0.7768618,47.3906995,0 0.7777470,47.3905943,0 0.7779137,47.3905744,0 0.7784406,47.3905118,0 0.7784432,47.3905115,0 0.7784440,47.3905114,0 0.7784644,47.3905090,0 0.7795740,47.3903754,0 0.7798911,47.3903373,0 0.7801285,47.3903087,0 0.7801720,47.3903038,0 0.7805892,47.3902550,0 0.7805893,47.3902550,0 0.7815055,47.3901477,0 0.7815186,47.3901462,0 0.7825437,47.3900586,0 0.7829233,47.3900136,0 0.7842501,47.3898867,0 0.7842852,47.3898823,0 0.7847392,47.3898195,0 0.7852502,47.3897503,0 0.7860607,47.3896248,0 0.7869686,47.3894832,0 0.7871420,47.3894552,0 0.7879051,47.3893319,0 0.7883591,47.3892466,0 0.7891434,47.3891067,0 0.7900561,47.3889217,0 0.7906859,47.3887977,0 0.7916391,47.3886095,0 0.7918556,47.3885647,0 0.7919149,47.3885524,0 0.7920359,47.3885268,0 0.7924186,47.3884598,0 0.7924341,47.3884567,0 0.7937876,47.3881830,0 0.7945673,47.3880366,0 0.7954799,47.3878515,0 0.7964496,47.3876584,0 0.7975429,47.3874300,0 0.7975985,47.3874182,0 0.7981462,47.3873027,0 0.7984818,47.3872320,0 0.7990173,47.3871314,0 0.8006867,47.3868334,0 0.8010571,47.3867636,0 0.8021134,47.3865628,0 0.8026374,47.3864873,0 0.8028996,47.3864473,0 0.8032705,47.3864121,0 0.8037112,47.3863736,0 0.8043556,47.3863367,0 0.8047536,47.3863255,0 0.8050302,47.3863191,0 0.8052740,47.3863224,0 0.8055882,47.3863240,0 0.8058363,47.3863240,0 0.8062288,47.3863416,0 0.8065530,47.3863607,0 0.8069628,47.3863960,0 0.8073393,47.3864329,0 0.8076873,47.3864762,0 0.8079577,47.3865131,0 0.8083032,47.3865628,0 0.8086742,47.3866300,0 0.8090658,47.3867120,0 0.8093923,47.3867776,0 0.8098353,47.3868899,0 0.8104992,47.3870585,0 0.8107659,47.3871400,0 0.8112066,47.3872811,0 0.8116086,47.3874252,0 0.8119090,47.3875469,0 0.8122410,47.3876850,0 0.8127171,47.3878951,0 0.8132759,47.3881708,0 0.8132844,47.3881755,0 0.8138450,47.3884871,0 0.8140670,47.3886134,0 0.8142987,47.3887622,0 0.8145928,47.3889549,0 0.8148983,47.3891665,0 0.8151282,47.3893382,0 0.8152913,47.3894615,0 0.8155207,47.3896520,0 0.8157174,47.3898253,0 0.8159166,47.3900035,0 0.8161160,47.3901900,0 0.8164187,47.3905007,0 0.8166476,47.3907594,0 0.8168835,47.3910520,0 0.8169367,47.3910327,0 0.8170494,47.3911727,0 0.8175935,47.3919531,0 0.8181783,47.3927883,0 0.8185633,47.3933530,0 0.8192146,47.3942846,0 0.8198444,47.3951840,0 0.8201011,47.3955653,0 0.8204029,47.3960030,0 0.8208451,47.3966417,0 0.8214630,47.3975169,0 0.8218640,47.3980985,0 0.8218647,47.3980993,0 0.8221262,47.3984356,0 0.8223258,47.3986833,0 0.8225445,47.3989327,0 0.8227417,47.3991483,0 0.8229794,47.3993864,0 0.8232337,47.3996068,0 0.8234001,47.3997468,0 0.8236283,47.3999366,0 0.8239159,47.4001506,0 0.8241322,47.4003067,0 0.8243675,47.4004659,0 0.8246004,47.4006171,0 0.8248286,47.4007587,0 0.8250995,47.4009083,0 0.8255059,47.4011222,0 0.8259433,47.4013394,0 0.8262047,47.4014505,0 0.8266706,47.4016483,0 0.8270128,47.4017706,0 0.8273148,47.4018767,0 0.8276522,47.4019942,0 0.8280063,47.4020971,0 0.8284413,47.4022162,0 0.8287312,47.4022918,0 0.8291615,47.4023867,0 0.8294300,47.4024382,0 0.8297057,47.4024832,0 0.8301692,47.4025573,0 0.8305507,47.4026053,0 0.8307444,47.4026297,0 0.8316286,47.4027261,0 0.8330832,47.4028855,0 0.8338746,47.4029707,0 0.8353387,47.4031315,0 0.8361706,47.4032184,0 0.8376443,47.4033761,0 0.8384143,47.4034597,0 0.8401327,47.4036480,0 0.8421126,47.4038667,0 0.8445179,47.4041209,0 0.8460367,47.4042898,0 0.8470064,47.4043928,0 0.8486203,47.4045681,0 0.8495020,47.4046630,0 0.8507023,47.4047949,0 0.8515175,47.4048850,0 0.8526299,47.4050073,0 0.8534332,47.4050893,0 0.8546592,47.4052274,0 0.8548618,47.4052502,0 0.8555795,47.4053258,0 0.8567322,47.4054480,0 0.8572717,47.4055075,0 0.8578350,47.4055654,0 0.8584292,47.4056298,0 0.8588476,47.4056781,0 0.8594013,47.4057376,0 0.8602832,47.4058357,0 0.8607776,47.4058855,0 0.8615975,47.4059756,0 0.8622321,47.4060448,0 0.8632209,47.4061542,0 0.8639292,47.4062315,0 0.8646565,47.4063103,0 0.8654242,47.4063923,0 0.8661396,47.4064695,0 0.8671759,47.4065805,0 0.8676584,47.4066319,0 0.8679888,47.4066706,0 0.8684355,47.4067205,0 0.8689561,47.4067735,0 0.8702206,47.4069086,0 0.8713115,47.4070341,0 0.8721956,47.4071242,0 0.8732581,47.4072384,0 0.8744774,47.4073703,0 0.8752713,47.4074587,0 0.8766284,47.4076052,0 0.8770420,47.4076438,0 0.8773034,47.4076743,0 0.8781947,47.4077741,0 0.8788126,47.4078449,0 0.8794662,47.4079108,0 0.8802935,47.4080041,0 0.8811348,47.4080894,0 0.8822471,47.4082132,0 0.8830791,47.4082984,0 0.8839062,47.4083950,0 0.8848021,47.4084915,0 0.8859121,47.4086089,0 0.8867655,47.4086990,0 0.8880227,47.4088422,0 0.8886526,47.4089097,0 0.8899337,47.4090432,0 0.8906277,47.4091188,0 0.8921845,47.4092893,0 0.8928595,47.4093617,0 0.8936961,47.4094566,0 0.8949083,47.4095821,0 0.8951431,47.4096089,0 0.8964413,47.4097574,0 0.8964628,47.4097595,0 0.8973492,47.4098475,0 0.8986707,47.4099922,0 0.9000042,47.4101386,0 0.9009287,47.4102319,0 0.9016655,47.4103139,0 0.9022265,47.4103783,0 0.9030892,47.4104715,0 0.9038973,47.4105584,0 0.9045700,47.4106259,0 0.9057821,47.4107595,0 0.9067518,47.4108688,0 0.9080639,47.4110039,0 0.9085011,47.4110506,0 0.9093283,47.4111423,0 0.9102125,47.4112388,0 0.9110728,47.4113305,0 0.9124538,47.4114769,0 0.9133308,47.4115717,0 0.9144408,47.4116907,0 0.9152727,47.4117792,0 0.9162756,47.4118886,0 0.9168865,47.4119529,0 0.9175140,47.4120221,0 0.9177670,47.4120520,0 0.9179632,47.4120751,0 0.9184718,47.4121299,0 0.9193369,47.4122183,0 0.9205111,47.4123454,0 0.9218802,47.4124918,0 0.9226265,47.4125754,0 0.9239100,47.4127089,0 0.9253478,47.4128681,0 0.9253541,47.4128687,0 0.9264401,47.4130156,0 0.9267161,47.4130457,0 0.9271294,47.4130918,0 0.9271772,47.4130972,0 0.9275649,47.4131390,0 0.9281234,47.4131986,0 0.9281969,47.4132066,0 0.9287889,47.4132710,0 0.9293974,47.4133369,0 0.9300772,47.4134109,0 0.9308044,47.4134865,0 0.9313630,47.4135476,0 0.9320926,47.4136248,0 0.9327222,47.4136956,0 0.9332287,47.4137518,0 0.9337137,47.4138033,0 0.9347309,47.4139127,0 0.9353466,47.4139787,0 0.9363067,47.4140815,0 0.9371671,47.4141765,0 0.9379397,47.4142585,0 0.9386289,47.4143309,0 0.9393656,47.4144097,0 0.9399745,47.4144757,0 0.9404428,47.4145191,0 0.9411764,47.4145994,0 0.9420535,47.4147008,0 0.9426953,47.4147699,0 0.9434678,47.4148568,0 0.9442145,47.4149372,0 0.9443469,47.4149507,0 0.9447826,47.4149951,0 0.9456832,47.4150900,0 0.9463392,47.4151608,0 0.9471450,47.4152476,0 0.9478224,47.4153200,0 0.9487156,47.4154132,0 0.9493004,47.4154825,0 0.9496715,47.4155211,0 0.9501682,47.4155757,0 0.9506862,47.4156288,0 0.9512803,47.4156963,0 0.9516939,47.4157414,0 0.9521932,47.4157960,0 0.9528374,47.4158652,0 0.9535243,47.4159360,0 0.9541967,47.4160083,0 0.9548931,47.4160839,0 0.9556231,47.4161644,0 0.9562481,47.4162271,0 0.9568516,47.4162946,0 0.9575743,47.4163702,0 0.9579924,47.4164152,0 0.9583464,47.4164555,0 0.9586958,47.4164940,0 0.9591027,47.4165391,0 0.9594286,47.4165713,0 0.9598822,47.4166195,0 0.9603337,47.4166677,0 0.9607971,47.4167192,0 0.9612059,47.4167626,0 0.9618429,47.4168318,0 0.9620897,47.4168583,0 0.9624563,47.4168977,0 0.9632670,47.4169846,0 0.9638397,47.4170409,0 0.9654248,47.4172145,0 0.9656083,47.4172343,0 0.9666159,47.4173892,0 0.9672803,47.4174660,0 0.9679239,47.4175441,0 0.9683535,47.4176004,0 0.9689667,47.4176862,0 0.9693888,47.4177490,0 0.9699510,47.4178489,0 0.9704639,47.4179424,0 0.9708954,47.4180282,0 0.9714709,47.4181498,0 0.9718551,47.4182421,0 0.9722279,47.4183395,0 0.9725023,47.4184073,0 0.9727541,47.4184726,0 0.9734033,47.4186494,0 0.9739181,47.4187966,0 0.9742211,47.4188901,0 0.9746103,47.4190140,0 0.9749933,47.4191412,0 0.9754714,47.4193149,0 0.9754760,47.4193166,0 0.9755712,47.4193519,0 0.9755713,47.4193520,0 0.9757768,47.4194280,0 0.9765926,47.4197443,0 0.9768122,47.4198288,0 0.9769409,47.4198800,0 0.9772683,47.4200196,0 0.9776109,47.4201696,0 0.9781238,47.4203885,0 0.9785004,47.4205457,0 0.9787831,47.4206617,0 0.9792170,47.4208155,0 0.9797198,47.4209866,0 0.9797385,47.4209658,0 0.9811629,47.4215571,0 0.9832316,47.4224159,0 0.9841356,47.4227911,0 0.9842379,47.4228335,0 0.9855069,47.4233602,0 0.9861082,47.4236112,0 0.9868046,47.4239022,0 0.9874725,47.4241869,0 0.9884898,47.4246082,0 0.9891671,47.4248912,0 0.9899966,47.4252369,0 0.9905766,47.4254781,0 0.9911138,47.4257032,0 0.9916770,47.4259379,0 0.9924186,47.4262451,0 0.9931721,47.4265602,0 0.9941274,47.4269574,0 0.9945373,47.4271252,0 0.9948714,47.4272694,0 0.9953040,47.4274478,0 0.9956367,47.4275910,0 0.9960360,47.4277501,0 0.9963974,47.4279061,0 0.9967586,47.4280573,0 0.9972435,47.4282599,0 0.9979090,47.4285364,0 0.9991830,47.4290670,0 1.0000766,47.4294401,0 1.0005614,47.4296426,0 1.0009157,47.4297906,0 1.0012317,47.4299193,0 1.0019163,47.4302023,0 1.0028027,47.4305720,0 1.0044356,47.4312521,0 1.0058878,47.4318583,0 1.0071292,47.4323770,0 1.0075540,47.4325544,0 1.0087281,47.4330400,0 1.0103586,47.4337250,0 1.0115375,47.4342073,0 1.0123052,47.4345336,0 1.0133796,47.4349854,0 1.0146226,47.4354854,0 1.0163814,47.4362186,0 1.0178336,47.4368439,0 1.0193358,47.4374677,0 1.0208640,47.4381027,0 1.0217601,47.4384773,0 1.0223068,47.4386943,0 1.0240751,47.4394354,0 1.0253467,47.4399563,0 1.0261976,47.4403195,0 1.0270389,47.4406732,0 1.0277496,47.4409658,0 1.0288928,47.4414464,0 1.0302927,47.4420252,0 1.0325554,47.4429704,0 1.0340173,47.4435764,0 1.0350036,47.4439863,0 1.0365010,47.4446116,0 1.0377131,47.4451195,0 1.0386781,47.4455150,0 1.0401350,47.4461274,0 1.0407436,47.4463797,0 1.0423431,47.4470435,0 1.0439403,47.4477042,0 1.0452642,47.4482587,0 1.0465167,47.4487843,0 1.0479547,47.4493742,0 1.0486321,47.4496555,0 1.0491659,47.4498813,0 1.0492857,47.4499319,0 1.0495253,47.4500316,0 1.0497801,47.4501377,0 1.0505953,47.4504800,0 1.0513107,47.4507757,0 1.0526322,47.4513206,0 1.0544386,47.4520808,0 1.0560144,47.4527350,0 1.0578398,47.4534871,0 1.0592112,47.4540641,0 1.0598838,47.4543421,0 1.0614954,47.4550122,0 1.0622654,47.4553305,0 1.0636083,47.4558881,0 1.0644995,47.4562561,0 1.0659755,47.4568668,0 1.0677130,47.4575964,0 1.0679606,47.4576983,0 1.0690796,47.4581589,0 1.0701563,47.4586088,0 1.0713043,47.4590829,0 1.0727233,47.4596742,0 1.0733769,47.4599442,0 1.0748790,47.4605694,0 1.0756363,47.4608886,0 1.0760247,47.4610482,0 1.0766049,47.4612889,0 1.0768352,47.4613845,0 1.0768353,47.4613845,0 1.0769658,47.4614387,0 1.0777027,47.4617392,0 1.0777561,47.4617615,0 1.0796088,47.4625346,0 1.0814199,47.4632866,0 1.0828508,47.4638827,0 1.0838989,47.4643150,0 1.0846833,47.4646412,0 1.0854558,47.4649577,0 1.0861664,47.4652550,0 1.0868913,47.4655555,0 1.0875473,47.4658302,0 1.0877399,47.4659105,0 1.0880274,47.4660279,0 1.0883221,47.4661500,0 1.0887952,47.4663331,0 1.0890923,47.4664472,0 1.0893679,47.4665452,0 1.0897221,47.4666754,0 1.0900882,47.4667975,0 1.0904779,47.4669244,0 1.0908725,47.4670481,0 1.0912861,47.4671735,0 1.0917210,47.4672956,0 1.0923366,47.4674643,0 1.0924543,47.4674956,0 1.0931352,47.4676764,0 1.0936319,47.4678049,0 1.0940597,47.4679174,0 1.0946540,47.4680733,0 1.0951744,47.4682066,0 1.0956546,47.4683303,0 1.0965410,47.4685633,0 1.0970521,47.4686982,0 1.0979576,47.4689345,0 1.0985471,47.4690838,0 1.0991818,47.4692510,0 1.1002940,47.4695401,0 1.1010618,47.4697394,0 1.1019316,47.4699675,0 1.1030083,47.4702486,0 1.1037499,47.4704383,0 1.1045319,47.4706455,0 1.1051737,47.4708126,0 1.1058034,47.4709765,0 1.1063073,47.4711099,0 1.1071725,47.4713348,0 1.1084607,47.4716689,0 1.1095421,47.4719534,0 1.1102576,47.4721380,0 1.1109540,47.4723196,0 1.1117145,47.4725172,0 1.1122279,47.4726522,0 1.1126034,47.4727486,0 1.1132333,47.4729109,0 1.1140319,47.4731196,0 1.1148994,47.4733446,0 1.1155626,47.4735197,0 1.1162043,47.4736884,0 1.1167058,47.4738138,0 1.1174545,47.4740065,0 1.1180890,47.4741736,0 1.1188093,47.4743503,0 1.1194629,47.4745206,0 1.1201973,47.4747102,0 1.1208842,47.4748821,0 1.1216709,47.4750893,0 1.1223744,47.4752933,0 1.1230210,47.4754636,0 1.1231640,47.4754998,0 1.1242402,47.4757721,0 1.1249937,47.4759681,0 1.1254810,47.4760966,0 1.1263960,47.4763391,0 1.1278434,47.4767151,0 1.1289653,47.4770058,0 1.1301133,47.4773014,0 1.1307883,47.4774765,0 1.1314776,47.4776580,0 1.1321574,47.4778347,0 1.1331508,47.4780981,0 1.1336928,47.4782428,0 1.1346601,47.4784902,0 1.1354207,47.4786893,0 1.1362050,47.4788869,0 1.1368634,47.4790572,0 1.1375906,47.4792515,0 1.1383323,47.4794428,0 1.1393614,47.4797126,0 1.1403336,47.4799664,0 1.1409943,47.4801319,0 1.1411373,47.4801707,0 1.1414315,47.4802507,0 1.1419022,47.4803696,0 1.1423562,47.4804885,0 1.1427816,47.4805993,0 1.1432831,47.4807311,0 1.1440271,47.4809253,0 1.1446402,47.4810860,0 1.1453747,47.4812788,0 1.1461187,47.4814683,0 1.1470741,47.4817172,0 1.1483480,47.4820466,0 1.1493036,47.4822956,0 1.1504158,47.4825847,0 1.1511527,47.4827775,0 1.1525526,47.4831453,0 1.1537814,47.4834650,0 1.1547464,47.4837139,0 1.1553881,47.4838825,0 1.1559752,47.4840351,0 1.1566051,47.4842006,0 1.1572825,47.4843789,0 1.1579004,47.4845363,0 1.1585230,47.4847001,0 1.1591553,47.4848624,0 1.1599040,47.4850567,0 1.1603509,47.4851755,0 1.1606860,47.4852654,0 1.1611352,47.4853795,0 1.1616819,47.4855192,0 1.1620764,47.4856205,0 1.1628346,47.4858180,0 1.1634715,47.4859882,0 1.1642203,47.4861794,0 1.1652732,47.4864540,0 1.1664283,47.4867544,0 1.1675478,47.4870451,0 1.1684652,47.4872860,0 1.1695681,47.4875703,0 1.1707779,47.4878835,0 1.1708441,47.4879013,0 1.1713530,47.4880377,0 1.1723181,47.4882866,0 1.1729859,47.4884601,0 1.1735088,47.4885870,0 1.1745261,47.4888552,0 1.1752201,47.4890382,0 1.1759449,47.4892262,0 1.1766177,47.4894013,0 1.1773996,47.4896036,0 1.1785832,47.4899120,0 1.1803492,47.4903713,0 1.1820866,47.4908323,0 1.1822230,47.4908673,0 1.1822231,47.4908673,0 1.1835032,47.4911968,0 1.1849839,47.4915774,0 1.1850699,47.4915997,0 1.1860935,47.4918655,0 1.1865067,47.4919728,0 1.1868091,47.4920515,0 1.1868444,47.4920596,0 1.1871136,47.4921218,0 1.1873702,47.4921845,0 1.1875566,47.4922305,0 1.1879692,47.4923322,0 1.1893763,47.4926968,0 1.1903463,47.4929527,0 1.1909711,47.4931176,0 1.1915486,47.4932637,0 1.1930199,47.4936620,0 1.1935547,47.4938016,0 1.1945815,47.4940698,0 1.1951400,47.4942144,0 1.1959172,47.4944104,0 1.1968369,47.4946560,0 1.1981942,47.4949997,0 1.1990997,47.4952438,0 1.1998152,47.4954355,0 1.2002738,47.4955585,0 1.2010749,47.4957689,0 1.2026079,47.4961688,0 1.2035704,47.4964113,0 1.2046282,47.4966778,0 1.2062705,47.4970986,0 1.2075325,47.4974326,0 1.2087899,47.4977553,0 1.2093294,47.4978999,0 1.2100496,47.4980862,0 1.2110146,47.4983366,0 1.2118441,47.4985502,0 1.2128328,47.4988103,0 1.2135173,47.4989934,0 1.2142161,47.4991909,0 1.2148405,47.4993801,0 1.2158300,47.4997246,0 1.2158731,47.4997380,0 1.2164397,47.4999246,0 1.2168182,47.5000493,0 1.2173831,47.5002449,0 1.2174153,47.5002564,0 1.2179552,47.5004501,0 1.2183256,47.5005898,0 1.2188600,47.5007887,0 1.2197099,47.5011224,0 1.2199147,47.5012071,0 1.2201870,47.5013195,0 1.2207211,47.5015441,0 1.2217945,47.5020238,0 1.2224805,47.5023397,0 1.2231344,47.5026549,0 1.2236064,47.5028917,0 1.2239552,47.5030648,0 1.2244513,47.5033230,0 1.2250492,47.5036404,0 1.2256475,47.5039868,0 1.2262438,47.5043318,0 1.2268543,47.5046928,0 1.2274145,47.5050296,0 1.2280458,47.5054336,0 1.2288744,47.5059900,0 1.2302495,47.5069719,0 1.2308740,47.5074468,0 1.2317557,47.5081131,0 1.2327896,47.5089045,0 1.2338450,47.5097041,0 1.2341896,47.5099657,0 1.2350309,47.5106110,0 1.2356585,47.5110895,0 1.2365285,47.5117558,0 1.2365996,47.5118102,0 1.2375218,47.5125150,0 1.2388551,47.5135296,0 1.2393566,47.5139165,0 1.2396470,47.5141380,0 1.2404953,47.5147850,0 1.2408706,47.5150707,0 1.2412366,47.5153532,0 1.2415221,47.5155732,0 1.2419450,47.5158910,0 1.2423562,47.5162105,0 1.2427366,47.5164963,0 1.2432523,47.5168894,0 1.2439106,47.5173950,0 1.2444407,47.5178028,0 1.2452845,47.5184466,0 1.2463730,47.5192620,0 1.2471134,47.5198315,0 1.2473141,47.5199858,0 1.2486262,47.5209890,0 1.2498764,47.5219393,0 1.2509792,47.5227819,0 1.2511937,47.5229451,0 1.2521794,47.5236951,0 1.2532419,47.5245089,0 1.2543946,47.5253916,0 1.2554025,47.5261621,0 1.2563816,47.5269003,0 1.2573417,47.5276431,0 1.2578980,47.5280751,0 1.2585422,47.5285598,0 1.2590840,47.5289737,0 1.2595832,47.5293573,0 1.2602177,47.5298403,0 1.2604483,47.5300185,0 1.2607026,47.5302127,0 1.2609198,47.5303787,0 1.2612603,47.5306134,0 1.2614642,47.5307575,0 1.2619253,47.5310960,0 1.2621019,47.5312217,0 1.2622049,47.5312913,0 1.2623575,47.5313895,0 1.2626826,47.5315978,0 1.2628611,47.5317200,0 1.2632710,47.5319725,0 1.2638035,47.5322984,0 1.2647593,47.5328779,0 1.2654700,47.5332967,0 1.2662593,47.5337767,0 1.2666395,47.5339948,0 1.2667014,47.5340302,0 1.2670905,47.5342657,0 1.2675320,47.5345397,0 1.2677687,47.5346915,0 1.2679820,47.5348404,0 1.2681005,47.5349219,0 1.2682827,47.5350546,0 1.2684060,47.5351474,0 1.2685266,47.5352384,0 1.2686804,47.5353630,0 1.2688703,47.5355217,0 1.2690601,47.5356787,0 1.2693281,47.5359125,0 1.2697179,47.5362590,0 1.2699679,47.5364808,0 1.2701796,47.5366591,0 1.2703083,47.5367701,0 1.2704750,47.5369036,0 1.2706293,47.5370318,0 1.2707492,47.5371289,0 1.2709516,47.5372784,0 1.2712487,47.5375062,0 1.2715272,47.5377120,0 1.2722405,47.5382273,0 1.2724350,47.5383680,0 1.2733004,47.5389941,0 1.2741703,47.5396263,0 1.2748145,47.5400853,0 1.2751757,47.5403515,0 1.2756916,47.5407223,0 1.2759069,47.5408788,0 1.2760249,47.5409744,0 1.2761560,47.5410806,0 1.2763003,47.5411907,0 1.2764258,47.5413027,0 1.2766040,47.5414471,0 1.2767714,47.5415966,0 1.2769014,47.5417243,0 1.2770320,47.5418525,0 1.2772166,47.5420410,0 1.2773756,47.5422188,0 1.2775107,47.5423628,0 1.2777499,47.5426489,0 1.2780800,47.5430642,0 1.2783937,47.5434589,0 1.2784751,47.5435622,0 1.2786275,47.5437342,0 1.2787443,47.5438743,0 1.2789401,47.5440789,0 1.2790779,47.5442228,0 1.2790875,47.5442330,0 1.2791996,47.5443490,0 1.2793166,47.5444634,0 1.2794360,47.5445762,0 1.2795930,47.5447191,0 1.2797593,47.5448731,0 1.2800116,47.5451028,0 1.2803182,47.5453740,0 1.2805987,47.5456307,0 1.2808794,47.5458747,0 1.2811431,47.5461105,0 1.2814259,47.5463575,0 1.2816684,47.5465775,0 1.2820394,47.5468968,0 1.2825572,47.5473569,0 1.2830016,47.5477564,0 1.2832348,47.5479651,0 1.2839811,47.5486197,0 1.2842922,47.5488971,0 1.2846655,47.5492307,0 1.2851860,47.5496976,0 1.2855261,47.5499962,0 1.2857282,47.5501743,0 1.2859045,47.5503254,0 1.2860545,47.5504525,0 1.2862809,47.5506359,0 1.2864063,47.5507349,0 1.2865446,47.5508555,0 1.2869500,47.5511581,0 1.2873732,47.5514726,0 1.2879128,47.5518673,0 1.2884427,47.5522618,0 1.2890131,47.5526853,0 1.2895908,47.5531105,0 1.2901636,47.5535324,0 1.2907387,47.5539526,0 1.2911211,47.5542347,0 1.2912692,47.5543465,0 1.2916821,47.5546582,0 1.2922029,47.5550433,0 1.2925352,47.5552869,0 1.2931284,47.5557466,0 1.2936481,47.5561742,0 1.2939924,47.5564721,0 1.2941605,47.5566191,0 1.2943764,47.5568208,0 1.2946685,47.5570932,0 1.2948532,47.5572738,0 1.2951780,47.5576114,0 1.2958996,47.5584173,0 1.2962961,47.5588964,0 1.2967117,47.5593947,0 1.2971106,47.5599138,0 1.2973410,47.5602202,0 1.2975513,47.5604933,0 1.2975623,47.5605075,0 1.2984773,47.5616798,0 1.2986984,47.5619685,0 1.2992641,47.5627000,0 1.2996637,47.5632140,0 1.2996705,47.5632228,0 1.2998967,47.5635168,0 1.3001037,47.5637609,0 1.3002775,47.5639729,0 1.3004777,47.5641996,0 1.3007013,47.5644468,0 1.3008571,47.5646070,0 1.3011576,47.5648919,0 1.3014219,47.5651248,0 1.3015939,47.5652779,0 1.3018426,47.5654715,0 1.3020381,47.5656163,0 1.3026510,47.5660588,0 1.3030116,47.5663356,0 1.3034086,47.5666468,0 1.3037045,47.5668737,0 1.3039051,47.5670551,0 1.3042680,47.5673977,0 1.3046263,47.5677578,0 1.3050110,47.5681601,0 1.3052990,47.5684603,0 1.3055062,47.5686677,0 1.3059629,47.5691074,0 1.3062296,47.5693612,0 1.3065483,47.5696469,0 1.3068505,47.5699230,0 1.3071597,47.5701894,0 1.3073266,47.5703362,0 1.3075424,47.5705262,0 1.3079488,47.5708757,0 1.3085050,47.5713631,0 1.3087448,47.5715731,0 1.3089566,47.5717625,0 1.3092515,47.5720127,0 1.3093492,47.5720982,0 1.3094841,47.5722162,0 1.3097813,47.5724792,0 1.3101474,47.5727968,0 1.3106347,47.5732218,0 1.3111552,47.5736707,0 1.3117018,47.5741485,0 1.3120868,47.5744820,0 1.3125336,47.5748748,0 1.3129949,47.5752775,0 1.3136207,47.5758071,0 1.3141261,47.5762125,0 1.3143709,47.5763953,0 1.3145921,47.5765605,0 1.3147667,47.5766879,0 1.3150686,47.5768885,0 1.3153732,47.5771067,0 1.3157495,47.5773477,0 1.3159685,47.5774923,0 1.3168486,47.5780345,0 1.3174238,47.5783890,0 1.3177551,47.5785903,0 1.3177552,47.5785903,0 1.3183103,47.5789277,0 1.3185995,47.5791074,0 1.3187873,47.5792241,0 1.3193209,47.5795556,0 1.3194843,47.5796571,0 1.3198318,47.5798692,0 1.3198319,47.5798693,0 1.3198862,47.5799025,0 1.3204370,47.5802420,0 1.3209017,47.5805443,0 1.3210955,47.5806797,0 1.3212825,47.5808187,0 1.3214761,47.5809685,0 1.3216416,47.5811103,0 1.3218588,47.5813014,0 1.3220429,47.5814957,0 1.3221657,47.5816280,0 1.3223194,47.5818112,0 1.3224982,47.5820238,0 1.3225376,47.5820785,0 1.3227092,47.5823169,0 1.3227733,47.5824170,0 1.3227733,47.5824171,0 1.3228396,47.5825207,0 1.3229345,47.5826992,0 1.3230126,47.5828635,0 1.3230704,47.5830059,0 1.3231678,47.5832657,0 1.3232504,47.5835211,0 1.3232533,47.5835301,0 1.3233465,47.5838771,0 1.3233531,47.5839021,0 1.3234102,47.5841538,0 1.3234387,47.5843173,0 1.3234530,47.5844055,0 1.3234672,47.5845209,0 1.3234911,47.5847181,0 1.3235100,47.5848960,0 1.3235173,47.5853645,0 1.3235633,47.5853641,0 1.3235766,47.5859622,0 1.3235813,47.5862474,0 1.3235813,47.5866514,0 1.3235750,47.5869703,0 1.3235419,47.5875009,0 1.3235060,47.5878976,0 1.3234860,47.5883024,0 1.3234860,47.5883026,0 1.3234846,47.5883278,0 1.3234788,47.5884453,0 1.3234634,47.5892532,0 1.3234637,47.5892796,0 1.3234710,47.5902160,0 1.3234724,47.5902741,0 1.3234783,47.5905352,0 1.3234803,47.5906206,0 1.3234803,47.5906207,0 1.3234892,47.5910114,0 1.3234905,47.5910468,0 1.3235013,47.5913546,0 1.3235081,47.5917568,0 1.3235010,47.5920166,0 1.3235153,47.5923211,0 1.3235437,47.5926817,0 1.3235604,47.5928083,0 1.3235866,47.5929670,0 1.3236223,47.5931225,0 1.3236674,47.5932956,0 1.3236873,47.5933580,0 1.3237696,47.5936178,0 1.3238410,47.5938214,0 1.3239017,47.5939591,0 1.3239598,47.5940906,0 1.3241617,47.5945042,0 1.3242688,47.5946853,0 1.3243686,47.5948472,0 1.3244588,47.5949915,0 1.3245943,47.5952046,0 1.3247227,47.5953633,0 1.3248820,47.5955509,0 1.3250603,47.5957608,0 1.3252290,47.5959371,0 1.3254120,47.5961102,0 1.3257209,47.5963811,0 1.3259443,47.5965718,0 1.3260456,47.5966480,0 1.3262106,47.5967721,0 1.3264554,47.5969340,0 1.3266907,47.5970815,0 1.3270710,47.5973171,0 1.3276580,47.5976601,0 1.3282689,47.5980143,0 1.3285532,47.5981770,0 1.3287343,47.5982716,0 1.3288892,47.5983525,0 1.3304532,47.5992612,0 1.3318317,47.6000594,0 1.3329440,47.6007068,0 1.3341965,47.6014344,0 1.3348265,47.6017998,0 1.3353041,47.6020803,0 1.3358461,47.6023992,0 1.3371438,47.6031332,0 1.3384058,47.6038736,0 1.3396347,47.6045819,0 1.3412200,47.6054921,0 1.3427602,47.6064072,0 1.3433832,47.6067702,0 1.3439509,47.6071010,0 1.3454032,47.6078766,0 1.3468221,47.6087660,0 1.3480224,47.6094534,0 1.3486333,47.6098139,0 1.3497099,47.6104485,0 1.3504253,47.6108603,0 1.3507272,47.6110301,0 1.3510100,47.6111983,0 1.3515567,47.6115157,0 1.3520131,47.6117912,0 1.3531016,47.6124177,0 1.3532247,47.6124887,0 1.3544205,47.6131783,0 1.3546811,47.6133723,0 1.3565539,47.6144570,0 1.3580561,47.6153335,0 1.3600074,47.6164582,0 1.3610389,47.6170590,0 1.3622248,47.6177463,0 1.3633846,47.6184304,0 1.3647823,47.6192363,0 1.3663178,47.6201319,0 1.3676487,47.6209025,0 1.3688181,47.6215817,0 1.3698902,47.6222018,0 1.3699379,47.6222291,0 1.3710740,47.6228810,0 1.3720270,47.6234288,0 1.3732198,47.6241208,0 1.3746083,47.6249331,0 1.3757253,47.6255595,0 1.3767684,47.6261696,0 1.3784464,47.6271515,0 1.3796231,47.6278356,0 1.3812987,47.6287999,0 1.3822185,47.6293349,0 1.3822847,47.6293733,0 1.3831787,47.6298907,0 1.3847307,47.6307941,0 1.3860427,47.6315517,0 1.3872119,47.6322323,0 1.3873789,47.6323300,0 1.3884550,47.6329594,0 1.3898261,47.6337489,0 1.3911580,47.6345664,0 1.3919908,47.6351468,0 1.3930859,47.6359440,0 1.3942362,47.6367768,0 1.3955364,47.6377344,0 1.3965870,47.6384953,0 1.3979750,47.6395057,0 1.3991753,47.6403849,0 1.4004161,47.6412835,0 1.4013976,47.6419945,0 1.4026419,47.6428991,0 1.4031876,47.6432960,0 1.4034298,47.6434722,0 1.4039666,47.6438610,0 1.4046899,47.6443856,0 1.4057496,47.6451536,0 1.4068900,47.6459692,0 1.4078451,47.6466637,0 1.4081484,47.6468792,0 1.4089631,47.6474726,0 1.4093151,47.6477292,0 1.4103771,47.6485036,0 1.4118054,47.6495347,0 1.4123988,47.6499753,0 1.4123988,47.6499754,0 1.4128962,47.6503447,0 1.4131561,47.6505369,0 1.4135351,47.6508171,0 1.4143438,47.6513581,0 1.4144751,47.6514527,0 1.4158869,47.6524838,0 1.4171705,47.6534108,0 1.4182400,47.6541921,0 1.4194474,47.6550711,0 1.4207474,47.6560125,0 1.4220594,47.6569698,0 1.4233477,47.6579016,0 1.4246002,47.6588157,0 1.4259075,47.6597714,0 1.4269985,47.6605622,0 1.4273529,47.6608110,0 1.4282368,47.6614314,0 1.4295464,47.6624175,0 1.4306754,47.6632371,0 1.4317568,47.6640215,0 1.4329903,47.6649162,0 1.4341003,47.6657246,0 1.4345804,47.6660720,0 1.4354764,47.6667234,0 1.4358591,47.6670003,0 1.4366387,47.6675701,0 1.4370950,47.6679014,0 1.4374664,47.6681725,0 1.4381409,47.6686649,0 1.4391367,47.6693868,0 1.4404345,47.6703311,0 1.4417631,47.6712978,0 1.4429633,47.6721733,0 1.4444845,47.6732791,0 1.4456373,47.6741082,0 1.4468197,47.6749618,0 1.4469523,47.6750586,0 1.4481210,47.6759118,0 1.4492382,47.6767263,0 1.4504028,47.6775713,0 1.4513867,47.6782898,0 1.4521711,47.6788579,0 1.4529197,47.6794037,0 1.4540130,47.6801925,0 1.4548782,47.6808215,0 1.4555438,47.6813015,0 1.4561712,47.6817639,0 1.4563588,47.6818931,0 1.4567702,47.6821767,0 1.4570102,47.6823448,0 1.4573572,47.6825721,0 1.4578991,47.6829097,0 1.4586788,47.6833545,0 1.4593086,47.6836761,0 1.4600740,47.6840361,0 1.4611601,47.6845098,0 1.4614643,47.6846423,0 1.4623318,47.6850202,0 1.4632612,47.6854170,0 1.4646159,47.6860027,0 1.4658138,47.6865211,0 1.4675299,47.6872539,0 1.4689917,47.6878810,0 1.4699542,47.6882987,0 1.4711736,47.6888282,0 1.4722668,47.6892938,0 1.4729561,47.6895946,0 1.4731700,47.6896859,0 1.4740090,47.6900442,0 1.4757204,47.6907833,0 1.4760423,47.6909258,0 1.4764072,47.6910873,0 1.4780804,47.6918089,0 1.4788839,47.6921513,0 1.4799011,47.6925863,0 1.4815221,47.6932823,0 1.4823635,47.6936503,0 1.4833760,47.6940854,0 1.4847283,47.6946613,0 1.4864467,47.6954020,0 1.4880820,47.6961059,0 1.4893654,47.6966642,0 1.4901355,47.6970081,0 1.4910191,47.6974079,0 1.4919586,47.6978496,0 1.4921815,47.6979575,0 1.4929496,47.6983295,0 1.4936413,47.6986750,0 1.4940882,47.6989086,0 1.4947132,47.6992349,0 1.4955974,47.6997068,0 1.4967858,47.7003610,0 1.4972779,47.7006441,0 1.4982143,47.7011896,0 1.4989701,47.7016375,0 1.4999328,47.7022165,0 1.5010117,47.7028531,0 1.5023071,47.7036129,0 1.5029251,47.7039760,0 1.5030090,47.7040247,0 1.5036357,47.7043887,0 1.5046911,47.7049996,0 1.5052929,47.7053631,0 1.5062734,47.7059552,0 1.5078367,47.7068992,0 1.5082435,47.7071414,0 1.5088776,47.7075163,0 1.5089046,47.7075320,0 1.5089565,47.7075629,0 1.5089930,47.7075847,0 1.5089931,47.7075847,0 1.5122690,47.7095383,0 1.5126839,47.7097858,0 1.5141361,47.7106431,0 1.5147369,47.7110007,0 1.5155812,47.7115034,0 1.5169502,47.7123111,0 1.5184690,47.7132162,0 1.5189407,47.7134965,0 1.5199735,47.7141102,0 1.5214757,47.7149929,0 1.5229635,47.7158980,0 1.5231540,47.7160089,0 1.5242541,47.7166496,0 1.5249862,47.7170814,0 1.5256493,47.7174779,0 1.5263433,47.7178905,0 1.5271562,47.7183734,0 1.5284801,47.7191585,0 1.5291422,47.7195540,0 1.5297517,47.7199181,0 1.5299554,47.7200377,0 1.5302786,47.7202275,0 1.5310209,47.7206632,0 1.5310570,47.7206846,0 1.5318302,47.7211869,0 1.5326187,47.7216540,0 1.5337572,47.7223351,0 1.5352878,47.7232448,0 1.5357100,47.7234955,0 1.5366853,47.7240747,0 1.5383207,47.7250420,0 1.5397516,47.7258895,0 1.5410729,47.7266712,0 1.5423421,47.7274337,0 1.5429887,47.7278175,0 1.5441224,47.7284906,0 1.5458839,47.7295363,0 1.5472486,47.7303311,0 1.5476707,47.7305688,0 1.5488247,47.7312186,0 1.5507694,47.7322851,0 1.5522145,47.7330732,0 1.5527243,47.7333516,0 1.5537453,47.7339093,0 1.5554351,47.7348285,0 1.5569453,47.7356547,0 1.5571559,47.7357700,0 1.5590312,47.7367867,0 1.5602054,47.7374341,0 1.5617622,47.7382813,0 1.5633547,47.7391460,0 1.5655246,47.7403288,0 1.5658304,47.7404958,0 1.5673618,47.7413325,0 1.5684765,47.7419448,0 1.5698172,47.7426752,0 1.5713499,47.7435094,0 1.5733715,47.7446388,0 1.5749534,47.7456034,0 1.5766739,47.7466821,0 1.5774633,47.7471760,0 1.5781143,47.7475834,0 1.5797328,47.7486062,0 1.5813254,47.7496050,0 1.5830461,47.7506837,0 1.5845459,47.7516281,0 1.5860575,47.7525758,0 1.5877213,47.7536161,0 1.5891664,47.7545237,0 1.5904783,47.7553482,0 1.5912635,47.7558393,0 1.5913865,47.7559157,0 1.5922547,47.7564546,0 1.5928534,47.7568267,0 1.5937730,47.7574115,0 1.5949070,47.7581339,0 1.5954277,47.7584535,0 1.5965471,47.7591597,0 1.5971199,47.7595112,0 1.5980657,47.7601070,0 1.5989404,47.7606583,0 1.6001907,47.7614381,0 1.6013164,47.7621405,0 1.6018153,47.7624823,0 1.6019029,47.7625387,0 1.6026052,47.7629925,0 1.6027391,47.7630760,0 1.6029514,47.7632027,0 1.6033384,47.7634229,0 1.6043098,47.7640296,0 1.6049085,47.7643985,0 1.6053913,47.7647067,0 1.6062347,47.7652452,0 1.6075850,47.7660890,0 1.6089800,47.7669435,0 1.6105131,47.7679244,0 1.6113736,47.7684516,0 1.6128469,47.7693828,0 1.6132037,47.7696083,0 1.6140213,47.7701098,0 1.6145605,47.7704515,0 1.6152900,47.7709146,0 1.6158910,47.7713027,0 1.6167916,47.7718919,0 1.6173357,47.7722528,0 1.6177099,47.7725090,0 1.6184282,47.7730011,0 1.6185177,47.7730624,0 1.6205809,47.7745213,0 1.6214723,47.7751709,0 1.6223046,47.7757842,0 1.6234097,47.7766249,0 1.6235011,47.7766961,0 1.6236229,47.7767910,0 1.6242584,47.7772800,0 1.6247116,47.7776338,0 1.6256542,47.7783686,0 1.6258835,47.7784992,0 1.6262383,47.7787812,0 1.6265806,47.7790495,0 1.6266407,47.7791003,0 1.6268016,47.7792364,0 1.6275051,47.7797810,0 1.6279493,47.7801339,0 1.6279614,47.7801436,0 1.6285508,47.7805940,0 1.6289264,47.7808767,0 1.6297036,47.7814868,0 1.6304452,47.7820857,0 1.6306623,47.7822557,0 1.6307612,47.7823333,0 1.6311225,47.7826175,0 1.6317263,47.7830935,0 1.6324868,47.7836876,0 1.6328315,47.7839590,0 1.6333972,47.7844063,0 1.6337680,47.7847017,0 1.6344738,47.7852494,0 1.6347491,47.7854628,0 1.6351393,47.7857653,0 1.6362184,47.7866117,0 1.6370170,47.7872313,0 1.6373902,47.7875474,0 1.6382149,47.7882102,0 1.6387972,47.7886605,0 1.6395958,47.7892993,0 1.6404515,47.7899508,0 1.6411598,47.7905240,0 1.6415781,47.7908402,0 1.6425051,47.7915604,0 1.6426683,47.7916905,0 1.6433954,47.7922704,0 1.6434462,47.7923108,0 1.6437599,47.7925590,0 1.6437600,47.7925591,0 1.6444506,47.7931055,0 1.6452384,47.7937064,0 1.6462485,47.7945191,0 1.6467690,47.7949343,0 1.6469551,47.7950799,0 1.6473917,47.7954213,0 1.6477815,47.7957310,0 1.6486586,47.7964032,0 1.6491149,47.7967704,0 1.6495783,47.7971457,0 1.6500371,47.7974921,0 1.6506646,47.7979871,0 1.6509402,47.7982122,0 1.6515108,47.7986577,0 1.6521002,47.7991175,0 1.6525041,47.7994400,0 1.6528821,47.7997306,0 1.6532885,47.8000579,0 1.6536997,47.8003739,0 1.6541727,47.8007364,0 1.6545910,47.8010700,0 1.6549665,47.8013669,0 1.6559458,47.8021301,0 1.6562928,47.8024031,0 1.6571651,47.8030848,0 1.6575953,47.8034232,0 1.6584248,47.8040666,0 1.6587694,47.8043460,0 1.6593981,47.8048372,0 1.6595847,47.8049829,0 1.6600576,47.8053453,0 1.6610107,47.8061051,0 1.6620637,47.8069304,0 1.6624130,47.8072099,0 1.6631807,47.8078116,0 1.6635420,47.8080846,0 1.6642669,47.8086625,0 1.6646234,47.8089354,0 1.6652224,47.8094159,0 1.6657310,47.8098181,0 1.6661001,47.8101026,0 1.6663894,47.8103258,0 1.6666794,47.8105620,0 1.6674756,47.8111702,0 1.6676562,47.8113090,0 1.6680389,47.8116235,0 1.6683425,47.8118652,0 1.6686925,47.8121438,0 1.6691417,47.8125125,0 1.6698215,47.8130376,0 1.6700545,47.8132212,0 1.6704371,47.8135229,0 1.6711311,47.8140560,0 1.6720176,47.8147439,0 1.6722306,47.8149121,0 1.6729494,47.8154797,0 1.6732440,47.8157068,0 1.6740343,47.8163250,0 1.6743839,47.8165984,0 1.6754355,47.8174253,0 1.6764393,47.8182124,0 1.6768956,47.8185707,0 1.6777386,47.8192367,0 1.6780832,47.8195080,0 1.6790768,47.8202821,0 1.6794617,47.8205933,0 1.6800122,47.8210196,0 1.6800203,47.8210261,0 1.6803415,47.8212789,0 1.6807266,47.8215806,0 1.6814750,47.8221604,0 1.6817406,47.8223743,0 1.6819289,47.8225259,0 1.6828178,47.8232117,0 1.6833289,47.8236190,0 1.6840084,47.8241525,0 1.6850235,47.8249546,0 1.6853562,47.8252132,0 1.6863727,47.8259865,0 1.6868350,47.8263280,0 1.6878407,47.8270660,0 1.6884258,47.8274935,0 1.6892124,47.8280703,0 1.6897172,47.8284408,0 1.6903647,47.8289173,0 1.6914820,47.8297340,0 1.6918442,47.8300029,0 1.6920270,47.8301387,0 1.6924272,47.8304390,0 1.6924820,47.8304799,0 1.6927932,47.8306997,0 1.6938162,47.8314400,0 1.6940576,47.8316246,0 1.6948348,47.8322070,0 1.6953649,47.8325947,0 1.6960826,47.8331212,0 1.6963157,47.8332951,0 1.6969075,47.8337212,0 1.6973990,47.8340855,0 1.6978763,47.8344384,0 1.6986567,47.8350094,0 1.6990267,47.8352818,0 1.6998321,47.8358743,0 1.6999568,47.8359661,0 1.7001303,47.8360936,0 1.7005606,47.8364015,0 1.7016159,47.8371609,0 1.7021316,47.8375502,0 1.7027809,47.8380213,0 1.7028946,47.8381038,0 1.7034864,47.8385393,0 1.7041709,47.8390339,0 1.7045964,47.8393561,0 1.7050644,47.8396833,0 1.7052856,47.8398379,0 1.7055661,47.8400549,0 1.7063385,47.8406388,0 1.7067355,47.8409211,0 1.7068828,47.8410293,0 1.7070135,47.8411254,0 1.7074818,47.8414683,0 1.7078311,47.8417028,0 1.7082305,47.8419772,0 1.7084849,47.8421463,0 1.7088271,47.8423681,0 1.7095021,47.8427732,0 1.7101960,47.8431593,0 1.7108046,47.8434767,0 1.7114201,47.8437894,0 1.7121451,47.8441579,0 1.7124412,47.8443071,0 1.7128605,47.8445184,0 1.7140465,47.8451054,0 1.7157744,47.8459748,0 1.7173193,47.8467548,0 1.7182035,47.8472061,0 1.7193158,47.8477597,0 1.7200027,47.8480994,0 1.7211151,47.8486560,0 1.7221157,47.8491633,0 1.7224365,47.8493276,0 1.7231733,47.8496896,0 1.7235974,47.8499037,0 1.7236404,47.8499254,0 1.7240361,47.8501251,0 1.7249156,47.8505653,0 1.7257379,47.8509753,0 1.7266672,47.8514441,0 1.7275372,47.8518747,0 1.7290441,47.8526451,0 1.7297262,47.8529897,0 1.7309193,47.8535845,0 1.7323478,47.8543022,0 1.7328588,47.8545574,0 1.7341850,47.8552321,0 1.7347745,47.8555191,0 1.7356824,47.8559816,0 1.7363812,47.8563309,0 1.7372846,47.8567814,0 1.7375197,47.8568986,0 1.7378501,47.8570645,0 1.7389291,47.8576114,0 1.7394877,47.8578874,0 1.7405406,47.8584120,0 1.7410944,47.8586927,0 1.7420712,47.8591808,0 1.7425870,47.8594423,0 1.7433167,47.8598106,0 1.7438063,47.8600498,0 1.7449865,47.8606500,0 1.7452395,47.8607786,0 1.7458670,47.8610928,0 1.7468605,47.8615919,0 1.7472907,47.8618120,0 1.7486170,47.8624753,0 1.7492179,47.8627715,0 1.7497364,47.8630270,0 1.7500834,47.8632008,0 1.7508607,47.8635932,0 1.7518683,47.8640970,0 1.7525125,47.8644223,0 1.7537057,47.8650234,0 1.7541287,47.8652323,0 1.7549345,47.8656389,0 1.7555216,47.8659355,0 1.7560182,47.8661859,0 1.7567314,47.8665446,0 1.7573137,47.8668300,0 1.7579021,47.8671258,0 1.7580053,47.8671776,0 1.7584402,47.8673960,0 1.7588017,47.8675790,0 1.7591366,47.8677484,0 1.7593448,47.8678572,0 1.7593449,47.8678572,0 1.7595764,47.8679780,0 1.7597163,47.8680473,0 1.7601682,47.8682714,0 1.7602556,47.8683134,0 1.7604772,47.8684197,0 1.7608574,47.8686142,0 1.7611925,47.8687832,0 1.7617843,47.8690702,0 1.7621124,47.8692393,0 1.7626305,47.8694864,0 1.7633507,47.8698164,0 1.7639330,47.8700843,0 1.7643037,47.8702516,0 1.7646651,47.8704111,0 1.7649002,47.8705154,0 1.7651285,47.8706168,0 1.7660151,47.8710042,0 1.7665997,47.8712577,0 1.7667851,47.8713279,0 1.7670869,47.8714474,0 1.7672964,47.8715319,0 1.7674030,47.8715750,0 1.7678642,47.8717632,0 1.7684133,47.8719863,0 1.7690478,47.8722382,0 1.7695922,47.8724535,0 1.7700984,47.8726496,0 1.7703480,47.8727437,0 1.7708019,47.8729062,0 1.7713557,47.8731119,0 1.7718382,47.8732841,0 1.7724324,47.8734977,0 1.7733379,47.8738182,0 1.7740011,47.8740589,0 1.7744693,47.8742231,0 1.7752109,47.8744909,0 1.7757671,47.8746855,0 1.7761735,47.8748305,0 1.7771028,47.8751621,0 1.7771772,47.8751890,0 1.7776851,47.8753726,0 1.7782911,47.8755894,0 1.7788831,47.8758078,0 1.7794938,47.8760230,0 1.7798766,47.8761633,0 1.7804802,47.8763786,0 1.7809246,47.8765331,0 1.7811789,47.8766272,0 1.7818849,47.8768807,0 1.7827262,47.8771804,0 1.7837269,47.8775359,0 1.7838690,47.8775871,0 1.7856094,47.8782134,0 1.7869594,47.8786916,0 1.7887919,47.8793516,0 1.7893385,47.8795445,0 1.7907504,47.8800402,0 1.7913635,47.8802602,0 1.7922620,47.8805774,0 1.7928328,47.8807847,0 1.7933506,47.8809728,0 1.7950975,47.8815945,0 1.7960292,47.8819244,0 1.7973055,47.8823835,0 1.7984512,47.8827931,0 1.7990833,47.8830211,0 1.7997583,47.8832602,0 1.8009064,47.8836683,0 1.8012539,47.8837935,0 1.8018524,47.8840093,0 1.8029077,47.8843839,0 1.8039963,47.8847745,0 1.8052369,47.8852175,0 1.8062423,47.8855809,0 1.8069126,47.8858201,0 1.8084503,47.8863706,0 1.8088402,47.8865102,0 1.8106892,47.8871717,0 1.8124766,47.8878045,0 1.8140287,47.8883606,0 1.8146632,47.8885942,0 1.8147345,47.8886205,0 1.8166383,47.8892962,0 1.8183993,47.8899261,0 1.8188796,47.8900979,0 1.8209902,47.8908597,0 1.8229107,47.8915419,0 1.8247789,47.8922080,0 1.8260002,47.8926433,0 1.8262905,47.8927467,0 1.8281753,47.8934224,0 1.8299222,47.8940456,0 1.8305758,47.8942782,0 1.8327458,47.8950559,0 1.8347543,47.8957762,0 1.8366890,47.8964631,0 1.8370010,47.8965756,0 1.8375992,47.8967913,0 1.8390824,47.8973188,0 1.8408175,47.8979387,0 1.8429637,47.8987036,0 1.8450956,47.8994636,0 1.8466953,47.9000341,0 1.8473489,47.9002667,0 1.8478290,47.9004596,0 1.8498944,47.9011941,0 1.8502981,47.9013368,0 1.8518387,47.9018809,0 1.8537734,47.9025693,0 1.8553967,47.9031445,0 1.8568941,47.9036782,0 1.8577545,47.9039825,0 1.8590071,47.9044287,0 1.8590491,47.9044435,0 1.8603428,47.9049004,0 1.8616405,47.9053704,0 1.8622276,47.9055759,0 1.8631261,47.9058993,0 1.8656716,47.9068090,0 1.8669836,47.9072743,0 1.8682124,47.9077172,0 1.8686911,47.9078868,0 1.8693413,47.9081171,0 1.8701946,47.9084231,0 1.8715185,47.9088994,0 1.8725333,47.9092642,0 1.8733757,47.9095697,0 1.8734342,47.9095909,0 1.8741924,47.9098585,0 1.8745156,47.9099764,0 1.8756351,47.9103763,0 1.8773346,47.9109801,0 1.8782614,47.9113059,0 1.8783993,47.9113544,0 1.8793809,47.9117001,0 1.8802675,47.9120140,0 1.8813750,47.9124090,0 1.8820063,47.9126337,0 1.8822212,47.9127101,0 1.8831386,47.9130431,0 1.8838279,47.9132884,0 1.8845766,47.9135577,0 1.8852563,47.9138078,0 1.8860476,47.9140812,0 1.8862450,47.9141582,0 1.8866611,47.9143080,0 1.8878233,47.9147253,0 1.8891852,47.9152081,0 1.8908252,47.9157958,0 1.8918139,47.9161495,0 1.8922982,47.9163226,0 1.8925674,47.9164187,0 1.8930812,47.9166000,0 1.8930813,47.9166000,0 1.8931591,47.9166274,0 1.8937130,47.9168137,0 1.8938413,47.9168520,0 1.8940790,47.9169253,0 1.8942399,47.9169684,0 1.8943405,47.9169953,0 1.8944878,47.9170336,0 1.8946708,47.9170734,0 1.8947683,47.9170925,0 1.8949941,47.9171387,0 1.8951438,47.9171658,0 1.8952864,47.9171897,0 1.8954599,47.9172167,0 1.8955764,47.9172311,0 1.8957237,47.9172518,0 1.8958996,47.9172725,0 1.8960256,47.9172869,0 1.8962348,47.9173044,0 1.8963417,47.9173092,0 1.8966864,47.9173251,0 1.8970620,47.9173362,0 1.8977684,47.9173318,0 1.8983437,47.9173263,0 1.8985371,47.9173107,0 1.8989269,47.9172837,0 1.8990981,47.9172693,0 1.8994592,47.9172200,0 1.8998158,47.9171547,0 1.9002673,47.9170543,0 1.9005764,47.9169794,0 1.9007974,47.9169188,0 1.9010631,47.9168313,0 1.9012181,47.9167803,0 1.9013632,47.9167341,0 1.9016294,47.9166417,0 1.9018480,47.9165509,0 1.9020381,47.9164681,0 1.9022662,47.9163582,0 1.9025063,47.9162355,0 1.9027179,47.9161208,0 1.9029198,47.9160029,0 1.9030651,47.9159079,0 1.9034310,47.9156684,0 1.9039324,47.9152988,0 1.9041653,47.9151172,0 1.9044886,47.9148671,0 1.9046240,47.9147413,0 1.9047428,47.9146011,0 1.9048760,47.9143956,0 1.9049308,47.9142978,0 1.9050043,47.9141662,0 1.9050590,47.9140356,0 1.9050970,47.9139034,0 1.9051256,47.9137838,0 1.9051541,47.9136278,0 1.9051821,47.9134606,0 1.9051853,47.9133998,0 1.9051875,47.9131980,0 1.9051881,47.9129322,0 1.9051804,47.9128457,0 1.9051707,47.9127384,0 1.9051701,47.9127324,0 1.9051700,47.9127323,0 1.9051583,47.9126198,0 1.9051502,47.9121518,0 1.9051359,47.9120173,0 1.9050624,47.9114853,0 1.9050135,47.9111317,0 1.9049707,47.9106941,0 1.9049390,47.9103695,0 1.9049256,47.9102319,0 1.9049256,47.9102318,0 1.9049136,47.9101088,0 1.9049089,47.9100611,0 1.9048657,47.9096317,0 1.9048020,47.9090000,0 1.9047935,47.9089127,0 1.9047935,47.9089126,0 1.9047872,47.9088492,0 1.9047872,47.9088490,0 1.9047707,47.9086805,0 1.9047384,47.9083487,0 1.9047295,47.9082683,0 1.9047170,47.9081564,0</coordinates>
      </LineString>
    </Placemark>
    <Placemark>
      <name>K39 - Tours ↔ Le Mans ↔ Caen</name>
      <styleUrl>#REMI_K39</styleUrl>
      <MultiGeometry>
        <LineString>
          <tessellate>1</tessellate>
          <coordinates>0.6938082,47.3893150,0 0.6939291,47.3892121,0 0.6940649,47.3890964,0 0.6941065,47.3890610,0 0.6941719,47.3890054,0 0.6942274,47.3889581,0 0.6942279,47.3889576,0 0.6942583,47.3889319,0 0.6943866,47.3888227,0 0.6946453,47.3886026,0 0.6948987,47.3883871,0 0.6950445,47.3882641,0 0.6956435,47.3877154,0 0.6961062,47.3872682,0 0.6961789,47.3871979,0 0.6962329,47.3871457,0 0.6963049,47.3870748,0 0.6964351,47.3869467,0 0.6966940,47.3866919,0 0.6970510,47.3863630,0 0.6970511,47.3863629,0 0.6971064,47.3863121,0 0.6971064,47.3863120,0 0.6972478,47.3861818,0 0.6973627,47.3860803,0 0.6975211,47.3859404,0 0.6975535,47.3859116,0 0.6975797,47.3858883,0 0.6976763,47.3858026,0 0.6976764,47.3858026,0 0.6979970,47.3855180,0 0.6983043,47.3852432,0 0.6986810,47.3848896,0 0.6988451,47.3847383,0 0.6990352,47.3845790,0 0.6994463,47.3842459,0 0.6998053,47.3839497,0 0.7001690,47.3836440,0 0.7006252,47.3832577,0 0.7009223,47.3830083,0 0.7012409,47.3827234,0 0.7015522,47.3824112,0 0.7018161,47.3821264,0 0.7021036,47.3817853,0 0.7024126,47.3813926,0 0.7025196,47.3812477,0 0.7027715,47.3808872,0 0.7029213,47.3805975,0 0.7030044,47.3804044,0 0.7030425,47.3802627,0 0.7030710,47.3801067,0 0.7030781,47.3799361,0 0.7030734,47.3797461,0 0.7030401,47.3795836,0 0.7029902,47.3794114,0 0.7029189,47.3792392,0 0.7028309,47.3790670,0 0.7026908,47.3788658,0 0.7024816,47.3786389,0 0.7022582,47.3784473,0 0.7020679,47.3783138,0 0.7018968,47.3782075,0 0.7016568,47.3780788,0 0.7013896,47.3779640,0 0.7011886,47.3778776,0 0.7005849,47.3776313,0 0.6999764,47.3773786,0 0.6990470,47.3769988,0 0.6985051,47.3767735,0 0.6980085,47.3765545,0 0.6967573,47.3759211,0 0.6962153,47.3756296,0 0.6962152,47.3756296,0 0.6962128,47.3756283,0 0.6958467,47.3754416,0 0.6953143,47.3751615,0 0.6947106,47.3748589,0 0.6944729,47.3747495,0 0.6942424,47.3746497,0 0.6938787,47.3745000,0 0.6935864,47.3743889,0 0.6933250,47.3742988,0 0.6930630,47.3742195,0 0.6930629,47.3742195,0 0.6928520,47.3741556,0 0.6922982,47.3740172,0 0.6920005,47.3739512,0 0.6916761,47.3738889,0 0.6911843,47.3738077,0 0.6907705,47.3737588,0 0.6902998,47.3737242,0 0.6896898,47.3736965,0 0.6892473,47.3736844,0 0.6885433,47.3736645,0 0.6880203,47.3736598,0 0.6875477,47.3736701,0 0.6872219,47.3736849,0 0.6867665,47.3737181,0 0.6864300,47.3737531,0 0.6860672,47.3737969,0 0.6855690,47.3738743,0 0.6849246,47.3739980,0 0.6842341,47.3741645,0 0.6837373,47.3742947,0 0.6831957,47.3744450,0 0.6825991,47.3746106,0 0.6814226,47.3749316,0 0.6807520,47.3751193,0 0.6795475,47.3754545,0 0.6787339,47.3756800,0 0.6776593,47.3759657,0 0.6770181,47.3761413,0 0.6764419,47.3762965,0 0.6758313,47.3764622,0 0.6751332,47.3766556,0 0.6746110,47.3767990,0 0.6732578,47.3771737,0 0.6721030,47.3774903,0 0.6701044,47.3780095,0 0.6690554,47.3782785,0 0.6686114,47.3783884,0 0.6684193,47.3784360,0 0.6673639,47.3787192,0 0.6663009,47.3790165,0 0.6657524,47.3791699,0 0.6636158,47.3797493,0 0.6615670,47.3803142,0 0.6598771,47.3807793,0 0.6586198,47.3811270,0 0.6580996,47.3812695,0 0.6575715,47.3814199,0 0.6572792,47.3815099,0 0.6569274,47.3816258,0 0.6565615,47.3817610,0 0.6562809,47.3818672,0 0.6560076,47.3819767,0 0.6553707,47.3822519,0 0.6548168,47.3825238,0 0.6544844,47.3827035,0 0.6543938,47.3827524,0 0.6538138,47.3831000,0 0.6532696,47.3834605,0 0.6527182,47.3838885,0 0.6522998,47.3842410,0 0.6522305,47.3843077,0 0.6519838,47.3845452,0 0.6515274,47.3850182,0 0.6511281,47.3855316,0 0.6509570,47.3857618,0 0.6507002,47.3861213,0 0.6505851,47.3863377,0 0.6505848,47.3863385,0 0.6505078,47.3864682,0 0.6502463,47.3869767,0 0.6500752,47.3873822,0 0.6498256,47.3880660,0 0.6496307,47.3886534,0 0.6493716,47.3894354,0 0.6492456,47.3898072,0 0.6490009,47.3905795,0 0.6488654,47.3909544,0 0.6486158,47.3916608,0 0.6485547,47.3918385,0 0.6482902,47.3926069,0 0.6481357,47.3930574,0 0.6478149,47.3939006,0 0.6475344,47.3947292,0 0.6473870,47.3951346,0 0.6470329,47.3961547,0 0.6467165,47.3970784,0 0.6466360,47.3973131,0 0.6464197,47.3979631,0 0.6462604,47.3984152,0 0.6458920,47.3995076,0 0.6455332,47.4004922,0 0.6453073,47.4010520,0 0.6452122,47.4012788,0 0.6450792,47.4015330,0 0.6449461,47.4017535,0 0.6447487,47.4020671,0 0.6445443,47.4023503,0 0.6442877,47.4026640,0 0.6440287,47.4029407,0 0.6436685,47.4033004,0 0.6434065,47.4035318,0 0.6432214,47.4036844,0 0.6428399,47.4039712,0 0.6424071,47.4042569,0 0.6419210,47.4045470,0 0.6410933,47.4049950,0 0.6404064,47.4053569,0 0.6393558,47.4059086,0 0.6387165,47.4062738,0 0.6382768,47.4065376,0 0.6378062,47.4068673,0 0.6373831,47.4072019,0 0.6369125,47.4076266,0 0.6367034,47.4078325,0 0.6364792,47.4080761,0 0.6362297,47.4083881,0 0.6360181,47.4087002,0 0.6358256,47.4090186,0 0.6356450,47.4093773,0 0.6354620,47.4097585,0 0.6353407,47.4101012,0 0.6352505,47.4104357,0 0.6351744,47.4108394,0 0.6351221,47.4111740,0 0.6350840,47.4115439,0 0.6350627,47.4120506,0 0.6350223,47.4127374,0 0.6350080,47.4131668,0 0.6349699,47.4138552,0 0.6349689,47.4138779,0 0.6349486,47.4143297,0 0.6349153,47.4153333,0 0.6348987,47.4155987,0 0.6348536,47.4163562,0 0.6348416,47.4166489,0 0.6347917,47.4174305,0 0.6347775,47.4176540,0 0.6347537,47.4183488,0 0.6347419,47.4186737,0 0.6346800,47.4196032,0 0.6346749,47.4196799,0 0.6346634,47.4198509,0 0.6346325,47.4206727,0 0.6345992,47.4213368,0 0.6345754,47.4218192,0 0.6345612,47.4221313,0 0.6345493,47.4225123,0 0.6345612,47.4228742,0 0.6346017,47.4232199,0 0.6346397,47.4234772,0 0.6347157,47.4238551,0 0.6347870,47.4241365,0 0.6349390,47.4246045,0 0.6350674,47.4249405,0 0.6351958,47.4252252,0 0.6353194,47.4254937,0 0.6354477,47.4257317,0 0.6356593,47.4260758,0 0.6359231,47.4264263,0 0.6362915,47.4268911,0 0.6365411,47.4271628,0 0.6373635,47.4279523,0 0.6377485,47.4283157,0 0.6383118,47.4288319,0 0.6386968,47.4291791,0 0.6388802,47.4293472,0 0.6392871,47.4297761,0 0.6394504,47.4299268,0 0.6396532,47.4301139,0 0.6400186,47.4304464,0 0.6403209,47.4307216,0 0.6408076,47.4311775,0 0.6414168,47.4317886,0 0.6414168,47.4317887,0 0.6414994,47.4318716,0 0.6415098,47.4318833,0 0.6418081,47.4322199,0 0.6421082,47.4326084,0 0.6423734,47.4330377,0 0.6425204,47.4332878,0 0.6427457,47.4337067,0 0.6429177,47.4340402,0 0.6429619,47.4341262,0 0.6431946,47.4345666,0 0.6433914,47.4350043,0 0.6435623,47.4354202,0 0.6438663,47.4361932,0 0.6440066,47.4365614,0 0.6444225,47.4376112,0 0.6445624,47.4379797,0 0.6446165,47.4381708,0 0.6446852,47.4384961,0 0.6447303,47.4387447,0 0.6447800,47.4390619,0 0.6448132,47.4394255,0 0.6448249,47.4398068,0 0.6448207,47.4399776,0 0.6448084,47.4404818,0 0.6447776,47.4407408,0 0.6446851,47.4413026,0 0.6446139,47.4416752,0 0.6444783,47.4423811,0 0.6443625,47.4430235,0 0.6443333,47.4431846,0 0.6442408,47.4436344,0 0.6440721,47.4444253,0 0.6439911,47.4448263,0 0.6439292,47.4452563,0 0.6439170,47.4453573,0 0.6438720,47.4457312,0 0.6438173,47.4463620,0 0.6437840,47.4468816,0 0.6437626,47.4473769,0 0.6437435,47.4478500,0 0.6437459,47.4482960,0 0.6437531,47.4486485,0 0.6437769,47.4490703,0 0.6438078,47.4494745,0 0.6438531,47.4498512,0 0.6438935,47.4501441,0 0.6439838,47.4507501,0 0.6440504,47.4512068,0 0.6441362,47.4517076,0 0.6442243,47.4520848,0 0.6443148,47.4524210,0 0.6444289,47.4528541,0 0.6444978,47.4531151,0 0.6446094,47.4535457,0 0.6448065,47.4543374,0 0.6448776,47.4546822,0 0.6449512,47.4551009,0 0.6450152,47.4555690,0 0.6450341,47.4558395,0 0.6450579,47.4564301,0 0.6450555,47.4568049,0 0.6450451,47.4569583,0 0.6450200,47.4573258,0 0.6449631,47.4577873,0 0.6448825,47.4582022,0 0.6447688,47.4586716,0 0.6445742,47.4592732,0 0.6444033,47.4597772,0 0.6442186,47.4602577,0 0.6438604,47.4609826,0 0.6436327,47.4614089,0 0.6433936,47.4617948,0 0.6430543,47.4622952,0 0.6426961,47.4627796,0 0.6425324,47.4629881,0 0.6421686,47.4634478,0 0.6418594,47.4638498,0 0.6413295,47.4645535,0 0.6410776,47.4648780,0 0.6405762,47.4655255,0 0.6399226,47.4663722,0 0.6395803,47.4668076,0 0.6390692,47.4674713,0 0.6389457,47.4676292,0 0.6386811,47.4679679,0 0.6384472,47.4682970,0 0.6381519,47.4687719,0 0.6378779,47.4692309,0 0.6376348,47.4697208,0 0.6373965,47.4702506,0 0.6371036,47.4710395,0 0.6369558,47.4715570,0 0.6368200,47.4721830,0 0.6367319,47.4726499,0 0.6366604,47.4732250,0 0.6366436,47.4735811,0 0.6366342,47.4738309,0 0.6366436,47.4742222,0 0.6366675,47.4747325,0 0.6367341,47.4753040,0 0.6368150,47.4758249,0 0.6368983,47.4763790,0 0.6369654,47.4768375,0 0.6369767,47.4769142,0 0.6370907,47.4776015,0 0.6371454,47.4780349,0 0.6372856,47.4790021,0 0.6373451,47.4794373,0 0.6374852,47.4805304,0 0.6375160,47.4810143,0 0.6375326,47.4816219,0 0.6375065,47.4822021,0 0.6374520,47.4828325,0 0.6373879,47.4833263,0 0.6373167,47.4837624,0 0.6372170,47.4842611,0 0.6370817,47.4848372,0 0.6368798,47.4856304,0 0.6367680,47.4860577,0 0.6365826,47.4867917,0 0.6364210,47.4874325,0 0.6362358,47.4881367,0 0.6361196,47.4884892,0 0.6360202,47.4887724,0 0.6360130,47.4887890,0 0.6359092,47.4890293,0 0.6356983,47.4894391,0 0.6355254,47.4897419,0 0.6354047,47.4899418,0 0.6352413,47.4901864,0 0.6349949,47.4905242,0 0.6346872,47.4909034,0 0.6344126,47.4912023,0 0.6341238,47.4914903,0 0.6337895,47.4917962,0 0.6335387,47.4920169,0 0.6332475,47.4922473,0 0.6329632,47.4924634,0 0.6325961,47.4927226,0 0.6324994,47.4927851,0 0.6322152,47.4929689,0 0.6317887,47.4932201,0 0.6312820,47.4935002,0 0.6308030,47.4937309,0 0.6299967,47.4941261,0 0.6289889,47.4946369,0 0.6284873,47.4948858,0 0.6282638,47.4949967,0 0.6274057,47.4954368,0 0.6267525,47.4957658,0 0.6262976,47.4959883,0 0.6258456,47.4961850,0 0.6252979,47.4964028,0 0.6247925,47.4965920,0 0.6241960,47.4968087,0 0.6233065,47.4971381,0 0.6225401,47.4974356,0 0.6220604,47.4976356,0 0.6215327,47.4978856,0 0.6213556,47.4979813,0 0.6210665,47.4981376,0 0.6204291,47.4985392,0 0.6199519,47.4988922,0 0.6196102,47.4991618,0 0.6193114,47.4994412,0 0.6190203,47.4997378,0 0.6187459,47.5000393,0 0.6184762,47.5003731,0 0.6182349,47.5007088,0 0.6180296,47.5010506,0 0.6177942,47.5014700,0 0.6175137,47.5019646,0 0.6172735,47.5024032,0 0.6168457,47.5031738,0 0.6168200,47.5032206,0 0.6162207,47.5043074,0 0.6157903,47.5050862,0 0.6156406,47.5053640,0 0.6151606,47.5062341,0 0.6147398,47.5069936,0 0.6145803,47.5072896,0 0.6144301,47.5075955,0 0.6143441,47.5077877,0 0.6142343,47.5080729,0 0.6140769,47.5085320,0 0.6140290,47.5087373,0 0.6139813,47.5089534,0 0.6139145,47.5094433,0 0.6138929,47.5097965,0 0.6138954,47.5101081,0 0.6139312,47.5105063,0 0.6139765,47.5107917,0 0.6140387,47.5110886,0 0.6141223,47.5113775,0 0.6142201,47.5116580,0 0.6143253,47.5119181,0 0.6145497,47.5123550,0 0.6148233,47.5128176,0 0.6149588,47.5130633,0 0.6151966,47.5134568,0 0.6154362,47.5138816,0 0.6157234,47.5144186,0 0.6158492,47.5146782,0 0.6159813,47.5149923,0 0.6160852,47.5153019,0 0.6161752,47.5156631,0 0.6162249,47.5159252,0 0.6162604,47.5161777,0 0.6162840,47.5164493,0 0.6162935,47.5168214,0 0.6162747,47.5170670,0 0.6162107,47.5175870,0 0.6161042,47.5180485,0 0.6159505,47.5185071,0 0.6157966,47.5188637,0 0.6155782,47.5193287,0 0.6151907,47.5201329,0 0.6147034,47.5211796,0 0.6140047,47.5226672,0 0.6134677,47.5237486,0 0.6130427,47.5245923,0 0.6124491,47.5256455,0 0.6121265,47.5261762,0 0.6120705,47.5262682,0 0.6116632,47.5268833,0 0.6111789,47.5275709,0 0.6109631,47.5278622,0 0.6108493,47.5280049,0 0.6104856,47.5284768,0 0.6101297,47.5289285,0 0.6096789,47.5294381,0 0.6091376,47.5300439,0 0.6086392,47.5305471,0 0.6081835,47.5310007,0 0.6076277,47.5315138,0 0.6069984,47.5321022,0 0.6061485,47.5328235,0 0.6056242,47.5332496,0 0.6046839,47.5339598,0 0.6041596,47.5343394,0 0.6031601,47.5350142,0 0.6026120,47.5353634,0 0.6015073,47.5360339,0 0.6013796,47.5361111,0 0.6008846,47.5364109,0 0.5999291,47.5369853,0 0.5985554,47.5378117,0 0.5979509,47.5381710,0 0.5971095,47.5386797,0 0.5962824,47.5391738,0 0.5956025,47.5395798,0 0.5949917,47.5399521,0 0.5932591,47.5409870,0 0.5920944,47.5416881,0 0.5904759,47.5426572,0 0.5895990,47.5431800,0 0.5888264,47.5436407,0 0.5873836,47.5445087,0 0.5860717,47.5452948,0 0.5842867,47.5463665,0 0.5836068,47.5467748,0 0.5826300,47.5473612,0 0.5809426,47.5483767,0 0.5795117,47.5492334,0 0.5777981,47.5502681,0 0.5763341,47.5511407,0 0.5742187,47.5523887,0 0.5726902,47.5533144,0 0.5712016,47.5542051,0 0.5708056,47.5544420,0 0.5691822,47.5554076,0 0.5681610,47.5560215,0 0.5675730,47.5563749,0 0.5663062,47.5571352,0 0.5651512,47.5578281,0 0.5635850,47.5587663,0 0.5622430,47.5595613,0 0.5617944,47.5598271,0 0.5610698,47.5602670,0 0.5608335,47.5603983,0 0.5607517,47.5604419,0 0.5604370,47.5606097,0 0.5599969,47.5608284,0 0.5594540,47.5610736,0 0.5589687,47.5612684,0 0.5585551,47.5614131,0 0.5579521,47.5616128,0 0.5576461,47.5617057,0 0.5571235,47.5618489,0 0.5565675,47.5619700,0 0.5559625,47.5620943,0 0.5552141,47.5622246,0 0.5544361,47.5623669,0 0.5538453,47.5624707,0 0.5528216,47.5626545,0 0.5513100,47.5629139,0 0.5499723,47.5631496,0 0.5498474,47.5631697,0 0.5493021,47.5632579,0 0.5473329,47.5636108,0 0.5454855,47.5639369,0 0.5438905,47.5642052,0 0.5423653,47.5644647,0 0.5420342,47.5645240,0 0.5408897,47.5647288,0 0.5402593,47.5648627,0 0.5394522,47.5650591,0 0.5388700,47.5652392,0 0.5384292,47.5653805,0 0.5381924,47.5654655,0 0.5375715,47.5657077,0 0.5372158,47.5658568,0 0.5368342,47.5660383,0 0.5364837,47.5662094,0 0.5361437,47.5663926,0 0.5357865,47.5666009,0 0.5353485,47.5668712,0 0.5349978,47.5670930,0 0.5347130,47.5672986,0 0.5344224,47.5675169,0 0.5341188,47.5677499,0 0.5337275,47.5680570,0 0.5330374,47.5686086,0 0.5326226,47.5689403,0 0.5325804,47.5689718,0 0.5321786,47.5692725,0 0.5316266,47.5697236,0 0.5310531,47.5701845,0 0.5307281,47.5704483,0 0.5305071,47.5706225,0 0.5302819,47.5707863,0 0.5300104,47.5709753,0 0.5297982,47.5711126,0 0.5295594,47.5712620,0 0.5293645,47.5713800,0 0.5291282,47.5715160,0 0.5289099,47.5716367,0 0.5286736,47.5717518,0 0.5283359,47.5719219,0 0.5279683,47.5720872,0 0.5277365,47.5721861,0 0.5274044,47.5723213,0 0.5273665,47.5723368,0 0.5271192,47.5724284,0 0.5267319,47.5725686,0 0.5260129,47.5727919,0 0.5255257,47.5729370,0 0.5249613,47.5731000,0 0.5241373,47.5733386,0 0.5232651,47.5735921,0 0.5225707,47.5737922,0 0.5216126,47.5740739,0 0.5201954,47.5744905,0 0.5187894,47.5749054,0 0.5174425,47.5752893,0 0.5163938,47.5756037,0 0.5153595,47.5759229,0 0.5152712,47.5759548,0 0.5146164,47.5761907,0 0.5140320,47.5764346,0 0.5135470,47.5766548,0 0.5132843,47.5767851,0 0.5129888,47.5769316,0 0.5124920,47.5772176,0 0.5121501,47.5774408,0 0.5118721,47.5776254,0 0.5116226,47.5778130,0 0.5111621,47.5781638,0 0.5109018,47.5783929,0 0.5106089,47.5786514,0 0.5102914,47.5789594,0 0.5099813,47.5792857,0 0.5095772,47.5796932,0 0.5092193,47.5800634,0 0.5089364,47.5803372,0 0.5086637,47.5805995,0 0.5085963,47.5806642,0 0.5082805,47.5809467,0 0.5079339,47.5812516,0 0.5075939,47.5815328,0 0.5072405,47.5818244,0 0.5069076,47.5820859,0 0.5065218,47.5823654,0 0.5060871,47.5826734,0 0.5056762,47.5829609,0 0.5050940,47.5833714,0 0.5046740,47.5836650,0 0.5037531,47.5843381,0 0.5028942,47.5849574,0 0.5023932,47.5853162,0 0.5021345,47.5855050,0 0.5018330,47.5857251,0 0.5010372,47.5862931,0 0.5001486,47.5869799,0 0.4999230,47.5871603,0 0.4996030,47.5874580,0 0.4993275,47.5877271,0 0.4989965,47.5880769,0 0.4986766,47.5884771,0 0.4984606,47.5887715,0 0.4982350,47.5891093,0 0.4980902,47.5893260,0 0.4978567,47.5897585,0 0.4972679,47.5908875,0 0.4968838,47.5915802,0 0.4966428,47.5919794,0 0.4963292,47.5924554,0 0.4962115,47.5926171,0 0.4960345,47.5928324,0 0.4958200,47.5930789,0 0.4956126,47.5932968,0 0.4953719,47.5935181,0 0.4950118,47.5938438,0 0.4947423,47.5940818,0 0.4944599,47.5943164,0 0.4941338,47.5945644,0 0.4938123,47.5947915,0 0.4936242,47.5949126,0 0.4931923,47.5951919,0 0.4927266,47.5954603,0 0.4924162,47.5956180,0 0.4918594,47.5958871,0 0.4914346,47.5960761,0 0.4909472,47.5962789,0 0.4901056,47.5966375,0 0.4895500,47.5968730,0 0.4880977,47.5974715,0 0.4870846,47.5978984,0 0.4860079,47.5983546,0 0.4849158,47.5988141,0 0.4841525,47.5991462,0 0.4835021,47.5994293,0 0.4831442,47.5995946,0 0.4827582,47.5997984,0 0.4823286,47.6000347,0 0.4821316,47.6001525,0 0.4816074,47.6004882,0 0.4812937,47.6007070,0 0.4809453,47.6009747,0 0.4806849,47.6011890,0 0.4800478,47.6017539,0 0.4792083,47.6026927,0 0.4791681,47.6027461,0 0.4788011,47.6032332,0 0.4779462,47.6043889,0 0.4768033,47.6059582,0 0.4761694,47.6068887,0 0.4759816,47.6072431,0 0.4757962,47.6076270,0 0.4756703,47.6079787,0 0.4755512,47.6084189,0 0.4754981,47.6086735,0 0.4754429,47.6090573,0 0.4754231,47.6093819,0 0.4754253,47.6098920,0 0.4754519,47.6101233,0 0.4755048,47.6104577,0 0.4755710,47.6107611,0 0.4756394,47.6110082,0 0.4757586,47.6113760,0 0.4759220,47.6117317,0 0.4760387,47.6119646,0 0.4761797,47.6122469,0 0.4763566,47.6125450,0 0.4764942,47.6127395,0 0.4767788,47.6130860,0 0.4771052,47.6134502,0 0.4774273,47.6137700,0 0.4777212,47.6140352,0 0.4780411,47.6142865,0 0.4782708,47.6144622,0 0.4786589,47.6147238,0 0.4790072,47.6149513,0 0.4794764,47.6152259,0 0.4801638,47.6156256,0 0.4814745,47.6164100,0 0.4817254,47.6165725,0 0.4826589,47.6171773,0 0.4830279,47.6174584,0 0.4834550,47.6178290,0 0.4837483,47.6180946,0 0.4840460,47.6184000,0 0.4843436,47.6187231,0 0.4846434,47.6190918,0 0.4848820,47.6194313,0 0.4850724,47.6197101,0 0.4853219,47.6201453,0 0.4855431,47.6205954,0 0.4857336,47.6210589,0 0.4858583,47.6214335,0 0.4859963,47.6219574,0 0.4860707,47.6223941,0 0.4861100,47.6227555,0 0.4861320,47.6231995,0 0.4860991,47.6238594,0 0.4860934,47.6239003,0 0.4860620,47.6241288,0 0.4859744,47.6246025,0 0.4858912,47.6248842,0 0.4857575,47.6253364,0 0.4855822,47.6258017,0 0.4853516,47.6263595,0 0.4848287,47.6276241,0 0.4843783,47.6287051,0 0.4839454,47.6297460,0 0.4836027,47.6305662,0 0.4833127,47.6312517,0 0.4828843,47.6322645,0 0.4825041,47.6331707,0 0.4821218,47.6340961,0 0.4816934,47.6351264,0 0.4812914,47.6360755,0 0.4808893,47.6370378,0 0.4804827,47.6380062,0 0.4800631,47.6390201,0 0.4796786,47.6399192,0 0.4795863,47.6401349,0 0.4791359,47.6412157,0 0.4787096,47.6422445,0 0.4783823,47.6430261,0 0.4779933,47.6439486,0 0.4776524,47.6448243,0 0.4774566,47.6454082,0 0.4773202,47.6458234,0 0.4772123,47.6462400,0 0.4771677,47.6464079,0 0.4770738,47.6467614,0 0.4769001,47.6475167,0 0.4766541,47.6485675,0 0.4764278,47.6495327,0 0.4761905,47.6505775,0 0.4759246,47.6516832,0 0.4756962,47.6526852,0 0.4755963,47.6531086,0 0.4754544,47.6537092,0 0.4752108,47.6547121,0 0.4749759,47.6555031,0 0.4748903,47.6557911,0 0.4745215,47.6568009,0 0.4743922,47.6571259,0 0.4741486,47.6577040,0 0.4739709,47.6580925,0 0.4736858,47.6586703,0 0.4735716,47.6588802,0 0.4733124,47.6593773,0 0.4730118,47.6599166,0 0.4725202,47.6607206,0 0.4720420,47.6614373,0 0.4716819,47.6619268,0 0.4713770,47.6623567,0 0.4710920,47.6627006,0 0.4707913,47.6630733,0 0.4707517,47.6631187,0 0.4705216,47.6633833,0 0.4701597,47.6637836,0 0.4696484,47.6643127,0 0.4692559,47.6647011,0 0.4690699,47.6648721,0 0.4686878,47.6652166,0 0.4681875,47.6656570,0 0.4678522,47.6659330,0 0.4673980,47.6662891,0 0.4670076,47.6665875,0 0.4665119,47.6669449,0 0.4661105,47.6672226,0 0.4656302,47.6675416,0 0.4651980,47.6678135,0 0.4649569,47.6679626,0 0.4645598,47.6681975,0 0.4644308,47.6682727,0 0.4642834,47.6683586,0 0.4638118,47.6686259,0 0.4633883,47.6688505,0 0.4629234,47.6690986,0 0.4624278,47.6693393,0 0.4616995,47.6696865,0 0.4611886,47.6699079,0 0.4607781,47.6700838,0 0.4604778,47.6702079,0 0.4600172,47.6703910,0 0.4594884,47.6705920,0 0.4590803,47.6707427,0 0.4586391,47.6708993,0 0.4582238,47.6710473,0 0.4577470,47.6712160,0 0.4573207,47.6713684,0 0.4568111,47.6715503,0 0.4563124,47.6717248,0 0.4556597,47.6719586,0 0.4552270,47.6721095,0 0.4542864,47.6724454,0 0.4530715,47.6728759,0 0.4518696,47.6733050,0 0.4508194,47.6736749,0 0.4491167,47.6742844,0 0.4478556,47.6747297,0 0.4463767,47.6752535,0 0.4463176,47.6752748,0 0.4449949,47.6757504,0 0.4438262,47.6761587,0 0.4426391,47.6765735,0 0.4420992,47.6767623,0 0.4411367,47.6770967,0 0.4402072,47.6774266,0 0.4389835,47.6778630,0 0.4379179,47.6782358,0 0.4377011,47.6783130,0 0.4366916,47.6786723,0 0.4364058,47.6787759,0 0.4355799,47.6790716,0 0.4347712,47.6793602,0 0.4337978,47.6797123,0 0.4329829,47.6800095,0 0.4328754,47.6800468,0 0.4324208,47.6802047,0 0.4318275,47.6804133,0 0.4313550,47.6805790,0 0.4303311,47.6809414,0 0.4295356,47.6812195,0 0.4287356,47.6815080,0 0.4280195,47.6817654,0 0.4276862,47.6818850,0 0.4270722,47.6820902,0 0.4265745,47.6822452,0 0.4261449,47.6823721,0 0.4260413,47.6823988,0 0.4254598,47.6825485,0 0.4254597,47.6825485,0 0.4253307,47.6825818,0 0.4253306,47.6825818,0 0.4243208,47.6828419,0 0.4240927,47.6829313,0 0.4239345,47.6829622,0 0.4239335,47.6829625,0 0.4237916,47.6829903,0 0.4235061,47.6830363,0 0.4232709,47.6830698,0 0.4232504,47.6830728,0 0.4228495,47.6831152,0 0.4224971,47.6831522,0 0.4223030,47.6831719,0 0.4220526,47.6831930,0 0.4217971,47.6832131,0 0.4215133,47.6832320,0 0.4213207,47.6832402,0 0.4211438,47.6832472,0 0.4208881,47.6832461,0 0.4206448,47.6832414,0 0.4203716,47.6832296,0 0.4201912,47.6832214,0 0.4200091,47.6832131,0 0.4198463,47.6832083,0 0.4195695,47.6832025,0 0.4193366,47.6831989,0 0.4191037,47.6832007,0 0.4175111,47.6831753,0 0.4167003,47.6831647,0 0.4155550,47.6831389,0 0.4145131,47.6831282,0 0.4138119,47.6831169,0 0.4135675,47.6831129,0 0.4124468,47.6830987,0 0.4114478,47.6830841,0 0.4113243,47.6830822,0 0.4109954,47.6830781,0 0.4099129,47.6830646,0 0.4090022,47.6830693,0 0.4087307,47.6830709,0 0.4080391,47.6830752,0 0.4078509,47.6830725,0 0.4078508,47.6830725,0 0.4075348,47.6830681,0 0.4072458,47.6830539,0 0.4065669,47.6829921,0 0.4063168,47.6829633,0 0.4060229,47.6829294,0 0.4054845,47.6828672,0 0.4047133,47.6827697,0 0.4037905,47.6826499,0 0.4028237,47.6824930,0 0.4023558,47.6824102,0 0.4017186,47.6822919,0 0.4011143,47.6821676,0 0.3996818,47.6818333,0 0.3982229,47.6814856,0 0.3963158,47.6810330,0 0.3944746,47.6805893,0 0.3928641,47.6802076,0 0.3913459,47.6798481,0 0.3897991,47.6794783,0 0.3884258,47.6791573,0 0.3875800,47.6789665,0 0.3866667,47.6787907,0 0.3860046,47.6786632,0 0.3850137,47.6784945,0 0.3846336,47.6784339,0 0.3838492,47.6783200,0 0.3829923,47.6782106,0 0.3819970,47.6780892,0 0.3811423,47.6780034,0 0.3808045,47.6779680,0 0.3804084,47.6779265,0 0.3792746,47.6778131,0 0.3790769,47.6777934,0 0.3773567,47.6776158,0 0.3749398,47.6773791,0 0.3733073,47.6772253,0 0.3717307,47.6770354,0 0.3717231,47.6770345,0 0.3713971,47.6769860,0 0.3709761,47.6769235,0 0.3696885,47.6766957,0 0.3686032,47.6764472,0 0.3681637,47.6763480,0 0.3676431,47.6762164,0 0.3670080,47.6760448,0 0.3667433,47.6759653,0 0.3661512,47.6757874,0 0.3651492,47.6754782,0 0.3640616,47.6751364,0 0.3624336,47.6746290,0 0.3620399,47.6745064,0 0.3618300,47.6744410,0 0.3607794,47.6741139,0 0.3605901,47.6740549,0 0.3593180,47.6736629,0 0.3575647,47.6731096,0 0.3559344,47.6725962,0 0.3544624,47.6721331,0 0.3530320,47.6716863,0 0.3518126,47.6713046,0 0.3506262,47.6709288,0 0.3490310,47.6704273,0 0.3482965,47.6702008,0 0.3474381,47.6699361,0 0.3456672,47.6693723,0 0.3444148,47.6689846,0 0.3428549,47.6684994,0 0.3408335,47.6678602,0 0.3390560,47.6673053,0 0.3383814,47.6671070,0 0.3382878,47.6670812,0 0.3380058,47.6670035,0 0.3372895,47.6668348,0 0.3367841,47.6667327,0 0.3363007,47.6666513,0 0.3355428,47.6665477,0 0.3348968,47.6664811,0 0.3344991,47.6664486,0 0.3337477,47.6664176,0 0.3334687,47.6664116,0 0.3327986,47.6664175,0 0.3323283,47.6664323,0 0.3319504,47.6664560,0 0.3314384,47.6664944,0 0.3310320,47.6665388,0 0.3302323,47.6666513,0 0.3298258,47.6667194,0 0.3293556,47.6668096,0 0.3289293,47.6669058,0 0.3283888,47.6670419,0 0.3279713,47.6671603,0 0.3276352,47.6672595,0 0.3270508,47.6674429,0 0.3266619,47.6675658,0 0.3254073,47.6679667,0 0.3236320,47.6685363,0 0.3223555,47.6689432,0 0.3215826,47.6691916,0 0.3211030,47.6693457,0 0.3199804,47.6697008,0 0.3193234,47.6699109,0 0.3178030,47.6703888,0 0.3165681,47.6707853,0 0.3154987,47.6711266,0 0.3142502,47.6715251,0 0.3122793,47.6721465,0 0.3110863,47.6725385,0 0.3109523,47.6725815,0 0.3103942,47.6727604,0 0.3095154,47.6730312,0 0.3089990,47.6731969,0 0.3079093,47.6735416,0 0.3070326,47.6738227,0 0.3062417,47.6740757,0 0.3056594,47.6742576,0 0.3048925,47.6745136,0 0.3044070,47.6746630,0 0.3035984,47.6749189,0 0.3028294,47.6751616,0 0.3020978,47.6753953,0 0.3012519,47.6756660,0 0.2996457,47.6761735,0 0.2954053,47.6775197,0 0.2903078,47.6791485,0 0.2893170,47.6794680,0 0.2881459,47.6798378,0 0.2867990,47.6802609,0 0.2866347,47.6803168,0 0.2861086,47.6804853,0 0.2850875,47.6808126,0 0.2839230,47.6811824,0 0.2819742,47.6818066,0 0.2808272,47.6821706,0 0.2792365,47.6826794,0 0.2784719,47.6829190,0 0.2774524,47.6832444,0 0.2763663,47.6835908,0 0.2756726,47.6838125,0 0.2755415,47.6838544,0 0.2754630,47.6838795,0 0.2754629,47.6838796,0 0.2751916,47.6839663,0 0.2736623,47.6844559,0 0.2720013,47.6849795,0 0.2707307,47.6853874,0 0.2695712,47.6857560,0 0.2680090,47.6862515,0 0.2668072,47.6866317,0 0.2656845,47.6869852,0 0.2649542,47.6872215,0 0.2648372,47.6872593,0 0.2646650,47.6873150,0 0.2631380,47.6878046,0 0.2626818,47.6879484,0 0.2626817,47.6879484,0 0.2613539,47.6883666,0 0.2602620,47.6887201,0 0.2590316,47.6891106,0 0.2577770,47.6895070,0 0.2566762,47.6898649,0 0.2563862,47.6899684,0 0.2561488,47.6900527,0 0.2557951,47.6901976,0 0.2555755,47.6902894,0 0.2549493,47.6905733,0 0.2546680,47.6907183,0 0.2542462,47.6909415,0 0.2535782,47.6913364,0 0.2530179,47.6917076,0 0.2527675,47.6918866,0 0.2523830,47.6921987,0 0.2517327,47.6927636,0 0.2513964,47.6931303,0 0.2510426,47.6935312,0 0.2507856,47.6938639,0 0.2505506,47.6941878,0 0.2501859,47.6948103,0 0.2500281,47.6951427,0 0.2498672,47.6954817,0 0.2496322,47.6961457,0 0.2494674,47.6969148,0 0.2493904,47.6976896,0 0.2494124,47.6984704,0 0.2494959,47.6990220,0 0.2496343,47.6995883,0 0.2496907,47.6998038,0 0.2497069,47.6998656,0 0.2498112,47.7001333,0 0.2499222,47.7004053,0 0.2500419,47.7006604,0 0.2502825,47.7011096,0 0.2507867,47.7020267,0 0.2510273,47.7024710,0 0.2512822,47.7029435,0 0.2515030,47.7033464,0 0.2517952,47.7038809,0 0.2520907,47.7044228,0 0.2524993,47.7051709,0 0.2529235,47.7059546,0 0.2531825,47.7064282,0 0.2533189,47.7066776,0 0.2537408,47.7074627,0 0.2540066,47.7079490,0 0.2543824,47.7086499,0 0.2549273,47.7096508,0 0.2551733,47.7101120,0 0.2557556,47.7111987,0 0.2559314,47.7115284,0 0.2561291,47.7118861,0 0.2564280,47.7124420,0 0.2566102,47.7127716,0 0.2568387,47.7131930,0 0.2571991,47.7138523,0 0.2576210,47.7146388,0 0.2578714,47.7151399,0 0.2579637,47.7153306,0 0.2581087,47.7156337,0 0.2585042,47.7165679,0 0.2586382,47.7169138,0 0.2586998,47.7170764,0 0.2588271,47.7174467,0 0.2589690,47.7178702,0 0.2590886,47.7182494,0 0.2592040,47.7186736,0 0.2592985,47.7190240,0 0.2594249,47.7195479,0 0.2594893,47.7198827,0 0.2595313,47.7201008,0 0.2596753,47.7209034,0 0.2597466,47.7213379,0 0.2597774,47.7217016,0 0.2598072,47.7220733,0 0.2598434,47.7224398,0 0.2598598,47.7228508,0 0.2598697,47.7232676,0 0.2598730,47.7236836,0 0.2598620,47.7241285,0 0.2598478,47.7245779,0 0.2598246,47.7249037,0 0.2597918,47.7252777,0 0.2597620,47.7255858,0 0.2597181,47.7259236,0 0.2596786,47.7262539,0 0.2596292,47.7265391,0 0.2595676,47.7269027,0 0.2595050,47.7272227,0 0.2594325,47.7275441,0 0.2593545,47.7278819,0 0.2592996,47.7281368,0 0.2592304,47.7284730,0 0.2591402,47.7289045,0 0.2590491,47.7293161,0 0.2589480,47.7297758,0 0.2588579,47.7301962,0 0.2587766,47.7306159,0 0.2586931,47.7310120,0 0.2586229,47.7313408,0 0.2585525,47.7316785,0 0.2584866,47.7320051,0 0.2584361,47.7322319,0 0.2583768,47.7325194,0 0.2583042,47.7329412,0 0.2582714,47.7331961,0 0.2581987,47.7336757,0 0.2581406,47.7342321,0 0.2580802,47.7350027,0 0.2580615,47.7355753,0 0.2580582,47.7360858,0 0.2580680,47.7366629,0 0.2580978,47.7371453,0 0.2581317,47.7375672,0 0.2581790,47.7380260,0 0.2581903,47.7381279,0 0.2582219,47.7384109,0 0.2582662,47.7387964,0 0.2583624,47.7393300,0 0.2584581,47.7397962,0 0.2585801,47.7402867,0 0.2586723,47.7406421,0 0.2587964,47.7410861,0 0.2589271,47.7415227,0 0.2590623,47.7419372,0 0.2592435,47.7424543,0 0.2594028,47.7428665,0 0.2596039,47.7433570,0 0.2598522,47.7439126,0 0.2600983,47.7444363,0 0.2602751,47.7447916,0 0.2605453,47.7452881,0 0.2608189,47.7457734,0 0.2611298,47.7462942,0 0.2614265,47.7467618,0 0.2617614,47.7472684,0 0.2621558,47.7478484,0 0.2625151,47.7483839,0 0.2625826,47.7484873,0 0.2628095,47.7488352,0 0.2631160,47.7492939,0 0.2634159,47.7497459,0 0.2636740,47.7502054,0 0.2638707,47.7506013,0 0.2641751,47.7512994,0 0.2643662,47.7517891,0 0.2645442,47.7524294,0 0.2649221,47.7544015,0 0.2650814,47.7553328,0 0.2652044,47.7559923,0 0.2653186,47.7566401,0 0.2653956,47.7571172,0 0.2654823,47.7575869,0 0.2655779,47.7580839,0 0.2656724,47.7586230,0 0.2657757,47.7591835,0 0.2657961,47.7593032,0 0.2658613,47.7596857,0 0.2659481,47.7601872,0 0.2660739,47.7608664,0 0.2661536,47.7612971,0 0.2662393,47.7617764,0 0.2663195,47.7622358,0 0.2663897,47.7626308,0 0.2664765,47.7631101,0 0.2665534,47.7635214,0 0.2666501,47.7640442,0 0.2667249,47.7644710,0 0.2668281,47.7650500,0 0.2669105,47.7654812,0 0.2670027,47.7659715,0 0.2670284,47.7661343,0 0.2670874,47.7665077,0 0.2672026,47.7671013,0 0.2673071,47.7676913,0 0.2673971,47.7682052,0 0.2674994,47.7687080,0 0.2676015,47.7692965,0 0.2677081,47.7698702,0 0.2677959,47.7704026,0 0.2678247,47.7705562,0 0.2679103,47.7710110,0 0.2680017,47.7715345,0 0.2680135,47.7716017,0 0.2681101,47.7720956,0 0.2681981,47.7725814,0 0.2683354,47.7731625,0 0.2684748,47.7737140,0 0.2686824,47.7744973,0 0.2688374,47.7750599,0 0.2689847,47.7756033,0 0.2689931,47.7756373,0 0.2691220,47.7761585,0 0.2694368,47.7773336,0 0.2695174,47.7776343,0 0.2696776,47.7782377,0 0.2697086,47.7783540,0 0.2699349,47.7792370,0 0.2702051,47.7802483,0 0.2704841,47.7813099,0 0.2705826,47.7816703,0 0.2707210,47.7821693,0 0.2708463,47.7826366,0 0.2709617,47.7830787,0 0.2710714,47.7834944,0 0.2711836,47.7839181,0 0.2712912,47.7843432,0 0.2714230,47.7848319,0 0.2714346,47.7848754,0 0.2715340,47.7852504,0 0.2716768,47.7858003,0 0.2718427,47.7864358,0 0.2721040,47.7873895,0 0.2723260,47.7882309,0 0.2726205,47.7893736,0 0.2728643,47.7902430,0 0.2730709,47.7911006,0 0.2731145,47.7912741,0 0.2731796,47.7915332,0 0.2733290,47.7920963,0 0.2734499,47.7925294,0 0.2735751,47.7929944,0 0.2736861,47.7934233,0 0.2737849,47.7938055,0 0.2738981,47.7942564,0 0.2740365,47.7947679,0 0.2741397,47.7951554,0 0.2742529,47.7955768,0 0.2743650,47.7960100,0 0.2744705,47.7964055,0 0.2745891,47.7968483,0 0.2747044,47.7972808,0 0.2748011,47.7976719,0 0.2749154,47.7981058,0 0.2750330,47.7985272,0 0.2751406,47.7989264,0 0.2752003,47.7991524,0 0.2752394,47.7992999,0 0.2753449,47.7997537,0 0.2754888,47.8002828,0 0.2756129,47.8007573,0 0.2757525,47.8012841,0 0.2758788,47.8017904,0 0.2760271,47.8023512,0 0.2761854,47.8029297,0 0.2763292,47.8034926,0 0.2764666,47.8040151,0 0.2765351,47.8042721,0 0.2765874,47.8044681,0 0.2766851,47.8048275,0 0.2768170,47.8053329,0 0.2769059,47.8056686,0 0.2770005,47.8060744,0 0.2770817,47.8064382,0 0.2771598,47.8068669,0 0.2772674,47.8074638,0 0.2773684,47.8083418,0 0.2774014,47.8089379,0 0.2774147,47.8097835,0 0.2773927,47.8101656,0 0.2773739,47.8106467,0 0.2773245,47.8111086,0 0.2772191,47.8120130,0 0.2770917,47.8126401,0 0.2769862,47.8131270,0 0.2767642,47.8139120,0 0.2764940,47.8147087,0 0.2764193,47.8149050,0 0.2763981,47.8149626,0 0.2763138,47.8151898,0 0.2759557,47.8160470,0 0.2756964,47.8165855,0 0.2755009,47.8169780,0 0.2752878,47.8173749,0 0.2751076,47.8176832,0 0.2748813,47.8180668,0 0.2746682,47.8184076,0 0.2744265,47.8187749,0 0.2740354,47.8193504,0 0.2734883,47.8200688,0 0.2730401,47.8206132,0 0.2728777,47.8207995,0 0.2726337,47.8210794,0 0.2720514,47.8217167,0 0.2717723,47.8220014,0 0.2713131,47.8224499,0 0.2711093,47.8226396,0 0.2707595,47.8229559,0 0.2703926,47.8232937,0 0.2699751,47.8236463,0 0.2695971,47.8239517,0 0.2692368,47.8242371,0 0.2689621,47.8244399,0 0.2686689,47.8246605,0 0.2682976,47.8249312,0 0.2681382,47.8250450,0 0.2679877,47.8251524,0 0.2675890,47.8254438,0 0.2672451,47.8256938,0 0.2668365,47.8259874,0 0.2668293,47.8259924,0 0.2667161,47.8260704,0 0.2663773,47.8263045,0 0.2658026,47.8267050,0 0.2653435,47.8270155,0 0.2649766,47.8272567,0 0.2646229,47.8274750,0 0.2643954,47.8276144,0 0.2641263,47.8277663,0 0.2639033,47.8278969,0 0.2635441,47.8280872,0 0.2631310,47.8283129,0 0.2626905,47.8285437,0 0.2622412,47.8287694,0 0.2619478,47.8289147,0 0.2615974,47.8290703,0 0.2612755,47.8292178,0 0.2608536,47.8293918,0 0.2605252,47.8295231,0 0.2601219,47.8296846,0 0.2598396,47.8297960,0 0.2595332,47.8299110,0 0.2591871,47.8300372,0 0.2588311,47.8301567,0 0.2585730,47.8302452,0 0.2581918,47.8303705,0 0.2578534,47.8304767,0 0.2575107,47.8305881,0 0.2572316,47.8306780,0 0.2571670,47.8306984,0 0.2569329,47.8307724,0 0.2564374,47.8309303,0 0.2556409,47.8311891,0 0.2548928,47.8314288,0 0.2541897,47.8316486,0 0.2534997,47.8318713,0 0.2528055,47.8320962,0 0.2522211,47.8322781,0 0.2519596,47.8323595,0 0.2504919,47.8328345,0 0.2495010,47.8331575,0 0.2484354,47.8334945,0 0.2477400,47.8337209,0 0.2468314,47.8340085,0 0.2461470,47.8342283,0 0.2453034,47.8345210,0 0.2447288,47.8347349,0 0.2441564,47.8349664,0 0.2436258,47.8351987,0 0.2431172,47.8354376,0 0.2426294,47.8356773,0 0.2421383,47.8359391,0 0.2417802,47.8361411,0 0.2416572,47.8362149,0 0.2412803,47.8364376,0 0.2409563,47.8366360,0 0.2405257,47.8369125,0 0.2401290,47.8371964,0 0.2398204,47.8374191,0 0.2395051,47.8376625,0 0.2394596,47.8376966,0 0.2392875,47.8378254,0 0.2390238,47.8380377,0 0.2387426,47.8382811,0 0.2384230,47.8385731,0 0.2380868,47.8389131,0 0.2376804,47.8393348,0 0.2373717,47.8396865,0 0.2371552,47.8399491,0 0.2369355,47.8402233,0 0.2367092,47.8405323,0 0.2364763,47.8408796,0 0.2362335,47.8412431,0 0.2360709,47.8415189,0 0.2358885,47.8418463,0 0.2357205,47.8421729,0 0.2355667,47.8425039,0 0.2354008,47.8428859,0 0.2352833,47.8431521,0 0.2351745,47.8434227,0 0.2350109,47.8438186,0 0.2348362,47.8442551,0 0.2346868,47.8446016,0 0.2345087,47.8450359,0 0.2343700,47.8453655,0 0.2343417,47.8454325,0 0.2341685,47.8458226,0 0.2340737,47.8460615,0 0.2339243,47.8464478,0 0.2337299,47.8469373,0 0.2335760,47.8473148,0 0.2334036,47.8477513,0 0.2332223,47.8481818,0 0.2330443,47.8486064,0 0.2328686,47.8490260,0 0.2327224,47.8493946,0 0.2325478,47.8498251,0 0.2323809,47.8502188,0 0.2322314,47.8505785,0 0.2320634,47.8509715,0 0.2318887,47.8513999,0 0.2316832,47.8518974,0 0.2316801,47.8519053,0 0.2314788,47.8524172,0 0.2312383,47.8529811,0 0.2310593,47.8534337,0 0.2307120,47.8542889,0 0.2303276,47.8552383,0 0.2299826,47.8560919,0 0.2295937,47.8570148,0 0.2292896,47.8577404,0 0.2292180,47.8579111,0 0.2290357,47.8583136,0 0.2289104,47.8585760,0 0.2287478,47.8589062,0 0.2285523,47.8592719,0 0.2283875,47.8595755,0 0.2282161,47.8598822,0 0.2279569,47.8603258,0 0.2275811,47.8609082,0 0.2272120,47.8614477,0 0.2270077,47.8617322,0 0.2266892,47.8621686,0 0.2264474,47.8625032,0 0.2260322,47.8630073,0 0.2257685,47.8633360,0 0.2254696,47.8637060,0 0.2250456,47.8642323,0 0.2245886,47.8647879,0 0.2243447,47.8650915,0 0.2239398,47.8655750,0 0.2238570,47.8656738,0 0.2233956,47.8662413,0 0.2228617,47.8668839,0 0.2225014,47.8673261,0 0.2220816,47.8678405,0 0.2217192,47.8682886,0 0.2213895,47.8686910,0 0.2208689,47.8693204,0 0.2205196,47.8697552,0 0.2199659,47.8704273,0 0.2195638,47.8709195,0 0.2191024,47.8714796,0 0.2188347,47.8718090,0 0.2186497,47.8720367,0 0.2181774,47.8726189,0 0.2175534,47.8733808,0 0.2169690,47.8740838,0 0.2164483,47.8747204,0 0.2164402,47.8747304,0 0.2157978,47.8755310,0 0.2154133,47.8759997,0 0.2151146,47.8763607,0 0.2147455,47.8767910,0 0.2145445,47.8770377,0 0.2143456,47.8772817,0 0.2136952,47.8780672,0 0.2129108,47.8790280,0 0.2124318,47.8796307,0 0.2118913,47.8802894,0 0.2113421,47.8809732,0 0.2107752,47.8816569,0 0.2102346,47.8823244,0 0.2097974,47.8828696,0 0.2093075,47.8834560,0 0.2089617,47.8838775,0 0.2088747,47.8839835,0 0.2081474,47.8848633,0 0.2076420,47.8854614,0 0.2069543,47.8863013,0 0.2063457,47.8870409,0 0.2058337,47.8876642,0 0.2053395,47.8882683,0 0.2050318,47.8886469,0 0.2047672,47.8889595,0 0.2045726,47.8891892,0 0.2041003,47.8897873,0 0.2035048,47.8904989,0 0.2030632,47.8910381,0 0.2025798,47.8916172,0 0.2025661,47.8916345,0 0.2020987,47.8922226,0 0.2015603,47.8928826,0 0.2011275,47.8934454,0 0.2006617,47.8941143,0 0.2003321,47.8946137,0 0.1998861,47.8953311,0 0.1994862,47.8960294,0 0.1989831,47.8970016,0 0.1985261,47.8980269,0 0.1981393,47.8990168,0 0.1978625,47.8998741,0 0.1975769,47.9008758,0 0.1973507,47.9017492,0 0.1970716,47.9027317,0 0.1968808,47.9034383,0 0.1968299,47.9036273,0 0.1965860,47.9045198,0 0.1963443,47.9054094,0 0.1960916,47.9063565,0 0.1958918,47.9070738,0 0.1956698,47.9078573,0 0.1954742,47.9085701,0 0.1951733,47.9096820,0 0.1950370,47.9102785,0 0.1947712,47.9111784,0 0.1946050,47.9117942,0 0.1945602,47.9119603,0 0.1943482,47.9127460,0 0.1940582,47.9138152,0 0.1938297,47.9146751,0 0.1935616,47.9156456,0 0.1933639,47.9163407,0 0.1931618,47.9171197,0 0.1929310,47.9179663,0 0.1927531,47.9186452,0 0.1925532,47.9193623,0 0.1924539,47.9197247,0 0.1922939,47.9203090,0 0.1921290,47.9209098,0 0.1918984,47.9217329,0 0.1918642,47.9218915,0 0.1917310,47.9223787,0 0.1917310,47.9223788,0 0.1909564,47.9252105,0 0.1905509,47.9267231,0 0.1904001,47.9272684,0 0.1903164,47.9275707,0 0.1900703,47.9284731,0 0.1898924,47.9291386,0 0.1898480,47.9293004,0 0.1896837,47.9298982,0 0.1894749,47.9306549,0 0.1892376,47.9315368,0 0.1890466,47.9322449,0 0.1888686,47.9329353,0 0.1887236,47.9335152,0 0.1885851,47.9342292,0 0.1884643,47.9351330,0 0.1884551,47.9352260,0 0.1884005,47.9357792,0 0.1883456,47.9366816,0 0.1883456,47.9375633,0 0.1883808,47.9384420,0 0.1884489,47.9391780,0 0.1885237,47.9397490,0 0.1885609,47.9400567,0 0.1887016,47.9408721,0 0.1888509,47.9415742,0 0.1889906,47.9420867,0 0.1890355,47.9422512,0 0.1892992,47.9431255,0 0.1895629,47.9439335,0 0.1898089,47.9447283,0 0.1898210,47.9447662,0 0.1901011,47.9456466,0 0.1904087,47.9465959,0 0.1906131,47.9472331,0 0.1908768,47.9480675,0 0.1910548,47.9486298,0 0.1911646,47.9489726,0 0.1912283,47.9491728,0 0.1913602,47.9495775,0 0.1915074,47.9500528,0 0.1916238,47.9504207,0 0.1918039,47.9509578,0 0.1921269,47.9519849,0 0.1923313,47.9526177,0 0.1925993,47.9534624,0 0.1929530,47.9545660,0 0.1932145,47.9553900,0 0.1935330,47.9563891,0 0.1937407,47.9570410,0 0.1938493,47.9573766,0 0.1938831,47.9574844,0 0.1938831,47.9574845,0 0.1940097,47.9578876,0 0.1942272,47.9585624,0 0.1943710,47.9590064,0 0.1945183,47.9594761,0 0.1947073,47.9600697,0 0.1948154,47.9604163,0 0.1949913,47.9609638,0 0.1951648,47.9615201,0 0.1953644,47.9621368,0 0.1955637,47.9627806,0 0.1956599,47.9630719,0 0.1956745,47.9631166,0 0.1958119,47.9635401,0 0.1960069,47.9641504,0 0.1962005,47.9647623,0 0.1964073,47.9654029,0 0.1965963,47.9660029,0 0.1968113,47.9666713,0 0.1970027,47.9672744,0 0.1972083,47.9679221,0 0.1974056,47.9685419,0 0.1976099,47.9691793,0 0.1977085,47.9694928,0 0.1978251,47.9698087,0 0.1979796,47.9702861,0 0.1981074,47.9706922,0 0.1982190,47.9710416,0 0.1983461,47.9714417,0 0.1984579,47.9717911,0 0.1985327,47.9720261,0 0.1986160,47.9722875,0 0.1987312,47.9726558,0 0.1988668,47.9730744,0 0.1990164,47.9735549,0 0.1991507,47.9739774,0 0.1992755,47.9743768,0 0.1993920,47.9747403,0 0.1995536,47.9752344,0 0.1997199,47.9757571,0 0.1998281,47.9761039,0 0.2000206,47.9766703,0 0.2000375,47.9767240,0 0.2001930,47.9772177,0 0.2002231,47.9773174,0 0.2002685,47.9774671,0 0.2003831,47.9779878,0 0.2004499,47.9782032,0 0.2005206,47.9784311,0 0.2005403,47.9784883,0 0.2005911,47.9786362,0 0.2006386,47.9788088,0 0.2007361,47.9791031,0 0.2007703,47.9792083,0 0.2007861,47.9792570,0 0.2007861,47.9792571,0 0.2008537,47.9794643,0 0.2010094,47.9799567,0 0.2011651,47.9804753,0 0.2013242,47.9810751,0 0.2014681,47.9816924,0 0.2015703,47.9822182,0 0.2016666,47.9827862,0 0.2017426,47.9833422,0 0.2017984,47.9838656,0 0.2018389,47.9843715,0 0.2018698,47.9848910,0 0.2018805,47.9854628,0 0.2018745,47.9859942,0 0.2018683,47.9862217,0 0.2018566,47.9867303,0 0.2018566,47.9867307,0 0.2018566,47.9867331,0 0.2018460,47.9874076,0 0.2018342,47.9880272,0 0.2018235,47.9886794,0 0.2018091,47.9892203,0 0.2018074,47.9896185,0 0.2018046,47.9897027,0 0.2018015,47.9897966,0 0.2017895,47.9900304,0 0.2017887,47.9900438,0 0.2017824,47.9901378,0 0.2017575,47.9902850,0 0.2017385,47.9904027,0 0.2017052,47.9905243,0 0.2016624,47.9906770,0 0.2016220,47.9907900,0 0.2015649,47.9909411,0 0.2015067,47.9910699,0 0.2014247,47.9912330,0 0.2013438,47.9913778,0 0.2011834,47.9916235,0 0.2009565,47.9919066,0 0.2007402,47.9921516,0 0.2004812,47.9924053,0 0.2002422,47.9926089,0 0.1999357,47.9928427,0 0.1995957,47.9930590,0 0.1993621,47.9931871,0 0.1993524,47.9931922,0 0.1990057,47.9933736,0 0.1986241,47.9935550,0 0.1985215,47.9935950,0 0.1978681,47.9938471,0 0.1974619,47.9939888,0 0.1970674,47.9941288,0 0.1966775,47.9942704,0 0.1966333,47.9942819,0 0.1958261,47.9944903,0 0.1958249,47.9944906,0 0.1958245,47.9944907,0 0.1954753,47.9945804,0 0.1951012,47.9946764,0 0.1943310,47.9948553,0 0.1937611,47.9950035,0 0.1932555,47.9951349,0 0.1930215,47.9951957,0 0.1914932,47.9956092,0 0.1906423,47.9958462,0 0.1901123,47.9960148,0 0.1895680,47.9962089,0 0.1890268,47.9964295,0 0.1888502,47.9965016,0 0.1882659,47.9967479,0 0.1878274,47.9969327,0 0.1877260,47.9969754,0 0.1871806,47.9972036,0 0.1868524,47.9973409,0 0.1868523,47.9973410,0 0.1867753,47.9973731,0 0.1863245,47.9975594,0 0.1858840,47.9977452,0 0.1858252,47.9977688,0 0.1853868,47.9979514,0 0.1852768,47.9979973,0 0.1849148,47.9981465,0 0.1847811,47.9982017,0 0.1847810,47.9982018,0 0.1846729,47.9982463,0 0.1840562,47.9985036,0 0.1840561,47.9985037,0 0.1830892,47.9989071,0 0.1824748,47.9991638,0 0.1819007,47.9994208,0 0.1812579,47.9997379,0 0.1809909,47.9998831,0 0.1808016,47.9999860,0 0.1804308,48.0002055,0 0.1796940,48.0006731,0 0.1793541,48.0009259,0 0.1788883,48.0013092,0 0.1784296,48.0017386,0 0.1780112,48.0021775,0 0.1775002,48.0028089,0 0.1771556,48.0032971,0 0.1769310,48.0036772,0 0.1767646,48.0039912,0 0.1766157,48.0043235,0 0.1765566,48.0044556,0 0.1764522,48.0047525,0 0.1764021,48.0049017,0 0.1763332,48.0051393,0 0.1762834,48.0053501,0 0.1762215,48.0056451,0 0.1761668,48.0059385,0 0.1761173,48.0061899,0 0.1760436,48.0065509,0 0.1759604,48.0070033,0 0.1758831,48.0074080,0 0.1757143,48.0083160,0 0.1755455,48.0092366,0 0.1754833,48.0095625,0 0.1754196,48.0098965,0 0.1752889,48.0105914,0 0.1751677,48.0112242,0 0.1750465,48.0118603,0 0.1749205,48.0125360,0 0.1747916,48.0131908,0 0.1747470,48.0134168,0 0.1746092,48.0141689,0 0.1743573,48.0153963,0 0.1741694,48.0164266,0 0.1740079,48.0172708,0 0.1738200,48.0183010,0 0.1737077,48.0188862,0 0.1736299,48.0192915,0 0.1734565,48.0202040,0 0.1732841,48.0211014,0 0.1731617,48.0217420,0 0.1730595,48.0222762,0 0.1729597,48.0228239,0 0.1728967,48.0231409,0 0.1728325,48.0235018,0 0.1727053,48.0242474,0 0.1726416,48.0246008,0 0.1725429,48.0251483,0 0.1725429,48.0251484,0 0.1725332,48.0252021,0 0.1725090,48.0253366,0 0.1724400,48.0258624,0 0.1724290,48.0259893,0 0.1724188,48.0261089,0 0.1723809,48.0264565,0 0.1723684,48.0265709,0 0.1723249,48.0269708,0 0.1722891,48.0272400,0 0.1722494,48.0274626,0 0.1721750,48.0277983,0 0.1720860,48.0281950,0 0.1720269,48.0284512,0 0.1718864,48.0290562,0 0.1717152,48.0297683,0 0.1715535,48.0304772,0 0.1714088,48.0311125,0 0.1713848,48.0312179,0 0.1711852,48.0321302,0 0.1709630,48.0331577,0 0.1708571,48.0336597,0 0.1708571,48.0336598,0 0.1708359,48.0337601,0 0.1707948,48.0339403,0 0.1707448,48.0341598,0 0.1706998,48.0343762,0 0.1705753,48.0349809,0 0.1704494,48.0355655,0 0.1703139,48.0361933,0 0.1701428,48.0369912,0 0.1700025,48.0376379,0 0.1698837,48.0381878,0 0.1698119,48.0385081,0 0.1697178,48.0389572,0 0.1696313,48.0394599,0 0.1695910,48.0397722,0 0.1695648,48.0401639,0 0.1695636,48.0404762,0 0.1695696,48.0407130,0 0.1695957,48.0410062,0 0.1696206,48.0411993,0 0.1696456,48.0413558,0 0.1696635,48.0414479,0 0.1697498,48.0418456,0 0.1697885,48.0420036,0 0.1698595,48.0422346,0 0.1699571,48.0425142,0 0.1700669,48.0427908,0 0.1701264,48.0429290,0 0.1702215,48.0431292,0 0.1703070,48.0432960,0 0.1704281,48.0435186,0 0.1705566,48.0437410,0 0.1707347,48.0440175,0 0.1709012,48.0442606,0 0.1710272,48.0444227,0 0.1713266,48.0447897,0 0.1715476,48.0450393,0 0.1717877,48.0452855,0 0.1719409,48.0454292,0 0.1722845,48.0457511,0 0.1727194,48.0461198,0 0.1730260,48.0463581,0 0.1733659,48.0466012,0 0.1737058,48.0468285,0 0.1740291,48.0470286,0 0.1744049,48.0472454,0 0.1744450,48.0472685,0 0.1748776,48.0475005,0 0.1751272,48.0476244,0 0.1754432,48.0477722,0 0.1757427,48.0479073,0 0.1764628,48.0482267,0 0.1772544,48.0485683,0 0.1780197,48.0489067,0 0.1790915,48.0493738,0 0.1797903,48.0496852,0 0.1807007,48.0500840,0 0.1815041,48.0504368,0 0.1839307,48.0514997,0 0.1853973,48.0521431,0 0.1867852,48.0527532,0 0.1876552,48.0531314,0 0.1883065,48.0534189,0 0.1887604,48.0536286,0 0.1890100,48.0537494,0 0.1892239,48.0538590,0 0.1895709,48.0540417,0 0.1899559,48.0542657,0 0.1903861,48.0545357,0 0.1906808,48.0547328,0 0.1907490,48.0547837,0 0.1912442,48.0551538,0 0.1917694,48.0555954,0 0.1922852,48.0560959,0 0.1926940,48.0565518,0 0.1929793,48.0569092,0 0.1933310,48.0574160,0 0.1936019,48.0578894,0 0.1938278,48.0583335,0 0.1938419,48.0583612,0 0.1940845,48.0588633,0 0.1943673,48.0594447,0 0.1946834,48.0600992,0 0.1949329,48.0606170,0 0.1953512,48.0614764,0 0.1956270,48.0620593,0 0.1958741,48.0625724,0 0.1961475,48.0631363,0 0.1963539,48.0635656,0 0.1964684,48.0638034,0 0.1967702,48.0644245,0 0.1970341,48.0649725,0 0.1972313,48.0653823,0 0.1975308,48.0660002,0 0.1978136,48.0665910,0 0.1980940,48.0671755,0 0.1983555,48.0677330,0 0.1985956,48.0682286,0 0.1988594,48.0687829,0 0.1992088,48.0694944,0 0.1995217,48.0701493,0 0.1995511,48.0702107,0 0.1996584,48.0704272,0 0.2004804,48.0720864,0 0.2014465,48.0741104,0 0.2017686,48.0747798,0 0.2024816,48.0762575,0 0.2026421,48.0765879,0 0.2029332,48.0771865,0 0.2031400,48.0776232,0 0.2035654,48.0785053,0 0.2038768,48.0791564,0 0.2041335,48.0796867,0 0.2047040,48.0808737,0 0.2049167,48.0813088,0 0.2053492,48.0821948,0 0.2054856,48.0824783,0 0.2057509,48.0830292,0 0.2060087,48.0835524,0 0.2064152,48.0843892,0 0.2066565,48.0849029,0 0.2072209,48.0860603,0 0.2075073,48.0866509,0 0.2077997,48.0872590,0 0.2080064,48.0877020,0 0.2081206,48.0879734,0 0.2082299,48.0882577,0 0.2083155,48.0885116,0 0.2084034,48.0888228,0 0.2084462,48.0889912,0 0.2084699,48.0891054,0 0.2084985,48.0892484,0 0.2085436,48.0895167,0 0.2085650,48.0897421,0 0.2085888,48.0899802,0 0.2085959,48.0901867,0 0.2085899,48.0905345,0 0.2085888,48.0905947,0 0.2085793,48.0907915,0 0.2085531,48.0910217,0 0.2085269,48.0912202,0 0.2085033,48.0913805,0 0.2084604,48.0915996,0 0.2083962,48.0918679,0 0.2083131,48.0921536,0 0.2082347,48.0923902,0 0.2081586,48.0925934,0 0.2080017,48.0929680,0 0.2079019,48.0931760,0 0.2077950,48.0933808,0 0.2076262,48.0936681,0 0.2073125,48.0941539,0 0.2069511,48.0946238,0 0.2065709,48.0950794,0 0.2062358,48.0954683,0 0.2056820,48.0961001,0 0.2051995,48.0966509,0 0.2051046,48.0967597,0 0.2050750,48.0967938,0 0.2000299,48.1025779,0 0.1993359,48.1033732,0 0.1987346,48.1040636,0 0.1980548,48.1048413,0 0.1972729,48.1057444,0 0.1971736,48.1058577,0 0.1967120,48.1063840,0 0.1961700,48.1070013,0 0.1954807,48.1077949,0 0.1948367,48.1085329,0 0.1945065,48.1089450,0 0.1944374,48.1090312,0 0.1942045,48.1093518,0 0.1939240,48.1097930,0 0.1937731,48.1100628,0 0.1935788,48.1104710,0 0.1934219,48.1108471,0 0.1932982,48.1112193,0 0.1932343,48.1114404,0 0.1931902,48.1116263,0 0.1931396,48.1118595,0 0.1930999,48.1120738,0 0.1930523,48.1124737,0 0.1930309,48.1128831,0 0.1930333,48.1133497,0 0.1930451,48.1136242,0 0.1930532,48.1138547,0 0.1930603,48.1140564,0 0.1930725,48.1144026,0 0.1931010,48.1152555,0 0.1931247,48.1157982,0 0.1931450,48.1165734,0 0.1931806,48.1179030,0 0.1932366,48.1187290,0 0.1933054,48.1203998,0 0.1933339,48.1212137,0 0.1933743,48.1223180,0 0.1933744,48.1226543,0 0.1933624,48.1230113,0 0.1933339,48.1233429,0 0.1932935,48.1236301,0 0.1932627,48.1237903,0 0.1932223,48.1239807,0 0.1931699,48.1241965,0 0.1931295,48.1243393,0 0.1930642,48.1245439,0 0.1929953,48.1247423,0 0.1929501,48.1248660,0 0.1928728,48.1250509,0 0.1927896,48.1252349,0 0.1926803,48.1254586,0 0.1925531,48.1257037,0 0.1925432,48.1257211,0 0.1924295,48.1259195,0 0.1923107,48.1261106,0 0.1921883,48.1263034,0 0.1916916,48.1269634,0 0.1912448,48.1274814,0 0.1907681,48.1280097,0 0.1903581,48.1284610,0 0.1898591,48.1290115,0 0.1894205,48.1294961,0 0.1893275,48.1295967,0 0.1891283,48.1298286,0 0.1885440,48.1304817,0 0.1881044,48.1310244,0 0.1878913,48.1313396,0 0.1877386,48.1315790,0 0.1875847,48.1318365,0 0.1874535,48.1320906,0 0.1872532,48.1325240,0 0.1871349,48.1328259,0 0.1870223,48.1331469,0 0.1869203,48.1334990,0 0.1868812,48.1336436,0 0.1867981,48.1339819,0 0.1867674,48.1341171,0 0.1867009,48.1344425,0 0.1866202,48.1349003,0 0.1865693,48.1352430,0 0.1865051,48.1358336,0 0.1864744,48.1363181,0 0.1864600,48.1369102,0 0.1864743,48.1372755,0 0.1865171,48.1378623,0 0.1865846,48.1384434,0 0.1866534,48.1388524,0 0.1867294,48.1392264,0 0.1867851,48.1394977,0 0.1869586,48.1401385,0 0.1870046,48.1403083,0 0.1872253,48.1409602,0 0.1879812,48.1431767,0 0.1881541,48.1436906,0 0.1881720,48.1437434,0 0.1882684,48.1440269,0 0.1884205,48.1444647,0 0.1885417,48.1448295,0 0.1886678,48.1452116,0 0.1887806,48.1455463,0 0.1889090,48.1459174,0 0.1890112,48.1462211,0 0.1891146,48.1465288,0 0.1892500,48.1469300,0 0.1893593,48.1472487,0 0.1896684,48.1481565,0 0.1897895,48.1485173,0 0.1900130,48.1491580,0 0.1901259,48.1494910,0 0.1903207,48.1500476,0 0.1905418,48.1507231,0 0.1906462,48.1510949,0 0.1907162,48.1513533,0 0.1908258,48.1517777,0 0.1909958,48.1525333,0 0.1910909,48.1530613,0 0.1911693,48.1535877,0 0.1912335,48.1541109,0 0.1912763,48.1545264,0 0.1913047,48.1548467,0 0.1913081,48.1549556,0 0.1913464,48.1561992,0 0.1913439,48.1565837,0 0.1913439,48.1570602,0 0.1913392,48.1574819,0 0.1913440,48.1582850,0 0.1913440,48.1591158,0 0.1913416,48.1596913,0 0.1913439,48.1606727,0 0.1913440,48.1614812,0 0.1913428,48.1619616,0 0.1913428,48.1620095,0 0.1913439,48.1630286,0 0.1913392,48.1634772,0 0.1913393,48.1651481,0 0.1913487,48.1658028,0 0.1913440,48.1664401,0 0.1913416,48.1675229,0 0.1913463,48.1686547,0 0.1913477,48.1689370,0 0.1913511,48.1696216,0 0.1913487,48.1703824,0 0.1913487,48.1711751,0 0.1913440,48.1718345,0 0.1913440,48.1723686,0 0.1913487,48.1729313,0 0.1913464,48.1735843,0 0.1913487,48.1741612,0 0.1913511,48.1759556,0 0.1913511,48.1760506,0 0.1913464,48.1770634,0 0.1913487,48.1782472,0 0.1913511,48.1791031,0 0.1913487,48.1801443,0 0.1913511,48.1813297,0 0.1913514,48.1813896,0 0.1913017,48.1814201,0 0.1913038,48.1817990,0 0.1913061,48.1825247,0 0.1913085,48.1834074,0 0.1913061,48.1843011,0 0.1913037,48.1848108,0 0.1912847,48.1851524,0 0.1912682,48.1854179,0 0.1912421,48.1856262,0 0.1911970,48.1859538,0 0.1911448,48.1862684,0 0.1910998,48.1864943,0 0.1910357,48.1867727,0 0.1909599,48.1870746,0 0.1908841,48.1873242,0 0.1907939,48.1876024,0 0.1906611,48.1879630,0 0.1905261,48.1883059,0 0.1903506,48.1886852,0 0.1901609,48.1890679,0 0.1900306,48.1893095,0 0.1899002,48.1895322,0 0.1897530,48.1897727,0 0.1896178,48.1899862,0 0.1895089,48.1901519,0 0.1894017,48.1903028,0 0.1892695,48.1904886,0 0.1888759,48.1910071,0 0.1884800,48.1914669,0 0.1880010,48.1919760,0 0.1876074,48.1923602,0 0.1872491,48.1926907,0 0.1868596,48.1930390,0 0.1864034,48.1934413,0 0.1859399,48.1938469,0 0.1853148,48.1943999,0 0.1845322,48.1950882,0 0.1843616,48.1952381,0 0.1822748,48.1970870,0 0.1810840,48.1981390,0 0.1800598,48.1990444,0 0.1800502,48.1990530,0 0.1791327,48.1998610,0 0.1779466,48.2009097,0 0.1769865,48.2017556,0 0.1761831,48.2024654,0 0.1753251,48.2032289,0 0.1748764,48.2036252,0 0.1745931,48.2038753,0 0.1738039,48.2045722,0 0.1730933,48.2051978,0 0.1721117,48.2060612,0 0.1711277,48.2069324,0 0.1701152,48.2078257,0 0.1693237,48.2085211,0 0.1684947,48.2092513,0 0.1684300,48.2093084,0 0.1674437,48.2101795,0 0.1664549,48.2110475,0 0.1655066,48.2118869,0 0.1646890,48.2126043,0 0.1636978,48.2134802,0 0.1628042,48.2142610,0 0.1621859,48.2148109,0 0.1618888,48.2150817,0 0.1611403,48.2157450,0 0.1605843,48.2162344,0 0.1599377,48.2168062,0 0.1592628,48.2174032,0 0.1589536,48.2176758,0 0.1585806,48.2180049,0 0.1578009,48.2186922,0 0.1569810,48.2194192,0 0.1560517,48.2202395,0 0.1550012,48.2211674,0 0.1544331,48.2216646,0 0.1536226,48.2223804,0 0.1532296,48.2227283,0 0.1528786,48.2230391,0 0.1518971,48.2239085,0 0.1513361,48.2244025,0 0.1506421,48.2250153,0 0.1501073,48.2254871,0 0.1492992,48.2261981,0 0.1485219,48.2268869,0 0.1477068,48.2276073,0 0.1469509,48.2282755,0 0.1463068,48.2288439,0 0.1454801,48.2295783,0 0.1452334,48.2297852,0 0.1449437,48.2300239,0 0.1448398,48.2301608,0 0.1446198,48.2303396,0 0.1445543,48.2303869,0 0.1442537,48.2306040,0 0.1440470,48.2307417,0 0.1437749,48.2309167,0 0.1433589,48.2311701,0 0.1431855,48.2312666,0 0.1428217,48.2314614,0 0.1424023,48.2316759,0 0.1420362,48.2318532,0 0.1415656,48.2320732,0 0.1412424,48.2321999,0 0.1409572,48.2323076,0 0.1406006,48.2324326,0 0.1403297,48.2325166,0 0.1401444,48.2325704,0 0.1396642,48.2326938,0 0.1390248,48.2328443,0 0.1384591,48.2329551,0 0.1378863,48.2330707,0 0.1365863,48.2333081,0 0.1363438,48.2333557,0 0.1358809,48.2334486,0 0.1354002,48.2335709,0 0.1344999,48.2338515,0 0.1342450,48.2339414,0 0.1340169,48.2340221,0 0.1338030,48.2340998,0 0.1336129,48.2341741,0 0.1334489,48.2342406,0 0.1332135,48.2343435,0 0.1328523,48.2345098,0 0.1316520,48.2351224,0 0.1308653,48.2355436,0 0.1302117,48.2358728,0 0.1300191,48.2359647,0 0.1298457,48.2360438,0 0.1296056,48.2361435,0 0.1292728,48.2362749,0 0.1290185,48.2363716,0 0.1288926,48.2364190,0 0.1285717,48.2365251,0 0.1283626,48.2365916,0 0.1282306,48.2366335,0 0.1281023,48.2366731,0 0.1277862,48.2367665,0 0.1274058,48.2368678,0 0.1271825,48.2369248,0 0.1271304,48.2369368,0 0.1268046,48.2370119,0 0.1262888,48.2371179,0 0.1256946,48.2372287,0 0.1249578,48.2373617,0 0.1242329,48.2374884,0 0.1230064,48.2377005,0 0.1220248,48.2378699,0 0.1202683,48.2381738,0 0.1195888,48.2382919,0 0.1189208,48.2384081,0 0.1172784,48.2386931,0 0.1160281,48.2389083,0 0.1147566,48.2391299,0 0.1132378,48.2393959,0 0.1127172,48.2394956,0 0.1122823,48.2395890,0 0.1118521,48.2396888,0 0.1113031,48.2398218,0 0.1111129,48.2398739,0 0.1108064,48.2399579,0 0.1105853,48.2400227,0 0.1102740,48.2401130,0 0.1100125,48.2401953,0 0.1098248,48.2402554,0 0.1095348,48.2403521,0 0.1093731,48.2404058,0 0.1091473,48.2404850,0 0.1085983,48.2406892,0 0.1081894,48.2408522,0 0.1077403,48.2410391,0 0.1072768,48.2412433,0 0.1066612,48.2415377,0 0.1060885,48.2418305,0 0.1054514,48.2421724,0 0.1045744,48.2426377,0 0.1045015,48.2426768,0 0.1033789,48.2432789,0 0.1023260,48.2438407,0 0.1012112,48.2444407,0 0.1003747,48.2448870,0 0.0995642,48.2453223,0 0.0985444,48.2458684,0 0.0979242,48.2461992,0 0.0973537,48.2465062,0 0.0968665,48.2467658,0 0.0963008,48.2470697,0 0.0954642,48.2475176,0 0.0950458,48.2477424,0 0.0943660,48.2481032,0 0.0943085,48.2481342,0 0.0938289,48.2483928,0 0.0929139,48.2488835,0 0.0915757,48.2496005,0 0.0911860,48.2498173,0 0.0906844,48.2501085,0 0.0901378,48.2504472,0 0.0897742,48.2506830,0 0.0894437,48.2509109,0 0.0891443,48.2511198,0 0.0883884,48.2516879,0 0.0878893,48.2520931,0 0.0875233,48.2524016,0 0.0872690,48.2526280,0 0.0868008,48.2530426,0 0.0863088,48.2535221,0 0.0859950,48.2538498,0 0.0856124,48.2542659,0 0.0853057,48.2546236,0 0.0850230,48.2549702,0 0.0847923,48.2552693,0 0.0844906,48.2556744,0 0.0841482,48.2561697,0 0.0839058,48.2565510,0 0.0835826,48.2570986,0 0.0832855,48.2576604,0 0.0830502,48.2581430,0 0.0829053,48.2584784,0 0.0827388,48.2588709,0 0.0825463,48.2593994,0 0.0824370,48.2597444,0 0.0822849,48.2602808,0 0.0821279,48.2609311,0 0.0820377,48.2614353,0 0.0820127,48.2615744,0 0.0819248,48.2621297,0 0.0818059,48.2628497,0 0.0816895,48.2636108,0 0.0815183,48.2646645,0 0.0815071,48.2647353,0 0.0813543,48.2656993,0 0.0812022,48.2666454,0 0.0810738,48.2674586,0 0.0810641,48.2675209,0 0.0809574,48.2682006,0 0.0808932,48.2685771,0 0.0808125,48.2690439,0 0.0806912,48.2697558,0 0.0805581,48.2705785,0 0.0804512,48.2712461,0 0.0803370,48.2720023,0 0.0802776,48.2725464,0 0.0802467,48.2730669,0 0.0802373,48.2734054,0 0.0802397,48.2738152,0 0.0802539,48.2741695,0 0.0802872,48.2746630,0 0.0803490,48.2752151,0 0.0803915,48.2754727,0 0.0804037,48.2755457,0 0.0804891,48.2760187,0 0.0805272,48.2762323,0 0.0805819,48.2764664,0 0.0806532,48.2767654,0 0.0808339,48.2773823,0 0.0810691,48.2780276,0 0.0812355,48.2784373,0 0.0813995,48.2787949,0 0.0814803,48.2789799,0 0.0815801,48.2791903,0 0.0816633,48.2793564,0 0.0818344,48.2796885,0 0.0819819,48.2799463,0 0.0820745,48.2801077,0 0.0822337,48.2803718,0 0.0823336,48.2805411,0 0.0824406,48.2807024,0 0.0826616,48.2810425,0 0.0828897,48.2813683,0 0.0833532,48.2819947,0 0.0835101,48.2821860,0 0.0835370,48.2822193,0 0.0836883,48.2824058,0 0.0837549,48.2824818,0 0.0838405,48.2825815,0 0.0844632,48.2832647,0 0.0849695,48.2837724,0 0.0854044,48.2841837,0 0.0856872,48.2844430,0 0.0858465,48.2845759,0 0.0860248,48.2847309,0 0.0861910,48.2848684,0 0.0864858,48.2851104,0 0.0866261,48.2852243,0 0.0869921,48.2855058,0 0.0876338,48.2859739,0 0.0884182,48.2865227,0 0.0894878,48.2872613,0 0.0903148,48.2878370,0 0.0909210,48.2882609,0 0.0918384,48.2888966,0 0.0928200,48.2895782,0 0.0936970,48.2901886,0 0.0947595,48.2909240,0 0.0956554,48.2915455,0 0.0966870,48.2922586,0 0.0974903,48.2928185,0 0.0985243,48.2935791,0 0.0990362,48.2939975,0 0.0994512,48.2943366,0 0.0999051,48.2947398,0 0.1004424,48.2952379,0 0.1010770,48.2958941,0 0.1014121,48.2962704,0 0.1017663,48.2966942,0 0.1019920,48.2969741,0 0.1021893,48.2972270,0 0.1023913,48.2974990,0 0.1027217,48.2979797,0 0.1030782,48.2985252,0 0.1033444,48.2989869,0 0.1036272,48.2995118,0 0.1039552,48.3001996,0 0.1042880,48.3009079,0 0.1044758,48.3012842,0 0.1047027,48.3017096,0 0.1047190,48.3017395,0 0.1047191,48.3017396,0 0.1048197,48.3019259,0 0.1050942,48.3024333,0 0.1051310,48.3025011,0 0.1054614,48.3031113,0 0.1055896,48.3033492,0 0.1060005,48.3041506,0 0.1063043,48.3047504,0 0.1065947,48.3053079,0 0.1066122,48.3053422,0 0.1070535,48.3062090,0 0.1075145,48.3071071,0 0.1080250,48.3081360,0 0.1080682,48.3082231,0 0.1084723,48.3090088,0 0.1088408,48.3097122,0 0.1092044,48.3104189,0 0.1095038,48.3110054,0 0.1098842,48.3117483,0 0.1102264,48.3124233,0 0.1105283,48.3130081,0 0.1108563,48.3136530,0 0.1111320,48.3141905,0 0.1114338,48.3147833,0 0.1117048,48.3153080,0 0.1119092,48.3157126,0 0.1121160,48.3161110,0 0.1123203,48.3165078,0 0.1124998,48.3168657,0 0.1129360,48.3177081,0 0.1132735,48.3183720,0 0.1136157,48.3190390,0 0.1139508,48.3196902,0 0.1142812,48.3203413,0 0.1146259,48.3210083,0 0.1148540,48.3214587,0 0.1152225,48.3221700,0 0.1153391,48.3223992,0 0.1155433,48.3228005,0 0.1158594,48.3234089,0 0.1163395,48.3243832,0 0.1169694,48.3256191,0 0.1173642,48.3263877,0 0.1175303,48.3267111,0 0.1179082,48.3274443,0 0.1180341,48.3276956,0 0.1181982,48.3280527,0 0.1183503,48.3284178,0 0.1184288,48.3286501,0 0.1184750,48.3288089,0 0.1184909,48.3288684,0 0.1185250,48.3289961,0 0.1185773,48.3292063,0 0.1186332,48.3294987,0 0.1186569,48.3297057,0 0.1186925,48.3299996,0 0.1187020,48.3301812,0 0.1187068,48.3303377,0 0.1187069,48.3305321,0 0.1186997,48.3307375,0 0.1186879,48.3309287,0 0.1186450,48.3313063,0 0.1186142,48.3315592,0 0.1185809,48.3318072,0 0.1184810,48.3324377,0 0.1183717,48.3331472,0 0.1182647,48.3339736,0 0.1182560,48.3345198,0 0.1182553,48.3345676,0 0.1182766,48.3349137,0 0.1183051,48.3351570,0 0.1183609,48.3355109,0 0.1184168,48.3357732,0 0.1184644,48.3359502,0 0.1185310,48.3361808,0 0.1185785,48.3363246,0 0.1186331,48.3364756,0 0.1186687,48.3365774,0 0.1187591,48.3367971,0 0.1188422,48.3369851,0 0.1189682,48.3372489,0 0.1190705,48.3374386,0 0.1191513,48.3375823,0 0.1192344,48.3377214,0 0.1192939,48.3378161,0 0.1193723,48.3379457,0 0.1195030,48.3381305,0 0.1195601,48.3382174,0 0.1196504,48.3383391,0 0.1197907,48.3385224,0 0.1198809,48.3386377,0 0.1199618,48.3387325,0 0.1200568,48.3388415,0 0.1201614,48.3389600,0 0.1203063,48.3391132,0 0.1203872,48.3392002,0 0.1205085,48.3393234,0 0.1205916,48.3394024,0 0.1207199,48.3395240,0 0.1209173,48.3397073,0 0.1210360,48.3398147,0 0.1211597,48.3399237,0 0.1213398,48.3400785,0 0.1213950,48.3401260,0 0.1221627,48.3407768,0 0.1225548,48.3411086,0 0.1233321,48.3417642,0 0.1241711,48.3424768,0 0.1248437,48.3430487,0 0.1255686,48.3436805,0 0.1258870,48.3439838,0 0.1261295,48.3442303,0 0.1264457,48.3445810,0 0.1266192,48.3447942,0 0.1267974,48.3450234,0 0.1269186,48.3451923,0 0.1270517,48.3453914,0 0.1270968,48.3454614,0 0.1271563,48.3455541,0 0.1273131,48.3458100,0 0.1274202,48.3459995,0 0.1275580,48.3462697,0 0.1276389,48.3464466,0 0.1278290,48.3469079,0 0.1279430,48.3472554,0 0.1280048,48.3474861,0 0.1280643,48.3477230,0 0.1281023,48.3479173,0 0.1281356,48.3481163,0 0.1281736,48.3485113,0 0.1281855,48.3487119,0 0.1281974,48.3489962,0 0.1281846,48.3494020,0 0.1281819,48.3494882,0 0.1281736,48.3496122,0 0.1280928,48.3501430,0 0.1280619,48.3503025,0 0.1280096,48.3505093,0 0.1279549,48.3507337,0 0.1278123,48.3512060,0 0.1276340,48.3516988,0 0.1274510,48.3522500,0 0.1272727,48.3528329,0 0.1271754,48.3532404,0 0.1271301,48.3534899,0 0.1270969,48.3537600,0 0.1270684,48.3539701,0 0.1270612,48.3542844,0 0.1270565,48.3545907,0 0.1270814,48.3549137,0 0.1270921,48.3550812,0 0.1271243,48.3552817,0 0.1271812,48.3556166,0 0.1272383,48.3558488,0 0.1272692,48.3559751,0 0.1273215,48.3561663,0 0.1273738,48.3563257,0 0.1274640,48.3566069,0 0.1276020,48.3570364,0 0.1278730,48.3578482,0 0.1281890,48.3587895,0 0.1283364,48.3592617,0 0.1284148,48.3595238,0 0.1284719,48.3597465,0 0.1285527,48.3600687,0 0.1286026,48.3603324,0 0.1286311,48.3605330,0 0.1286549,48.3608141,0 0.1286715,48.3612058,0 0.1286619,48.3616432,0 0.1286264,48.3620348,0 0.1285884,48.3622654,0 0.1285361,48.3625402,0 0.1284719,48.3627842,0 0.1284053,48.3630202,0 0.1283341,48.3632366,0 0.1282567,48.3634561,0 0.1281451,48.3637529,0 0.1279074,48.3643578,0 0.1276578,48.3650573,0 0.1275557,48.3654474,0 0.1275009,48.3656858,0 0.1274483,48.3659892,0 0.1274368,48.3660553,0 0.1273940,48.3667580,0 0.1273988,48.3669838,0 0.1274059,48.3671228,0 0.1274439,48.3675633,0 0.1274724,48.3677480,0 0.1275033,48.3679249,0 0.1275818,48.3682738,0 0.1276198,48.3684191,0 0.1276578,48.3685470,0 0.1276864,48.3686449,0 0.1277410,48.3688060,0 0.1277885,48.3689449,0 0.1278598,48.3691233,0 0.1279882,48.3694170,0 0.1281593,48.3697708,0 0.1283685,48.3701638,0 0.1285634,48.3705302,0 0.1287749,48.3709454,0 0.1288462,48.3710923,0 0.1289627,48.3713591,0 0.1290815,48.3716623,0 0.1292361,48.3721091,0 0.1293643,48.3725986,0 0.1294428,48.3729759,0 0.1295069,48.3733375,0 0.1295545,48.3736690,0 0.1295878,48.3740416,0 0.1296044,48.3743921,0 0.1296044,48.3745468,0 0.1296044,48.3747158,0 0.1295996,48.3749621,0 0.1295546,48.3754667,0 0.1295522,48.3754941,0 0.1294950,48.3759046,0 0.1293668,48.3765187,0 0.1292337,48.3770192,0 0.1291481,48.3772670,0 0.1290648,48.3774975,0 0.1289959,48.3776933,0 0.1289223,48.3778685,0 0.1288628,48.3779996,0 0.1287773,48.3781921,0 0.1287203,48.3783106,0 0.1286561,48.3784400,0 0.1285159,48.3787036,0 0.1283162,48.3790494,0 0.1281379,48.3793462,0 0.1279121,48.3796919,0 0.1276340,48.3801055,0 0.1271824,48.3807843,0 0.1265573,48.3817078,0 0.1259537,48.3826107,0 0.1257611,48.3829074,0 0.1254332,48.3833984,0 0.1249459,48.3841166,0 0.1248518,48.3842599,0 0.1246464,48.3845728,0 0.1241949,48.3852516,0 0.1238194,48.3858088,0 0.1233487,48.3865127,0 0.1228852,48.3872073,0 0.1225977,48.3876382,0 0.1222754,48.3881135,0 0.1222530,48.3881464,0 0.1217682,48.3888803,0 0.1211263,48.3898416,0 0.1204277,48.3908801,0 0.1197858,48.3918381,0 0.1192702,48.3926146,0 0.1186985,48.3934826,0 0.1182777,48.3941107,0 0.1178239,48.3948052,0 0.1173224,48.3955516,0 0.1170727,48.3959237,0 0.1167971,48.3963344,0 0.1162551,48.3971251,0 0.1157275,48.3979062,0 0.1151499,48.3987741,0 0.1144178,48.3998772,0 0.1143507,48.3999771,0 0.1137596,48.4008571,0 0.1130441,48.4019223,0 0.1125022,48.4027380,0 0.1118652,48.4036816,0 0.1112838,48.4045470,0 0.1112663,48.4045732,0 0.1101100,48.4063001,0 0.1094064,48.4073462,0 0.1084534,48.4087787,0 0.1077593,48.4098138,0 0.1071224,48.4107746,0 0.1066660,48.4115429,0 0.1062676,48.4123237,0 0.1062096,48.4124375,0 0.1060433,48.4128145,0 0.1058983,48.4131663,0 0.1057676,48.4135118,0 0.1056582,48.4138320,0 0.1054895,48.4143447,0 0.1052850,48.4149679,0 0.1050688,48.4156305,0 0.1048976,48.4161526,0 0.1046553,48.4168940,0 0.1045062,48.4173468,0 0.1043866,48.4177096,0 0.1041323,48.4184841,0 0.1038590,48.4193155,0 0.1035904,48.4201372,0 0.1033528,48.4208660,0 0.1031032,48.4216215,0 0.1028156,48.4224986,0 0.1025684,48.4232573,0 0.1023094,48.4240475,0 0.1020812,48.4247446,0 0.1018388,48.4254780,0 0.1015916,48.4262587,0 0.1015788,48.4262972,0 0.1013586,48.4269621,0 0.1011424,48.4276309,0 0.1004055,48.4299035,0 0.1002853,48.4302366,0 0.1001043,48.4307282,0 0.1001010,48.4307368,0 0.1001010,48.4307369,0 0.0999465,48.4311494,0 0.0998499,48.4314204,0 0.0998268,48.4314834,0 0.0996457,48.4319767,0 0.0995874,48.4321355,0 0.0994380,48.4326264,0 0.0994251,48.4326689,0 0.0992276,48.4333525,0 0.0990801,48.4338150,0 0.0990439,48.4339250,0 0.0988065,48.4346469,0 0.0985772,48.4354013,0 0.0985757,48.4354062,0 0.0985210,48.4356840,0 0.0984781,48.4359650,0 0.0983925,48.4362839,0 0.0982973,48.4365728,0 0.0982069,48.4368995,0 0.0981712,48.4371252,0 0.0981260,48.4374710,0 0.0981094,48.4378055,0 0.0981142,48.4380834,0 0.0981639,48.4388241,0 0.0981642,48.4388526,0 0.0981930,48.4391331,0 0.0982185,48.4393899,0 0.0982214,48.4394035,0 0.0982705,48.4396300,0 0.0983581,48.4398836,0 0.0984059,48.4400441,0 0.0986276,48.4405518,0 0.0988361,48.4409385,0 0.0991111,48.4414397,0 0.0993478,48.4419288,0 0.0995766,48.4424946,0 0.0997279,48.4428911,0 0.0998793,48.4434009,0 0.0999492,48.4436943,0 0.1000963,48.4443571,0 0.1004447,48.4462007,0 0.1007349,48.4477255,0 0.1010793,48.4495505,0 0.1014122,48.4513011,0 0.1018185,48.4534596,0 0.1018799,48.4537681,0 0.1021745,48.4552512,0 0.1024145,48.4565755,0 0.1024842,48.4569606,0 0.1027899,48.4585440,0 0.1031382,48.4603661,0 0.1034943,48.4622575,0 0.1038348,48.4640666,0 0.1039737,48.4647928,0 0.1041482,48.4657057,0 0.1042988,48.4663334,0 0.1044224,48.4667661,0 0.1045770,48.4672324,0 0.1047431,48.4677062,0 0.1050713,48.4684771,0 0.1053920,48.4691149,0 0.1057358,48.4697628,0 0.1063503,48.4707136,0 0.1070353,48.4717553,0 0.1078365,48.4729817,0 0.1083512,48.4737688,0 0.1090981,48.4749111,0 0.1102436,48.4766813,0 0.1109995,48.4778355,0 0.1114045,48.4784539,0 0.1127087,48.4804498,0 0.1139665,48.4823712,0 0.1140138,48.4824442,0 0.1151159,48.4841463,0 0.1163697,48.4860572,0 0.1168825,48.4868462,0 0.1175500,48.4878733,0 0.1187730,48.4897584,0 0.1200075,48.4916358,0 0.1213503,48.4937183,0 0.1221240,48.4948909,0 0.1226043,48.4956187,0 0.1236917,48.4972934,0 0.1247521,48.4989128,0 0.1254215,48.4999347,0 0.1259614,48.5007758,0 0.1265670,48.5016937,0 0.1271205,48.5025424,0 0.1277532,48.5034976,0 0.1283530,48.5044168,0 0.1289335,48.5053028,0 0.1294560,48.5061066,0 0.1300675,48.5070451,0 0.1312736,48.5089143,0 0.1318921,48.5097978,0 0.1322499,48.5102534,0 0.1323865,48.5104273,0 0.1327610,48.5108672,0 0.1335415,48.5117017,0 0.1341095,48.5122493,0 0.1344722,48.5125843,0 0.1351680,48.5131655,0 0.1361508,48.5139756,0 0.1378304,48.5153650,0 0.1394635,48.5167083,0 0.1401137,48.5172443,0 0.1408189,48.5178256,0 0.1412359,48.5181694,0 0.1426256,48.5193104,0 0.1430977,48.5197154,0 0.1437397,48.5202431,0 0.1452916,48.5215120,0 0.1469750,48.5229063,0 0.1476944,48.5234954,0 0.1481726,48.5238659,0 0.1487076,48.5242309,0 0.1490892,48.5244690,0 0.1495018,48.5247129,0 0.1499333,48.5249404,0 0.1505465,48.5252336,0 0.1510357,48.5254429,0 0.1513823,48.5255805,0 0.1521293,48.5258490,0 0.1526720,48.5260255,0 0.1534619,48.5262781,0 0.1538188,48.5264002,0 0.1543332,48.5265815,0 0.1547707,48.5267604,0 0.1550977,48.5269042,0 0.1552204,48.5269582,0 0.1554754,48.5270728,0 0.1559318,48.5273031,0 0.1563475,48.5275282,0 0.1567287,48.5277562,0 0.1569883,48.5279294,0 0.1572501,48.5280925,0 0.1575650,48.5283165,0 0.1579363,48.5285894,0 0.1581814,48.5288033,0 0.1584991,48.5290829,0 0.1588546,48.5294084,0 0.1591440,48.5297197,0 0.1593985,48.5300001,0 0.1596061,48.5302457,0 0.1598392,48.5305593,0 0.1599849,48.5307628,0 0.1601774,48.5310730,0 0.1603464,48.5313779,0 0.1605560,48.5318149,0 0.1607247,48.5322140,0 0.1610845,48.5330868,0 0.1614754,48.5340400,0 0.1618547,48.5349535,0 0.1621624,48.5356994,0 0.1624604,48.5364553,0 0.1628047,48.5372764,0 0.1629312,48.5375813,0 0.1631801,48.5381807,0 0.1633693,48.5386155,0 0.1635038,48.5388965,0 0.1635761,48.5390450,0 0.1637571,48.5393476,0 0.1639618,48.5396607,0 0.1642136,48.5400106,0 0.1644244,48.5402700,0 0.1645179,48.5403855,0 0.1648173,48.5407321,0 0.1650407,48.5409576,0 0.1651753,48.5410877,0 0.1655149,48.5413955,0 0.1656920,48.5415446,0 0.1659191,48.5417255,0 0.1670579,48.5425448,0 0.1680556,48.5432402,0 0.1690701,48.5439469,0 0.1696601,48.5443831,0 0.1701041,48.5447289,0 0.1704680,48.5450333,0 0.1708093,48.5453298,0 0.1713053,48.5457749,0 0.1716059,48.5460613,0 0.1719820,48.5464386,0 0.1722613,48.5467352,0 0.1727338,48.5472596,0 0.1730361,48.5476059,0 0.1732535,48.5478706,0 0.1734845,48.5481686,0 0.1737750,48.5485790,0 0.1741274,48.5490699,0 0.1743295,48.5493760,0 0.1747132,48.5500407,0 0.1749518,48.5504899,0 0.1749945,48.5505785,0 0.1751243,48.5508481,0 0.1753511,48.5513587,0 0.1755448,48.5518500,0 0.1756984,48.5522617,0 0.1758319,48.5526741,0 0.1759327,48.5530564,0 0.1760411,48.5534675,0 0.1761052,48.5537645,0 0.1761769,48.5541045,0 0.1762011,48.5542614,0 0.1762351,48.5544808,0 0.1762952,48.5549693,0 0.1763456,48.5554505,0 0.1763649,48.5559371,0 0.1763650,48.5564014,0 0.1763533,48.5568556,0 0.1763088,48.5574291,0 0.1762699,48.5577475,0 0.1762098,48.5581734,0 0.1761382,48.5585418,0 0.1760452,48.5589867,0 0.1759809,48.5592536,0 0.1759405,48.5594211,0 0.1757433,48.5602458,0 0.1755478,48.5610641,0 0.1753387,48.5619337,0 0.1751201,48.5628288,0 0.1749854,48.5633941,0 0.1748995,48.5637547,0 0.1747215,48.5644871,0 0.1744720,48.5655306,0 0.1742475,48.5664986,0 0.1740287,48.5674246,0 0.1738353,48.5681980,0 0.1736380,48.5690416,0 0.1733980,48.5700532,0 0.1733137,48.5703989,0 0.1731717,48.5709815,0 0.1729452,48.5719481,0 0.1727150,48.5729021,0 0.1724730,48.5738789,0 0.1722487,48.5748261,0 0.1720397,48.5757352,0 0.1718113,48.5766686,0 0.1715830,48.5776030,0 0.1714011,48.5783813,0 0.1712173,48.5791431,0 0.1709967,48.5800468,0 0.1707897,48.5809584,0 0.1705903,48.5817394,0 0.1703583,48.5827121,0 0.1701627,48.5835184,0 0.1699724,48.5843234,0 0.1699267,48.5845169,0 0.1697023,48.5854384,0 0.1694972,48.5863397,0 0.1692261,48.5873753,0 0.1690019,48.5883542,0 0.1687599,48.5893564,0 0.1685490,48.5902587,0 0.1683322,48.5911432,0 0.1681040,48.5920684,0 0.1678834,48.5930089,0 0.1676860,48.5938550,0 0.1674712,48.5947419,0 0.1672449,48.5956890,0 0.1671837,48.5959394,0 0.1669856,48.5967499,0 0.1667360,48.5977812,0 0.1665037,48.5987729,0 0.1663460,48.5994240,0 0.1662638,48.5997634,0 0.1660297,48.6007308,0 0.1657956,48.6017160,0 0.1655614,48.6027103,0 0.1653273,48.6036827,0 0.1650776,48.6047246,0 0.1649168,48.6053152,0 0.1648003,48.6056987,0 0.1646471,48.6061171,0 0.1644724,48.6065213,0 0.1642183,48.6070471,0 0.1640573,48.6073346,0 0.1637995,48.6077780,0 0.1635763,48.6081295,0 0.1632254,48.6086321,0 0.1630409,48.6088722,0 0.1629530,48.6089813,0 0.1626144,48.6094017,0 0.1622629,48.6097880,0 0.1620360,48.6100201,0 0.1618498,48.6102073,0 0.1614585,48.6105826,0 0.1612351,48.6107920,0 0.1607501,48.6111986,0 0.1602653,48.6115834,0 0.1597936,48.6119246,0 0.1592759,48.6122771,0 0.1586863,48.6126540,0 0.1580877,48.6130038,0 0.1574821,48.6133619,0 0.1568124,48.6137535,0 0.1554426,48.6145530,0 0.1542513,48.6152549,0 0.1537940,48.6155407,0 0.1535108,48.6157329,0 0.1532871,48.6158949,0 0.1530188,48.6160940,0 0.1528065,48.6162586,0 0.1526370,48.6163947,0 0.1524523,48.6165525,0 0.1521845,48.6167996,0 0.1519437,48.6170429,0 0.1518315,48.6171655,0 0.1517197,48.6172816,0 0.1515849,48.6174369,0 0.1514438,48.6176005,0 0.1513419,48.6177212,0 0.1511644,48.6179571,0 0.1511394,48.6179902,0 0.1510237,48.6181483,0 0.1508907,48.6183420,0 0.1507154,48.6186146,0 0.1504743,48.6190518,0 0.1502755,48.6194689,0 0.1501947,48.6196574,0 0.1500674,48.6199822,0 0.1499594,48.6203430,0 0.1498862,48.6206170,0 0.1498168,48.6209569,0 0.1497629,48.6214006,0 0.1497378,48.6217638,0 0.1497359,48.6220514,0 0.1497551,48.6223537,0 0.1497725,48.6225947,0 0.1498072,48.6228532,0 0.1498573,48.6231490,0 0.1499597,48.6236102,0 0.1500739,48.6241115,0 0.1502384,48.6248546,0 0.1504397,48.6257409,0 0.1506370,48.6266144,0 0.1508480,48.6275264,0 0.1510743,48.6285367,0 0.1512832,48.6294550,0 0.1514846,48.6303463,0 0.1514936,48.6303856,0 0.1516974,48.6312799,0 0.1519044,48.6322006,0 0.1521308,48.6331699,0 0.1523167,48.6340114,0 0.1527026,48.6357185,0 0.1530857,48.6374217,0 0.1535249,48.6393435,0 0.1537494,48.6403191,0 0.1539100,48.6410338,0 0.1541055,48.6418892,0 0.1542796,48.6426781,0 0.1544447,48.6433843,0 0.1545060,48.6436471,0 0.1547092,48.6445486,0 0.1548815,48.6453274,0 0.1550790,48.6463086,0 0.1551814,48.6469103,0 0.1552374,48.6475143,0 0.1552677,48.6476840,0 0.1552964,48.6478451,0 0.1552964,48.6478452,0 0.1552999,48.6478646,0 0.1553716,48.6483734,0 0.1553793,48.6484536,0 0.1554335,48.6490152,0 0.1554374,48.6494524,0 0.1554335,48.6497490,0 0.1554103,48.6501734,0 0.1553445,48.6506438,0 0.1552207,48.6511015,0 0.1551162,48.6514645,0 0.1549343,48.6518813,0 0.1547602,48.6522239,0 0.1545512,48.6525895,0 0.1542455,48.6530420,0 0.1540326,48.6533334,0 0.1538275,48.6535763,0 0.1535875,48.6538472,0 0.1533186,48.6541323,0 0.1530632,48.6543816,0 0.1526529,48.6547472,0 0.1522679,48.6550539,0 0.1519002,48.6553223,0 0.1514649,48.6556189,0 0.1510740,48.6558746,0 0.1506521,48.6561174,0 0.1501046,48.6564139,0 0.1495458,48.6567167,0 0.1488449,48.6570965,0 0.1473105,48.6579349,0 0.1454374,48.6589511,0 0.1448808,48.6592543,0 0.1443229,48.6595582,0 0.1430553,48.6602578,0 0.1418925,48.6608747,0 0.1408399,48.6614510,0 0.1397078,48.6620664,0 0.1384561,48.6627469,0 0.1374035,48.6633157,0 0.1361147,48.6640135,0 0.1355285,48.6643309,0 0.1352023,48.6645075,0 0.1349776,48.6647239,0 0.1337635,48.6653888,0 0.1334804,48.6655438,0 0.1334619,48.6655540,0 0.1302442,48.6673000,0 0.1299082,48.6674841,0 0.1298340,48.6675248,0 0.1294898,48.6677139,0 0.1288169,48.6680837,0 0.1284683,48.6682741,0 0.1272970,48.6689070,0 0.1259971,48.6695920,0 0.1259970,48.6695920,0 0.1259440,48.6696199,0 0.1236971,48.6708326,0 0.1228054,48.6713133,0 0.1225069,48.6714741,0 0.1214581,48.6720454,0 0.1196489,48.6730177,0 0.1185016,48.6736424,0 0.1171316,48.6743862,0 0.1158197,48.6750979,0 0.1143083,48.6759170,0 0.1129075,48.6766656,0 0.1115067,48.6774364,0 0.1114448,48.6774704,0 0.1100767,48.6782128,0 0.1084145,48.6791199,0 0.1068415,48.6799707,0 0.1054328,48.6807462,0 0.1040144,48.6815116,0 0.1026889,48.6822360,0 0.1021693,48.6825166,0 0.1009668,48.6831660,0 0.0995504,48.6839376,0 0.0982693,48.6846326,0 0.0976058,48.6849903,0 0.0970911,48.6852725,0 0.0965412,48.6855703,0 0.0964447,48.6856225,0 0.0957966,48.6859764,0 0.0949027,48.6864618,0 0.0937978,48.6870648,0 0.0926502,48.6876882,0 0.0914583,48.6883283,0 0.0900573,48.6890908,0 0.0887912,48.6897758,0 0.0876170,48.6903705,0 0.0866711,48.6908069,0 0.0861436,48.6910322,0 0.0855196,48.6912855,0 0.0846449,48.6916209,0 0.0846253,48.6916274,0 0.0844061,48.6916991,0 0.0840294,48.6918315,0 0.0836403,48.6919614,0 0.0828712,48.6922018,0 0.0819292,48.6924680,0 0.0809868,48.6927086,0 0.0804515,48.6928264,0 0.0796578,48.6929976,0 0.0787285,48.6931944,0 0.0774703,48.6934397,0 0.0757981,48.6937743,0 0.0744827,48.6940376,0 0.0735740,48.6942136,0 0.0724941,48.6944534,0 0.0717353,48.6946420,0 0.0708314,48.6948931,0 0.0698365,48.6951953,0 0.0693058,48.6953711,0 0.0684865,48.6956632,0 0.0679417,48.6958698,0 0.0674414,48.6960649,0 0.0666205,48.6964040,0 0.0660648,48.6966537,0 0.0652650,48.6970438,0 0.0647415,48.6973128,0 0.0640694,48.6976754,0 0.0639679,48.6977302,0 0.0633101,48.6980839,0 0.0620426,48.6987673,0 0.0605836,48.6995488,0 0.0590435,48.7003776,0 0.0576445,48.7011362,0 0.0561700,48.7019280,0 0.0550662,48.7025262,0 0.0546121,48.7027722,0 0.0533055,48.7034544,0 0.0528291,48.7036986,0 0.0517912,48.7042148,0 0.0508777,48.7046530,0 0.0497300,48.7052072,0 0.0490407,48.7055343,0 0.0482139,48.7059151,0 0.0472903,48.7063253,0 0.0467328,48.7065667,0 0.0458830,48.7069346,0 0.0446284,48.7074623,0 0.0432559,48.7080117,0 0.0427601,48.7082046,0 0.0417959,48.7085790,0 0.0413093,48.7087551,0 0.0406596,48.7089903,0 0.0399358,48.7092598,0 0.0393006,48.7094834,0 0.0383657,48.7098180,0 0.0370103,48.7102728,0 0.0355261,48.7107607,0 0.0341599,48.7112089,0 0.0326390,48.7117030,0 0.0299068,48.7125954,0 0.0275771,48.7133564,0 0.0267288,48.7136338,0 0.0245625,48.7143420,0 0.0214061,48.7153745,0 0.0213775,48.7153838,0 0.0196359,48.7159583,0 0.0179912,48.7164895,0 0.0158241,48.7171992,0 0.0147792,48.7175389,0 0.0123333,48.7183380,0 0.0090245,48.7194206,0 0.0063853,48.7202784,0 0.0036820,48.7211656,0 0.0015092,48.7218716,0 -0.0003601,48.7224869,0 -0.0008441,48.7226430,0 -0.0017726,48.7229426,0 -0.0039263,48.7236511,0 -0.0059406,48.7243021,0 -0.0080207,48.7249824,0 -0.0099305,48.7256028,0 -0.0110911,48.7259830,0 -0.0116727,48.7261805,0 -0.0121180,48.7263421,0 -0.0128713,48.7266441,0 -0.0132477,48.7268007,0 -0.0138406,48.7270657,0 -0.0143831,48.7273178,0 -0.0151457,48.7277037,0 -0.0158330,48.7280845,0 -0.0166789,48.7285936,0 -0.0170909,48.7288416,0 -0.0177184,48.7292605,0 -0.0183514,48.7297086,0 -0.0193091,48.7304880,0 -0.0195697,48.7307264,0 -0.0202255,48.7313265,0 -0.0202256,48.7313265,0 -0.0202574,48.7313557,0 -0.0203651,48.7314675,0 -0.0209876,48.7321138,0 -0.0214263,48.7326084,0 -0.0218062,48.7330674,0 -0.0219948,48.7333048,0 -0.0222744,48.7336750,0 -0.0224044,48.7338623,0 -0.0224772,48.7339628,0 -0.0225193,48.7340209,0 -0.0226362,48.7341982,0 -0.0227574,48.7343827,0 -0.0228531,48.7345284,0 -0.0232277,48.7350078,0 -0.0232343,48.7350166,0 -0.0234436,48.7353198,0 -0.0235324,48.7354370,0 -0.0236316,48.7355705,0 -0.0236886,48.7356472,0 -0.0238338,48.7358515,0 -0.0239421,48.7360231,0 -0.0240483,48.7361860,0 -0.0241891,48.7363933,0 -0.0243030,48.7365626,0 -0.0244635,48.7367818,0 -0.0247917,48.7372267,0 -0.0253898,48.7380343,0 -0.0258003,48.7385783,0 -0.0260704,48.7389362,0 -0.0264345,48.7394236,0 -0.0265885,48.7396221,0 -0.0266596,48.7397145,0 -0.0268813,48.7399868,0 -0.0269016,48.7400117,0 -0.0272072,48.7403699,0 -0.0274471,48.7406574,0 -0.0275645,48.7408151,0 -0.0276845,48.7409764,0 -0.0278670,48.7412215,0 -0.0279726,48.7413634,0 -0.0281863,48.7416429,0 -0.0284642,48.7420065,0 -0.0285902,48.7421756,0 -0.0295630,48.7434801,0 -0.0302965,48.7444653,0 -0.0310240,48.7454299,0 -0.0318195,48.7465005,0 -0.0320582,48.7468045,0 -0.0325615,48.7474457,0 -0.0331236,48.7480873,0 -0.0335424,48.7485311,0 -0.0339073,48.7488843,0 -0.0346143,48.7495190,0 -0.0352210,48.7500558,0 -0.0356559,48.7503963,0 -0.0364153,48.7509494,0 -0.0368339,48.7512420,0 -0.0375211,48.7517091,0 -0.0382932,48.7522322,0 -0.0393384,48.7529388,0 -0.0395917,48.7531101,0 -0.0407314,48.7538615,0 -0.0412164,48.7541910,0 -0.0415555,48.7544213,0 -0.0417897,48.7545804,0 -0.0428423,48.7552953,0 -0.0436358,48.7558298,0 -0.0441137,48.7561500,0 -0.0451529,48.7568466,0 -0.0463911,48.7576795,0 -0.0475831,48.7584857,0 -0.0489492,48.7594066,0 -0.0501915,48.7602435,0 -0.0512924,48.7609807,0 -0.0524882,48.7617868,0 -0.0537401,48.7626287,0 -0.0538076,48.7626741,0 -0.0549708,48.7634577,0 -0.0560970,48.7642141,0 -0.0584190,48.7657727,0 -0.0596535,48.7665991,0 -0.0609731,48.7674880,0 -0.0610203,48.7675198,0 -0.0623663,48.7684255,0 -0.0637034,48.7693297,0 -0.0648180,48.7700732,0 -0.0660795,48.7709199,0 -0.0673429,48.7717782,0 -0.0680611,48.7722616,0 -0.0694559,48.7731945,0 -0.0696384,48.7733172,0 -0.0714273,48.7745201,0 -0.0731866,48.7757041,0 -0.0745088,48.7765914,0 -0.0749109,48.7768612,0 -0.0753599,48.7771872,0 -0.0758321,48.7775380,0 -0.0760380,48.7776981,0 -0.0764498,48.7780222,0 -0.0767669,48.7782972,0 -0.0772936,48.7787575,0 -0.0777741,48.7792116,0 -0.0782430,48.7796827,0 -0.0787297,48.7802127,0 -0.0799103,48.7814987,0 -0.0799238,48.7815133,0 -0.0813773,48.7830826,0 -0.0824346,48.7842419,0 -0.0835206,48.7854106,0 -0.0848587,48.7868756,0 -0.0858932,48.7879895,0 -0.0860211,48.7881287,0 -0.0871453,48.7893524,0 -0.0886094,48.7909420,0 -0.0888215,48.7911723,0 -0.0901854,48.7926503,0 -0.0912478,48.7938199,0 -0.0916367,48.7942927,0 -0.0918710,48.7945939,0 -0.0921002,48.7949108,0 -0.0921058,48.7949184,0 -0.0922485,48.7951100,0 -0.0924314,48.7954075,0 -0.0926113,48.7956803,0 -0.0928313,48.7961130,0 -0.0930143,48.7964728,0 -0.0931143,48.7967045,0 -0.0932431,48.7969835,0 -0.0933860,48.7973505,0 -0.0935003,48.7976669,0 -0.0936031,48.7979904,0 -0.0936888,48.7983463,0 -0.0937190,48.7984653,0 -0.0937704,48.7986798,0 -0.0938147,48.7989049,0 -0.0938519,48.7990969,0 -0.0938819,48.7992993,0 -0.0939176,48.7995433,0 -0.0939347,48.7996986,0 -0.0939519,48.7998452,0 -0.0939605,48.8000500,0 -0.0939733,48.8003902,0 -0.0939747,48.8006981,0 -0.0939676,48.8009256,0 -0.0939275,48.8015247,0 -0.0938864,48.8023290,0 -0.0938859,48.8023383,0 -0.0938573,48.8029677,0 -0.0938186,48.8036603,0 -0.0937814,48.8044096,0 -0.0937484,48.8051097,0 -0.0937098,48.8058381,0 -0.0936754,48.8065374,0 -0.0936381,48.8072734,0 -0.0936109,48.8078498,0 -0.0935722,48.8085206,0 -0.0935378,48.8092106,0 -0.0935077,48.8099485,0 -0.0934933,48.8102943,0 -0.0934963,48.8106718,0 -0.0935078,48.8109030,0 -0.0935365,48.8111890,0 -0.0935954,48.8115870,0 -0.0936270,48.8117708,0 -0.0937003,48.8121032,0 -0.0937722,48.8123569,0 -0.0938527,48.8126208,0 -0.0939691,48.8129511,0 -0.0941184,48.8133247,0 -0.0942248,48.8135624,0 -0.0944129,48.8139444,0 -0.0945554,48.8142078,0 -0.0947666,48.8145560,0 -0.0949607,48.8148475,0 -0.0951920,48.8151711,0 -0.0953962,48.8154333,0 -0.0955730,48.8156472,0 -0.0958932,48.8160113,0 -0.0963543,48.8164946,0 -0.0966033,48.8167278,0 -0.0968675,48.8169632,0 -0.0971089,48.8171705,0 -0.0975046,48.8174868,0 -0.0983369,48.8180731,0 -0.0983477,48.8180808,0 -0.0990491,48.8185152,0 -0.0995507,48.8187906,0 -0.0999154,48.8189825,0 -0.1002517,48.8191529,0 -0.1006266,48.8193287,0 -0.1011916,48.8195894,0 -0.1015745,48.8197583,0 -0.1024309,48.8201440,0 -0.1034366,48.8205996,0 -0.1045443,48.8210959,0 -0.1060091,48.8217605,0 -0.1068039,48.8221446,0 -0.1071618,48.8223454,0 -0.1075881,48.8225952,0 -0.1080219,48.8228732,0 -0.1083877,48.8231348,0 -0.1087592,48.8234114,0 -0.1090475,48.8236425,0 -0.1092899,48.8238509,0 -0.1095527,48.8240954,0 -0.1097124,48.8242512,0 -0.1099492,48.8245011,0 -0.1103034,48.8249035,0 -0.1107147,48.8254430,0 -0.1108884,48.8257113,0 -0.1109591,48.8258319,0 -0.1111113,48.8260914,0 -0.1111854,48.8262319,0 -0.1113996,48.8266682,0 -0.1115281,48.8270028,0 -0.1116394,48.8273019,0 -0.1117508,48.8276813,0 -0.1118164,48.8279782,0 -0.1118706,48.8282602,0 -0.1118936,48.8284481,0 -0.1119220,48.8286718,0 -0.1119363,48.8289477,0 -0.1119363,48.8291847,0 -0.1119335,48.8294178,0 -0.1119135,48.8297069,0 -0.1118764,48.8299795,0 -0.1118192,48.8303501,0 -0.1117479,48.8306657,0 -0.1116765,48.8309287,0 -0.1115167,48.8314025,0 -0.1114638,48.8315288,0 -0.1113852,48.8317166,0 -0.1112539,48.8320208,0 -0.1110173,48.8324433,0 -0.1108802,48.8326573,0 -0.1106232,48.8330410,0 -0.1103636,48.8333734,0 -0.1101124,48.8336684,0 -0.1098580,48.8339412,0 -0.1095404,48.8342727,0 -0.1092109,48.8346007,0 -0.1085149,48.8353173,0 -0.1080421,48.8357736,0 -0.1071875,48.8366438,0 -0.1068547,48.8370046,0 -0.1065879,48.8373009,0 -0.1063638,48.8375544,0 -0.1061735,48.8377954,0 -0.1060208,48.8380153,0 -0.1059117,48.8381816,0 -0.1058158,48.8383290,0 -0.1057307,48.8384596,0 -0.1055840,48.8387134,0 -0.1054375,48.8389949,0 -0.1053454,48.8391731,0 -0.1051929,48.8395273,0 -0.1050864,48.8398206,0 -0.1049971,48.8400881,0 -0.1049367,48.8403814,0 -0.1048651,48.8406796,0 -0.1048190,48.8409375,0 -0.1047844,48.8412426,0 -0.1047672,48.8416569,0 -0.1047701,48.8420506,0 -0.1048218,48.8426257,0 -0.1048995,48.8430707,0 -0.1050288,48.8435721,0 -0.1051842,48.8440362,0 -0.1053856,48.8444734,0 -0.1055637,48.8448251,0 -0.1057450,48.8451488,0 -0.1059168,48.8454145,0 -0.1059924,48.8455313,0 -0.1063774,48.8460476,0 -0.1066395,48.8463602,0 -0.1069099,48.8466462,0 -0.1071241,48.8468575,0 -0.1072233,48.8469556,0 -0.1072662,48.8469978,0 -0.1075743,48.8472764,0 -0.1079208,48.8475553,0 -0.1083836,48.8479279,0 -0.1096233,48.8488816,0 -0.1102318,48.8493496,0 -0.1108327,48.8498298,0 -0.1110440,48.8500102,0 -0.1112122,48.8501584,0 -0.1114038,48.8503428,0 -0.1115549,48.8504835,0 -0.1118688,48.8508234,0 -0.1121316,48.8511241,0 -0.1123228,48.8513682,0 -0.1125345,48.8516562,0 -0.1126654,48.8518472,0 -0.1128224,48.8520989,0 -0.1129651,48.8523489,0 -0.1130964,48.8525948,0 -0.1131963,48.8528109,0 -0.1133249,48.8530948,0 -0.1134218,48.8533517,0 -0.1135103,48.8536258,0 -0.1136275,48.8540751,0 -0.1136930,48.8543982,0 -0.1137502,48.8548042,0 -0.1137760,48.8550802,0 -0.1137901,48.8554726,0 -0.1137730,48.8557562,0 -0.1137559,48.8560285,0 -0.1137016,48.8563969,0 -0.1135929,48.8570126,0 -0.1135419,48.8572515,0 -0.1134410,48.8577231,0 -0.1131116,48.8593671,0 -0.1129854,48.8599879,0 -0.1129306,48.8603588,0 -0.1129134,48.8606049,0 -0.1129020,48.8608490,0 -0.1129047,48.8610572,0 -0.1129106,48.8612811,0 -0.1129566,48.8616046,0 -0.1130083,48.8619764,0 -0.1130600,48.8622622,0 -0.1131464,48.8626238,0 -0.1132614,48.8629663,0 -0.1133649,48.8632481,0 -0.1134973,48.8635547,0 -0.1136612,48.8638895,0 -0.1138597,48.8642453,0 -0.1141214,48.8646503,0 -0.1144027,48.8650299,0 -0.1145322,48.8652060,0 -0.1148029,48.8655280,0 -0.1151050,48.8658459,0 -0.1153711,48.8661036,0 -0.1154589,48.8661885,0 -0.1159299,48.8665891,0 -0.1162350,48.8668428,0 -0.1167731,48.8672270,0 -0.1173542,48.8675941,0 -0.1179150,48.8679063,0 -0.1187049,48.8683068,0 -0.1194998,48.8686730,0 -0.1196594,48.8687447,0 -0.1210988,48.8693912,0 -0.1225343,48.8700432,0 -0.1245050,48.8709363,0 -0.1252628,48.8713013,0 -0.1256022,48.8714813,0 -0.1256293,48.8714968,0 -0.1259278,48.8716673,0 -0.1262959,48.8718869,0 -0.1269983,48.8723565,0 -0.1274094,48.8726794,0 -0.1277148,48.8729253,0 -0.1280121,48.8731997,0 -0.1282317,48.8733969,0 -0.1284194,48.8735950,0 -0.1286537,48.8738638,0 -0.1289241,48.8741839,0 -0.1289967,48.8742698,0 -0.1292362,48.8745982,0 -0.1294192,48.8748726,0 -0.1295676,48.8751052,0 -0.1296757,48.8753019,0 -0.1297958,48.8755387,0 -0.1299443,48.8758450,0 -0.1300871,48.8761964,0 -0.1301756,48.8764289,0 -0.1302812,48.8767874,0 -0.1303611,48.8771218,0 -0.1304182,48.8774163,0 -0.1304552,48.8777524,0 -0.1304839,48.8780854,0 -0.1304982,48.8783311,0 -0.1304924,48.8786161,0 -0.1304667,48.8789806,0 -0.1304154,48.8793936,0 -0.1303383,48.8797520,0 -0.1302755,48.8799942,0 -0.1301734,48.8803313,0 -0.1301469,48.8804191,0 -0.1300357,48.8807283,0 -0.1298986,48.8810232,0 -0.1297445,48.8813631,0 -0.1294817,48.8818025,0 -0.1290347,48.8825280,0 -0.1282393,48.8838562,0 -0.1282266,48.8838772,0 -0.1278886,48.8844442,0 -0.1275676,48.8849548,0 -0.1271463,48.8856731,0 -0.1265836,48.8866176,0 -0.1264415,48.8868561,0 -0.1256651,48.8881390,0 -0.1251091,48.8890359,0 -0.1245447,48.8899817,0 -0.1242938,48.8903906,0 -0.1238628,48.8910932,0 -0.1233154,48.8919994,0 -0.1226822,48.8930355,0 -0.1222136,48.8938090,0 -0.1220202,48.8941282,0 -0.1214961,48.8949869,0 -0.1211956,48.8954515,0 -0.1209444,48.8958232,0 -0.1206187,48.8962270,0 -0.1204049,48.8964801,0 -0.1198850,48.8970134,0 -0.1196709,48.8972105,0 -0.1194684,48.8973923,0 -0.1191083,48.8976854,0 -0.1188689,48.8978747,0 -0.1185873,48.8980710,0 -0.1182015,48.8983096,0 -0.1178725,48.8985146,0 -0.1176210,48.8986611,0 -0.1171121,48.8989300,0 -0.1165770,48.8991934,0 -0.1159006,48.8995269,0 -0.1147860,48.9000806,0 -0.1141357,48.9003989,0 -0.1135021,48.9007079,0 -0.1131919,48.9008666,0 -0.1128359,48.9010554,0 -0.1124591,48.9012634,0 -0.1122084,48.9014168,0 -0.1119041,48.9016130,0 -0.1116451,48.9017814,0 -0.1113636,48.9019872,0 -0.1110784,48.9021872,0 -0.1110156,48.9022311,0 -0.1106899,48.9025096,0 -0.1103880,48.9027799,0 -0.1100887,48.9030807,0 -0.1098501,48.9033415,0 -0.1095797,48.9036514,0 -0.1094100,48.9038726,0 -0.1092748,48.9040504,0 -0.1091309,48.9042624,0 -0.1089701,48.9045152,0 -0.1087977,48.9047948,0 -0.1085533,48.9052465,0 -0.1083606,48.9056700,0 -0.1082225,48.9060443,0 -0.1081775,48.9061898,0 -0.1080416,48.9066293,0 -0.1078668,48.9073021,0 -0.1076547,48.9080873,0 -0.1072679,48.9094959,0 -0.1069756,48.9105639,0 -0.1066462,48.9117935,0 -0.1064889,48.9123565,0 -0.1063624,48.9128088,0 -0.1061590,48.9136280,0 -0.1058380,48.9147991,0 -0.1055000,48.9160907,0 -0.1054256,48.9163519,0 -0.1053399,48.9166203,0 -0.1052283,48.9169173,0 -0.1051746,48.9170650,0 -0.1051370,48.9171688,0 -0.1050231,48.9174158,0 -0.1049116,48.9176299,0 -0.1047918,48.9178586,0 -0.1046263,48.9181212,0 -0.1044750,48.9183594,0 -0.1042496,48.9186594,0 -0.1040037,48.9189752,0 -0.1037410,48.9192922,0 -0.1035388,48.9195074,0 -0.1033077,48.9197324,0 -0.1030794,48.9199405,0 -0.1027509,48.9202203,0 -0.1025280,48.9203986,0 -0.1022533,48.9206130,0 -0.1018809,48.9208991,0 -0.1004681,48.9219911,0 -0.0993995,48.9228177,0 -0.0981901,48.9237460,0 -0.0979050,48.9239688,0 -0.0974795,48.9243014,0 -0.0968970,48.9247519,0 -0.0966293,48.9249827,0 -0.0963500,48.9252400,0 -0.0960853,48.9255122,0 -0.0958153,48.9258123,0 -0.0955795,48.9260863,0 -0.0953607,48.9263719,0 -0.0951337,48.9266986,0 -0.0950128,48.9268859,0 -0.0948633,48.9271427,0 -0.0947223,48.9273940,0 -0.0945985,48.9276515,0 -0.0944030,48.9281272,0 -0.0942508,48.9285747,0 -0.0941499,48.9289397,0 -0.0940810,48.9292951,0 -0.0940291,48.9296937,0 -0.0940090,48.9299981,0 -0.0940003,48.9304999,0 -0.0940234,48.9311538,0 -0.0940664,48.9322549,0 -0.0941151,48.9336383,0 -0.0941465,48.9348825,0 -0.0941809,48.9360760,0 -0.0941905,48.9363208,0 -0.0942211,48.9371113,0 -0.0942727,48.9385079,0 -0.0943300,48.9400889,0 -0.0943729,48.9413668,0 -0.0944160,48.9427633,0 -0.0944268,48.9430494,0 -0.0944704,48.9441917,0 -0.0945105,48.9456088,0 -0.0945506,48.9467417,0 -0.0945776,48.9476522,0 -0.0945907,48.9480928,0 -0.0946422,48.9495682,0 -0.0946939,48.9508309,0 -0.0947283,48.9518770,0 -0.0947626,48.9530662,0 -0.0948142,48.9543382,0 -0.0948514,48.9557230,0 -0.0948858,48.9566539,0 -0.0949031,48.9571209,0 -0.0949431,48.9584869,0 -0.0950004,48.9598886,0 -0.0950434,48.9612544,0 -0.0950545,48.9615888,0 -0.0950835,48.9624716,0 -0.0951266,48.9637904,0 -0.0951809,48.9651598,0 -0.0952010,48.9658460,0 -0.0952009,48.9664549,0 -0.0951924,48.9668097,0 -0.0951667,48.9671909,0 -0.0951266,48.9676114,0 -0.0950579,48.9681202,0 -0.0949808,48.9685275,0 -0.0948835,48.9689858,0 -0.0947920,48.9693311,0 -0.0946405,48.9698644,0 -0.0944804,48.9703204,0 -0.0942314,48.9709591,0 -0.0940627,48.9713476,0 -0.0938052,48.9718808,0 -0.0935764,48.9723147,0 -0.0933190,48.9727727,0 -0.0930073,48.9732701,0 -0.0927504,48.9736524,0 -0.0927501,48.9736527,0 -0.0927498,48.9736534,0 -0.0924981,48.9740211,0 -0.0921064,48.9745223,0 -0.0915972,48.9751496,0 -0.0911741,48.9756168,0 -0.0908711,48.9759281,0 -0.0906652,48.9761272,0 -0.0903039,48.9764829,0 -0.0899888,48.9767950,0 -0.0877022,48.9790387,0 -0.0868308,48.9799077,0 -0.0865036,48.9802375,0 -0.0861130,48.9806711,0 -0.0857428,48.9811100,0 -0.0854040,48.9815300,0 -0.0850250,48.9820333,0 -0.0845974,48.9826831,0 -0.0844762,48.9828777,0 -0.0841616,48.9833830,0 -0.0837434,48.9840560,0 -0.0833909,48.9846013,0 -0.0830297,48.9851883,0 -0.0824396,48.9861283,0 -0.0818151,48.9871208,0 -0.0815366,48.9875398,0 -0.0814349,48.9876929,0 -0.0811639,48.9880318,0 -0.0808554,48.9883916,0 -0.0805755,48.9886841,0 -0.0802980,48.9889638,0 -0.0797282,48.9895219,0 -0.0793126,48.9899167,0 -0.0785590,48.9906539,0 -0.0780318,48.9911653,0 -0.0773527,48.9918252,0 -0.0770676,48.9920998,0 -0.0768198,48.9923384,0 -0.0760604,48.9930717,0 -0.0753870,48.9937203,0 -0.0741894,48.9948823,0 -0.0733668,48.9956776,0 -0.0729456,48.9960931,0 -0.0719514,48.9970536,0 -0.0715962,48.9973995,0 -0.0711405,48.9978394,0 -0.0707882,48.9981796,0 -0.0704472,48.9985067,0 -0.0699515,48.9989824,0 -0.0694298,48.9994882,0 -0.0686419,49.0002608,0 -0.0673352,49.0015222,0 -0.0662207,49.0026162,0 -0.0660692,49.0027626,0 -0.0649372,49.0038565,0 -0.0642563,49.0044948,0 -0.0638435,49.0048428,0 -0.0635760,49.0050685,0 -0.0631559,49.0053834,0 -0.0628357,49.0056160,0 -0.0624382,49.0058917,0 -0.0619324,49.0062254,0 -0.0615840,49.0064334,0 -0.0610975,49.0067186,0 -0.0607285,49.0069231,0 -0.0606006,49.0069941,0 -0.0595335,49.0075195,0 -0.0585026,49.0079966,0 -0.0566713,49.0088482,0 -0.0557223,49.0093033,0 -0.0556347,49.0093464,0 -0.0553083,49.0095070,0 -0.0548422,49.0097637,0 -0.0543074,49.0100861,0 -0.0538071,49.0104199,0 -0.0534187,49.0107049,0 -0.0530765,49.0109822,0 -0.0527712,49.0112466,0 -0.0524463,49.0115691,0 -0.0521617,49.0118634,0 -0.0518829,49.0121857,0 -0.0516588,49.0124531,0 -0.0513374,49.0128653,0 -0.0507700,49.0136210,0 -0.0499935,49.0146434,0 -0.0492571,49.0156187,0 -0.0485181,49.0165955,0 -0.0479079,49.0173479,0 -0.0478255,49.0174496,0 -0.0475800,49.0177266,0 -0.0471654,49.0181561,0 -0.0468251,49.0184917,0 -0.0465047,49.0187882,0 -0.0461079,49.0191533,0 -0.0457770,49.0194021,0 -0.0453729,49.0197103,0 -0.0445451,49.0203377,0 -0.0444568,49.0204028,0 -0.0438718,49.0208338,0 -0.0422898,49.0220327,0 -0.0408702,49.0231025,0 -0.0409075,49.0231249,0 -0.0405601,49.0233867,0 -0.0397166,49.0240230,0 -0.0395113,49.0241778,0 -0.0385428,49.0249669,0 -0.0380615,49.0254310,0 -0.0374311,49.0260961,0 -0.0370127,49.0265960,0 -0.0366948,49.0270036,0 -0.0363452,49.0275053,0 -0.0361188,49.0278548,0 -0.0358666,49.0282926,0 -0.0356087,49.0287980,0 -0.0354569,49.0291211,0 -0.0352648,49.0295851,0 -0.0351044,49.0300098,0 -0.0349812,49.0304493,0 -0.0348809,49.0308044,0 -0.0348008,49.0311989,0 -0.0347090,49.0317343,0 -0.0346661,49.0320857,0 -0.0346565,49.0322642,0 -0.0346489,49.0324069,0 -0.0346288,49.0330155,0 -0.0346460,49.0335510,0 -0.0346861,49.0339774,0 -0.0347463,49.0343606,0 -0.0348236,49.0347739,0 -0.0348753,49.0349956,0 -0.0349926,49.0354464,0 -0.0351474,49.0359329,0 -0.0353194,49.0363781,0 -0.0355715,49.0369586,0 -0.0357430,49.0372923,0 -0.0358294,49.0374602,0 -0.0360357,49.0378265,0 -0.0362935,49.0382303,0 -0.0365457,49.0386079,0 -0.0369068,49.0390925,0 -0.0372392,49.0394983,0 -0.0377377,49.0400693,0 -0.0383165,49.0407229,0 -0.0393824,49.0419325,0 -0.0403395,49.0430107,0 -0.0415142,49.0443329,0 -0.0427092,49.0456814,0 -0.0439326,49.0470618,0 -0.0450157,49.0482864,0 -0.0461905,49.0496104,0 -0.0482224,49.0519034,0 -0.0483137,49.0520065,0 -0.0494629,49.0533005,0 -0.0498754,49.0537717,0 -0.0505345,49.0545210,0 -0.0515631,49.0556739,0 -0.0523111,49.0565227,0 -0.0530073,49.0573038,0 -0.0540674,49.0585130,0 -0.0551334,49.0597185,0 -0.0559127,49.0605840,0 -0.0563426,49.0610684,0 -0.0568240,49.0616223,0 -0.0573885,49.0622512,0 -0.0582972,49.0632799,0 -0.0585977,49.0636199,0 -0.0597180,49.0648797,0 -0.0608212,49.0661112,0 -0.0609609,49.0662718,0 -0.0614777,49.0668660,0 -0.0618654,49.0673116,0 -0.0619415,49.0673991,0 -0.0627180,49.0682665,0 -0.0630562,49.0686381,0 -0.0634516,49.0690174,0 -0.0638555,49.0693403,0 -0.0642968,49.0696331,0 -0.0646780,49.0698414,0 -0.0649788,49.0699860,0 -0.0654030,49.0701606,0 -0.0657210,49.0702657,0 -0.0662596,49.0703952,0 -0.0667295,49.0704759,0 -0.0672339,49.0705307,0 -0.0680059,49.0705907,0 -0.0680893,49.0705972,0 -0.0680894,49.0705972,0 -0.0680939,49.0705976,0 -0.0690737,49.0706392,0 -0.0690925,49.0706674,0 -0.0694775,49.0706731,0 -0.0694776,49.0706731,0 -0.0696890,49.0706761,0 -0.0714202,49.0706727,0 -0.0721586,49.0706744,0 -0.0728867,49.0706779,0 -0.0735257,49.0706882,0 -0.0741538,49.0707111,0 -0.0743690,49.0707190,0 -0.0752935,49.0707499,0 -0.0762336,49.0707911,0 -0.0767679,49.0708168,0 -0.0771555,49.0708357,0 -0.0774725,49.0708597,0 -0.0778365,49.0708871,0 -0.0783942,49.0709386,0 -0.0789259,49.0709832,0 -0.0792088,49.0710073,0 -0.0795545,49.0710330,0 -0.0799945,49.0710501,0 -0.0805784,49.0710587,0 -0.0810524,49.0710776,0 -0.0813484,49.0710931,0 -0.0816626,49.0711153,0 -0.0820921,49.0711565,0 -0.0824326,49.0711960,0 -0.0827626,49.0712355,0 -0.0830873,49.0712800,0 -0.0831328,49.0712871,0 -0.0834644,49.0713384,0 -0.0838652,49.0713984,0 -0.0840077,49.0714223,0 -0.0840078,49.0714223,0 -0.0841177,49.0714407,0 -0.0841178,49.0714407,0 -0.0844701,49.0714997,0 -0.0849577,49.0715748,0 -0.0855680,49.0716794,0 -0.0862804,49.0717773,0 -0.0871027,49.0719007,0 -0.0879326,49.0720228,0 -0.0886773,49.0721644,0 -0.0896137,49.0723635,0 -0.0897937,49.0724009,0 -0.0910742,49.0726667,0 -0.0919547,49.0728912,0 -0.0925469,49.0730500,0 -0.0931550,49.0732200,0 -0.0937260,49.0733957,0 -0.0945679,49.0736594,0 -0.0952074,49.0738660,0 -0.0959426,49.0741165,0 -0.0965861,49.0743453,0 -0.0971435,49.0745513,0 -0.0983362,49.0750405,0 -0.0985536,49.0751297,0 -0.1004363,49.0759128,0 -0.1024810,49.0767480,0 -0.1040334,49.0773788,0 -0.1045731,49.0775980,0 -0.1066003,49.0784315,0 -0.1081494,49.0790694,0 -0.1101966,49.0799014,0 -0.1118750,49.0805980,0 -0.1142785,49.0815701,0 -0.1165472,49.0825081,0 -0.1187538,49.0834117,0 -0.1203876,49.0840659,0 -0.1222629,49.0848325,0 -0.1230988,49.0851813,0 -0.1242602,49.0856660,0 -0.1264817,49.0865712,0 -0.1284567,49.0873900,0 -0.1309024,49.0883801,0 -0.1333704,49.0893880,0 -0.1352606,49.0901643,0 -0.1370414,49.0908982,0 -0.1392231,49.0917854,0 -0.1414146,49.0926807,0 -0.1430135,49.0933348,0 -0.1449734,49.0941404,0 -0.1459348,49.0945448,0 -0.1468811,49.0949362,0 -0.1469554,49.0949654,0 -0.1473668,49.0951270,0 -0.1486196,49.0956407,0 -0.1499993,49.0962017,0 -0.1517924,49.0969452,0 -0.1540538,49.0978683,0 -0.1561458,49.0987195,0 -0.1578268,49.0994060,0 -0.1589426,49.0998739,0 -0.1607905,49.1006192,0 -0.1627255,49.1014034,0 -0.1628036,49.1014356,0 -0.1647591,49.1022423,0 -0.1668697,49.1031016,0 -0.1673951,49.1033163,0 -0.1685857,49.1038028,0 -0.1707972,49.1047207,0 -0.1730013,49.1056191,0 -0.1757209,49.1067278,0 -0.1776286,49.1075087,0 -0.1792523,49.1081690,0 -0.1800113,49.1084676,0 -0.1817046,49.1091581,0 -0.1818925,49.1092364,0 -0.1825678,49.1095104,0 -0.1828349,49.1096188,0 -0.1848136,49.1104287,0 -0.1874460,49.1115144,0 -0.1893089,49.1122708,0 -0.1915030,49.1131723,0 -0.1932513,49.1138880,0 -0.1945517,49.1144211,0 -0.1947979,49.1145220,0 -0.1949871,49.1146000,0 -0.1964620,49.1152078,0 -0.1983617,49.1159892,0 -0.2002097,49.1167390,0 -0.2018932,49.1174236,0 -0.2034597,49.1180642,0 -0.2042077,49.1183703,0 -0.2056264,49.1189509,0 -0.2075641,49.1197415,0 -0.2092749,49.1204375,0 -0.2113496,49.1212883,0 -0.2135710,49.1221799,0 -0.2155186,49.1229801,0 -0.2168488,49.1235260,0 -0.2174266,49.1237358,0 -0.2182619,49.1240547,0 -0.2186834,49.1242249,0 -0.2199282,49.1247333,0 -0.2202386,49.1248600,0 -0.2202387,49.1248600,0 -0.2211160,49.1252183,0 -0.2230690,49.1260257,0 -0.2255546,49.1270394,0 -0.2278833,49.1279880,0 -0.2299305,49.1288337,0 -0.2320472,49.1297055,0 -0.2321705,49.1297552,0 -0.2342164,49.1305790,0 -0.2364554,49.1314965,0 -0.2385099,49.1323308,0 -0.2394937,49.1327300,0 -0.2406616,49.1332026,0 -0.2428034,49.1340695,0 -0.2440377,49.1345705,0 -0.2447261,49.1348500,0 -0.2464218,49.1355405,0 -0.2467910,49.1356909,0 -0.2489900,49.1366017,0 -0.2519112,49.1377923,0 -0.2526245,49.1380830,0 -0.2603917,49.1412480,0 -0.2701876,49.1452383,0 -0.2864654,49.1518659,0 -0.2939356,49.1549060,0 -0.2975669,49.1563836,0 -0.2975670,49.1563836,0 -0.2983241,49.1566917,0 -0.2985481,49.1567722,0 -0.3001144,49.1574180,0 -0.3021467,49.1582503,0 -0.3041639,49.1590759,0 -0.3066044,49.1600661,0 -0.3086554,49.1608955,0 -0.3088036,49.1609554,0 -0.3108783,49.1618023,0 -0.3127771,49.1625670,0 -0.3153063,49.1635888,0 -0.3175874,49.1645203,0 -0.3196176,49.1653396,0 -0.3205603,49.1657456,0 -0.3212542,49.1660704,0 -0.3217515,49.1663204,0 -0.3224107,49.1666764,0 -0.3227345,49.1668705,0 -0.3228926,49.1669653,0 -0.3232600,49.1671925,0 -0.3238988,49.1676069,0 -0.3243303,49.1679234,0 -0.3246228,49.1681357,0 -0.3250524,49.1684917,0 -0.3257939,49.1691513,0 -0.3261521,49.1695085,0 -0.3264429,49.1698124,0 -0.3267002,49.1701014,0 -0.3271044,49.1705795,0 -0.3274840,49.1710952,0 -0.3275995,49.1712632,0 -0.3280196,49.1718739,0 -0.3281057,49.1720041,0 -0.3284226,49.1724690,0 -0.3287207,49.1728605,0 -0.3289240,49.1731021,0 -0.3292518,49.1734674,0 -0.3295045,49.1737201,0 -0.3296372,49.1738412,0 -0.3298371,49.1740236,0 -0.3302319,49.1743594,0 -0.3306958,49.1747180,0 -0.3312418,49.1750911,0 -0.3317278,49.1753796,0 -0.3322393,49.1756701,0 -0.3328249,49.1759752,0 -0.3331612,49.1761240,0 -0.3334395,49.1762474,0 -0.3341336,49.1765115,0 -0.3345549,49.1766552,0 -0.3355585,49.1769422,0 -0.3359829,49.1770626,0 -0.3361345,49.1771052,0 -0.3362850,49.1771444,0 -0.3364596,49.1771883,0 -0.3366278,49.1772253,0 -0.3369263,49.1772911,0 -0.3371217,49.1773326,0 -0.3373029,49.1773711,0 -0.3377212,49.1774466,0 -0.3380226,49.1774894,0 -0.3381578,49.1775086,0 -0.3389851,49.1775977,0 -0.3391551,49.1776504,0 -0.3397109,49.1776790,0 -0.3402148,49.1776969,0 -0.3410171,49.1777006,0 -0.3416688,49.1777005,0 -0.3419453,49.1776898,0 -0.3424574,49.1776647,0 -0.3424623,49.1776641,0</coordinates>
        </LineString>
        <LineString>
          <tessellate>1</tessellate>
          <coordinates>0.6938082,47.3893150,0 0.6939291,47.3892121,0 0.6940649,47.3890964,0 0.6941065,47.3890610,0 0.6941719,47.3890054,0 0.6942274,47.3889581,0 0.6942279,47.3889576,0 0.6942583,47.3889319,0 0.6943866,47.3888227,0 0.6946453,47.3886026,0 0.6948987,47.3883871,0 0.6950445,47.3882641,0 0.6956435,47.3877154,0 0.6961062,47.3872682,0 0.6961789,47.3871979,0 0.6962329,47.3871457,0 0.6963049,47.3870748,0 0.6964351,47.3869467,0 0.6966940,47.3866919,0 0.6970510,47.3863630,0 0.6970511,47.3863629,0 0.6971064,47.3863121,0 0.6971064,47.3863120,0 0.6972478,47.3861818,0 0.6973627,47.3860803,0 0.6975211,47.3859404,0 0.6975535,47.3859116,0 0.6975797,47.3858883,0 0.6976763,47.3858026,0 0.6976764,47.3858026,0 0.6979970,47.3855180,0 0.6981724,47.3853997,0 0.6983539,47.3852664,0 0.6987437,47.3849848,0 0.6990954,47.3847627,0 0.6992952,47.3846564,0 0.6996726,47.3844366,0 0.7001027,47.3841323,0 0.7005090,47.3838473,0 0.7010044,47.3835383,0 0.7014286,47.3833089,0 0.7016501,47.3831893,0 0.7022514,47.3828900,0 0.7026603,47.3827017,0 0.7031190,47.3825037,0 0.7035169,47.3823590,0 0.7037298,47.3822816,0 0.7043265,47.3820902,0 0.7048018,47.3819453,0 0.7055267,47.3817602,0 0.7058855,47.3816814,0 0.7061993,47.3816186,0 0.7066009,47.3815515,0 0.7067293,47.3815301,0 0.7070812,47.3814818,0 0.7074115,47.3814432,0 0.7077894,47.3814094,0 0.7081471,47.3813827,0 0.7085143,47.3813434,0 0.7089504,47.3813068,0 0.7090848,47.3813000,0 0.7093296,47.3812919,0 0.7098406,47.3812935,0 0.7101733,47.3813128,0 0.7105251,47.3813466,0 0.7108793,47.3813869,0 0.7113119,47.3814384,0 0.7115447,47.3814689,0 0.7116873,47.3814931,0 0.7119559,47.3815365,0 0.7121865,47.3815591,0 0.7123458,47.3815671,0 0.7125168,47.3815864,0 0.7128116,47.3816379,0 0.7133225,47.3817457,0 0.7135508,47.3818069,0 0.7139216,47.3819115,0 0.7143541,47.3820467,0 0.7147937,47.3821980,0 0.7152597,47.3823653,0 0.7155378,47.3824652,0 0.7159934,47.3826506,0 0.7163327,47.3828095,0 0.7170459,47.3831732,0 0.7174433,47.3833726,0 0.7181166,47.3836833,0 0.7181966,47.3837153,0 0.7182406,47.3837328,0 0.7183704,47.3837845,0 0.7183705,47.3837845,0 0.7183994,47.3837961,0 0.7184132,47.3838006,0 0.7187156,47.3838990,0 0.7190079,47.3839940,0 0.7193420,47.3840949,0 0.7193810,47.3841067,0 0.7197827,47.3842048,0 0.7205502,47.3844169,0 0.7206364,47.3844472,0 0.7213567,47.3847008,0 0.7220554,47.3849390,0 0.7227603,47.3851764,0 0.7228330,47.3852009,0 0.7228332,47.3852009,0 0.7229778,47.3852496,0 0.7234718,47.3854180,0 0.7234719,47.3854180,0 0.7239926,47.3855956,0 0.7247050,47.3858390,0 0.7247051,47.3858390,0 0.7247793,47.3858643,0 0.7250508,47.3859592,0</coordinates>
        </LineString>
        <LineString>
          <tessellate>1</tessellate>
          <coordinates>0.7250508,47.3859592,0 0.7247793,47.3858643,0 0.7247051,47.3858390,0 0.7247050,47.3858390,0 0.7239926,47.3855956,0 0.7234719,47.3854180,0 0.7234718,47.3854180,0 0.7229778,47.3852496,0 0.7228332,47.3852009,0 0.7228330,47.3852009,0 0.7227603,47.3851764,0 0.7220554,47.3849390,0 0.7213567,47.3847008,0 0.7206364,47.3844472,0 0.7205502,47.3844169,0 0.7197827,47.3842048,0 0.7193810,47.3841067,0 0.7193420,47.3840949,0 0.7190079,47.3839940,0 0.7187156,47.3838990,0 0.7184132,47.3838006,0 0.7183994,47.3837961,0 0.7183705,47.3837845,0 0.7183704,47.3837845,0 0.7182406,47.3837328,0 0.7181966,47.3837153,0 0.7181166,47.3836833,0 0.7174433,47.3833726,0 0.7170459,47.3831732,0 0.7163327,47.3828095,0 0.7159934,47.3826506,0 0.7155378,47.3824652,0 0.7152597,47.3823653,0 0.7148484,47.3821786,0 0.7145086,47.3820403,0 0.7140474,47.3818761,0 0.7138894,47.3818321,0 0.7137647,47.3817973,0 0.7132783,47.3816825,0 0.7128829,47.3816041,0 0.7128561,47.3815985,0 0.7127378,47.3815735,0 0.7125715,47.3815478,0 0.7124493,47.3815362,0 0.7124193,47.3815333,0 0.7122031,47.3815140,0 0.7119797,47.3814899,0 0.7117230,47.3814480,0 0.7115685,47.3814207,0 0.7114893,47.3814102,0 0.7113261,47.3813885,0 0.7108964,47.3813302,0 0.7102898,47.3812436,0 0.7102810,47.3812421,0 0.7102809,47.3812421,0 0.7100547,47.3812031,0 0.7097954,47.3811583,0 0.7094104,47.3810795,0 0.7090230,47.3809765,0 0.7086213,47.3808574,0 0.7082005,47.3807190,0 0.7078441,47.3805741,0 0.7075184,47.3804374,0 0.7071572,47.3802780,0 0.7067341,47.3800865,0 0.7062754,47.3798805,0 0.7058072,47.3796696,0 0.7051488,47.3793896,0 0.7046283,47.3791691,0 0.7036823,47.3787925,0 0.7035648,47.3787422,0 0.7032687,47.3786155,0 0.7027506,47.3784079,0 0.7023252,47.3782356,0 0.7016667,47.3779668,0 0.7012318,47.3777882,0 0.7006257,47.3775387,0 0.7000363,47.3773037,0 0.6990903,47.3769127,0 0.6985651,47.3766953,0 0.6980540,47.3764603,0 0.6974788,47.3761803,0 0.6969227,47.3758986,0 0.6964023,47.3756250,0 0.6959504,47.3753841,0 0.6953692,47.3750855,0 0.6950395,47.3749113,0 0.6948675,47.3748203,0 0.6945656,47.3746787,0 0.6943489,47.3745795,0 0.6941353,47.3744839,0 0.6936458,47.3743198,0 0.6933939,47.3742489,0 0.6930855,47.3741851,0 0.6922982,47.3740172,0 0.6920005,47.3739512,0 0.6916761,47.3738889,0 0.6911843,47.3738077,0 0.6907705,47.3737588,0 0.6902998,47.3737242,0 0.6896898,47.3736965,0 0.6892473,47.3736844,0 0.6885433,47.3736645,0 0.6880203,47.3736598,0 0.6875477,47.3736701,0 0.6872219,47.3736849,0 0.6867665,47.3737181,0 0.6864300,47.3737531,0 0.6860672,47.3737969,0 0.6855690,47.3738743,0 0.6849246,47.3739980,0 0.6842341,47.3741645,0 0.6837373,47.3742947,0 0.6831957,47.3744450,0 0.6825991,47.3746106,0 0.6814226,47.3749316,0 0.6807520,47.3751193,0 0.6795475,47.3754545,0 0.6787339,47.3756800,0 0.6776593,47.3759657,0 0.6770181,47.3761413,0 0.6764419,47.3762965,0 0.6758313,47.3764622,0 0.6751332,47.3766556,0 0.6746110,47.3767990,0 0.6732578,47.3771737,0 0.6721030,47.3774903,0 0.6701044,47.3780095,0 0.6690554,47.3782785,0 0.6686114,47.3783884,0 0.6684193,47.3784360,0 0.6673639,47.3787192,0 0.6663009,47.3790165,0 0.6657524,47.3791699,0 0.6636158,47.3797493,0 0.6615670,47.3803142,0 0.6598771,47.3807793,0 0.6586198,47.3811270,0 0.6580996,47.3812695,0 0.6575715,47.3814199,0 0.6572792,47.3815099,0 0.6569274,47.3816258,0 0.6565615,47.3817610,0 0.6562809,47.3818672,0 0.6560076,47.3819767,0 0.6553707,47.3822519,0 0.6548168,47.3825238,0 0.6544844,47.3827035,0 0.6543938,47.3827524,0 0.6538138,47.3831000,0 0.6532696,47.3834605,0 0.6527182,47.3838885,0 0.6522998,47.3842410,0 0.6522305,47.3843077,0 0.6519838,47.3845452,0 0.6515274,47.3850182,0 0.6511281,47.3855316,0 0.6509570,47.3857618,0 0.6507002,47.3861213,0 0.6505851,47.3863377,0 0.6505848,47.3863385,0 0.6505078,47.3864682,0 0.6502463,47.3869767,0 0.6500752,47.3873822,0 0.6498256,47.3880660,0 0.6496307,47.3886534,0 0.6493716,47.3894354,0 0.6492456,47.3898072,0 0.6490009,47.3905795,0 0.6488654,47.3909544,0 0.6486158,47.3916608,0 0.6485547,47.3918385,0 0.6482902,47.3926069,0 0.6481357,47.3930574,0 0.6478149,47.3939006,0 0.6475344,47.3947292,0 0.6473870,47.3951346,0 0.6470329,47.3961547,0 0.6467165,47.3970784,0 0.6466360,47.3973131,0 0.6464197,47.3979631,0 0.6462604,47.3984152,0 0.6458920,47.3995076,0 0.6455332,47.4004922,0 0.6453073,47.4010520,0 0.6452122,47.4012788,0 0.6450792,47.4015330,0 0.6449461,47.4017535,0 0.6447487,47.4020671,0 0.6445443,47.4023503,0 0.6442877,47.4026640,0 0.6440287,47.4029407,0 0.6436685,47.4033004,0 0.6434065,47.4035318,0 0.6432214,47.4036844,0 0.6428399,47.4039712,0 0.6424071,47.4042569,0 0.6419210,47.4045470,0 0.6410933,47.4049950,0 0.6404064,47.4053569,0 0.6393558,47.4059086,0 0.6387165,47.4062738,0 0.6382768,47.4065376,0 0.6378062,47.4068673,0 0.6373831,47.4072019,0 0.6369125,47.4076266,0 0.6367034,47.4078325,0 0.6364792,47.4080761,0 0.6362297,47.4083881,0 0.6360181,47.4087002,0 0.6358256,47.4090186,0 0.6356450,47.4093773,0 0.6354620,47.4097585,0 0.6353407,47.4101012,0 0.6352505,47.4104357,0 0.6351744,47.4108394,0 0.6351221,47.4111740,0 0.6350840,47.4115439,0 0.6350627,47.4120506,0 0.6350223,47.4127374,0 0.6350080,47.4131668,0 0.6349699,47.4138552,0 0.6349689,47.4138779,0 0.6349486,47.4143297,0 0.6349153,47.4153333,0 0.6348987,47.4155987,0 0.6348536,47.4163562,0 0.6348416,47.4166489,0 0.6347917,47.4174305,0 0.6347775,47.4176540,0 0.6347537,47.4183488,0 0.6347419,47.4186737,0 0.6346800,47.4196032,0 0.6346749,47.4196799,0 0.6346634,47.4198509,0 0.6346325,47.4206727,0 0.6345992,47.4213368,0 0.6345754,47.4218192,0 0.6345612,47.4221313,0 0.6345493,47.4225123,0 0.6345612,47.4228742,0 0.6346017,47.4232199,0 0.6346397,47.4234772,0 0.6347157,47.4238551,0 0.6347870,47.4241365,0 0.6349390,47.4246045,0 0.6350674,47.4249405,0 0.6351958,47.4252252,0 0.6353194,47.4254937,0 0.6354477,47.4257317,0 0.6356593,47.4260758,0 0.6359231,47.4264263,0 0.6362915,47.4268911,0 0.6365411,47.4271628,0 0.6373635,47.4279523,0 0.6377485,47.4283157,0 0.6383118,47.4288319,0 0.6386968,47.4291791,0 0.6388802,47.4293472,0 0.6392871,47.4297761,0 0.6394504,47.4299268,0 0.6396532,47.4301139,0 0.6400186,47.4304464,0 0.6403209,47.4307216,0 0.6408076,47.4311775,0 0.6414168,47.4317886,0 0.6414168,47.4317887,0 0.6414994,47.4318716,0 0.6415098,47.4318833,0 0.6418081,47.4322199,0 0.6421082,47.4326084,0 0.6423734,47.4330377,0 0.6425204,47.4332878,0 0.6427457,47.4337067,0 0.6429177,47.4340402,0 0.6429619,47.4341262,0 0.6431946,47.4345666,0 0.6433914,47.4350043,0 0.6435623,47.4354202,0 0.6438663,47.4361932,0 0.6440066,47.4365614,0 0.6444225,47.4376112,0 0.6445624,47.4379797,0 0.6446165,47.4381708,0 0.6446852,47.4384961,0 0.6447303,47.4387447,0 0.6447800,47.4390619,0 0.6448132,47.4394255,0 0.6448249,47.4398068,0 0.6448207,47.4399776,0 0.6448084,47.4404818,0 0.6447776,47.4407408,0 0.6446851,47.4413026,0 0.6446139,47.4416752,0 0.6444783,47.4423811,0 0.6443625,47.4430235,0 0.6443333,47.4431846,0 0.6442408,47.4436344,0 0.6440721,47.4444253,0 0.6439911,47.4448263,0 0.6439292,47.4452563,0 0.6439170,47.4453573,0 0.6438720,47.4457312,0 0.6438173,47.4463620,0 0.6437840,47.4468816,0 0.6437626,47.4473769,0 0.6437435,47.4478500,0 0.6437459,47.4482960,0 0.6437531,47.4486485,0 0.6437769,47.4490703,0 0.6438078,47.4494745,0 0.6438531,47.4498512,0 0.6438935,47.4501441,0 0.6439838,47.4507501,0 0.6440504,47.4512068,0 0.6441362,47.4517076,0 0.6442243,47.4520848,0 0.6443148,47.4524210,0 0.6444289,47.4528541,0 0.6444978,47.4531151,0 0.6446094,47.4535457,0 0.6448065,47.4543374,0 0.6448776,47.4546822,0 0.6449512,47.4551009,0 0.6450152,47.4555690,0 0.6450341,47.4558395,0 0.6450579,47.4564301,0 0.6450555,47.4568049,0 0.6450451,47.4569583,0 0.6450200,47.4573258,0 0.6449631,47.4577873,0 0.6448825,47.4582022,0 0.6447688,47.4586716,0 0.6445742,47.4592732,0 0.6444033,47.4597772,0 0.6442186,47.4602577,0 0.6438604,47.4609826,0 0.6436327,47.4614089,0 0.6433936,47.4617948,0 0.6430543,47.4622952,0 0.6426961,47.4627796,0 0.6425324,47.4629881,0 0.6421686,47.4634478,0 0.6418594,47.4638498,0 0.6413295,47.4645535,0 0.6410776,47.4648780,0 0.6405762,47.4655255,0 0.6399226,47.4663722,0 0.6395803,47.4668076,0 0.6390692,47.4674713,0 0.6389457,47.4676292,0 0.6386811,47.4679679,0 0.6384472,47.4682970,0 0.6381519,47.4687719,0 0.6378779,47.4692309,0 0.6376348,47.4697208,0 0.6373965,47.4702506,0 0.6371036,47.4710395,0 0.6369558,47.4715570,0 0.6368200,47.4721830,0 0.6367319,47.4726499,0 0.6366604,47.4732250,0 0.6366436,47.4735811,0 0.6366342,47.4738309,0 0.6366436,47.4742222,0 0.6366675,47.4747325,0 0.6367341,47.4753040,0 0.6368150,47.4758249,0 0.6368983,47.4763790,0 0.6369654,47.4768375,0 0.6369767,47.4769142,0 0.6370907,47.4776015,0 0.6371454,47.4780349,0 0.6372856,47.4790021,0 0.6373451,47.4794373,0 0.6374852,47.4805304,0 0.6375160,47.4810143,0 0.6375326,47.4816219,0 0.6375065,47.4822021,0 0.6374520,47.4828325,0 0.6373879,47.4833263,0 0.6373167,47.4837624,0 0.6372170,47.4842611,0 0.6370817,47.4848372,0 0.6368798,47.4856304,0 0.6367680,47.4860577,0 0.6365826,47.4867917,0 0.6364210,47.4874325,0 0.6362358,47.4881367,0 0.6361196,47.4884892,0 0.6360202,47.4887724,0 0.6360130,47.4887890,0 0.6359092,47.4890293,0 0.6356983,47.4894391,0 0.6355254,47.4897419,0 0.6354047,47.4899418,0 0.6352413,47.4901864,0 0.6349949,47.4905242,0 0.6346872,47.4909034,0 0.6344126,47.4912023,0 0.6341238,47.4914903,0 0.6337895,47.4917962,0 0.6335387,47.4920169,0 0.6332475,47.4922473,0 0.6329632,47.4924634,0 0.6325961,47.4927226,0 0.6324994,47.4927851,0 0.6322152,47.4929689,0 0.6317887,47.4932201,0 0.6312820,47.4935002,0 0.6308030,47.4937309,0 0.6299967,47.4941261,0 0.6289889,47.4946369,0 0.6284873,47.4948858,0 0.6282638,47.4949967,0 0.6274057,47.4954368,0 0.6267525,47.4957658,0 0.6262976,47.4959883,0 0.6258456,47.4961850,0 0.6252979,47.4964028,0 0.6247925,47.4965920,0 0.6241960,47.4968087,0 0.6233065,47.4971381,0 0.6225401,47.4974356,0 0.6220604,47.4976356,0 0.6215327,47.4978856,0 0.6213556,47.4979813,0 0.6210665,47.4981376,0 0.6204291,47.4985392,0 0.6199519,47.4988922,0 0.6196102,47.4991618,0 0.6193114,47.4994412,0 0.6190203,47.4997378,0 0.6187459,47.5000393,0 0.6184762,47.5003731,0 0.6182349,47.5007088,0 0.6180296,47.5010506,0 0.6177942,47.5014700,0 0.6175137,47.5019646,0 0.6172735,47.5024032,0 0.6168457,47.5031738,0 0.6168200,47.5032206,0 0.6162207,47.5043074,0 0.6157903,47.5050862,0 0.6156406,47.5053640,0 0.6151606,47.5062341,0 0.6147398,47.5069936,0 0.6145803,47.5072896,0 0.6144301,47.5075955,0 0.6143441,47.5077877,0 0.6142343,47.5080729,0 0.6140769,47.5085320,0 0.6140290,47.5087373,0 0.6139813,47.5089534,0 0.6139145,47.5094433,0 0.6138929,47.5097965,0 0.6138954,47.5101081,0 0.6139312,47.5105063,0 0.6139765,47.5107917,0 0.6140387,47.5110886,0 0.6141223,47.5113775,0 0.6142201,47.5116580,0 0.6143253,47.5119181,0 0.6145497,47.5123550,0 0.6148233,47.5128176,0 0.6149588,47.5130633,0 0.6151966,47.5134568,0 0.6154362,47.5138816,0 0.6157234,47.5144186,0 0.6158492,47.5146782,0 0.6159813,47.5149923,0 0.6160852,47.5153019,0 0.6161752,47.5156631,0 0.6162249,47.5159252,0 0.6162604,47.5161777,0 0.6162840,47.5164493,0 0.6162935,47.5168214,0 0.6162747,47.5170670,0 0.6162107,47.5175870,0 0.6161042,47.5180485,0 0.6159505,47.5185071,0 0.6157966,47.5188637,0 0.6155782,47.5193287,0 0.6151907,47.5201329,0 0.6147034,47.5211796,0 0.6140047,47.5226672,0 0.6134677,47.5237486,0 0.6130427,47.5245923,0 0.6124491,47.5256455,0 0.6121265,47.5261762,0 0.6120705,47.5262682,0 0.6116632,47.5268833,0 0.6111789,47.5275709,0 0.6109631,47.5278622,0 0.6108493,47.5280049,0 0.6104856,47.5284768,0 0.6101297,47.5289285,0 0.6096789,47.5294381,0 0.6091376,47.5300439,0 0.6086392,47.5305471,0 0.6081835,47.5310007,0 0.6076277,47.5315138,0 0.6069984,47.5321022,0 0.6061485,47.5328235,0 0.6056242,47.5332496,0 0.6046839,47.5339598,0 0.6041596,47.5343394,0 0.6031601,47.5350142,0 0.6026120,47.5353634,0 0.6015073,47.5360339,0 0.6013796,47.5361111,0 0.6008846,47.5364109,0 0.5999291,47.5369853,0 0.5985554,47.5378117,0 0.5979509,47.5381710,0 0.5971095,47.5386797,0 0.5962824,47.5391738,0 0.5956025,47.5395798,0 0.5949917,47.5399521,0 0.5932591,47.5409870,0 0.5920944,47.5416881,0 0.5904759,47.5426572,0 0.5895990,47.5431800,0 0.5888264,47.5436407,0 0.5873836,47.5445087,0 0.5860717,47.5452948,0 0.5842867,47.5463665,0 0.5836068,47.5467748,0 0.5826300,47.5473612,0 0.5809426,47.5483767,0 0.5795117,47.5492334,0 0.5777981,47.5502681,0 0.5763341,47.5511407,0 0.5742187,47.5523887,0 0.5726902,47.5533144,0 0.5712016,47.5542051,0 0.5708056,47.5544420,0 0.5691822,47.5554076,0 0.5681610,47.5560215,0 0.5675730,47.5563749,0 0.5663062,47.5571352,0 0.5651512,47.5578281,0 0.5635850,47.5587663,0 0.5622430,47.5595613,0 0.5617944,47.5598271,0 0.5610698,47.5602670,0 0.5608335,47.5603983,0 0.5607517,47.5604419,0 0.5604370,47.5606097,0 0.5599969,47.5608284,0 0.5594540,47.5610736,0 0.5589687,47.5612684,0 0.5585551,47.5614131,0 0.5579521,47.5616128,0 0.5576461,47.5617057,0 0.5571235,47.5618489,0 0.5565675,47.5619700,0 0.5559625,47.5620943,0 0.5552141,47.5622246,0 0.5544361,47.5623669,0 0.5538453,47.5624707,0 0.5528216,47.5626545,0 0.5513100,47.5629139,0 0.5499723,47.5631496,0 0.5498474,47.5631697,0 0.5493021,47.5632579,0 0.5473329,47.5636108,0 0.5454855,47.5639369,0 0.5438905,47.5642052,0 0.5423653,47.5644647,0 0.5420342,47.5645240,0 0.5408897,47.5647288,0 0.5402593,47.5648627,0 0.5394522,47.5650591,0 0.5388700,47.5652392,0 0.5384292,47.5653805,0 0.5381924,47.5654655,0 0.5375715,47.5657077,0 0.5372158,47.5658568,0 0.5368342,47.5660383,0 0.5364837,47.5662094,0 0.5361437,47.5663926,0 0.5357865,47.5666009,0 0.5353485,47.5668712,0 0.5349978,47.5670930,0 0.5347130,47.5672986,0 0.5344224,47.5675169,0 0.5341188,47.5677499,0 0.5337275,47.5680570,0 0.5330374,47.5686086,0 0.5326226,47.5689403,0 0.5325804,47.5689718,0 0.5321786,47.5692725,0 0.5316266,47.5697236,0 0.5310531,47.5701845,0 0.5307281,47.5704483,0 0.5305071,47.5706225,0 0.5302819,47.5707863,0 0.5300104,47.5709753,0 0.5297982,47.5711126,0 0.5295594,47.5712620,0 0.5293645,47.5713800,0 0.5291282,47.5715160,0 0.5289099,47.5716367,0 0.5286736,47.5717518,0 0.5283359,47.5719219,0 0.5279683,47.5720872,0 0.5277365,47.5721861,0 0.5274044,47.5723213,0 0.5273665,47.5723368,0 0.5271192,47.5724284,0 0.5267319,47.5725686,0 0.5260129,47.5727919,0 0.5255257,47.5729370,0 0.5249613,47.5731000,0 0.5241373,47.5733386,0 0.5232651,47.5735921,0 0.5225707,47.5737922,0 0.5216126,47.5740739,0 0.5201954,47.5744905,0 0.5187894,47.5749054,0 0.5174425,47.5752893,0 0.5163938,47.5756037,0 0.5153595,47.5759229,0 0.5152712,47.5759548,0 0.5146164,47.5761907,0 0.5140320,47.5764346,0 0.5135470,47.5766548,0 0.5132843,47.5767851,0 0.5129888,47.5769316,0 0.5124920,47.5772176,0 0.5121501,47.5774408,0 0.5118721,47.5776254,0 0.5116226,47.5778130,0 0.5111621,47.5781638,0 0.5109018,47.5783929,0 0.5106089,47.5786514,0 0.5102914,47.5789594,0 0.5099813,47.5792857,0 0.5095772,47.5796932,0 0.5092193,47.5800634,0 0.5089364,47.5803372,0 0.5086637,47.5805995,0 0.5085963,47.5806642,0 0.5082805,47.5809467,0 0.5079339,47.5812516,0 0.5075939,47.5815328,0 0.5072405,47.5818244,0 0.5069076,47.5820859,0 0.5065218,47.5823654,0 0.5060871,47.5826734,0 0.5056762,47.5829609,0 0.5050940,47.5833714,0 0.5046740,47.5836650,0 0.5037531,47.5843381,0 0.5028942,47.5849574,0 0.5023932,47.5853162,0 0.5021345,47.5855050,0 0.5018330,47.5857251,0 0.5010372,47.5862931,0 0.5001486,47.5869799,0 0.4999230,47.5871603,0 0.4996030,47.5874580,0 0.4993275,47.5877271,0 0.4989965,47.5880769,0 0.4986766,47.5884771,0 0.4984606,47.5887715,0 0.4982350,47.5891093,0 0.4980902,47.5893260,0 0.4978567,47.5897585,0 0.4972679,47.5908875,0 0.4968838,47.5915802,0 0.4966428,47.5919794,0 0.4963292,47.5924554,0 0.4962115,47.5926171,0 0.4960345,47.5928324,0 0.4958200,47.5930789,0 0.4956126,47.5932968,0 0.4953719,47.5935181,0 0.4950118,47.5938438,0 0.4947423,47.5940818,0 0.4944599,47.5943164,0 0.4941338,47.5945644,0 0.4938123,47.5947915,0 0.4936242,47.5949126,0 0.4931923,47.5951919,0 0.4927266,47.5954603,0 0.4924162,47.5956180,0 0.4918594,47.5958871,0 0.4914346,47.5960761,0 0.4909472,47.5962789,0 0.4901056,47.5966375,0 0.4895500,47.5968730,0 0.4880977,47.5974715,0 0.4870846,47.5978984,0 0.4860079,47.5983546,0 0.4849158,47.5988141,0 0.4841525,47.5991462,0 0.4835021,47.5994293,0 0.4831442,47.5995946,0 0.4827582,47.5997984,0 0.4823286,47.6000347,0 0.4821316,47.6001525,0 0.4816074,47.6004882,0 0.4812937,47.6007070,0 0.4809453,47.6009747,0 0.4806849,47.6011890,0 0.4800478,47.6017539,0 0.4792083,47.6026927,0 0.4791681,47.6027461,0 0.4788011,47.6032332,0 0.4779462,47.6043889,0 0.4768033,47.6059582,0 0.4761694,47.6068887,0 0.4759816,47.6072431,0 0.4757962,47.6076270,0 0.4756703,47.6079787,0 0.4755512,47.6084189,0 0.4754981,47.6086735,0 0.4754429,47.6090573,0 0.4754231,47.6093819,0 0.4754253,47.6098920,0 0.4754519,47.6101233,0 0.4755048,47.6104577,0 0.4755710,47.6107611,0 0.4756394,47.6110082,0 0.4757586,47.6113760,0 0.4759220,47.6117317,0 0.4760387,47.6119646,0 0.4761797,47.6122469,0 0.4763566,47.6125450,0 0.4764942,47.6127395,0 0.4767788,47.6130860,0 0.4771052,47.6134502,0 0.4774273,47.6137700,0 0.4777212,47.6140352,0 0.4780411,47.6142865,0 0.4782708,47.6144622,0 0.4786589,47.6147238,0 0.4790072,47.6149513,0 0.4794764,47.6152259,0 0.4801638,47.6156256,0 0.4814745,47.6164100,0 0.4817254,47.6165725,0 0.4826589,47.6171773,0 0.4830279,47.6174584,0 0.4834550,47.6178290,0 0.4837483,47.6180946,0 0.4840460,47.6184000,0 0.4843436,47.6187231,0 0.4846434,47.6190918,0 0.4848820,47.6194313,0 0.4850724,47.6197101,0 0.4853219,47.6201453,0 0.4855431,47.6205954,0 0.4857336,47.6210589,0 0.4858583,47.6214335,0 0.4859963,47.6219574,0 0.4860707,47.6223941,0 0.4861100,47.6227555,0 0.4861320,47.6231995,0 0.4860991,47.6238594,0 0.4860934,47.6239003,0 0.4860620,47.6241288,0 0.4859744,47.6246025,0 0.4858912,47.6248842,0 0.4857575,47.6253364,0 0.4855822,47.6258017,0 0.4853516,47.6263595,0 0.4848287,47.6276241,0 0.4843783,47.6287051,0 0.4839454,47.6297460,0 0.4836027,47.6305662,0 0.4833127,47.6312517,0 0.4828843,47.6322645,0 0.4825041,47.6331707,0 0.4821218,47.6340961,0 0.4816934,47.6351264,0 0.4812914,47.6360755,0 0.4808893,47.6370378,0 0.4804827,47.6380062,0 0.4800631,47.6390201,0 0.4796786,47.6399192,0 0.4795863,47.6401349,0 0.4791359,47.6412157,0 0.4787096,47.6422445,0 0.4783823,47.6430261,0 0.4779933,47.6439486,0 0.4776524,47.6448243,0 0.4774566,47.6454082,0 0.4773202,47.6458234,0 0.4772123,47.6462400,0 0.4771677,47.6464079,0 0.4770738,47.6467614,0 0.4769001,47.6475167,0 0.4766541,47.6485675,0 0.4764278,47.6495327,0 0.4761905,47.6505775,0 0.4759246,47.6516832,0 0.4756962,47.6526852,0 0.4755963,47.6531086,0 0.4754544,47.6537092,0 0.4752108,47.6547121,0 0.4749759,47.6555031,0 0.4748903,47.6557911,0 0.4745215,47.6568009,0 0.4743922,47.6571259,0 0.4741486,47.6577040,0 0.4739709,47.6580925,0 0.4736858,47.6586703,0 0.4735716,47.6588802,0 0.4733124,47.6593773,0 0.4730118,47.6599166,0 0.4725202,47.6607206,0 0.4720420,47.6614373,0 0.4716819,47.6619268,0 0.4713770,47.6623567,0 0.4710920,47.6627006,0 0.4707913,47.6630733,0 0.4707517,47.6631187,0 0.4705216,47.6633833,0 0.4701597,47.6637836,0 0.4696484,47.6643127,0 0.4692559,47.6647011,0 0.4690699,47.6648721,0 0.4686878,47.6652166,0 0.4681875,47.6656570,0 0.4678522,47.6659330,0 0.4673980,47.6662891,0 0.4670076,47.6665875,0 0.4665119,47.6669449,0 0.4661105,47.6672226,0 0.4656302,47.6675416,0 0.4651980,47.6678135,0 0.4649569,47.6679626,0 0.4645598,47.6681975,0 0.4644308,47.6682727,0 0.4642834,47.6683586,0 0.4638118,47.6686259,0 0.4633883,47.6688505,0 0.4629234,47.6690986,0 0.4624278,47.6693393,0 0.4616995,47.6696865,0 0.4611886,47.6699079,0 0.4607781,47.6700838,0 0.4604778,47.6702079,0 0.4600172,47.6703910,0 0.4594884,47.6705920,0 0.4590803,47.6707427,0 0.4586391,47.6708993,0 0.4582238,47.6710473,0 0.4577470,47.6712160,0 0.4573207,47.6713684,0 0.4568111,47.6715503,0 0.4563124,47.6717248,0 0.4556597,47.6719586,0 0.4552270,47.6721095,0 0.4542864,47.6724454,0 0.4530715,47.6728759,0 0.4518696,47.6733050,0 0.4508194,47.6736749,0 0.4491167,47.6742844,0 0.4478556,47.6747297,0 0.4463767,47.6752535,0 0.4463176,47.6752748,0 0.4449949,47.6757504,0 0.4438262,47.6761587,0 0.4426391,47.6765735,0 0.4420992,47.6767623,0 0.4411367,47.6770967,0 0.4402072,47.6774266,0 0.4389835,47.6778630,0 0.4379179,47.6782358,0 0.4377011,47.6783130,0 0.4366916,47.6786723,0 0.4364058,47.6787759,0 0.4355799,47.6790716,0 0.4347712,47.6793602,0 0.4337978,47.6797123,0 0.4329829,47.6800095,0 0.4328754,47.6800468,0 0.4324208,47.6802047,0 0.4318275,47.6804133,0 0.4313550,47.6805790,0 0.4303311,47.6809414,0 0.4295356,47.6812195,0 0.4287356,47.6815080,0 0.4280195,47.6817654,0 0.4276862,47.6818850,0 0.4270722,47.6820902,0 0.4265745,47.6822452,0 0.4261449,47.6823721,0 0.4260413,47.6823988,0 0.4254598,47.6825485,0 0.4254597,47.6825485,0 0.4253307,47.6825818,0 0.4253306,47.6825818,0 0.4243208,47.6828419,0 0.4240927,47.6829313,0 0.4239345,47.6829622,0 0.4239335,47.6829625,0 0.4237916,47.6829903,0 0.4235061,47.6830363,0 0.4232709,47.6830698,0 0.4232504,47.6830728,0 0.4228495,47.6831152,0 0.4224971,47.6831522,0 0.4223030,47.6831719,0 0.4220526,47.6831930,0 0.4217971,47.6832131,0 0.4215133,47.6832320,0 0.4213207,47.6832402,0 0.4211438,47.6832472,0 0.4208881,47.6832461,0 0.4206448,47.6832414,0 0.4203716,47.6832296,0 0.4201912,47.6832214,0 0.4200091,47.6832131,0 0.4198463,47.6832083,0 0.4195695,47.6832025,0 0.4193366,47.6831989,0 0.4191037,47.6832007,0 0.4175111,47.6831753,0 0.4167003,47.6831647,0 0.4155550,47.6831389,0 0.4145131,47.6831282,0 0.4138119,47.6831169,0</coordinates>
        </LineString>
      </MultiGeometry>
    </Placemark>
    <Placemark>
      <name>K6+ - Paris Austerlitz ↔ Les Aubrais ↔ Tours</name>
      <styleUrl>#REMI_K6plus</styleUrl>
      <LineString>
        <tessellate>1</tessellate>
        <coordinates>0.6938082,47.3893150,0 0.6939291,47.3892121,0 0.6940649,47.3890964,0 0.6941065,47.3890610,0 0.6941719,47.3890054,0 0.6942274,47.3889581,0 0.6942279,47.3889576,0 0.6942583,47.3889319,0 0.6943866,47.3888227,0 0.6946453,47.3886026,0 0.6948987,47.3883871,0 0.6950445,47.3882641,0 0.6956435,47.3877154,0 0.6961062,47.3872682,0 0.6961789,47.3871979,0 0.6962329,47.3871457,0 0.6963049,47.3870748,0 0.6964351,47.3869467,0 0.6966940,47.3866919,0 0.6970510,47.3863630,0 0.6970511,47.3863629,0 0.6971064,47.3863121,0 0.6971064,47.3863120,0 0.6972478,47.3861818,0 0.6973627,47.3860803,0 0.6975211,47.3859404,0 0.6975535,47.3859116,0 0.6975797,47.3858883,0 0.6976763,47.3858026,0 0.6976764,47.3858026,0 0.6979970,47.3855180,0 0.6981724,47.3853997,0 0.6983539,47.3852664,0 0.6987437,47.3849848,0 0.6990954,47.3847627,0 0.6992952,47.3846564,0 0.6996726,47.3844366,0 0.7001027,47.3841323,0 0.7005090,47.3838473,0 0.7010044,47.3835383,0 0.7014286,47.3833089,0 0.7016501,47.3831893,0 0.7022514,47.3828900,0 0.7026603,47.3827017,0 0.7031190,47.3825037,0 0.7035169,47.3823590,0 0.7037298,47.3822816,0 0.7043265,47.3820902,0 0.7048018,47.3819453,0 0.7055267,47.3817602,0 0.7058855,47.3816814,0 0.7061993,47.3816186,0 0.7066009,47.3815515,0 0.7067293,47.3815301,0 0.7070812,47.3814818,0 0.7074115,47.3814432,0 0.7077894,47.3814094,0 0.7081471,47.3813827,0 0.7085143,47.3813434,0 0.7089504,47.3813068,0 0.7090848,47.3813000,0 0.7093296,47.3812919,0 0.7098406,47.3812935,0 0.7101733,47.3813128,0 0.7105251,47.3813466,0 0.7108793,47.3813869,0 0.7113119,47.3814384,0 0.7115447,47.3814689,0 0.7116873,47.3814931,0 0.7119559,47.3815365,0 0.7121865,47.3815591,0 0.7123458,47.3815671,0 0.7125168,47.3815864,0 0.7128116,47.3816379,0 0.7133225,47.3817457,0 0.7135508,47.3818069,0 0.7139216,47.3819115,0 0.7143541,47.3820467,0 0.7147937,47.3821980,0 0.7152597,47.3823653,0 0.7155378,47.3824652,0 0.7159934,47.3826506,0 0.7163327,47.3828095,0 0.7170459,47.3831732,0 0.7174433,47.3833726,0 0.7181166,47.3836833,0 0.7181966,47.3837153,0 0.7182406,47.3837328,0 0.7183704,47.3837845,0 0.7183705,47.3837845,0 0.7183994,47.3837961,0 0.7184132,47.3838006,0 0.7187156,47.3838990,0 0.7190079,47.3839940,0 0.7193420,47.3840949,0 0.7193810,47.3841067,0 0.7197827,47.3842048,0 0.7205502,47.3844169,0 0.7206364,47.3844472,0 0.7213567,47.3847008,0 0.7220554,47.3849390,0 0.7227603,47.3851764,0 0.7228330,47.3852009,0 0.7228332,47.3852009,0 0.7229778,47.3852496,0 0.7234718,47.3854180,0 0.7234719,47.3854180,0 0.7239926,47.3855956,0 0.7247050,47.3858390,0 0.7247051,47.3858390,0 0.7247793,47.3858643,0 0.7250508,47.3859592,0 0.7252275,47.3860209,0 0.7253877,47.3860768,0 0.7259012,47.3862489,0 0.7263123,47.3863809,0 0.7265492,47.3864512,0 0.7265492,47.3864513,0 0.7266427,47.3864790,0 0.7270444,47.3865707,0 0.7273676,47.3866384,0 0.7277425,47.3866954,0 0.7277759,47.3867005,0 0.7277761,47.3867005,0 0.7279686,47.3867298,0 0.7282506,47.3867518,0 0.7283169,47.3867560,0 0.7283170,47.3867560,0 0.7283176,47.3867560,0 0.7283327,47.3867570,0 0.7285809,47.3867727,0 0.7288557,47.3867818,0 0.7290070,47.3867852,0 0.7294818,47.3867840,0 0.7299928,47.3867776,0 0.7304012,47.3867691,0 0.7304888,47.3867673,0 0.7305348,47.3867663,0 0.7305423,47.3867662,0 0.7310053,47.3867615,0 0.7313356,47.3867615,0 0.7315710,47.3867647,0 0.7317873,47.3867743,0 0.7320415,47.3867856,0 0.7323184,47.3868031,0 0.7323185,47.3868031,0 0.7323201,47.3868032,0 0.7323482,47.3868049,0 0.7325930,47.3868242,0 0.7327195,47.3868362,0 0.7328101,47.3868448,0 0.7328107,47.3868448,0 0.7328474,47.3868483,0 0.7331277,47.3868757,0 0.7332751,47.3868934,0 0.7334249,47.3869160,0 0.7339692,47.3870061,0 0.7344231,47.3870946,0 0.7347273,47.3871653,0 0.7350900,47.3872589,0 0.7351076,47.3872635,0 0.7354832,47.3873697,0 0.7359514,47.3875172,0 0.7363920,47.3876647,0 0.7366004,47.3877337,0 0.7368855,47.3877760,0 0.7370960,47.3878074,0 0.7373416,47.3878448,0 0.7379159,47.3880384,0 0.7382914,47.3881655,0 0.7386931,47.3882878,0 0.7389949,47.3883731,0 0.7393680,47.3884744,0 0.7401810,47.3886868,0 0.7405921,47.3887962,0 0.7406703,47.3888163,0 0.7412457,47.3889636,0 0.7420634,47.3891777,0 0.7423335,47.3892503,0 0.7423335,47.3892504,0 0.7426789,47.3893433,0 0.7428103,47.3893765,0 0.7428104,47.3893765,0 0.7430614,47.3894398,0 0.7431447,47.3894608,0 0.7433149,47.3895049,0 0.7433155,47.3895051,0 0.7433289,47.3895086,0 0.7434024,47.3895277,0 0.7434950,47.3895516,0 0.7434955,47.3895518,0 0.7435346,47.3895620,0 0.7435380,47.3895629,0 0.7435381,47.3895629,0 0.7435711,47.3895715,0 0.7436588,47.3895943,0 0.7437152,47.3896089,0 0.7440760,47.3897010,0 0.7440766,47.3897011,0 0.7440907,47.3897047,0 0.7441502,47.3897199,0 0.7446378,47.3898485,0 0.7452952,47.3899903,0 0.7453399,47.3900009,0 0.7454051,47.3900174,0 0.7454052,47.3900174,0 0.7455453,47.3900529,0 0.7460004,47.3901682,0 0.7462936,47.3902441,0 0.7467813,47.3903701,0 0.7468024,47.3903756,0 0.7468257,47.3903816,0 0.7469396,47.3904111,0 0.7469397,47.3904111,0 0.7475761,47.3905758,0 0.7476393,47.3905922,0 0.7480577,47.3907065,0 0.7481047,47.3907189,0 0.7483361,47.3907801,0 0.7488610,47.3909189,0 0.7496691,47.3911297,0 0.7504558,47.3913372,0 0.7512734,47.3915512,0 0.7519770,47.3917427,0 0.7528564,47.3919680,0 0.7536621,47.3921804,0 0.7541041,47.3922881,0 0.7546579,47.3924088,0 0.7551309,47.3925021,0 0.7555183,47.3925617,0 0.7559890,47.3926341,0 0.7565546,47.3926952,0 0.7567514,47.3927118,0 0.7571275,47.3927435,0 0.7576955,47.3927724,0 0.7584609,47.3927869,0 0.7589029,47.3927773,0 0.7592452,47.3927644,0 0.7596968,47.3927355,0 0.7602030,47.3926969,0 0.7607900,47.3926357,0 0.7614936,47.3925537,0 0.7624286,47.3924396,0 0.7624287,47.3924396,0 0.7624301,47.3924394,0 0.7624400,47.3924383,0 0.7625072,47.3924300,0 0.7630388,47.3923651,0 0.7632476,47.3923396,0 0.7641936,47.3922190,0 0.7648469,47.3921423,0 0.7652632,47.3920935,0 0.7655536,47.3920579,0 0.7655537,47.3920579,0 0.7668106,47.3919036,0 0.7680917,47.3917523,0 0.7693964,47.3915947,0 0.7698980,47.3915448,0 0.7700155,47.3915306,0 0.7701119,47.3915190,0 0.7707322,47.3914385,0 0.7709546,47.3914112,0 0.7723255,47.3912426,0 0.7723256,47.3912426,0 0.7725766,47.3912117,0 0.7737483,47.3910750,0 0.7745897,47.3909719,0 0.7750504,47.3909164,0 0.7750505,47.3909164,0 0.7759517,47.3908078,0 0.7761841,47.3907801,0 0.7768618,47.3906995,0 0.7777470,47.3905943,0 0.7779137,47.3905744,0 0.7784406,47.3905118,0 0.7784432,47.3905115,0 0.7784440,47.3905114,0 0.7784644,47.3905090,0 0.7795740,47.3903754,0 0.7798911,47.3903373,0 0.7801285,47.3903087,0 0.7801720,47.3903038,0 0.7805892,47.3902550,0 0.7805893,47.3902550,0 0.7815055,47.3901477,0 0.7815186,47.3901462,0 0.7825437,47.3900586,0 0.7829233,47.3900136,0 0.7842501,47.3898867,0 0.7842852,47.3898823,0 0.7847392,47.3898195,0 0.7852502,47.3897503,0 0.7860607,47.3896248,0 0.7869686,47.3894832,0 0.7871420,47.3894552,0 0.7879051,47.3893319,0 0.7883591,47.3892466,0 0.7891434,47.3891067,0 0.7900561,47.3889217,0 0.7906859,47.3887977,0 0.7916391,47.3886095,0 0.7918556,47.3885647,0 0.7919149,47.3885524,0 0.7920359,47.3885268,0 0.7924186,47.3884598,0 0.7924341,47.3884567,0 0.7937876,47.3881830,0 0.7945673,47.3880366,0 0.7954799,47.3878515,0 0.7964496,47.3876584,0 0.7975429,47.3874300,0 0.7975985,47.3874182,0 0.7981462,47.3873027,0 0.7984818,47.3872320,0 0.7990173,47.3871314,0 0.8006867,47.3868334,0 0.8010571,47.3867636,0 0.8021134,47.3865628,0 0.8026374,47.3864873,0 0.8028996,47.3864473,0 0.8032705,47.3864121,0 0.8037112,47.3863736,0 0.8043556,47.3863367,0 0.8047536,47.3863255,0 0.8050302,47.3863191,0 0.8052740,47.3863224,0 0.8055882,47.3863240,0 0.8058363,47.3863240,0 0.8062288,47.3863416,0 0.8065530,47.3863607,0 0.8069628,47.3863960,0 0.8073393,47.3864329,0 0.8076873,47.3864762,0 0.8079577,47.3865131,0 0.8083032,47.3865628,0 0.8086742,47.3866300,0 0.8090658,47.3867120,0 0.8093923,47.3867776,0 0.8098353,47.3868899,0 0.8104992,47.3870585,0 0.8107659,47.3871400,0 0.8112066,47.3872811,0 0.8116086,47.3874252,0 0.8119090,47.3875469,0 0.8122410,47.3876850,0 0.8127171,47.3878951,0 0.8132759,47.3881708,0 0.8132844,47.3881755,0 0.8138450,47.3884871,0 0.8140670,47.3886134,0 0.8142987,47.3887622,0 0.8145928,47.3889549,0 0.8148983,47.3891665,0 0.8151282,47.3893382,0 0.8152913,47.3894615,0 0.8155207,47.3896520,0 0.8157174,47.3898253,0 0.8159166,47.3900035,0 0.8161160,47.3901900,0 0.8164187,47.3905007,0 0.8166476,47.3907594,0 0.8170032,47.3912006,0 0.8175492,47.3919673,0 0.8181339,47.3928024,0 0.8185189,47.3933671,0 0.8191703,47.3942989,0 0.8198000,47.3951981,0 0.8200566,47.3955793,0 0.8203586,47.3960171,0 0.8208008,47.3966560,0 0.8214186,47.3975312,0 0.8218198,47.3981126,0 0.8218217,47.3981153,0 0.8220796,47.3984557,0 0.8222830,47.3986996,0 0.8225025,47.3989500,0 0.8227006,47.3991664,0 0.8229397,47.3994060,0 0.8231953,47.3996275,0 0.8233621,47.3997678,0 0.8235911,47.3999584,0 0.8238799,47.4001732,0 0.8240970,47.4003299,0 0.8243332,47.4004897,0 0.8245669,47.4006414,0 0.8247965,47.4007839,0 0.8250689,47.4009344,0 0.8254765,47.4011489,0 0.8259158,47.4013671,0 0.8261787,47.4014787,0 0.8266461,47.4016772,0 0.8269901,47.4018001,0 0.8272922,47.4019064,0 0.8276313,47.4020244,0 0.8279875,47.4021280,0 0.8284233,47.4022472,0 0.8287148,47.4023233,0 0.8291472,47.4024186,0 0.8294176,47.4024705,0 0.8296944,47.4025156,0 0.8301591,47.4025899,0 0.8305417,47.4026381,0 0.8307361,47.4026625,0 0.8316207,47.4027591,0 0.8330755,47.4029183,0 0.8338669,47.4030035,0 0.8353310,47.4031644,0 0.8361630,47.4032513,0 0.8376366,47.4034090,0 0.8384065,47.4034926,0 0.8401248,47.4036808,0 0.8421049,47.4038997,0 0.8445102,47.4041538,0 0.8460290,47.4043227,0 0.8469987,47.4044257,0 0.8486126,47.4046010,0 0.8494943,47.4046959,0 0.8506945,47.4048278,0 0.8515097,47.4049179,0 0.8526223,47.4050402,0 0.8534255,47.4051222,0 0.8546511,47.4052603,0 0.8548539,47.4052831,0 0.8555720,47.4053587,0 0.8567246,47.4054810,0 0.8572642,47.4055404,0 0.8578276,47.4055984,0 0.8584213,47.4056627,0 0.8588397,47.4057109,0 0.8593935,47.4057705,0 0.8602755,47.4058686,0 0.8607701,47.4059185,0 0.8615897,47.4060085,0 0.8622243,47.4060778,0 0.8632131,47.4061871,0 0.8639214,47.4062643,0 0.8646489,47.4063431,0 0.8654165,47.4064252,0 0.8661319,47.4065024,0 0.8671682,47.4066134,0 0.8676504,47.4066648,0 0.8679806,47.4067034,0 0.8684280,47.4067534,0 0.8689487,47.4068064,0 0.8702126,47.4069415,0 0.8713037,47.4070670,0 0.8721882,47.4071572,0 0.8732503,47.4072713,0 0.8744696,47.4074032,0 0.8752635,47.4074916,0 0.8766217,47.4076381,0 0.8770344,47.4076767,0 0.8772952,47.4077071,0 0.8781867,47.4078069,0 0.8788049,47.4078777,0 0.8794587,47.4079437,0 0.8802858,47.4080370,0 0.8811271,47.4081222,0 0.8822394,47.4082461,0 0.8830711,47.4083313,0 0.8838981,47.4084279,0 0.8847945,47.4085244,0 0.8859045,47.4086418,0 0.8867575,47.4087318,0 0.8880149,47.4088750,0 0.8886450,47.4089426,0 0.8899261,47.4090761,0 0.8906199,47.4091517,0 0.8921768,47.4093222,0 0.8928517,47.4093945,0 0.8936883,47.4094895,0 0.8949005,47.4096150,0 0.8951349,47.4096418,0 0.8964337,47.4097903,0 0.8973418,47.4098804,0 0.8986630,47.4100251,0 0.8999966,47.4101715,0 0.9009212,47.4102648,0 0.9016574,47.4103467,0 0.9022185,47.4104112,0 0.9030815,47.4105044,0 0.9038899,47.4105913,0 0.9045625,47.4106588,0 0.9057741,47.4107923,0 0.9067442,47.4109017,0 0.9080563,47.4110368,0 0.9084934,47.4110835,0 0.9093205,47.4111752,0 0.9102047,47.4112717,0 0.9110653,47.4113634,0 0.9124461,47.4115098,0 0.9133232,47.4116047,0 0.9144331,47.4117236,0 0.9152649,47.4118121,0 0.9162680,47.4119215,0 0.9168787,47.4119858,0 0.9175058,47.4120550,0 0.9177585,47.4120848,0 0.9179552,47.4121080,0 0.9184643,47.4121628,0 0.9193294,47.4122512,0 0.9205034,47.4123783,0 0.9218723,47.4125246,0 0.9226187,47.4126083,0 0.9239023,47.4127418,0 0.9253403,47.4129010,0 0.9253470,47.4129016,0 0.9259655,47.4129637,0 0.9264401,47.4130156,0 0.9267161,47.4130457,0 0.9271294,47.4130918,0 0.9271772,47.4130972,0 0.9275649,47.4131390,0 0.9281234,47.4131986,0 0.9281969,47.4132066,0 0.9287889,47.4132710,0 0.9293974,47.4133369,0 0.9300772,47.4134109,0 0.9308044,47.4134865,0 0.9313630,47.4135476,0 0.9320926,47.4136248,0 0.9327222,47.4136956,0 0.9332287,47.4137518,0 0.9337137,47.4138033,0 0.9347309,47.4139127,0 0.9353466,47.4139787,0 0.9363067,47.4140815,0 0.9371671,47.4141765,0 0.9379397,47.4142585,0 0.9386289,47.4143309,0 0.9393656,47.4144097,0 0.9399745,47.4144757,0 0.9404428,47.4145191,0 0.9411764,47.4145994,0 0.9420535,47.4147008,0 0.9426953,47.4147699,0 0.9434678,47.4148568,0 0.9442145,47.4149372,0 0.9443469,47.4149507,0 0.9447826,47.4149951,0 0.9456832,47.4150900,0 0.9463392,47.4151608,0 0.9471450,47.4152476,0 0.9478224,47.4153200,0 0.9487156,47.4154132,0 0.9493004,47.4154825,0 0.9496715,47.4155211,0 0.9501682,47.4155757,0 0.9506862,47.4156288,0 0.9512803,47.4156963,0 0.9516939,47.4157414,0 0.9521932,47.4157960,0 0.9528374,47.4158652,0 0.9535243,47.4159360,0 0.9541967,47.4160083,0 0.9548931,47.4160839,0 0.9556231,47.4161644,0 0.9562481,47.4162271,0 0.9568516,47.4162946,0 0.9575743,47.4163702,0 0.9579924,47.4164152,0 0.9583464,47.4164555,0 0.9586958,47.4164940,0 0.9591027,47.4165391,0 0.9594286,47.4165713,0 0.9598822,47.4166195,0 0.9603337,47.4166677,0 0.9607971,47.4167192,0 0.9612059,47.4167626,0 0.9618429,47.4168318,0 0.9620897,47.4168583,0 0.9624563,47.4168977,0 0.9632670,47.4169846,0 0.9638397,47.4170409,0 0.9654248,47.4172145,0 0.9656083,47.4172343,0 0.9666159,47.4173892,0 0.9672803,47.4174660,0 0.9679239,47.4175441,0 0.9683535,47.4176004,0 0.9689667,47.4176862,0 0.9693888,47.4177490,0 0.9699510,47.4178489,0 0.9704639,47.4179424,0 0.9708954,47.4180282,0 0.9714709,47.4181498,0 0.9718551,47.4182421,0 0.9722279,47.4183395,0 0.9725023,47.4184073,0 0.9727541,47.4184726,0 0.9734033,47.4186494,0 0.9739181,47.4187966,0 0.9742211,47.4188901,0 0.9746103,47.4190140,0 0.9749933,47.4191412,0 0.9754714,47.4193149,0 0.9754760,47.4193166,0 0.9755712,47.4193519,0 0.9755713,47.4193520,0 0.9757768,47.4194280,0 0.9765926,47.4197443,0 0.9768122,47.4198288,0 0.9769409,47.4198800,0 0.9772683,47.4200196,0 0.9776109,47.4201696,0 0.9781238,47.4203885,0 0.9785004,47.4205457,0 0.9787831,47.4206617,0 0.9792170,47.4208155,0 0.9797198,47.4209866,0 0.9797385,47.4209658,0 0.9811629,47.4215571,0 0.9832316,47.4224159,0 0.9841356,47.4227911,0 0.9842379,47.4228335,0 0.9855069,47.4233602,0 0.9861082,47.4236112,0 0.9868046,47.4239022,0 0.9874725,47.4241869,0 0.9884898,47.4246082,0 0.9891671,47.4248912,0 0.9899966,47.4252369,0 0.9905766,47.4254781,0 0.9911138,47.4257032,0 0.9916770,47.4259379,0 0.9924186,47.4262451,0 0.9931721,47.4265602,0 0.9941274,47.4269574,0 0.9945373,47.4271252,0 0.9948714,47.4272694,0 0.9953040,47.4274478,0 0.9956367,47.4275910,0 0.9960360,47.4277501,0 0.9963974,47.4279061,0 0.9967586,47.4280573,0 0.9972435,47.4282599,0 0.9979090,47.4285364,0 0.9991830,47.4290670,0 1.0000766,47.4294401,0 1.0005614,47.4296426,0 1.0009157,47.4297906,0 1.0012317,47.4299193,0 1.0019163,47.4302023,0 1.0028027,47.4305720,0 1.0044356,47.4312521,0 1.0058878,47.4318583,0 1.0071292,47.4323770,0 1.0075540,47.4325544,0 1.0087281,47.4330400,0 1.0103586,47.4337250,0 1.0115375,47.4342073,0 1.0123052,47.4345336,0 1.0133796,47.4349854,0 1.0146226,47.4354854,0 1.0163814,47.4362186,0 1.0178336,47.4368439,0 1.0193358,47.4374677,0 1.0208640,47.4381027,0 1.0217601,47.4384773,0 1.0223068,47.4386943,0 1.0240751,47.4394354,0 1.0253467,47.4399563,0 1.0261976,47.4403195,0 1.0270389,47.4406732,0 1.0277496,47.4409658,0 1.0288928,47.4414464,0 1.0302927,47.4420252,0 1.0325554,47.4429704,0 1.0340173,47.4435764,0 1.0350036,47.4439863,0 1.0365010,47.4446116,0 1.0377131,47.4451195,0 1.0386781,47.4455150,0 1.0401350,47.4461274,0 1.0407436,47.4463797,0 1.0423431,47.4470435,0 1.0439403,47.4477042,0 1.0452642,47.4482587,0 1.0465167,47.4487843,0 1.0479547,47.4493742,0 1.0486321,47.4496555,0 1.0491659,47.4498813,0 1.0492857,47.4499319,0 1.0497801,47.4501377,0 1.0505953,47.4504800,0 1.0513107,47.4507757,0 1.0526322,47.4513206,0 1.0544386,47.4520808,0 1.0560144,47.4527350,0 1.0578398,47.4534871,0 1.0592112,47.4540641,0 1.0598838,47.4543421,0 1.0614954,47.4550122,0 1.0622654,47.4553305,0 1.0636083,47.4558881,0 1.0644995,47.4562561,0 1.0659755,47.4568668,0 1.0677130,47.4575964,0 1.0679606,47.4576983,0 1.0690796,47.4581589,0 1.0701563,47.4586088,0 1.0713043,47.4590829,0 1.0727233,47.4596742,0 1.0733769,47.4599442,0 1.0748790,47.4605694,0 1.0756363,47.4608886,0 1.0760247,47.4610482,0 1.0766049,47.4612889,0 1.0768352,47.4613845,0 1.0768353,47.4613845,0 1.0769658,47.4614387,0 1.0777027,47.4617392,0 1.0777561,47.4617615,0 1.0796088,47.4625346,0 1.0814199,47.4632866,0 1.0828508,47.4638827,0 1.0838989,47.4643150,0 1.0846833,47.4646412,0 1.0854558,47.4649577,0 1.0861664,47.4652550,0 1.0868913,47.4655555,0 1.0875473,47.4658302,0 1.0877399,47.4659105,0 1.0880274,47.4660279,0 1.0883221,47.4661500,0 1.0887952,47.4663331,0 1.0890923,47.4664472,0 1.0893679,47.4665452,0 1.0897221,47.4666754,0 1.0900882,47.4667975,0 1.0904779,47.4669244,0 1.0908725,47.4670481,0 1.0912861,47.4671735,0 1.0917210,47.4672956,0 1.0923366,47.4674643,0 1.0924543,47.4674956,0 1.0931352,47.4676764,0 1.0936319,47.4678049,0 1.0940597,47.4679174,0 1.0946540,47.4680733,0 1.0951744,47.4682066,0 1.0956546,47.4683303,0 1.0965410,47.4685633,0 1.0970521,47.4686982,0 1.0979576,47.4689345,0 1.0985471,47.4690838,0 1.0991818,47.4692510,0 1.1002940,47.4695401,0 1.1010618,47.4697394,0 1.1019316,47.4699675,0 1.1030083,47.4702486,0 1.1037499,47.4704383,0 1.1045319,47.4706455,0 1.1051737,47.4708126,0 1.1058034,47.4709765,0 1.1063073,47.4711099,0 1.1071725,47.4713348,0 1.1084607,47.4716689,0 1.1095421,47.4719534,0 1.1102576,47.4721380,0 1.1109540,47.4723196,0 1.1117145,47.4725172,0 1.1122279,47.4726522,0 1.1126034,47.4727486,0 1.1132333,47.4729109,0 1.1140319,47.4731196,0 1.1148994,47.4733446,0 1.1155626,47.4735197,0 1.1162043,47.4736884,0 1.1167058,47.4738138,0 1.1174545,47.4740065,0 1.1180890,47.4741736,0 1.1188093,47.4743503,0 1.1194629,47.4745206,0 1.1201973,47.4747102,0 1.1208842,47.4748821,0 1.1216709,47.4750893,0 1.1223744,47.4752933,0 1.1230210,47.4754636,0 1.1231640,47.4754998,0 1.1242402,47.4757721,0 1.1249937,47.4759681,0 1.1254810,47.4760966,0 1.1263960,47.4763391,0 1.1278434,47.4767151,0 1.1289653,47.4770058,0 1.1301133,47.4773014,0 1.1307883,47.4774765,0 1.1314776,47.4776580,0 1.1321574,47.4778347,0 1.1331508,47.4780981,0 1.1336928,47.4782428,0 1.1346601,47.4784902,0 1.1354207,47.4786893,0 1.1362050,47.4788869,0 1.1368634,47.4790572,0 1.1375906,47.4792515,0 1.1383323,47.4794428,0 1.1393614,47.4797126,0 1.1403336,47.4799664,0 1.1409943,47.4801319,0 1.1411373,47.4801707,0 1.1414315,47.4802507,0 1.1419022,47.4803696,0 1.1423562,47.4804885,0 1.1427816,47.4805993,0 1.1432831,47.4807311,0 1.1440271,47.4809253,0 1.1446402,47.4810860,0 1.1453747,47.4812788,0 1.1461187,47.4814683,0 1.1470741,47.4817172,0 1.1483480,47.4820466,0 1.1493036,47.4822956,0 1.1504158,47.4825847,0 1.1511527,47.4827775,0 1.1525526,47.4831453,0 1.1537814,47.4834650,0 1.1547464,47.4837139,0 1.1553881,47.4838825,0 1.1559752,47.4840351,0 1.1566051,47.4842006,0 1.1572825,47.4843789,0 1.1579004,47.4845363,0 1.1585230,47.4847001,0 1.1591553,47.4848624,0 1.1599040,47.4850567,0 1.1603509,47.4851755,0 1.1606860,47.4852654,0 1.1611352,47.4853795,0 1.1616819,47.4855192,0 1.1620764,47.4856205,0 1.1628346,47.4858180,0 1.1634715,47.4859882,0 1.1642203,47.4861794,0 1.1652732,47.4864540,0 1.1664283,47.4867544,0 1.1675478,47.4870451,0 1.1684652,47.4872860,0 1.1695681,47.4875703,0 1.1707779,47.4878835,0 1.1708441,47.4879013,0 1.1713530,47.4880377,0 1.1723181,47.4882866,0 1.1729859,47.4884601,0 1.1735088,47.4885870,0 1.1745261,47.4888552,0 1.1752201,47.4890382,0 1.1759449,47.4892262,0 1.1766177,47.4894013,0 1.1773996,47.4896036,0 1.1785832,47.4899120,0 1.1803492,47.4903713,0 1.1820866,47.4908323,0 1.1822230,47.4908673,0 1.1822231,47.4908673,0 1.1835032,47.4911968,0 1.1849839,47.4915774,0 1.1850699,47.4915997,0 1.1860935,47.4918655,0 1.1865067,47.4919728,0 1.1868091,47.4920515,0 1.1868444,47.4920596,0 1.1871136,47.4921218,0 1.1873702,47.4921845,0 1.1875566,47.4922305,0 1.1879692,47.4923322,0 1.1893763,47.4926968,0 1.1903463,47.4929527,0 1.1909711,47.4931176,0 1.1915486,47.4932637,0 1.1930199,47.4936620,0 1.1935547,47.4938016,0 1.1945815,47.4940698,0 1.1951400,47.4942144,0 1.1959172,47.4944104,0 1.1968369,47.4946560,0 1.1981942,47.4949997,0 1.1990997,47.4952438,0 1.1998152,47.4954355,0 1.2002738,47.4955585,0 1.2010749,47.4957689,0 1.2026079,47.4961688,0 1.2035704,47.4964113,0 1.2046282,47.4966778,0 1.2062705,47.4970986,0 1.2075325,47.4974326,0 1.2087899,47.4977553,0 1.2093294,47.4978999,0 1.2100496,47.4980862,0 1.2110146,47.4983366,0 1.2118441,47.4985502,0 1.2128328,47.4988103,0 1.2135173,47.4989934,0 1.2142161,47.4991909,0 1.2148405,47.4993801,0 1.2158300,47.4997246,0 1.2158731,47.4997380,0 1.2164397,47.4999246,0 1.2168182,47.5000493,0 1.2173831,47.5002449,0 1.2174153,47.5002564,0 1.2179552,47.5004501,0 1.2183256,47.5005898,0 1.2188600,47.5007887,0 1.2197099,47.5011224,0 1.2199147,47.5012071,0 1.2201870,47.5013195,0 1.2207211,47.5015441,0 1.2217945,47.5020238,0 1.2224805,47.5023397,0 1.2231344,47.5026549,0 1.2236064,47.5028917,0 1.2239552,47.5030648,0 1.2244513,47.5033230,0 1.2250492,47.5036404,0 1.2256475,47.5039868,0 1.2262438,47.5043318,0 1.2268543,47.5046928,0 1.2274145,47.5050296,0 1.2280458,47.5054336,0 1.2288744,47.5059900,0 1.2302495,47.5069719,0 1.2308740,47.5074468,0 1.2317557,47.5081131,0 1.2327896,47.5089045,0 1.2338450,47.5097041,0 1.2341896,47.5099657,0 1.2350309,47.5106110,0 1.2356585,47.5110895,0 1.2365285,47.5117558,0 1.2365996,47.5118102,0 1.2375218,47.5125150,0 1.2388551,47.5135296,0 1.2393566,47.5139165,0 1.2396470,47.5141380,0 1.2404953,47.5147850,0 1.2408706,47.5150707,0 1.2412366,47.5153532,0 1.2415221,47.5155732,0 1.2419450,47.5158910,0 1.2423562,47.5162105,0 1.2427366,47.5164963,0 1.2432523,47.5168894,0 1.2439106,47.5173950,0 1.2444407,47.5178028,0 1.2452845,47.5184466,0 1.2463730,47.5192620,0 1.2471134,47.5198315,0 1.2473141,47.5199858,0 1.2486262,47.5209890,0 1.2498764,47.5219393,0 1.2509792,47.5227819,0 1.2511937,47.5229451,0 1.2521794,47.5236951,0 1.2532419,47.5245089,0 1.2543946,47.5253916,0 1.2554025,47.5261621,0 1.2563816,47.5269003,0 1.2573417,47.5276431,0 1.2578980,47.5280751,0 1.2585422,47.5285598,0 1.2590840,47.5289737,0 1.2595832,47.5293573,0 1.2602177,47.5298403,0 1.2604483,47.5300185,0 1.2607026,47.5302127,0 1.2609198,47.5303787,0 1.2612603,47.5306134,0 1.2614642,47.5307575,0 1.2619253,47.5310960,0 1.2621019,47.5312217,0 1.2622049,47.5312913,0 1.2623575,47.5313895,0 1.2626826,47.5315978,0 1.2628611,47.5317200,0 1.2632710,47.5319725,0 1.2638035,47.5322984,0 1.2647593,47.5328779,0 1.2654700,47.5332967,0 1.2662593,47.5337767,0 1.2666395,47.5339948,0 1.2667014,47.5340302,0 1.2670905,47.5342657,0 1.2675320,47.5345397,0 1.2677687,47.5346915,0 1.2679820,47.5348404,0 1.2681005,47.5349219,0 1.2682827,47.5350546,0 1.2684060,47.5351474,0 1.2685266,47.5352384,0 1.2686804,47.5353630,0 1.2688703,47.5355217,0 1.2690601,47.5356787,0 1.2693281,47.5359125,0 1.2697179,47.5362590,0 1.2699679,47.5364808,0 1.2701796,47.5366591,0 1.2703083,47.5367701,0 1.2704750,47.5369036,0 1.2706293,47.5370318,0 1.2707492,47.5371289,0 1.2709516,47.5372784,0 1.2712487,47.5375062,0 1.2715272,47.5377120,0 1.2722405,47.5382273,0 1.2724350,47.5383680,0 1.2733004,47.5389941,0 1.2741703,47.5396263,0 1.2748145,47.5400853,0 1.2751757,47.5403515,0 1.2756916,47.5407223,0 1.2759069,47.5408788,0 1.2760249,47.5409744,0 1.2761560,47.5410806,0 1.2763003,47.5411907,0 1.2764258,47.5413027,0 1.2766040,47.5414471,0 1.2767714,47.5415966,0 1.2769014,47.5417243,0 1.2770320,47.5418525,0 1.2772166,47.5420410,0 1.2773756,47.5422188,0 1.2775107,47.5423628,0 1.2777499,47.5426489,0 1.2780800,47.5430642,0 1.2783937,47.5434589,0 1.2784751,47.5435622,0 1.2786275,47.5437342,0 1.2787443,47.5438743,0 1.2789401,47.5440789,0 1.2790779,47.5442228,0 1.2790875,47.5442330,0 1.2791996,47.5443490,0 1.2793166,47.5444634,0 1.2794360,47.5445762,0 1.2795930,47.5447191,0 1.2797593,47.5448731,0 1.2800116,47.5451028,0 1.2803182,47.5453740,0 1.2805987,47.5456307,0 1.2808794,47.5458747,0 1.2811431,47.5461105,0 1.2814259,47.5463575,0 1.2816684,47.5465775,0 1.2820394,47.5468968,0 1.2825572,47.5473569,0 1.2830016,47.5477564,0 1.2832348,47.5479651,0 1.2839811,47.5486197,0 1.2842922,47.5488971,0 1.2846655,47.5492307,0 1.2851860,47.5496976,0 1.2855261,47.5499962,0 1.2857282,47.5501743,0 1.2859045,47.5503254,0 1.2860545,47.5504525,0 1.2862809,47.5506359,0 1.2864063,47.5507349,0 1.2865446,47.5508555,0 1.2869500,47.5511581,0 1.2873732,47.5514726,0 1.2879128,47.5518673,0 1.2884427,47.5522618,0 1.2890131,47.5526853,0 1.2895908,47.5531105,0 1.2901636,47.5535324,0 1.2907387,47.5539526,0 1.2911211,47.5542347,0 1.2912692,47.5543465,0 1.2916821,47.5546582,0 1.2922029,47.5550433,0 1.2925352,47.5552869,0 1.2931284,47.5557466,0 1.2936481,47.5561742,0 1.2939924,47.5564721,0 1.2941605,47.5566191,0 1.2943764,47.5568208,0 1.2946685,47.5570932,0 1.2948532,47.5572738,0 1.2951780,47.5576114,0 1.2958996,47.5584173,0 1.2962961,47.5588964,0 1.2967117,47.5593947,0 1.2971106,47.5599138,0 1.2973410,47.5602202,0 1.2975513,47.5604933,0 1.2975623,47.5605075,0 1.2984773,47.5616798,0 1.2986984,47.5619685,0 1.2992641,47.5627000,0 1.2996637,47.5632140,0 1.2996705,47.5632228,0 1.2998967,47.5635168,0 1.3001037,47.5637609,0 1.3002775,47.5639729,0 1.3004777,47.5641996,0 1.3007013,47.5644468,0 1.3008571,47.5646070,0 1.3011576,47.5648919,0 1.3014219,47.5651248,0 1.3015939,47.5652779,0 1.3018426,47.5654715,0 1.3020381,47.5656163,0 1.3026510,47.5660588,0 1.3030116,47.5663356,0 1.3034086,47.5666468,0 1.3037045,47.5668737,0 1.3039051,47.5670551,0 1.3042680,47.5673977,0 1.3046263,47.5677578,0 1.3050110,47.5681601,0 1.3052990,47.5684603,0 1.3055062,47.5686677,0 1.3059629,47.5691074,0 1.3062296,47.5693612,0 1.3065483,47.5696469,0 1.3068505,47.5699230,0 1.3071597,47.5701894,0 1.3073266,47.5703362,0 1.3075424,47.5705262,0 1.3079488,47.5708757,0 1.3085050,47.5713631,0 1.3087448,47.5715731,0 1.3089566,47.5717625,0 1.3092515,47.5720127,0 1.3093492,47.5720982,0 1.3094841,47.5722162,0 1.3097813,47.5724792,0 1.3101474,47.5727968,0 1.3106347,47.5732218,0 1.3111552,47.5736707,0 1.3117018,47.5741485,0 1.3120868,47.5744820,0 1.3125336,47.5748748,0 1.3129949,47.5752775,0 1.3136207,47.5758071,0 1.3141261,47.5762125,0 1.3143709,47.5763953,0 1.3145921,47.5765605,0 1.3147667,47.5766879,0 1.3150686,47.5768885,0 1.3153732,47.5771067,0 1.3157495,47.5773477,0 1.3159685,47.5774923,0 1.3168486,47.5780345,0 1.3174238,47.5783890,0 1.3177551,47.5785903,0 1.3177552,47.5785903,0 1.3183103,47.5789277,0 1.3185995,47.5791074,0 1.3187873,47.5792241,0 1.3193209,47.5795556,0 1.3194843,47.5796571,0 1.3198318,47.5798692,0 1.3198319,47.5798693,0 1.3198862,47.5799025,0 1.3204370,47.5802420,0 1.3209017,47.5805443,0 1.3210955,47.5806797,0 1.3212825,47.5808187,0 1.3214761,47.5809685,0 1.3216416,47.5811103,0 1.3218588,47.5813014,0 1.3220429,47.5814957,0 1.3221657,47.5816280,0 1.3223194,47.5818112,0 1.3224982,47.5820238,0 1.3225376,47.5820785,0 1.3227092,47.5823169,0 1.3227733,47.5824170,0 1.3227733,47.5824171,0 1.3228396,47.5825207,0 1.3229345,47.5826992,0 1.3230126,47.5828635,0 1.3230704,47.5830059,0 1.3231678,47.5832657,0 1.3232504,47.5835211,0 1.3232533,47.5835301,0 1.3233465,47.5838771,0 1.3233531,47.5839021,0 1.3234102,47.5841538,0 1.3234387,47.5843173,0 1.3234530,47.5844055,0 1.3234672,47.5845209,0 1.3234911,47.5847181,0 1.3235100,47.5848960,0 1.3235173,47.5853645,0 1.3235633,47.5853641,0 1.3235766,47.5859622,0 1.3235813,47.5862474,0 1.3235813,47.5866514,0 1.3235750,47.5869703,0 1.3235419,47.5875009,0 1.3235060,47.5878976,0 1.3234860,47.5883024,0 1.3234860,47.5883026,0 1.3234846,47.5883278,0 1.3234788,47.5884453,0 1.3234634,47.5892532,0 1.3234637,47.5892796,0 1.3234710,47.5902160,0 1.3234724,47.5902741,0 1.3234783,47.5905352,0 1.3234803,47.5906206,0 1.3234803,47.5906207,0 1.3234892,47.5910114,0 1.3234905,47.5910468,0 1.3235013,47.5913546,0 1.3235081,47.5917568,0 1.3235010,47.5920166,0 1.3235153,47.5923211,0 1.3235437,47.5926817,0 1.3235604,47.5928083,0 1.3235866,47.5929670,0 1.3236223,47.5931225,0 1.3236674,47.5932956,0 1.3236873,47.5933580,0 1.3237696,47.5936178,0 1.3238410,47.5938214,0 1.3239017,47.5939591,0 1.3239598,47.5940906,0 1.3241617,47.5945042,0 1.3242688,47.5946853,0 1.3243686,47.5948472,0 1.3244588,47.5949915,0 1.3245943,47.5952046,0 1.3247227,47.5953633,0 1.3248820,47.5955509,0 1.3250603,47.5957608,0 1.3252290,47.5959371,0 1.3254120,47.5961102,0 1.3257209,47.5963811,0 1.3259443,47.5965718,0 1.3260456,47.5966480,0 1.3262106,47.5967721,0 1.3264554,47.5969340,0 1.3266907,47.5970815,0 1.3270710,47.5973171,0 1.3276580,47.5976601,0 1.3282689,47.5980143,0 1.3285532,47.5981770,0 1.3287343,47.5982716,0 1.3288892,47.5983525,0 1.3304532,47.5992612,0 1.3318317,47.6000594,0 1.3329440,47.6007068,0 1.3341965,47.6014344,0 1.3348265,47.6017998,0 1.3353041,47.6020803,0 1.3358461,47.6023992,0 1.3371438,47.6031332,0 1.3384058,47.6038736,0 1.3396347,47.6045819,0 1.3412200,47.6054921,0 1.3427602,47.6064072,0 1.3433832,47.6067702,0 1.3439509,47.6071010,0 1.3454032,47.6078766,0 1.3468221,47.6087660,0 1.3480224,47.6094534,0 1.3486333,47.6098139,0 1.3497099,47.6104485,0 1.3504253,47.6108603,0 1.3507272,47.6110301,0 1.3510100,47.6111983,0 1.3515567,47.6115157,0 1.3520131,47.6117912,0 1.3531016,47.6124177,0 1.3532247,47.6124887,0 1.3544205,47.6131783,0 1.3546811,47.6133723,0 1.3565539,47.6144570,0 1.3580561,47.6153335,0 1.3600074,47.6164582,0 1.3610389,47.6170590,0 1.3622248,47.6177463,0 1.3633846,47.6184304,0 1.3647823,47.6192363,0 1.3663178,47.6201319,0 1.3676487,47.6209025,0 1.3688181,47.6215817,0 1.3698902,47.6222018,0 1.3699379,47.6222291,0 1.3710740,47.6228810,0 1.3720270,47.6234288,0 1.3732198,47.6241208,0 1.3746083,47.6249331,0 1.3757253,47.6255595,0 1.3767684,47.6261696,0 1.3784464,47.6271515,0 1.3796231,47.6278356,0 1.3812987,47.6287999,0 1.3822185,47.6293349,0 1.3822847,47.6293733,0 1.3831787,47.6298907,0 1.3847307,47.6307941,0 1.3860427,47.6315517,0 1.3872119,47.6322323,0 1.3873789,47.6323300,0 1.3884550,47.6329594,0 1.3898261,47.6337489,0 1.3911580,47.6345664,0 1.3919908,47.6351468,0 1.3930859,47.6359440,0 1.3942362,47.6367768,0 1.3955364,47.6377344,0 1.3965870,47.6384953,0 1.3979750,47.6395057,0 1.3991753,47.6403849,0 1.4004161,47.6412835,0 1.4013976,47.6419945,0 1.4026419,47.6428991,0 1.4031876,47.6432960,0 1.4034298,47.6434722,0 1.4039666,47.6438610,0 1.4046899,47.6443856,0 1.4057496,47.6451536,0 1.4068900,47.6459692,0 1.4078451,47.6466637,0 1.4081484,47.6468792,0 1.4089631,47.6474726,0 1.4093151,47.6477292,0 1.4103771,47.6485036,0 1.4118054,47.6495347,0 1.4123988,47.6499753,0 1.4123988,47.6499754,0 1.4128962,47.6503447,0 1.4131561,47.6505369,0 1.4135351,47.6508171,0 1.4143438,47.6513581,0 1.4144751,47.6514527,0 1.4158869,47.6524838,0 1.4171705,47.6534108,0 1.4182400,47.6541921,0 1.4194474,47.6550711,0 1.4207474,47.6560125,0 1.4220594,47.6569698,0 1.4233477,47.6579016,0 1.4246002,47.6588157,0 1.4259075,47.6597714,0 1.4269985,47.6605622,0 1.4273529,47.6608110,0 1.4282368,47.6614314,0 1.4295464,47.6624175,0 1.4306754,47.6632371,0 1.4317568,47.6640215,0 1.4329903,47.6649162,0 1.4341003,47.6657246,0 1.4345804,47.6660720,0 1.4354764,47.6667234,0 1.4358591,47.6670003,0 1.4366387,47.6675701,0 1.4370950,47.6679014,0 1.4374664,47.6681725,0 1.4381409,47.6686649,0 1.4391367,47.6693868,0 1.4404345,47.6703311,0 1.4417631,47.6712978,0 1.4429633,47.6721733,0 1.4444845,47.6732791,0 1.4456373,47.6741082,0 1.4468197,47.6749618,0 1.4469523,47.6750586,0 1.4481210,47.6759118,0 1.4492382,47.6767263,0 1.4504028,47.6775713,0 1.4513867,47.6782898,0 1.4521711,47.6788579,0 1.4529197,47.6794037,0 1.4540130,47.6801925,0 1.4548782,47.6808215,0 1.4555438,47.6813015,0 1.4561712,47.6817639,0 1.4563588,47.6818931,0 1.4567702,47.6821767,0 1.4570102,47.6823448,0 1.4573572,47.6825721,0 1.4578991,47.6829097,0 1.4586788,47.6833545,0 1.4593086,47.6836761,0 1.4600740,47.6840361,0 1.4611601,47.6845098,0 1.4614643,47.6846423,0 1.4623318,47.6850202,0 1.4632612,47.6854170,0 1.4646159,47.6860027,0 1.4658138,47.6865211,0 1.4675299,47.6872539,0 1.4689917,47.6878810,0 1.4699542,47.6882987,0 1.4711736,47.6888282,0 1.4722668,47.6892938,0 1.4729561,47.6895946,0 1.4731700,47.6896859,0 1.4740090,47.6900442,0 1.4757204,47.6907833,0 1.4760423,47.6909258,0 1.4764072,47.6910873,0 1.4780804,47.6918089,0 1.4788839,47.6921513,0 1.4799011,47.6925863,0 1.4815221,47.6932823,0 1.4823635,47.6936503,0 1.4833760,47.6940854,0 1.4847283,47.6946613,0 1.4864467,47.6954020,0 1.4880820,47.6961059,0 1.4893654,47.6966642,0 1.4901355,47.6970081,0 1.4910191,47.6974079,0 1.4919586,47.6978496,0 1.4921815,47.6979575,0 1.4929496,47.6983295,0 1.4936413,47.6986750,0 1.4940882,47.6989086,0 1.4947132,47.6992349,0 1.4955974,47.6997068,0 1.4967858,47.7003610,0 1.4972779,47.7006441,0 1.4982143,47.7011896,0 1.4989701,47.7016375,0 1.4999328,47.7022165,0 1.5010117,47.7028531,0 1.5023071,47.7036129,0 1.5029251,47.7039760,0 1.5030090,47.7040247,0 1.5036357,47.7043887,0 1.5046911,47.7049996,0 1.5052929,47.7053631,0 1.5062734,47.7059552,0 1.5078367,47.7068992,0 1.5082435,47.7071414,0 1.5088776,47.7075163,0 1.5089046,47.7075320,0 1.5089565,47.7075629,0 1.5089930,47.7075847,0 1.5089931,47.7075847,0 1.5122690,47.7095383,0 1.5126839,47.7097858,0 1.5141361,47.7106431,0 1.5147369,47.7110007,0 1.5155812,47.7115034,0 1.5169502,47.7123111,0 1.5184690,47.7132162,0 1.5189407,47.7134965,0 1.5199735,47.7141102,0 1.5214757,47.7149929,0 1.5229635,47.7158980,0 1.5231540,47.7160089,0 1.5242541,47.7166496,0 1.5249862,47.7170814,0 1.5256493,47.7174779,0 1.5263433,47.7178905,0 1.5271562,47.7183734,0 1.5284801,47.7191585,0 1.5291422,47.7195540,0 1.5297517,47.7199181,0 1.5299554,47.7200377,0 1.5302786,47.7202275,0 1.5310209,47.7206632,0 1.5310570,47.7206846,0 1.5318302,47.7211869,0 1.5326187,47.7216540,0 1.5337572,47.7223351,0 1.5352878,47.7232448,0 1.5357100,47.7234955,0 1.5366853,47.7240747,0 1.5383207,47.7250420,0 1.5397516,47.7258895,0 1.5410729,47.7266712,0 1.5423421,47.7274337,0 1.5429887,47.7278175,0 1.5441224,47.7284906,0 1.5458839,47.7295363,0 1.5472486,47.7303311,0 1.5476707,47.7305688,0 1.5488247,47.7312186,0 1.5507694,47.7322851,0 1.5522145,47.7330732,0 1.5527243,47.7333516,0 1.5537453,47.7339093,0 1.5554351,47.7348285,0 1.5569453,47.7356547,0 1.5571559,47.7357700,0 1.5590312,47.7367867,0 1.5602054,47.7374341,0 1.5617622,47.7382813,0 1.5633547,47.7391460,0 1.5655246,47.7403288,0 1.5658304,47.7404958,0 1.5673618,47.7413325,0 1.5684765,47.7419448,0 1.5698172,47.7426752,0 1.5713499,47.7435094,0 1.5733715,47.7446388,0 1.5749534,47.7456034,0 1.5766739,47.7466821,0 1.5774633,47.7471760,0 1.5781143,47.7475834,0 1.5797328,47.7486062,0 1.5813254,47.7496050,0 1.5830461,47.7506837,0 1.5845459,47.7516281,0 1.5860575,47.7525758,0 1.5877213,47.7536161,0 1.5891664,47.7545237,0 1.5904783,47.7553482,0 1.5912635,47.7558393,0 1.5913865,47.7559157,0 1.5922547,47.7564546,0 1.5928534,47.7568267,0 1.5937730,47.7574115,0 1.5949070,47.7581339,0 1.5954277,47.7584535,0 1.5965471,47.7591597,0 1.5971199,47.7595112,0 1.5980657,47.7601070,0 1.5989404,47.7606583,0 1.6001907,47.7614381,0 1.6013164,47.7621405,0 1.6018153,47.7624823,0 1.6019029,47.7625387,0 1.6026052,47.7629925,0 1.6027391,47.7630760,0 1.6029514,47.7632027,0 1.6033384,47.7634229,0 1.6043098,47.7640296,0 1.6049085,47.7643985,0 1.6053913,47.7647067,0 1.6062347,47.7652452,0 1.6075850,47.7660890,0 1.6089800,47.7669435,0 1.6105131,47.7679244,0 1.6113736,47.7684516,0 1.6128469,47.7693828,0 1.6132037,47.7696083,0 1.6140213,47.7701098,0 1.6145605,47.7704515,0 1.6152900,47.7709146,0 1.6158910,47.7713027,0 1.6167916,47.7718919,0 1.6173357,47.7722528,0 1.6177099,47.7725090,0 1.6184282,47.7730011,0 1.6185177,47.7730624,0 1.6205809,47.7745213,0 1.6214723,47.7751709,0 1.6223046,47.7757842,0 1.6234097,47.7766249,0 1.6235011,47.7766961,0 1.6236229,47.7767910,0 1.6242584,47.7772800,0 1.6247116,47.7776338,0 1.6256542,47.7783686,0 1.6258835,47.7784992,0 1.6262383,47.7787812,0 1.6265806,47.7790495,0 1.6266407,47.7791003,0 1.6268016,47.7792364,0 1.6275051,47.7797810,0 1.6279493,47.7801339,0 1.6279614,47.7801436,0 1.6285508,47.7805940,0 1.6289264,47.7808767,0 1.6297036,47.7814868,0 1.6304452,47.7820857,0 1.6306623,47.7822557,0 1.6307612,47.7823333,0 1.6311225,47.7826175,0 1.6317263,47.7830935,0 1.6324868,47.7836876,0 1.6328315,47.7839590,0 1.6333972,47.7844063,0 1.6337680,47.7847017,0 1.6344738,47.7852494,0 1.6347491,47.7854628,0 1.6351393,47.7857653,0 1.6362184,47.7866117,0 1.6370170,47.7872313,0 1.6373902,47.7875474,0 1.6382149,47.7882102,0 1.6387972,47.7886605,0 1.6395958,47.7892993,0 1.6404515,47.7899508,0 1.6411598,47.7905240,0 1.6415781,47.7908402,0 1.6425051,47.7915604,0 1.6426683,47.7916905,0 1.6433954,47.7922704,0 1.6434462,47.7923108,0 1.6437599,47.7925590,0 1.6437600,47.7925591,0 1.6444506,47.7931055,0 1.6452384,47.7937064,0 1.6462485,47.7945191,0 1.6467690,47.7949343,0 1.6469551,47.7950799,0 1.6473917,47.7954213,0 1.6477815,47.7957310,0 1.6486586,47.7964032,0 1.6491149,47.7967704,0 1.6495783,47.7971457,0 1.6500371,47.7974921,0 1.6506646,47.7979871,0 1.6509402,47.7982122,0 1.6515108,47.7986577,0 1.6521002,47.7991175,0 1.6525041,47.7994400,0 1.6528821,47.7997306,0 1.6532885,47.8000579,0 1.6536997,47.8003739,0 1.6541727,47.8007364,0 1.6545910,47.8010700,0 1.6549665,47.8013669,0 1.6559458,47.8021301,0 1.6562928,47.8024031,0 1.6571651,47.8030848,0 1.6575953,47.8034232,0 1.6584248,47.8040666,0 1.6587694,47.8043460,0 1.6593981,47.8048372,0 1.6595847,47.8049829,0 1.6600576,47.8053453,0 1.6610107,47.8061051,0 1.6620637,47.8069304,0 1.6624130,47.8072099,0 1.6631807,47.8078116,0 1.6635420,47.8080846,0 1.6642669,47.8086625,0 1.6646234,47.8089354,0 1.6652224,47.8094159,0 1.6657310,47.8098181,0 1.6661001,47.8101026,0 1.6663894,47.8103258,0 1.6666794,47.8105620,0 1.6674756,47.8111702,0 1.6676562,47.8113090,0 1.6680389,47.8116235,0 1.6683425,47.8118652,0 1.6686925,47.8121438,0 1.6691417,47.8125125,0 1.6698215,47.8130376,0 1.6700545,47.8132212,0 1.6704371,47.8135229,0 1.6711311,47.8140560,0 1.6720176,47.8147439,0 1.6722306,47.8149121,0 1.6729494,47.8154797,0 1.6732440,47.8157068,0 1.6740343,47.8163250,0 1.6743839,47.8165984,0 1.6754355,47.8174253,0 1.6764393,47.8182124,0 1.6768956,47.8185707,0 1.6777386,47.8192367,0 1.6780832,47.8195080,0 1.6790768,47.8202821,0 1.6794617,47.8205933,0 1.6800122,47.8210196,0 1.6800203,47.8210261,0 1.6803415,47.8212789,0 1.6807266,47.8215806,0 1.6814750,47.8221604,0 1.6817406,47.8223743,0 1.6819289,47.8225259,0 1.6828178,47.8232117,0 1.6833289,47.8236190,0 1.6840084,47.8241525,0 1.6850235,47.8249546,0 1.6853562,47.8252132,0 1.6863727,47.8259865,0 1.6868350,47.8263280,0 1.6878407,47.8270660,0 1.6884258,47.8274935,0 1.6892124,47.8280703,0 1.6897172,47.8284408,0 1.6903647,47.8289173,0 1.6914820,47.8297340,0 1.6918442,47.8300029,0 1.6920270,47.8301387,0 1.6924272,47.8304390,0 1.6924820,47.8304799,0 1.6927932,47.8306997,0 1.6938162,47.8314400,0 1.6940576,47.8316246,0 1.6948348,47.8322070,0 1.6953649,47.8325947,0 1.6960826,47.8331212,0 1.6963157,47.8332951,0 1.6969075,47.8337212,0 1.6973990,47.8340855,0 1.6978763,47.8344384,0 1.6986567,47.8350094,0 1.6990267,47.8352818,0 1.6998321,47.8358743,0 1.6999568,47.8359661,0 1.7001303,47.8360936,0 1.7005606,47.8364015,0 1.7016159,47.8371609,0 1.7021316,47.8375502,0 1.7027809,47.8380213,0 1.7028946,47.8381038,0 1.7034864,47.8385393,0 1.7041709,47.8390339,0 1.7045964,47.8393561,0 1.7050644,47.8396833,0 1.7052856,47.8398379,0 1.7055661,47.8400549,0 1.7063385,47.8406388,0 1.7067355,47.8409211,0 1.7068828,47.8410293,0 1.7070135,47.8411254,0 1.7074818,47.8414683,0 1.7078311,47.8417028,0 1.7082305,47.8419772,0 1.7084849,47.8421463,0 1.7088271,47.8423681,0 1.7095021,47.8427732,0 1.7101960,47.8431593,0 1.7108046,47.8434767,0 1.7114201,47.8437894,0 1.7121451,47.8441579,0 1.7124412,47.8443071,0 1.7128605,47.8445184,0 1.7140465,47.8451054,0 1.7157744,47.8459748,0 1.7173193,47.8467548,0 1.7182035,47.8472061,0 1.7193158,47.8477597,0 1.7200027,47.8480994,0 1.7211151,47.8486560,0 1.7221157,47.8491633,0 1.7224365,47.8493276,0 1.7231733,47.8496896,0 1.7235974,47.8499037,0 1.7236404,47.8499254,0 1.7240361,47.8501251,0 1.7249156,47.8505653,0 1.7257379,47.8509753,0 1.7266672,47.8514441,0 1.7275372,47.8518747,0 1.7290441,47.8526451,0 1.7297262,47.8529897,0 1.7309193,47.8535845,0 1.7323478,47.8543022,0 1.7328588,47.8545574,0 1.7341850,47.8552321,0 1.7347745,47.8555191,0 1.7356824,47.8559816,0 1.7363812,47.8563309,0 1.7372846,47.8567814,0 1.7375197,47.8568986,0 1.7378501,47.8570645,0 1.7389291,47.8576114,0 1.7394877,47.8578874,0 1.7405406,47.8584120,0 1.7410944,47.8586927,0 1.7420712,47.8591808,0 1.7425870,47.8594423,0 1.7433167,47.8598106,0 1.7438063,47.8600498,0 1.7449865,47.8606500,0 1.7452395,47.8607786,0 1.7458670,47.8610928,0 1.7468605,47.8615919,0 1.7472907,47.8618120,0 1.7486170,47.8624753,0 1.7492179,47.8627715,0 1.7497364,47.8630270,0 1.7500834,47.8632008,0 1.7508607,47.8635932,0 1.7518683,47.8640970,0 1.7525125,47.8644223,0 1.7537057,47.8650234,0 1.7541287,47.8652323,0 1.7549345,47.8656389,0 1.7555216,47.8659355,0 1.7560182,47.8661859,0 1.7567314,47.8665446,0 1.7573137,47.8668300,0 1.7579021,47.8671258,0 1.7580053,47.8671776,0 1.7584402,47.8673960,0 1.7588017,47.8675790,0 1.7591366,47.8677484,0 1.7593448,47.8678572,0 1.7593449,47.8678572,0 1.7595764,47.8679780,0 1.7597163,47.8680473,0 1.7601682,47.8682714,0 1.7602556,47.8683134,0 1.7604772,47.8684197,0 1.7608574,47.8686142,0 1.7611925,47.8687832,0 1.7617843,47.8690702,0 1.7621124,47.8692393,0 1.7626305,47.8694864,0 1.7633507,47.8698164,0 1.7639330,47.8700843,0 1.7643037,47.8702516,0 1.7646651,47.8704111,0 1.7649002,47.8705154,0 1.7651285,47.8706168,0 1.7660151,47.8710042,0 1.7665997,47.8712577,0 1.7667851,47.8713279,0 1.7670869,47.8714474,0 1.7672964,47.8715319,0 1.7674030,47.8715750,0 1.7678642,47.8717632,0 1.7684133,47.8719863,0 1.7690478,47.8722382,0 1.7695922,47.8724535,0 1.7700984,47.8726496,0 1.7703480,47.8727437,0 1.7708019,47.8729062,0 1.7713557,47.8731119,0 1.7718382,47.8732841,0 1.7724324,47.8734977,0 1.7733379,47.8738182,0 1.7740011,47.8740589,0 1.7744693,47.8742231,0 1.7752109,47.8744909,0 1.7757671,47.8746855,0 1.7761735,47.8748305,0 1.7771028,47.8751621,0 1.7771772,47.8751890,0 1.7776851,47.8753726,0 1.7782911,47.8755894,0 1.7788831,47.8758078,0 1.7794938,47.8760230,0 1.7798766,47.8761633,0 1.7804802,47.8763786,0 1.7809246,47.8765331,0 1.7811789,47.8766272,0 1.7818849,47.8768807,0 1.7827262,47.8771804,0 1.7837269,47.8775359,0 1.7838690,47.8775871,0 1.7856094,47.8782134,0 1.7869594,47.8786916,0 1.7887919,47.8793516,0 1.7893385,47.8795445,0 1.7907504,47.8800402,0 1.7913635,47.8802602,0 1.7922620,47.8805774,0 1.7928328,47.8807847,0 1.7933506,47.8809728,0 1.7950975,47.8815945,0 1.7960292,47.8819244,0 1.7973055,47.8823835,0 1.7984512,47.8827931,0 1.7990833,47.8830211,0 1.7997583,47.8832602,0 1.8009064,47.8836683,0 1.8012539,47.8837935,0 1.8018524,47.8840093,0 1.8029077,47.8843839,0 1.8039963,47.8847745,0 1.8052369,47.8852175,0 1.8062423,47.8855809,0 1.8069126,47.8858201,0 1.8084503,47.8863706,0 1.8088402,47.8865102,0 1.8106892,47.8871717,0 1.8124766,47.8878045,0 1.8140287,47.8883606,0 1.8146632,47.8885942,0 1.8147345,47.8886205,0 1.8166383,47.8892962,0 1.8183993,47.8899261,0 1.8188796,47.8900979,0 1.8209902,47.8908597,0 1.8229107,47.8915419,0 1.8247789,47.8922080,0 1.8260002,47.8926433,0 1.8262905,47.8927467,0 1.8281753,47.8934224,0 1.8299222,47.8940456,0 1.8305758,47.8942782,0 1.8327458,47.8950559,0 1.8347543,47.8957762,0 1.8366890,47.8964631,0 1.8370010,47.8965756,0 1.8375992,47.8967913,0 1.8390824,47.8973188,0 1.8408175,47.8979387,0 1.8429637,47.8987036,0 1.8450956,47.8994636,0 1.8466953,47.9000341,0 1.8473489,47.9002667,0 1.8478290,47.9004596,0 1.8498944,47.9011941,0 1.8502981,47.9013368,0 1.8518387,47.9018809,0 1.8537734,47.9025693,0 1.8553967,47.9031445,0 1.8568941,47.9036782,0 1.8577545,47.9039825,0 1.8590071,47.9044287,0 1.8590491,47.9044435,0 1.8603428,47.9049004,0 1.8616405,47.9053704,0 1.8622276,47.9055759,0 1.8631261,47.9058993,0 1.8656716,47.9068090,0 1.8669836,47.9072743,0 1.8682124,47.9077172,0 1.8686911,47.9078868,0 1.8693413,47.9081171,0 1.8701946,47.9084231,0 1.8715185,47.9088994,0 1.8725333,47.9092642,0 1.8733757,47.9095697,0 1.8734342,47.9095909,0 1.8741924,47.9098585,0 1.8745156,47.9099764,0 1.8756351,47.9103763,0 1.8773346,47.9109801,0 1.8782614,47.9113059,0 1.8783993,47.9113544,0 1.8793809,47.9117001,0 1.8802675,47.9120140,0 1.8813750,47.9124090,0 1.8820063,47.9126337,0 1.8822212,47.9127101,0 1.8831386,47.9130431,0 1.8838279,47.9132884,0 1.8845766,47.9135577,0 1.8852563,47.9138078,0 1.8860476,47.9140812,0 1.8862450,47.9141582,0 1.8866611,47.9143080,0 1.8878233,47.9147253,0 1.8891852,47.9152081,0 1.8908252,47.9157958,0 1.8918139,47.9161495,0 1.8922982,47.9163226,0 1.8930583,47.9166294,0 1.8931366,47.9166570,0 1.8936919,47.9168439,0 1.8938210,47.9168823,0 1.8940595,47.9169559,0 1.8942215,47.9169993,0 1.8943223,47.9170264,0 1.8944712,47.9170650,0 1.8946562,47.9171052,0 1.8947541,47.9171244,0 1.8949805,47.9171707,0 1.8951313,47.9171980,0 1.8952749,47.9172221,0 1.8954499,47.9172494,0 1.8955668,47.9172638,0 1.8957144,47.9172846,0 1.8958912,47.9173053,0 1.8960184,47.9173198,0 1.8962301,47.9173376,0 1.8963384,47.9173424,0 1.8966835,47.9173583,0 1.8970611,47.9173696,0 1.8975569,47.9173705,0 1.8977679,47.9173696,0 1.8981357,47.9173632,0 1.8983434,47.9173640,0 1.8983435,47.9173640,0 1.8990081,47.9173663,0 1.8991910,47.9173711,0 1.8993313,47.9173727,0 1.8994359,47.9173775,0 1.8996783,47.9173950,0 1.8999207,47.9174157,0 1.9000989,47.9174349,0 1.9002370,47.9174530,0 1.9003652,47.9174699,0 1.9006480,47.9175177,0 1.9009450,47.9175798,0 1.9011162,47.9176213,0 1.9014039,47.9176960,0 1.9016866,47.9177757,0 1.9019434,47.9178570,0 1.9021668,47.9179334,0 1.9024448,47.9180354,0 1.9028038,47.9181835,0 1.9031152,47.9183221,0 1.9033337,47.9184304,0 1.9035334,47.9185371,0 1.9036974,47.9186247,0 1.9040179,47.9188227,0 1.9041477,47.9189064,0 1.9042908,47.9190011,0 1.9042908,47.9190012,0 1.9043586,47.9190460,0 1.9050394,47.9196086,0 1.9051356,47.9196973,0 1.9054098,47.9199974,0 1.9056641,47.9202646,0 1.9058582,47.9205436,0 1.9059714,47.9207306,0 1.9061743,47.9211133,0 1.9061969,47.9211494,0 1.9062029,47.9211648,0 1.9062582,47.9213104,0 1.9062999,47.9214812,0 1.9063268,47.9215979,0 1.9063489,47.9217030,0 1.9063710,47.9217933,0 1.9063832,47.9218640,0 1.9064028,47.9220561,0 1.9064224,47.9222549,0 1.9064346,47.9223802,0 1.9064346,47.9223803,0 1.9064400,47.9224353,0 1.9064827,47.9226895,0 1.9065370,47.9228496,0 1.9066064,47.9231692,0 1.9066803,47.9234244,0 1.9068003,47.9239337,0 1.9068559,47.9241061,0 1.9069120,47.9243086,0 1.9069525,47.9244887,0 1.9069762,47.9246448,0 1.9069856,47.9247307,0 1.9069729,47.9253364,0 1.9069675,47.9253842,0 1.9069153,47.9255960,0 1.9068820,47.9257139,0 1.9068059,47.9259400,0 1.9067442,47.9260961,0 1.9066680,47.9262888,0 1.9066111,47.9264225,0 1.9063757,47.9269800,0 1.9063353,47.9270744,0 1.9059242,47.9280343,0 1.9055986,47.9287717,0 1.9054582,47.9290838,0 1.9053608,47.9293020,0 1.9051707,47.9297065,0 1.9049915,47.9301027,0 1.9048758,47.9303440,0 1.9048015,47.9304992,0 1.9046065,47.9309403,0 1.9044187,47.9313687,0 1.9042784,47.9316952,0 1.9041811,47.9319229,0 1.9041002,47.9321093,0 1.9040241,47.9322907,0 1.9039244,47.9325169,0 1.9038411,47.9326889,0 1.9037675,47.9328418,0 1.9037009,47.9329612,0 1.9036763,47.9330061,0 1.9036082,47.9331300,0 1.9034656,47.9333816,0 1.9033843,47.9335085,0 1.9033842,47.9335085,0 1.9033206,47.9336077,0 1.9032735,47.9336824,0 1.9030759,47.9339963,0 1.9028121,47.9344039,0 1.9026504,47.9346635,0 1.9025849,47.9347758,0 1.9025848,47.9347758,0 1.9025246,47.9348790,0 1.9024223,47.9350663,0 1.9022891,47.9353530,0 1.9022312,47.9354991,0 1.9021480,47.9357339,0 1.9020767,47.9359788,0 1.9019542,47.9364108,0 1.9017898,47.9370876,0 1.9017233,47.9373772,0 1.9016559,47.9376989,0 1.9015656,47.9380826,0 1.9015347,47.9382195,0 1.9014706,47.9384615,0 1.9013968,47.9387052,0 1.9012828,47.9390299,0 1.9011782,47.9392879,0 1.9010772,47.9395063,0 1.9009548,47.9397576,0 1.9008743,47.9399402,0 1.9007218,47.9401875,0 1.9006318,47.9403892,0 1.9003368,47.9408753,0 1.9000849,47.9413307,0 1.8998614,47.9417288,0 1.8996689,47.9420393,0 1.8994337,47.9423959,0 1.8991009,47.9428545,0 1.8987063,47.9433973,0 1.8985162,47.9436632,0 1.8984742,47.9437330,0 1.8984740,47.9437334,0 1.8984737,47.9437339,0 1.8983212,47.9439865,0 1.8981620,47.9442763,0 1.8979656,47.9446885,0 1.8979655,47.9446889,0 1.8979481,47.9447252,0 1.8978317,47.9449911,0 1.8977868,47.9450869,0 1.8977868,47.9450870,0 1.8977398,47.9451871,0 1.8975379,47.9456181,0 1.8975370,47.9456200,0 1.8974467,47.9458683,0 1.8973515,47.9460896,0 1.8971568,47.9465389,0 1.8971032,47.9466628,0 1.8971031,47.9466630,0 1.8970901,47.9466929,0 1.8968863,47.9471710,0 1.8966029,47.9478360,0 1.8961204,47.9489584,0 1.8956545,47.9500504,0 1.8952873,47.9509054,0 1.8951008,47.9513399,0 1.8947775,47.9520960,0 1.8942309,47.9533839,0 1.8937413,47.9545219,0 1.8936792,47.9546716,0 1.8933515,47.9554611,0 1.8928809,47.9565673,0 1.8925635,47.9573114,0 1.8924198,47.9576482,0 1.8918945,47.9588817,0 1.8913787,47.9600881,0 1.8909770,47.9610272,0 1.8908487,47.9613073,0 1.8905373,47.9619837,0 1.8902616,47.9625010,0 1.8899906,47.9630405,0 1.8898765,47.9632681,0 1.8897529,47.9635370,0 1.8894107,47.9642724,0 1.8892325,47.9646495,0 1.8886930,47.9658001,0 1.8885809,47.9660423,0 1.8885603,47.9662287,0 1.8885626,47.9664133,0 1.8885294,47.9666424,0 1.8884961,47.9668668,0 1.8884509,47.9671486,0 1.8883796,47.9674684,0 1.8881348,47.9684200,0 1.8879731,47.9690423,0 1.8878923,47.9693812,0 1.8878511,47.9695490,0 1.8878306,47.9696326,0 1.8877854,47.9698156,0 1.8877213,47.9700719,0 1.8876737,47.9703074,0 1.8875539,47.9709396,0 1.8875025,47.9712112,0 1.8874266,47.9716249,0 1.8873029,47.9722885,0 1.8872198,47.9727277,0 1.8871056,47.9733928,0 1.8870486,47.9736729,0 1.8869820,47.9740500,0 1.8868561,47.9746642,0 1.8867562,47.9750636,0 1.8866635,47.9754120,0 1.8866303,47.9755298,0 1.8865803,47.9757525,0 1.8864735,47.9762203,0 1.8864354,47.9764383,0 1.8862667,47.9773945,0 1.8860883,47.9783667,0 1.8859433,47.9792704,0 1.8858863,47.9795599,0 1.8857295,47.9804970,0 1.8856724,47.9808073,0 1.8855417,47.9815534,0 1.8854752,47.9818986,0 1.8853966,47.9823675,0 1.8853705,47.9825224,0 1.8852897,47.9829805,0 1.8851805,47.9835151,0 1.8851353,47.9838332,0 1.8850925,47.9841227,0 1.8850212,47.9846016,0 1.8849713,47.9849596,0 1.8849143,47.9854845,0 1.8848643,47.9859777,0 1.8847883,47.9864947,0 1.8847336,47.9869911,0 1.8846789,47.9874046,0 1.8846266,47.9877180,0 1.8846123,47.9878039,0 1.8844983,47.9882588,0 1.8843295,47.9888713,0 1.8839558,47.9901411,0 1.8839491,47.9901779,0 1.8838727,47.9906034,0 1.8838218,47.9909139,0 1.8837943,47.9910821,0 1.8836578,47.9918398,0 1.8836326,47.9919761,0 1.8835695,47.9923154,0 1.8835360,47.9925370,0 1.8834397,47.9930562,0 1.8834217,47.9931597,0 1.8833000,47.9938609,0 1.8832030,47.9944523,0 1.8830668,47.9952021,0 1.8829411,47.9959366,0 1.8827485,47.9970261,0 1.8826796,47.9974268,0 1.8825536,47.9981617,0 1.8823585,47.9991930,0 1.8821425,48.0003866,0 1.8820473,48.0009942,0 1.8819570,48.0015317,0 1.8818454,48.0021567,0 1.8817313,48.0027101,0 1.8816315,48.0032938,0 1.8814556,48.0043593,0 1.8813867,48.0047218,0 1.8813035,48.0052069,0 1.8812559,48.0054819,0 1.8811585,48.0061069,0 1.8810848,48.0065474,0 1.8809945,48.0070451,0 1.8809422,48.0073456,0 1.8809420,48.0073464,0 1.8808162,48.0080962,0 1.8807473,48.0084237,0 1.8806237,48.0091489,0 1.8805595,48.0095146,0 1.8805073,48.0098326,0 1.8804311,48.0102620,0 1.8803742,48.0105720,0 1.8802719,48.0111078,0 1.8802125,48.0114497,0 1.8801293,48.0119267,0 1.8800818,48.0121890,0 1.8800366,48.0124609,0 1.8799772,48.0128234,0 1.8799201,48.0131494,0 1.8798678,48.0134403,0 1.8797847,48.0138776,0 1.8796944,48.0143658,0 1.8796421,48.0146583,0 1.8795589,48.0152434,0 1.8795089,48.0155248,0 1.8794804,48.0157299,0 1.8794425,48.0160288,0 1.8794068,48.0164613,0 1.8793664,48.0175566,0 1.8793520,48.0182864,0 1.8793449,48.0192434,0 1.8793427,48.0194787,0 1.8793379,48.0202291,0 1.8793354,48.0206011,0 1.8792950,48.0214182,0 1.8792974,48.0219475,0 1.8792927,48.0226025,0 1.8793260,48.0234689,0 1.8793429,48.0238025,0 1.8793711,48.0243559,0 1.8793735,48.0245816,0 1.8793901,48.0254543,0 1.8793735,48.0263159,0 1.8793379,48.0274604,0 1.8792737,48.0284888,0 1.8792071,48.0294854,0 1.8791880,48.0304566,0 1.8791904,48.0314596,0 1.8791810,48.0326198,0 1.8791477,48.0336608,0 1.8791573,48.0347893,0 1.8791358,48.0357857,0 1.8791334,48.0368665,0 1.8791216,48.0379885,0 1.8791073,48.0388355,0 1.8790859,48.0399718,0 1.8790740,48.0410110,0 1.8790669,48.0419788,0 1.8790526,48.0429020,0 1.8790408,48.0437156,0 1.8790336,48.0448517,0 1.8790292,48.0451238,0 1.8790170,48.0458846,0 1.8790123,48.0469254,0 1.8789932,48.0477643,0 1.8789908,48.0486303,0 1.8789765,48.0497298,0 1.8789600,48.0509039,0 1.8789527,48.0518223,0 1.8789457,48.0521225,0 1.8789410,48.0527152,0 1.8789338,48.0532108,0 1.8789318,48.0536484,0 1.8789315,48.0537081,0 1.8789219,48.0544262,0 1.8789124,48.0548028,0 1.8789100,48.0552364,0 1.8789006,48.0556114,0 1.8788957,48.0563469,0 1.8788886,48.0567346,0 1.8788791,48.0575797,0 1.8788720,48.0584724,0 1.8788625,48.0593018,0 1.8788553,48.0596162,0 1.8788482,48.0605122,0 1.8788411,48.0612937,0 1.8788340,48.0617274,0 1.8788221,48.0623024,0 1.8788173,48.0628521,0 1.8788055,48.0634286,0 1.8787983,48.0643054,0 1.8787960,48.0647946,0 1.8787960,48.0652585,0 1.8787864,48.0655778,0 1.8787769,48.0663021,0 1.8787768,48.0663090,0 1.8787698,48.0668437,0 1.8787698,48.0673376,0 1.8787616,48.0677445,0 1.8787579,48.0682001,0 1.8787650,48.0685431,0 1.8787745,48.0688513,0 1.8787864,48.0691387,0 1.8788161,48.0694216,0 1.8788458,48.0697041,0 1.8788768,48.0699185,0 1.8789195,48.0701822,0 1.8789576,48.0704332,0 1.8790169,48.0707492,0 1.8790716,48.0709954,0 1.8791572,48.0713113,0 1.8791929,48.0714639,0 1.8793117,48.0718640,0 1.8794163,48.0721833,0 1.8794757,48.0723389,0 1.8795565,48.0725867,0 1.8799107,48.0734506,0 1.8800960,48.0738699,0 1.8803884,48.0745035,0 1.8806047,48.0749736,0 1.8808353,48.0755009,0 1.8811228,48.0761282,0 1.8812940,48.0764807,0 1.8815078,48.0769365,0 1.8816919,48.0773240,0 1.8817883,48.0775272,0 1.8818561,48.0776698,0 1.8819643,48.0779215,0 1.8821592,48.0783334,0 1.8824056,48.0788228,0 1.8825018,48.0790110,0 1.8825489,48.0791033,0 1.8826677,48.0793263,0 1.8831407,48.0802712,0 1.8835096,48.0810411,0 1.8838786,48.0818670,0 1.8841318,48.0824799,0 1.8844130,48.0831783,0 1.8845698,48.0835840,0 1.8848760,48.0843433,0 1.8853314,48.0853704,0 1.8858212,48.0864485,0 1.8863036,48.0874982,0 1.8867575,48.0885143,0 1.8872354,48.0895631,0 1.8874359,48.0899969,0 1.8874515,48.0900312,0 1.8876178,48.0904009,0 1.8877506,48.0906940,0 1.8878314,48.0908723,0 1.8880424,48.0913327,0 1.8885013,48.0923406,0 1.8889473,48.0933396,0 1.8894202,48.0943810,0 1.8898196,48.0952636,0 1.8899427,48.0955273,0 1.8903021,48.0962970,0 1.8907893,48.0973622,0 1.8912670,48.0984272,0 1.8917566,48.0994622,0 1.8921606,48.1003972,0 1.8927738,48.1017336,0 1.8930163,48.1022558,0 1.8934560,48.1032240,0 1.8936248,48.1035970,0 1.8936997,48.1037616,0 1.8939409,48.1042922,0 1.8944471,48.1054016,0 1.8945390,48.1056004,0 1.8948274,48.1062237,0 1.8951414,48.1069201,0 1.8953432,48.1073681,0 1.8958661,48.1085139,0 1.8964199,48.1097343,0 1.8969190,48.1108273,0 1.8972280,48.1115212,0 1.8974114,48.1119283,0 1.8977556,48.1126908,0 1.8979340,48.1130692,0 1.8981858,48.1136254,0 1.8984339,48.1141531,0 1.8988628,48.1150032,0 1.8991819,48.1156097,0 1.8993152,48.1158822,0 1.8994215,48.1160839,0 1.9008977,48.1188868,0 1.9026348,48.1222116,0 1.9041925,48.1251924,0 1.9068589,48.1302951,0 1.9099384,48.1361871,0 1.9102459,48.1367587,0 1.9105635,48.1373088,0 1.9108129,48.1377469,0 1.9109176,48.1379296,0 1.9110578,48.1381739,0 1.9113934,48.1387485,0 1.9116708,48.1392579,0 1.9131963,48.1421596,0 1.9133217,48.1424081,0 1.9135888,48.1429372,0 1.9138348,48.1434462,0 1.9147049,48.1453010,0 1.9151545,48.1461752,0 1.9157742,48.1473670,0 1.9159317,48.1476689,0 1.9166766,48.1490966,0 1.9173589,48.1503883,0 1.9181340,48.1518806,0 1.9187376,48.1530309,0 1.9196191,48.1547107,0 1.9219052,48.1591215,0 1.9223511,48.1599550,0 1.9228133,48.1608187,0 1.9241823,48.1634529,0 1.9268899,48.1686305,0 1.9270995,48.1690303,0 1.9282108,48.1711509,0 1.9290881,48.1728346,0 1.9304554,48.1754372,0 1.9321584,48.1786877,0 1.9324673,48.1792662,0 1.9326123,48.1795522,0 1.9348745,48.1838756,0 1.9351104,48.1843265,0 1.9357675,48.1855838,0 1.9357675,48.1855839,0 1.9361642,48.1863432,0 1.9365712,48.1871099,0 1.9371557,48.1882045,0 1.9374469,48.1887269,0 1.9378760,48.1894493,0 1.9378788,48.1894540,0 1.9383244,48.1901880,0 1.9390142,48.1914056,0 1.9394388,48.1921822,0 1.9394901,48.1922821,0 1.9396694,48.1926314,0 1.9396695,48.1926314,0 1.9398008,48.1928873,0 1.9401203,48.1935581,0 1.9403183,48.1939945,0 1.9403878,48.1941528,0 1.9404746,48.1943503,0 1.9406857,48.1948041,0 1.9408482,48.1951443,0 1.9412364,48.1959139,0 1.9416909,48.1967735,0 1.9419183,48.1972136,0 1.9421021,48.1975690,0 1.9421697,48.1976998,0 1.9423615,48.1980710,0 1.9424264,48.1981957,0 1.9427769,48.1988684,0 1.9428153,48.1989403,0 1.9430093,48.1993037,0 1.9430992,48.1994760,0 1.9431329,48.1995407,0 1.9431842,48.1996366,0 1.9433943,48.2000306,0 1.9435814,48.2003955,0 1.9441212,48.2014321,0 1.9445669,48.2022788,0 1.9450731,48.2032467,0 1.9454534,48.2039595,0 1.9456459,48.2043429,0 1.9460024,48.2050209,0 1.9463709,48.2057622,0 1.9465348,48.2060806,0 1.9469721,48.2069265,0 1.9475212,48.2079719,0 1.9479496,48.2087938,0 1.9480108,48.2089111,0 1.9485218,48.2098663,0 1.9489140,48.2106408,0 1.9493608,48.2114834,0 1.9497363,48.2122040,0 1.9502045,48.2130941,0 1.9505469,48.2137514,0 1.9507204,48.2140808,0 1.9510151,48.2146447,0 1.9511791,48.2149820,0 1.9516021,48.2157549,0 1.9518564,48.2162601,0 1.9521844,48.2168429,0 1.9525766,48.2176030,0 1.9527287,48.2178897,0 1.9530877,48.2185770,0 1.9533063,48.2189871,0 1.9535915,48.2195446,0 1.9537770,48.2198946,0 1.9539361,48.2202017,0 1.9541525,48.2206103,0 1.9544329,48.2211456,0 1.9545945,48.2214432,0 1.9549796,48.2221781,0 1.9551302,48.2224524,0 1.9553195,48.2227972,0 1.9554359,48.2230109,0 1.9556499,48.2234259,0 1.9558852,48.2238866,0 1.9561014,48.2242999,0 1.9562939,48.2246562,0 1.9564722,48.2250077,0 1.9567194,48.2254954,0 1.9570165,48.2260417,0 1.9572019,48.2264043,0 1.9575060,48.2269728,0 1.9576440,48.2272498,0 1.9576480,48.2272575,0 1.9577699,48.2274889,0 1.9580099,48.2279449,0 1.9581027,48.2281143,0 1.9583380,48.2285576,0 1.9585970,48.2290564,0 1.9587681,48.2293778,0 1.9591366,48.2300903,0 1.9593101,48.2304212,0 1.9595786,48.2309358,0 1.9597023,48.2311669,0 1.9598663,48.2314756,0 1.9600683,48.2318714,0 1.9601348,48.2319933,0 1.9602513,48.2322150,0 1.9603558,48.2324224,0 1.9606173,48.2329179,0 1.9607338,48.2331365,0 1.9611545,48.2339470,0 1.9612353,48.2340990,0 1.9616844,48.2349507,0 1.9617939,48.2351724,0 1.9622788,48.2360985,0 1.9627636,48.2370182,0 1.9628848,48.2372542,0 1.9633292,48.2380900,0 1.9637546,48.2389021,0 1.9642348,48.2398218,0 1.9644083,48.2401653,0 1.9647363,48.2407795,0 1.9651379,48.2415504,0 1.9653756,48.2419951,0 1.9656562,48.2425127,0 1.9661244,48.2433960,0 1.9665664,48.2442476,0 1.9670180,48.2451166,0 1.9676075,48.2462356,0 1.9681375,48.2472470,0 1.9686636,48.2482515,0 1.9686636,48.2482516,0 1.9687293,48.2483770,0 1.9693445,48.2495843,0 1.9699696,48.2507871,0 1.9705900,48.2519219,0 1.9712579,48.2530882,0 1.9718306,48.2540932,0 1.9724605,48.2552231,0 1.9730571,48.2563513,0 1.9734958,48.2571946,0 1.9735206,48.2572423,0 1.9736489,48.2574828,0 1.9741219,48.2584512,0 1.9747209,48.2596903,0 1.9752342,48.2607836,0 1.9758142,48.2618961,0 1.9764203,48.2630495,0 1.9769312,48.2640637,0 1.9774042,48.2649751,0 1.9775943,48.2653240,0 1.9775944,48.2653240,0 1.9778915,48.2658690,0 1.9784547,48.2669576,0 1.9790348,48.2680524,0 1.9795623,48.2690680,0 1.9800989,48.2700900,0 1.9801114,48.2701138,0 1.9807079,48.2712370,0 1.9813188,48.2723998,0 1.9819391,48.2736005,0 1.9825452,48.2747332,0 1.9830301,48.2756554,0 1.9835387,48.2766250,0 1.9840950,48.2776849,0 1.9846892,48.2788191,0 1.9853261,48.2800260,0 1.9859226,48.2811600,0 1.9864194,48.2821201,0 1.9866120,48.2824870,0 1.9870421,48.2833047,0 1.9875721,48.2843138,0 1.9880784,48.2852754,0 1.9885442,48.2861705,0 1.9889745,48.2869898,0 1.9893975,48.2877964,0 1.9894364,48.2878724,0 1.9896043,48.2882012,0 1.9899870,48.2889003,0 1.9905289,48.2898206,0 1.9909187,48.2904548,0 1.9912515,48.2910036,0 1.9916032,48.2915554,0 1.9920975,48.2923588,0 1.9926228,48.2932206,0 1.9930554,48.2939258,0 1.9933668,48.2944462,0 1.9936947,48.2949774,0 1.9939253,48.2953569,0 1.9941131,48.2956637,0 1.9944554,48.2962282,0 1.9947406,48.2966963,0 1.9951447,48.2973635,0 1.9956152,48.2981399,0 1.9961404,48.2989969,0 1.9963734,48.2993858,0 1.9963822,48.2994003,0 1.9968583,48.3001811,0 1.9973479,48.3009844,0 1.9974833,48.3012025,0 1.9978495,48.3017844,0 1.9980633,48.3021195,0 1.9983763,48.3026177,0 1.9986432,48.3030428,0 1.9991163,48.3037986,0 1.9995752,48.3045865,0 2.0001460,48.3055323,0 2.0003569,48.3058889,0 2.0009601,48.3068481,0 2.0010959,48.3070740,0 2.0011243,48.3071211,0 2.0015324,48.3077998,0 2.0015906,48.3078965,0 2.0020374,48.3086410,0 2.0024917,48.3094170,0 2.0032264,48.3106419,0 2.0035643,48.3111819,0 2.0036264,48.3112811,0 2.0039763,48.3118403,0 2.0039766,48.3118408,0 2.0039784,48.3118437,0 2.0046412,48.3129498,0 2.0050245,48.3135953,0 2.0051143,48.3137465,0 2.0051450,48.3137983,0 2.0055240,48.3144217,0 2.0055931,48.3145354,0 2.0058003,48.3148761,0 2.0058477,48.3149560,0 2.0064879,48.3160350,0 2.0071357,48.3170947,0 2.0078308,48.3182518,0 2.0083619,48.3191332,0 2.0085530,48.3194518,0 2.0087143,48.3197258,0 2.0088583,48.3199535,0 2.0089824,48.3201549,0 2.0095310,48.3210842,0 2.0096400,48.3212581,0 2.0101068,48.3220034,0 2.0107224,48.3230102,0 2.0113925,48.3241012,0 2.0127628,48.3263341,0 2.0133605,48.3273759,0 2.0136991,48.3278987,0 2.0140770,48.3285150,0 2.0145849,48.3293524,0 2.0145849,48.3293525,0 2.0146121,48.3293974,0 2.0149852,48.3300671,0 2.0155270,48.3309503,0 2.0161166,48.3319225,0 2.0164872,48.3325479,0 2.0168472,48.3331210,0 2.0170390,48.3333901,0 2.0172974,48.3337652,0 2.0175959,48.3341526,0 2.0178377,48.3344662,0 2.0181007,48.3347860,0 2.0186244,48.3354084,0 2.0191243,48.3359389,0 2.0200450,48.3368807,0 2.0208854,48.3376792,0 2.0215127,48.3382746,0 2.0220377,48.3387658,0 2.0227271,48.3394089,0 2.0234736,48.3401122,0 2.0241083,48.3407142,0 2.0247785,48.3413476,0 2.0254700,48.3419984,0 2.0262096,48.3426938,0 2.0266848,48.3431520,0 2.0274190,48.3438420,0 2.0282739,48.3446470,0 2.0286902,48.3450185,0 2.0292631,48.3455684,0 2.0298774,48.3461262,0 2.0306095,48.3468007,0 2.0310120,48.3471723,0 2.0312634,48.3474044,0 2.0314197,48.3475512,0 2.0316775,48.3477935,0 2.0322718,48.3483638,0 2.0329133,48.3489686,0 2.0336597,48.3496795,0 2.0345035,48.3504740,0 2.0349739,48.3509225,0 2.0355872,48.3514959,0 2.0362480,48.3521262,0 2.0365479,48.3524102,0 2.0366793,48.3525346,0 2.0370551,48.3529204,0 2.0376814,48.3535258,0 2.0381966,48.3540101,0 2.0387911,48.3545616,0 2.0393781,48.3551255,0 2.0400197,48.3557208,0 2.0406166,48.3562895,0 2.0411961,48.3568357,0 2.0418191,48.3574139,0 2.0426083,48.3581689,0 2.0430547,48.3585870,0 2.0435020,48.3589997,0 2.0439619,48.3594497,0 2.0441556,48.3596392,0 2.0448636,48.3602864,0 2.0455127,48.3609089,0 2.0460875,48.3614423,0 2.0465491,48.3618740,0 2.0471524,48.3624578,0 2.0476371,48.3628950,0 2.0481158,48.3633508,0 2.0486074,48.3638305,0 2.0486281,48.3638494,0 2.0490185,48.3642093,0 2.0494960,48.3646703,0 2.0498164,48.3649620,0 2.0505064,48.3656037,0 2.0508512,48.3659340,0 2.0514356,48.3664880,0 2.0519066,48.3669288,0 2.0521659,48.3671817,0 2.0525195,48.3675192,0 2.0530897,48.3680558,0 2.0536720,48.3685973,0 2.0541969,48.3690897,0 2.0545515,48.3694122,0 2.0550959,48.3699428,0 2.0555591,48.3703642,0 2.0559498,48.3707391,0 2.0563774,48.3711526,0 2.0569331,48.3716796,0 2.0573086,48.3720316,0 2.0580551,48.3727360,0 2.0586994,48.3733471,0 2.0595334,48.3741411,0 2.0596727,48.3742715,0 2.0602793,48.3748393,0 2.0608030,48.3753136,0 2.0610721,48.3755699,0 2.0615828,48.3760527,0 2.0620587,48.3764953,0 2.0624653,48.3768932,0 2.0629769,48.3773732,0 2.0634489,48.3777843,0 2.0639282,48.3782019,0 2.0644475,48.3786303,0 2.0648575,48.3789593,0 2.0653696,48.3793498,0 2.0658333,48.3796940,0 2.0673392,48.3807131,0 2.0681802,48.3812229,0 2.0689759,48.3816883,0 2.0689760,48.3816883,0 2.0690953,48.3817581,0 2.0692074,48.3818248,0 2.0697196,48.3821293,0 2.0713686,48.3830901,0 2.0714134,48.3831162,0 2.0720061,48.3834625,0 2.0725854,48.3838126,0 2.0733195,48.3842260,0 2.0745109,48.3849335,0 2.0751453,48.3853012,0 2.0758822,48.3857369,0 2.0764381,48.3860597,0 2.0766594,48.3861883,0 2.0778241,48.3868750,0 2.0788859,48.3874949,0 2.0799201,48.3880855,0 2.0808483,48.3886355,0 2.0814082,48.3889787,0 2.0817775,48.3892129,0 2.0822973,48.3895486,0 2.0828286,48.3899173,0 2.0833052,48.3902496,0 2.0838085,48.3906249,0 2.0842545,48.3909703,0 2.0846939,48.3913333,0 2.0851916,48.3917698,0 2.0856630,48.3921872,0 2.0861391,48.3926298,0 2.0866626,48.3931196,0 2.0871667,48.3936059,0 2.0876158,48.3940335,0 2.0881552,48.3945494,0 2.0887276,48.3950888,0 2.0895002,48.3958070,0 2.0901278,48.3964068,0 2.0905719,48.3968230,0 2.0910593,48.3972761,0 2.0914660,48.3976613,0 2.0920930,48.3982528,0 2.0928704,48.3989709,0 2.0933710,48.3994476,0 2.0936104,48.3996755,0 2.0940931,48.4001506,0 2.0945952,48.4006320,0 2.0953314,48.4013193,0 2.0959187,48.4018547,0 2.0962794,48.4021995,0 2.0967395,48.4025974,0 2.0973489,48.4030632,0 2.0979333,48.4034637,0 2.0984509,48.4038010,0 2.0989530,48.4040935,0 2.0994079,48.4043624,0 2.0998368,48.4045940,0 2.1003189,48.4048293,0 2.1009279,48.4051141,0 2.1013270,48.4052912,0 2.1019204,48.4055345,0 2.1024819,48.4057437,0 2.1029053,48.4059023,0 2.1034055,48.4060683,0 2.1038459,48.4062035,0 2.1043572,48.4063574,0 2.1049339,48.4065128,0 2.1054379,48.4066369,0 2.1059676,48.4067609,0 2.1065058,48.4068706,0 2.1070935,48.4069744,0 2.1079142,48.4071213,0 2.1086385,48.4072573,0 2.1090674,48.4073447,0 2.1094503,48.4074369,0 2.1101135,48.4076000,0 2.1106625,48.4077537,0 2.1111948,48.4079058,0 2.1115740,48.4080269,0 2.1121845,48.4082419,0 2.1129484,48.4085335,0 2.1139828,48.4089423,0 2.1149200,48.4093228,0 2.1158871,48.4097329,0 2.1168923,48.4101336,0 2.1176780,48.4104564,0 2.1178220,48.4105155,0 2.1185087,48.4108011,0 2.1192378,48.4110957,0 2.1199009,48.4113514,0 2.1205645,48.4116229,0 2.1214439,48.4119779,0 2.1222143,48.4122935,0 2.1229135,48.4125840,0 2.1236085,48.4128810,0 2.1241664,48.4131389,0 2.1246718,48.4133953,0 2.1253835,48.4137809,0 2.1259624,48.4141129,0 2.1264680,48.4144263,0 2.1268420,48.4146857,0 2.1273471,48.4150320,0 2.1277553,48.4153583,0 2.1283434,48.4158593,0 2.1287104,48.4161978,0 2.1289941,48.4164747,0 2.1293447,48.4168483,0 2.1296307,48.4171900,0 2.1299523,48.4175869,0 2.1302527,48.4180061,0 2.1305456,48.4184485,0 2.1307793,48.4188252,0 2.1310319,48.4193091,0 2.1312603,48.4197734,0 2.1314200,48.4201216,0 2.1316344,48.4206953,0 2.1317888,48.4211352,0 2.1320051,48.4216902,0 2.1321756,48.4221447,0 2.1323650,48.4225043,0 2.1325758,48.4228897,0 2.1329573,48.4234840,0 2.1332440,48.4238566,0 2.1334554,48.4241213,0 2.1335003,48.4241766,0 2.1337211,48.4244488,0 2.1339745,48.4247427,0 2.1343063,48.4250903,0 2.1348306,48.4256082,0 2.1353115,48.4260405,0 2.1357848,48.4264143,0 2.1361142,48.4266455,0 2.1364804,48.4269042,0 2.1368501,48.4271685,0 2.1372451,48.4274133,0 2.1377053,48.4276793,0 2.1382012,48.4279565,0 2.1387083,48.4282269,0 2.1392993,48.4285077,0 2.1393275,48.4285212,0 2.1397970,48.4287415,0 2.1406742,48.4291167,0 2.1407317,48.4291413,0 2.1415728,48.4294714,0 2.1420393,48.4296553,0 2.1420395,48.4296553,0 2.1430079,48.4300368,0 2.1431059,48.4300749,0 2.1442985,48.4305337,0 2.1444144,48.4305782,0 2.1444145,48.4305782,0 2.1450965,48.4308406,0 2.1453948,48.4309563,0 2.1460247,48.4312009,0 2.1469540,48.4315344,0 2.1470220,48.4315609,0 2.1474718,48.4317038,0 2.1479626,48.4318486,0 2.1487228,48.4320582,0 2.1489687,48.4321280,0 2.1491744,48.4321867,0 2.1495724,48.4322998,0 2.1500900,48.4324612,0 2.1505332,48.4326162,0 2.1509615,48.4327693,0 2.1513857,48.4329242,0 2.1519027,48.4331313,0 2.1524222,48.4333512,0 2.1528081,48.4335282,0 2.1530292,48.4336307,0 2.1534344,48.4338173,0 2.1542890,48.4342626,0 2.1548239,48.4345463,0 2.1551069,48.4346964,0 2.1559363,48.4351380,0 2.1568109,48.4356015,0 2.1568212,48.4356071,0 2.1568216,48.4356073,0 2.1573280,48.4358801,0 2.1574704,48.4359568,0 2.1579861,48.4362154,0 2.1584530,48.4364204,0 2.1584531,48.4364205,0 2.1586541,48.4365087,0 2.1590248,48.4366459,0 2.1603416,48.4371505,0 2.1608478,48.4373445,0 2.1616117,48.4376285,0 2.1623330,48.4379336,0 2.1623559,48.4379420,0 2.1631444,48.4382814,0 2.1631573,48.4382865,0 2.1634040,48.4384092,0 2.1640656,48.4387314,0 2.1640753,48.4387366,0 2.1644520,48.4389255,0 2.1648914,48.4391876,0 2.1651817,48.4393607,0 2.1659398,48.4398542,0 2.1663724,48.4401616,0 2.1666255,48.4403572,0 2.1670808,48.4407672,0 2.1674225,48.4410897,0 2.1676893,48.4413769,0 2.1678377,48.4415673,0 2.1680042,48.4417810,0 2.1682497,48.4421159,0 2.1684646,48.4425027,0 2.1686689,48.4429469,0 2.1688330,48.4433780,0 2.1689288,48.4437304,0 2.1689828,48.4439937,0 2.1690704,48.4445028,0 2.1691385,48.4451273,0 2.1691504,48.4454933,0 2.1691552,48.4457206,0 2.1691506,48.4460892,0 2.1691271,48.4463639,0 2.1691130,48.4465291,0 2.1690616,48.4468719,0 2.1689345,48.4473694,0 2.1687353,48.4479798,0 2.1686379,48.4483084,0 2.1685968,48.4484315,0 2.1685742,48.4484989,0 2.1685741,48.4484990,0 2.1683774,48.4490883,0 2.1683773,48.4490883,0 2.1683764,48.4490913,0 2.1682758,48.4493769,0 2.1682388,48.4497245,0 2.1681972,48.4500128,0 2.1681048,48.4505622,0 2.1680645,48.4506859,0 2.1679960,48.4510358,0 2.1679460,48.4514993,0 2.1679271,48.4519158,0 2.1679437,48.4524633,0 2.1679502,48.4525818,0 2.1679675,48.4528944,0 2.1680195,48.4533735,0 2.1681406,48.4539446,0 2.1682354,48.4544119,0 2.1683849,48.4549311,0 2.1684915,48.4552801,0 2.1686028,48.4555801,0 2.1687902,48.4560314,0 2.1689987,48.4564590,0 2.1691861,48.4568130,0 2.1694351,48.4572547,0 2.1696865,48.4576338,0 2.1698785,48.4579261,0 2.1701014,48.4582219,0 2.1703931,48.4586181,0 2.1707294,48.4590013,0 2.1710972,48.4593963,0 2.1713994,48.4597083,0 2.1714930,48.4598050,0 2.1720862,48.4603385,0 2.1728730,48.4610541,0 2.1739210,48.4619995,0 2.1745911,48.4625888,0 2.1751759,48.4631028,0 2.1757938,48.4636638,0 2.1768227,48.4645649,0 2.1779158,48.4655025,0 2.1789643,48.4663964,0 2.1794447,48.4668097,0 2.1804575,48.4677239,0 2.1811275,48.4683145,0 2.1818455,48.4689341,0 2.1824402,48.4694861,0 2.1829980,48.4699960,0 2.1836514,48.4705474,0 2.1845502,48.4713498,0 2.1853201,48.4720241,0 2.1861473,48.4727521,0 2.1866062,48.4731525,0 2.1871014,48.4735992,0 2.1876184,48.4741110,0 2.1880471,48.4745831,0 2.1884657,48.4750625,0 2.1888800,48.4755485,0 2.1890423,48.4757559,0 2.1892356,48.4760201,0 2.1894357,48.4763311,0 2.1897621,48.4768254,0 2.1899315,48.4771576,0 2.1899561,48.4772046,0 2.1901267,48.4775315,0 2.1902841,48.4778794,0 2.1904248,48.4782351,0 2.1905678,48.4786712,0 2.1907131,48.4791762,0 2.1908441,48.4797211,0 2.1909322,48.4802421,0 2.1909822,48.4805992,0 2.1910060,48.4809054,0 2.1910322,48.4811992,0 2.1910346,48.4816147,0 2.1910298,48.4819276,0 2.1909776,48.4825160,0 2.1909490,48.4828861,0 2.1909228,48.4832228,0 2.1909086,48.4836518,0 2.1909158,48.4840637,0 2.1909371,48.4845594,0 2.1909704,48.4850013,0 2.1910035,48.4853190,0 2.1910511,48.4856904,0 2.1910843,48.4859261,0 2.1911720,48.4863899,0 2.1912504,48.4867518,0 2.1913763,48.4872916,0 2.1914688,48.4876391,0 2.1915755,48.4880052,0 2.1917109,48.4883878,0 2.1918177,48.4887263,0 2.1919528,48.4890845,0 2.1920713,48.4893782,0 2.1922700,48.4898083,0 2.1923109,48.4898967,0 2.1925080,48.4903155,0 2.1927288,48.4907639,0 2.1928997,48.4910927,0 2.1930657,48.4913945,0 2.1932482,48.4917054,0 2.1933712,48.4918950,0 2.1937508,48.4924329,0 2.1938389,48.4925500,0 2.1943685,48.4932547,0 2.1947627,48.4937741,0 2.1953205,48.4944678,0 2.1959922,48.4952369,0 2.1964334,48.4956912,0 2.1969537,48.4962138,0 2.1975999,48.4968530,0 2.1981015,48.4973334,0 2.1986009,48.4978315,0 2.1993137,48.4985605,0 2.1998103,48.4990375,0 2.2004593,48.4996724,0 2.2011581,48.5003685,0 2.2013802,48.5005838,0 2.2017023,48.5008961,0 2.2023443,48.5015371,0 2.2032736,48.5024569,0 2.2040984,48.5032821,0 2.2046568,48.5038379,0 2.2054583,48.5046274,0 2.2059411,48.5051458,0 2.2066490,48.5058887,0 2.2072549,48.5064932,0 2.2078681,48.5071199,0 2.2085642,48.5078093,0 2.2092116,48.5084405,0 2.2096372,48.5088611,0 2.2099887,48.5092151,0 2.2104375,48.5096482,0 2.2104785,48.5096877,0 2.2109758,48.5101953,0 2.2113153,48.5105381,0 2.2116191,48.5108369,0 2.2118929,48.5111065,0 2.2122704,48.5114889,0 2.2125981,48.5118050,0 2.2130074,48.5122087,0 2.2133222,48.5125254,0 2.2136199,48.5127899,0 2.2140320,48.5131570,0 2.2145112,48.5135401,0 2.2147531,48.5137143,0 2.2150932,48.5139443,0 2.2154635,48.5141787,0 2.2157848,48.5143651,0 2.2161704,48.5145582,0 2.2166783,48.5147945,0 2.2171360,48.5149899,0 2.2177837,48.5152420,0 2.2181661,48.5153780,0 2.2185603,48.5155110,0 2.2191033,48.5156767,0 2.2196791,48.5158330,0 2.2202117,48.5159595,0 2.2208051,48.5160769,0 2.2213880,48.5161880,0 2.2221125,48.5162865,0 2.2227146,48.5163568,0 2.2233301,48.5164068,0 2.2239288,48.5164364,0 2.2245060,48.5164459,0 2.2251303,48.5164333,0 2.2256633,48.5164192,0 2.2261097,48.5163866,0 2.2266249,48.5163364,0 2.2271168,48.5162803,0 2.2276840,48.5161868,0 2.2288945,48.5159506,0 2.2290459,48.5159211,0 2.2300748,48.5157161,0 2.2306363,48.5156239,0 2.2312203,48.5155522,0 2.2317118,48.5155158,0 2.2322259,48.5154825,0 2.2325799,48.5154713,0 2.2330658,48.5154697,0 2.2336881,48.5154776,0 2.2341802,48.5155047,0 2.2347993,48.5155521,0 2.2353667,48.5156108,0 2.2358312,48.5156727,0 2.2363214,48.5157472,0 2.2367674,48.5158250,0 2.2373260,48.5159424,0 2.2379308,48.5160920,0 2.2386151,48.5163011,0 2.2391596,48.5164783,0 2.2399032,48.5167404,0 2.2405654,48.5169905,0 2.2412439,48.5172214,0 2.2419792,48.5174634,0 2.2424356,48.5175934,0 2.2431608,48.5177724,0 2.2436555,48.5178821,0 2.2440245,48.5179495,0 2.2445537,48.5180391,0 2.2449941,48.5181081,0 2.2454228,48.5181599,0 2.2458192,48.5182055,0 2.2467512,48.5183015,0 2.2476674,48.5184150,0 2.2482292,48.5184922,0 2.2490531,48.5186153,0 2.2495731,48.5187086,0 2.2504074,48.5188806,0 2.2508229,48.5189850,0 2.2512401,48.5190971,0 2.2515218,48.5191794,0 2.2519414,48.5193104,0 2.2522852,48.5194274,0 2.2533676,48.5198230,0 2.2540192,48.5200718,0 2.2546523,48.5203114,0 2.2552339,48.5205545,0 2.2556744,48.5207540,0 2.2557150,48.5207723,0 2.2561435,48.5209709,0 2.2564845,48.5211368,0 2.2568682,48.5213357,0 2.2573587,48.5216006,0 2.2577115,48.5218027,0 2.2581093,48.5220425,0 2.2585193,48.5222999,0 2.2587363,48.5224499,0 2.2593475,48.5228626,0 2.2597588,48.5231586,0 2.2603149,48.5235395,0 2.2609352,48.5239857,0 2.2610327,48.5240559,0 2.2620183,48.5247259,0 2.2627354,48.5251993,0 2.2631769,48.5254791,0 2.2636398,48.5257621,0 2.2641042,48.5260398,0 2.2646135,48.5263050,0 2.2650378,48.5265185,0 2.2654768,48.5267214,0 2.2658752,48.5268895,0 2.2661770,48.5270170,0 2.2667527,48.5272381,0 2.2672696,48.5274156,0 2.2677838,48.5275882,0 2.2683619,48.5277530,0 2.2689169,48.5279053,0 2.2694478,48.5280356,0 2.2698882,48.5281344,0 2.2703738,48.5282285,0 2.2709112,48.5283242,0 2.2713702,48.5283853,0 2.2717253,48.5284261,0 2.2723134,48.5284826,0 2.2726515,48.5285092,0 2.2730154,48.5285264,0 2.2733143,48.5285327,0 2.2737222,48.5285452,0 2.2742782,48.5285452,0 2.2746875,48.5285296,0 2.2755900,48.5284824,0 2.2763862,48.5284399,0 2.2770761,48.5284021,0 2.2775793,48.5283847,0 2.2783729,48.5283753,0 2.2789466,48.5283882,0 2.2790697,48.5283910,0 2.2798086,48.5284368,0 2.2803262,48.5284779,0 2.2810536,48.5285600,0 2.2817903,48.5286674,0 2.2821558,48.5287322,0 2.2827304,48.5288475,0 2.2833697,48.5289944,0 2.2840069,48.5291699,0 2.2844907,48.5293229,0 2.2848845,48.5294510,0 2.2856723,48.5297466,0 2.2861259,48.5299568,0 2.2865759,48.5301666,0 2.2870012,48.5303817,0 2.2870596,48.5304157,0 2.2875906,48.5307246,0 2.2879010,48.5309270,0 2.2882347,48.5311544,0 2.2885068,48.5313551,0 2.2888698,48.5316382,0 2.2892993,48.5320301,0 2.2900749,48.5327989,0 2.2908113,48.5335464,0 2.2910442,48.5337902,0 2.2914674,48.5342295,0 2.2917320,48.5345121,0 2.2919996,48.5348316,0 2.2921618,48.5350591,0 2.2923955,48.5353781,0 2.2925652,48.5356678,0 2.2927632,48.5360341,0 2.2928847,48.5363025,0 2.2929851,48.5365226,0 2.2930783,48.5368150,0 2.2931594,48.5370628,0 2.2932238,48.5373174,0 2.2932621,48.5375024,0 2.2932954,48.5376937,0 2.2933359,48.5380234,0 2.2933741,48.5383672,0 2.2933931,48.5386904,0 2.2934097,48.5390308,0 2.2934145,48.5394930,0 2.2933954,48.5399724,0 2.2933384,48.5406858,0 2.2932742,48.5413565,0 2.2932124,48.5419560,0 2.2931506,48.5426310,0 2.2931088,48.5430241,0 2.2930840,48.5432575,0 2.2930175,48.5439010,0 2.2929391,48.5446862,0 2.2928773,48.5452700,0 2.2928060,48.5459873,0 2.2927585,48.5465237,0 2.2927110,48.5470963,0 2.2926681,48.5476048,0 2.2926242,48.5480258,0 2.2925973,48.5482843,0 2.2925355,48.5489054,0 2.2925118,48.5493063,0 2.2924595,48.5499312,0 2.2924191,48.5504756,0 2.2923716,48.5510028,0 2.2923240,48.5516130,0 2.2922812,48.5521779,0 2.2922408,48.5526625,0 2.2922004,48.5531550,0 2.2921529,48.5537183,0 2.2920887,48.5543823,0 2.2920412,48.5549502,0 2.2919793,48.5555734,0 2.2919223,48.5561335,0 2.2918700,48.5566353,0 2.2918130,48.5572221,0 2.2917487,48.5578573,0 2.2917036,48.5584504,0 2.2916419,48.5590280,0 2.2915919,48.5595659,0 2.2915420,48.5600581,0 2.2915134,48.5604074,0 2.2914660,48.5608606,0 2.2914256,48.5612632,0 2.2913685,48.5618641,0 2.2913210,48.5623518,0 2.2912615,48.5629322,0 2.2912092,48.5634593,0 2.2911332,48.5641529,0 2.2911002,48.5644874,0 2.2910595,48.5648983,0 2.2910168,48.5653716,0 2.2909454,48.5661298,0 2.2908884,48.5667071,0 2.2908266,48.5673614,0 2.2907601,48.5680174,0 2.2906816,48.5687800,0 2.2906294,48.5693822,0 2.2905699,48.5700508,0 2.2905129,48.5706152,0 2.2904868,48.5709752,0 2.2904060,48.5719269,0 2.2903370,48.5726349,0 2.2902705,48.5732529,0 2.2902325,48.5736680,0 2.2901445,48.5745393,0 2.2900708,48.5752327,0 2.2900352,48.5756413,0 2.2900020,48.5760533,0 2.2899591,48.5765921,0 2.2899426,48.5770836,0 2.2899397,48.5772187,0 2.2899196,48.5781361,0 2.2900004,48.5794416,0 2.2901002,48.5805022,0 2.2902332,48.5815391,0 2.2903851,48.5823840,0 2.2905680,48.5832403,0 2.2908198,48.5843057,0 2.2909730,48.5848361,0 2.2910877,48.5851827,0 2.2911817,48.5854668,0 2.2912560,48.5856914,0 2.2913067,48.5858399,0 2.2914889,48.5863737,0 2.2915586,48.5865548,0 2.2916733,48.5868528,0 2.2917122,48.5869539,0 2.2918597,48.5873092,0 2.2920449,48.5877893,0 2.2923560,48.5884693,0 2.2927907,48.5893540,0 2.2930128,48.5897667,0 2.2932732,48.5902403,0 2.2939383,48.5914662,0 2.2946133,48.5926890,0 2.2952074,48.5937863,0 2.2958562,48.5949920,0 2.2964124,48.5959933,0 2.2967976,48.5966866,0 2.2969440,48.5969660,0 2.2969441,48.5969660,0 2.2969743,48.5970238,0 2.2971943,48.5974434,0 2.2974581,48.5979133,0 2.2976408,48.5982522,0 2.2976898,48.5983430,0 2.2977005,48.5983629,0 2.2977716,48.5984935,0 2.2978269,48.5985951,0 2.2978270,48.5985951,0 2.2981404,48.5991712,0 2.2981421,48.5991744,0 2.2982361,48.5993418,0 2.2982362,48.5993419,0 2.2982844,48.5994277,0 2.2985378,48.5998786,0 2.2985674,48.5999352,0 2.2985674,48.5999353,0 2.2986080,48.6000131,0 2.2988087,48.6003976,0 2.2988475,48.6004719,0 2.2989591,48.6006855,0 2.2990835,48.6009261,0 2.2994534,48.6016410,0 2.3005284,48.6036792,0 2.3006284,48.6038599,0 2.3006284,48.6038600,0 2.3008090,48.6041860,0 2.3008090,48.6041861,0 2.3009019,48.6043541,0 2.3010123,48.6045630,0 2.3010369,48.6046069,0 2.3010369,48.6046070,0 2.3010782,48.6046806,0 2.3010782,48.6046807,0 2.3011277,48.6047686,0 2.3013709,48.6052097,0 2.3015230,48.6054905,0 2.3021688,48.6066832,0 2.3023996,48.6071051,0 2.3026557,48.6076022,0 2.3028635,48.6080256,0 2.3029694,48.6082416,0 2.3029965,48.6082935,0 2.3030980,48.6084873,0 2.3031639,48.6086131,0 2.3031640,48.6086132,0 2.3031948,48.6086721,0 2.3031948,48.6086722,0 2.3033253,48.6089215,0 2.3033254,48.6089215,0 2.3034680,48.6091938,0 2.3035816,48.6094109,0 2.3035938,48.6094341,0 2.3036873,48.6096027,0 2.3040075,48.6102007,0 2.3040108,48.6102068,0 2.3043103,48.6107615,0 2.3046810,48.6114545,0 2.3049103,48.6118754,0 2.3050113,48.6120607,0 2.3050436,48.6121194,0 2.3053131,48.6126075,0 2.3056304,48.6131823,0 2.3056412,48.6132019,0 2.3059044,48.6136723,0 2.3061354,48.6141042,0 2.3063113,48.6144276,0 2.3064940,48.6147889,0 2.3066759,48.6151188,0 2.3067105,48.6151816,0 2.3068695,48.6154843,0 2.3070506,48.6158184,0 2.3072148,48.6161211,0 2.3073968,48.6164628,0 2.3075616,48.6167555,0 2.3078589,48.6173357,0 2.3079339,48.6174886,0 2.3080147,48.6176531,0 2.3081553,48.6179619,0 2.3082823,48.6183025,0 2.3083610,48.6185555,0 2.3084324,48.6188008,0 2.3085224,48.6191512,0 2.3085823,48.6194239,0 2.3086465,48.6197484,0 2.3087015,48.6200118,0 2.3087421,48.6202875,0 2.3087874,48.6207061,0 2.3088088,48.6208928,0 2.3088257,48.6212497,0 2.3088376,48.6216112,0 2.3088256,48.6220254,0 2.3087946,48.6223956,0 2.3087402,48.6228353,0 2.3086522,48.6234638,0 2.3085595,48.6241062,0 2.3084567,48.6247256,0 2.3083869,48.6252544,0 2.3083694,48.6253867,0 2.3082936,48.6259185,0 2.3081947,48.6266284,0 2.3081138,48.6272887,0 2.3079932,48.6282360,0 2.3078741,48.6291048,0 2.3077382,48.6299532,0 2.3077089,48.6301754,0 2.3076454,48.6306253,0 2.3074942,48.6316985,0 2.3074865,48.6317525,0 2.3074197,48.6321261,0 2.3073270,48.6327715,0 2.3072367,48.6333841,0 2.3071488,48.6340078,0 2.3070392,48.6347044,0 2.3069631,48.6351444,0 2.3068419,48.6359036,0 2.3068324,48.6359524,0 2.3067877,48.6361845,0 2.3067157,48.6364796,0 2.3066161,48.6370247,0 2.3064688,48.6379128,0 2.3063620,48.6386696,0 2.3062335,48.6394865,0 2.3061387,48.6401440,0 2.3060555,48.6407691,0 2.3059462,48.6415012,0 2.3058582,48.6421179,0 2.3057750,48.6427694,0 2.3057110,48.6432693,0 2.3056851,48.6435849,0 2.3056612,48.6440291,0 2.3056614,48.6444078,0 2.3056825,48.6446853,0 2.3057039,48.6449053,0 2.3057272,48.6450759,0 2.3057721,48.6453032,0 2.3058289,48.6455546,0 2.3059282,48.6459252,0 2.3059822,48.6461021,0 2.3060766,48.6463597,0 2.3061808,48.6466515,0 2.3062707,48.6468893,0 2.3064435,48.6472964,0 2.3065496,48.6475297,0 2.3067648,48.6479051,0 2.3069700,48.6482526,0 2.3070568,48.6483752,0 2.3071065,48.6484454,0 2.3072363,48.6486295,0 2.3074556,48.6489083,0 2.3077053,48.6492026,0 2.3080688,48.6495783,0 2.3083625,48.6498600,0 2.3086489,48.6501336,0 2.3087644,48.6502350,0 2.3089307,48.6503808,0 2.3091506,48.6505762,0 2.3094773,48.6508421,0 2.3098298,48.6511123,0 2.3101177,48.6513166,0 2.3104983,48.6515758,0 2.3106878,48.6516949,0 2.3109237,48.6518320,0 2.3112137,48.6519971,0 2.3114776,48.6521326,0 2.3117130,48.6522518,0 2.3121693,48.6524858,0 2.3130367,48.6529255,0 2.3139375,48.6533866,0 2.3144370,48.6536709,0 2.3150327,48.6540251,0 2.3155585,48.6543502,0 2.3162080,48.6547982,0 2.3167405,48.6551911,0 2.3171753,48.6555409,0 2.3176499,48.6559585,0 2.3180157,48.6563042,0 2.3183932,48.6566895,0 2.3187041,48.6570385,0 2.3190639,48.6574682,0 2.3193694,48.6578418,0 2.3196204,48.6581829,0 2.3198644,48.6585369,0 2.3200814,48.6588976,0 2.3203608,48.6593487,0 2.3204948,48.6596239,0 2.3206429,48.6599143,0 2.3207958,48.6602913,0 2.3209295,48.6606097,0 2.3210703,48.6610261,0 2.3212103,48.6614688,0 2.3213775,48.6620010,0 2.3215208,48.6623733,0 2.3216363,48.6626051,0 2.3217664,48.6628664,0 2.3218757,48.6630666,0 2.3220618,48.6633657,0 2.3222865,48.6636937,0 2.3223327,48.6637567,0 2.3225277,48.6640236,0 2.3227973,48.6643654,0 2.3231141,48.6647238,0 2.3234335,48.6650562,0 2.3237883,48.6653977,0 2.3240740,48.6656434,0 2.3242611,48.6657994,0 2.3245107,48.6659813,0 2.3248846,48.6662517,0 2.3253312,48.6665467,0 2.3258311,48.6668612,0 2.3261950,48.6670813,0 2.3266178,48.6673199,0 2.3270318,48.6675355,0 2.3274337,48.6677417,0 2.3278137,48.6679192,0 2.3284608,48.6682027,0 2.3290352,48.6684350,0 2.3295569,48.6686205,0 2.3300229,48.6687799,0 2.3304737,48.6689233,0 2.3309740,48.6690651,0 2.3314962,48.6691994,0 2.3319637,48.6693085,0 2.3324886,48.6694177,0 2.3328633,48.6694889,0 2.3329559,48.6695065,0 2.3334130,48.6695798,0 2.3341055,48.6696733,0 2.3345539,48.6697201,0 2.3349319,48.6697544,0 2.3353984,48.6697889,0 2.3360242,48.6698311,0 2.3369408,48.6698782,0 2.3380728,48.6699426,0 2.3389832,48.6699960,0 2.3398850,48.6700494,0 2.3399249,48.6700522,0 2.3400136,48.6700584,0 2.3400869,48.6700635,0 2.3402457,48.6700747,0 2.3402628,48.6700759,0 2.3406606,48.6701046,0 2.3415400,48.6701945,0 2.3422602,48.6702925,0 2.3428536,48.6703935,0 2.3435136,48.6705199,0 2.3440941,48.6706529,0 2.3444750,48.6707574,0 2.3447696,48.6708397,0 2.3452080,48.6709773,0 2.3456013,48.6711119,0 2.3460840,48.6712943,0 2.3463078,48.6713940,0 2.3465174,48.6714872,0 2.3469560,48.6716846,0 2.3472647,48.6718264,0 2.3473527,48.6718641,0 2.3481357,48.6723610,0 2.3484503,48.6725686,0 2.3487778,48.6727938,0 2.3488088,48.6728146,0 2.3490455,48.6729733,0 2.3495940,48.6733890,0 2.3501331,48.6738459,0 2.3505268,48.6742333,0 2.3507421,48.6744608,0 2.3509889,48.6747225,0 2.3513501,48.6751853,0 2.3517391,48.6756742,0 2.3522320,48.6762344,0 2.3526969,48.6766761,0 2.3527174,48.6766957,0 2.3532717,48.6771570,0 2.3536527,48.6774382,0 2.3538613,48.6775783,0 2.3541743,48.6777695,0 2.3544236,48.6779261,0 2.3546672,48.6780682,0 2.3550085,48.6782592,0 2.3554227,48.6784764,0 2.3559439,48.6787173,0 2.3563539,48.6789004,0 2.3567373,48.6790566,0 2.3569838,48.6791490,0 2.3573157,48.6792742,0 2.3575708,48.6793615,0 2.3579551,48.6794837,0 2.3582177,48.6795665,0 2.3586218,48.6796773,0 2.3589179,48.6797477,0 2.3593716,48.6798579,0 2.3594740,48.6798827,0 2.3596986,48.6799372,0 2.3607382,48.6801441,0 2.3608372,48.6801666,0 2.3610048,48.6802047,0 2.3618250,48.6803911,0 2.3622489,48.6805014,0 2.3622490,48.6805014,0 2.3626106,48.6805954,0 2.3626112,48.6805956,0 2.3626237,48.6805989,0 2.3634786,48.6808657,0 2.3634918,48.6808698,0 2.3642459,48.6811457,0 2.3644144,48.6812073,0 2.3645930,48.6812726,0 2.3649607,48.6814319,0 2.3656253,48.6817248,0 2.3657910,48.6817978,0 2.3658822,48.6818404,0 2.3658823,48.6818404,0 2.3662939,48.6820323,0 2.3667821,48.6822791,0 2.3671212,48.6824541,0 2.3675007,48.6826796,0 2.3682096,48.6831209,0 2.3688842,48.6835505,0 2.3693372,48.6838168,0 2.3696788,48.6840156,0 2.3699705,48.6841738,0 2.3704424,48.6844305,0 2.3709376,48.6846715,0 2.3714452,48.6849080,0 2.3719926,48.6851457,0 2.3724049,48.6853068,0 2.3730860,48.6855669,0 2.3735623,48.6857343,0 2.3737567,48.6857971,0 2.3743672,48.6859945,0 2.3746506,48.6860786,0 2.3747417,48.6861056,0 2.3749380,48.6861638,0 2.3754348,48.6862972,0 2.3754521,48.6863019,0 2.3760640,48.6864680,0 2.3761022,48.6864784,0 2.3768722,48.6867183,0 2.3769173,48.6867306,0 2.3769392,48.6867366,0 2.3775408,48.6869191,0 2.3775409,48.6869192,0 2.3775596,48.6869248,0 2.3776950,48.6869708,0 2.3776951,48.6869708,0 2.3779541,48.6870587,0 2.3782488,48.6871586,0 2.3782563,48.6871613,0 2.3782571,48.6871617,0 2.3786268,48.6873030,0 2.3788247,48.6873903,0 2.3795941,48.6877709,0 2.3799435,48.6879592,0 2.3801623,48.6880909,0 2.3804418,48.6882665,0 2.3809076,48.6886132,0 2.3810991,48.6887702,0 2.3811442,48.6888016,0 2.3815792,48.6891974,0 2.3816579,48.6892666,0 2.3820450,48.6895695,0 2.3821309,48.6896321,0 2.3827793,48.6901046,0 2.3830352,48.6903044,0 2.3830529,48.6903182,0 2.3833640,48.6905612,0 2.3834074,48.6905990,0 2.3834076,48.6905992,0 2.3834917,48.6906725,0 2.3834950,48.6906752,0 2.3837990,48.6909400,0 2.3837991,48.6909400,0 2.3838819,48.6910121,0 2.3839892,48.6911055,0 2.3846404,48.6916720,0 2.3853415,48.6923592,0 2.3857939,48.6928342,0 2.3859062,48.6929521,0 2.3860002,48.6930508,0 2.3860571,48.6931105,0 2.3860657,48.6931196,0 2.3860726,48.6931269,0 2.3860727,48.6931270,0 2.3860802,48.6931348,0 2.3862903,48.6933554,0 2.3864966,48.6935720,0 2.3865290,48.6936065,0 2.3865432,48.6936218,0 2.3876161,48.6947690,0 2.3876900,48.6948477,0 2.3882120,48.6954052,0 2.3887784,48.6960099,0 2.3887836,48.6960160,0 2.3893821,48.6967002,0 2.3894772,48.6968244,0 2.3897423,48.6971701,0 2.3898406,48.6972965,0 2.3899429,48.6974265,0 2.3900256,48.6975317,0 2.3900257,48.6975317,0 2.3906701,48.6983510,0 2.3907070,48.6983988,0 2.3910954,48.6989014,0 2.3910955,48.6989014,0 2.3911255,48.6989403,0 2.3912464,48.6990893,0 2.3914249,48.6993175,0 2.3917445,48.6996905,0 2.3921272,48.7000764,0 2.3926476,48.7006003,0 2.3932245,48.7011683,0 2.3932514,48.7011948,0 2.3940547,48.7019854,0 2.3943454,48.7022764,0 2.3943454,48.7022765,0 2.3944576,48.7023886,0 2.3945610,48.7024921,0 2.3949199,48.7028434,0 2.3949782,48.7029022,0 2.3950051,48.7029295,0 2.3950056,48.7029299,0 2.3950275,48.7029519,0 2.3950850,48.7030098,0 2.3952170,48.7031430,0 2.3955901,48.7035257,0 2.3957470,48.7037061,0 2.3958089,48.7037675,0 2.3959133,48.7038818,0 2.3962305,48.7042332,0 2.3962338,48.7042367,0 2.3964329,48.7044545,0 2.3966875,48.7047541,0 2.3967040,48.7047733,0 2.3967041,48.7047733,0 2.3967607,48.7048390,0 2.3969382,48.7050642,0 2.3969770,48.7051136,0 2.3972028,48.7053849,0 2.3974857,48.7058115,0 2.3976759,48.7060546,0 2.3982445,48.7067673,0 2.3982446,48.7067674,0 2.3982498,48.7067738,0 2.3987709,48.7074199,0 2.3987904,48.7074441,0 2.3987904,48.7074442,0 2.3989177,48.7076019,0 2.3997091,48.7085697,0 2.3999095,48.7088096,0 2.4001940,48.7091500,0 2.4007454,48.7098103,0 2.4011590,48.7103011,0 2.4018007,48.7110257,0 2.4024424,48.7117347,0 2.4028631,48.7121722,0 2.4031375,48.7124354,0 2.4031460,48.7124435,0 2.4034740,48.7127587,0 2.4034938,48.7127777,0 2.4037451,48.7130030,0 2.4040108,48.7132297,0 2.4043667,48.7135272,0 2.4046395,48.7137530,0 2.4047899,48.7138775,0 2.4053958,48.7143198,0 2.4061058,48.7147678,0 2.4067769,48.7151760,0 2.4075069,48.7155949,0 2.4082388,48.7160261,0 2.4086994,48.7162955,0 2.4093186,48.7166806,0 2.4098839,48.7170536,0 2.4110011,48.7177829,0 2.4118380,48.7183209,0 2.4127979,48.7189385,0 2.4134787,48.7193892,0 2.4137341,48.7195811,0 2.4141110,48.7198736,0 2.4143884,48.7201067,0 2.4147559,48.7204195,0 2.4150704,48.7207174,0 2.4152814,48.7209497,0 2.4154205,48.7211029,0 2.4156468,48.7213875,0 2.4158497,48.7217190,0 2.4159795,48.7219789,0 2.4160786,48.7222268,0 2.4161423,48.7224055,0 2.4162273,48.7227466,0 2.4162744,48.7230890,0 2.4162769,48.7234050,0 2.4162603,48.7236494,0 2.4162535,48.7236943,0 2.4162132,48.7239602,0 2.4160737,48.7243842,0 2.4159652,48.7246611,0 2.4156691,48.7252020,0 2.4151461,48.7261334,0 2.4145448,48.7272371,0 2.4143428,48.7275946,0 2.4138533,48.7284929,0 2.4136013,48.7289334,0 2.4131805,48.7297097,0 2.4129237,48.7301786,0 2.4126669,48.7306647,0 2.4122554,48.7314319,0 2.4117131,48.7326148,0 2.4116283,48.7328049,0 2.4116165,48.7328310,0 2.4113119,48.7335129,0 2.4113045,48.7336426,0 2.4108383,48.7346094,0 2.4104025,48.7354343,0 2.4103255,48.7356273,0 2.4103259,48.7363342,0 2.4104140,48.7365775,0 2.4105460,48.7368084,0 2.4108259,48.7371969,0 2.4109255,48.7373351,0 2.4109591,48.7373818,0 2.4111077,48.7375881,0 2.4112114,48.7377233,0 2.4113581,48.7378734,0 2.4115403,48.7380802,0 2.4117072,48.7382271,0 2.4118767,48.7383806,0 2.4120260,48.7385157,0 2.4122436,48.7386709,0 2.4124813,48.7388394,0 2.4127546,48.7390012,0 2.4135591,48.7394467,0 2.4144623,48.7399255,0 2.4153223,48.7404327,0 2.4158358,48.7407797,0 2.4160625,48.7409769,0 2.4161370,48.7410416,0 2.4163368,48.7412202,0 2.4166278,48.7415422,0 2.4168296,48.7417977,0 2.4168296,48.7417978,0 2.4168504,48.7418240,0 2.4170072,48.7420409,0 2.4171843,48.7423312,0 2.4173235,48.7426181,0 2.4174297,48.7428634,0 2.4175031,48.7430853,0 2.4175477,48.7432660,0 2.4175744,48.7434061,0 2.4176430,48.7437584,0 2.4177028,48.7443047,0 2.4177522,48.7447716,0 2.4177549,48.7447973,0 2.4178065,48.7451522,0 2.4178694,48.7456502,0 2.4179281,48.7459645,0 2.4179792,48.7461814,0 2.4179887,48.7462214,0 2.4180162,48.7463155,0 2.4180626,48.7464737,0 2.4182009,48.7469991,0 2.4182392,48.7470930,0 2.4182891,48.7472129,0 2.4184841,48.7477449,0 2.4184876,48.7478311,0 2.4186066,48.7480359,0 2.4186067,48.7480360,0 2.4187219,48.7482344,0 2.4189885,48.7486619,0 2.4190815,48.7488384,0 2.4191643,48.7490350,0 2.4191909,48.7490985,0 2.4191909,48.7490986,0 2.4192017,48.7491240,0 2.4192837,48.7494793,0 2.4193096,48.7497581,0 2.4193125,48.7500464,0 2.4192661,48.7503645,0 2.4192275,48.7504875,0 2.4191166,48.7508417,0 2.4190414,48.7510017,0 2.4189228,48.7512071,0 2.4188092,48.7514080,0 2.4187168,48.7515525,0 2.4186391,48.7516828,0 2.4185237,48.7518544,0 2.4183729,48.7521000,0 2.4181792,48.7524008,0 2.4180026,48.7526841,0 2.4178444,48.7529322,0 2.4176192,48.7532811,0 2.4173613,48.7536802,0 2.4171239,48.7540650,0 2.4169752,48.7542972,0 2.4165565,48.7549684,0 2.4159955,48.7558428,0 2.4156978,48.7563012,0 2.4152849,48.7569382,0 2.4149823,48.7574294,0 2.4147493,48.7578779,0 2.4146743,48.7580220,0 2.4142108,48.7587427,0 2.4139333,48.7591586,0 2.4137612,48.7594457,0 2.4136732,48.7595993,0 2.4135544,48.7597881,0 2.4134717,48.7599098,0 2.4134664,48.7599176,0 2.4133530,48.7600846,0 2.4132970,48.7601655,0 2.4132754,48.7601964,0 2.4132753,48.7601966,0 2.4131415,48.7603901,0 2.4129014,48.7607682,0 2.4128231,48.7608718,0 2.4127197,48.7610086,0 2.4125414,48.7612891,0 2.4122039,48.7618076,0 2.4120208,48.7621319,0 2.4117452,48.7626850,0 2.4116144,48.7629670,0 2.4114576,48.7633509,0 2.4112531,48.7639509,0 2.4111652,48.7643144,0 2.4110868,48.7646904,0 2.4110345,48.7649129,0 2.4109787,48.7653011,0 2.4109609,48.7654975,0 2.4109460,48.7656611,0 2.4109132,48.7660580,0 2.4109132,48.7660581,0 2.4108988,48.7662322,0 2.4108551,48.7667627,0 2.4108438,48.7669493,0 2.4108401,48.7670098,0 2.4108143,48.7672734,0 2.4107614,48.7678122,0 2.4107614,48.7678123,0 2.4107431,48.7679998,0 2.4107431,48.7679999,0 2.4106522,48.7689264,0 2.4106047,48.7694512,0 2.4105738,48.7697849,0 2.4105488,48.7702917,0 2.4105192,48.7709958,0 2.4104550,48.7720876,0 2.4104073,48.7727047,0 2.4103456,48.7735303,0 2.4103278,48.7737505,0 2.4103105,48.7739625,0 2.4102909,48.7742038,0 2.4102482,48.7747489,0 2.4102464,48.7747708,0 2.4101899,48.7754762,0 2.4101899,48.7754763,0 2.4100959,48.7766282,0 2.4100959,48.7766283,0 2.4100558,48.7771196,0 2.4099732,48.7781773,0 2.4099730,48.7781787,0 2.4099445,48.7785358,0 2.4099408,48.7785817,0 2.4099207,48.7788318,0 2.4098918,48.7791548,0 2.4098918,48.7791551,0 2.4098897,48.7791781,0 2.4098812,48.7792732,0 2.4098696,48.7794020,0 2.4098529,48.7795722,0 2.4098172,48.7799343,0 2.4098066,48.7800418,0 2.4097366,48.7806408,0 2.4096956,48.7809607,0 2.4096956,48.7809608,0 2.4096664,48.7811897,0 2.4095832,48.7817669,0 2.4095636,48.7818868,0 2.4095302,48.7820905,0 2.4095301,48.7820907,0 2.4094870,48.7823542,0 2.4093871,48.7829305,0 2.4092993,48.7834065,0 2.4092718,48.7835457,0 2.4091911,48.7839555,0 2.4091570,48.7841212,0 2.4090628,48.7845795,0 2.4089284,48.7851567,0 2.4087989,48.7857212,0 2.4086610,48.7862967,0 2.4085145,48.7868536,0 2.4085090,48.7868745,0 2.4084174,48.7872071,0 2.4084174,48.7872072,0 2.4083876,48.7873156,0 2.4083473,48.7874618,0 2.4082408,48.7878283,0 2.4082274,48.7878739,0 2.4082273,48.7878743,0 2.4081656,48.7880866,0 2.4081417,48.7881649,0 2.4080651,48.7884153,0 2.4080650,48.7884153,0 2.4080649,48.7884157,0 2.4080481,48.7884712,0 2.4080248,48.7885475,0 2.4079766,48.7887051,0 2.4077211,48.7894709,0 2.4075345,48.7900573,0 2.4073792,48.7904966,0 2.4073277,48.7906422,0 2.4072000,48.7909863,0 2.4072000,48.7909864,0 2.4071997,48.7909869,0 2.4071740,48.7910567,0 2.4071361,48.7911587,0 2.4071360,48.7911588,0 2.4070828,48.7913021,0 2.4070335,48.7914328,0 2.4070334,48.7914329,0 2.4068819,48.7918351,0 2.4068631,48.7918831,0 2.4066015,48.7925344,0 2.4063604,48.7931131,0 2.4060988,48.7937299,0 2.4059780,48.7940098,0 2.4058699,48.7942601,0 2.4058698,48.7942604,0 2.4058539,48.7942976,0 2.4058362,48.7943382,0 2.4056185,48.7948078,0 2.4055618,48.7949223,0 2.4054447,48.7951576,0 2.4054446,48.7951576,0 2.4053942,48.7952590,0 2.4053085,48.7954311,0 2.4050488,48.7958956,0 2.4050488,48.7958957,0 2.4047750,48.7963855,0 2.4046797,48.7965566,0 2.4046797,48.7965567,0 2.4041597,48.7974912,0 2.4041582,48.7974939,0 2.4034760,48.7987307,0 2.4024137,48.8005546,0 2.4019763,48.8013424,0 2.4018567,48.8015717,0 2.4018567,48.8015718,0 2.4017102,48.8017918,0 2.4012134,48.8025198,0 2.4011110,48.8026638,0 2.4006536,48.8033249,0 2.4006512,48.8033283,0 2.3999524,48.8043412,0 2.3999203,48.8043845,0 2.3991753,48.8053884,0 2.3985050,48.8062510,0 2.3984979,48.8062596,0 2.3984972,48.8062604,0 2.3981010,48.8067472,0 2.3972882,48.8077381,0 2.3968888,48.8082342,0 2.3964539,48.8087273,0 2.3960284,48.8092204,0 2.3955887,48.8097072,0 2.3951466,48.8101924,0 2.3948438,48.8105220,0 2.3948437,48.8105220,0 2.3947022,48.8106761,0 2.3937943,48.8116480,0 2.3930807,48.8124066,0 2.3929583,48.8125367,0 2.3928545,48.8126453,0 2.3926447,48.8128646,0 2.3924282,48.8130908,0 2.3923115,48.8132174,0 2.3920398,48.8135120,0 2.3920397,48.8135121,0 2.3918625,48.8137043,0 2.3910140,48.8145965,0 2.3908140,48.8148140,0 2.3904369,48.8152241,0 2.3903918,48.8152710,0 2.3901853,48.8154857,0 2.3901852,48.8154857,0 2.3900216,48.8156557,0 2.3900216,48.8156558,0 2.3899277,48.8157534,0 2.3898505,48.8158337,0 2.3896045,48.8160895,0 2.3887774,48.8169707,0 2.3879195,48.8178831,0 2.3870902,48.8187567,0 2.3870901,48.8187567,0 2.3869331,48.8189222,0 2.3866606,48.8192182,0 2.3865435,48.8193455,0 2.3864101,48.8194903,0 2.3861105,48.8198104,0 2.3859729,48.8199652,0 2.3854634,48.8205020,0 2.3852919,48.8206828,0 2.3841985,48.8218330,0 2.3841511,48.8218791,0 2.3832369,48.8229166,0 2.3830742,48.8230974,0 2.3829977,48.8231864,0 2.3824026,48.8238781,0 2.3822294,48.8240793,0 2.3822290,48.8240798,0 2.3820372,48.8243009,0 2.3819917,48.8243532,0 2.3818182,48.8245394,0 2.3816850,48.8246724,0 2.3814715,48.8248637,0 2.3814340,48.8248973,0 2.3814057,48.8249227,0 2.3813689,48.8249556,0 2.3813102,48.8250063,0 2.3813099,48.8250065,0 2.3812561,48.8250531,0 2.3811299,48.8251621,0 2.3810410,48.8252389,0 2.3810138,48.8252645,0 2.3810133,48.8252650,0 2.3807678,48.8254974,0 2.3806441,48.8256144,0 2.3806223,48.8256383,0 2.3805869,48.8256770,0 2.3803612,48.8259243,0 2.3800760,48.8262497,0 2.3800749,48.8262510,0 2.3797575,48.8266098,0 2.3796719,48.8267066,0 2.3796581,48.8267222,0 2.3791925,48.8272506,0 2.3791923,48.8272507,0 2.3791139,48.8273393,0 2.3791128,48.8273407,0 2.3787048,48.8277718,0 2.3787047,48.8277718,0 2.3786635,48.8278154,0 2.3786394,48.8278409,0 2.3786393,48.8278409,0 2.3784330,48.8280589,0 2.3768673,48.8298473,0 2.3768549,48.8298614,0 2.3767315,48.8299841,0 2.3767314,48.8299841,0 2.3765192,48.8301950,0 2.3765188,48.8301954,0 2.3765029,48.8302111,0 2.3763131,48.8303999,0 2.3763131,48.8304000,0 2.3761465,48.8305656,0 2.3757623,48.8308459,0 2.3756308,48.8309532,0 2.3756307,48.8309533,0 2.3752890,48.8312321,0 2.3752888,48.8312324,0 2.3752813,48.8312384,0 2.3751965,48.8313146,0 2.3750821,48.8314376,0 2.3747253,48.8318215,0 2.3747248,48.8318221,0 2.3747247,48.8318221,0 2.3743687,48.8321879,0 2.3737513,48.8328323,0 2.3737513,48.8328324,0 2.3737031,48.8328826,0 2.3733503,48.8332467,0 2.3732653,48.8333342,0 2.3732453,48.8333546,0 2.3732409,48.8333590,0 2.3731666,48.8334344,0 2.3731665,48.8334344,0 2.3729629,48.8336406,0 2.3729616,48.8336421,0 2.3729128,48.8336947,0 2.3729127,48.8336947,0 2.3728078,48.8338077,0 2.3728077,48.8338077,0 2.3727204,48.8339019,0 2.3724328,48.8342258,0 2.3722237,48.8344870,0 2.3719741,48.8348141,0 2.3718029,48.8350581,0 2.3717756,48.8350987,0 2.3717756,48.8350988,0 2.3717075,48.8352001,0 2.3716680,48.8352591,0 2.3716390,48.8353022,0 2.3713598,48.8356429,0 2.3713442,48.8356620,0 2.3710948,48.8359389,0 2.3709070,48.8361360,0 2.3708143,48.8362409,0 2.3705624,48.8364911,0 2.3704386,48.8366406,0 2.3701012,48.8370175,0 2.3698765,48.8372467,0 2.3697619,48.8373551,0 2.3695884,48.8375396,0 2.3695744,48.8375557,0 2.3692889,48.8378854,0 2.3692652,48.8379123,0 2.3692628,48.8379151,0 2.3692623,48.8379158,0 2.3692602,48.8379181,0 2.3689205,48.8383046,0 2.3687600,48.8384867,0 2.3687536,48.8384940,0 2.3687517,48.8384962,0 2.3687137,48.8385393,0 2.3685260,48.8387395,0 2.3683335,48.8389429,0 2.3681575,48.8391291,0 2.3679531,48.8393574,0 2.3677535,48.8395827,0 2.3675704,48.8397908,0 2.3673988,48.8399850,0 2.3670774,48.8403488,0 2.3669714,48.8404688,0</coordinates>
      </LineString>
    </Placemark>
    <Placemark>
      <name>P1 - Tours ↔ Saumur ↔ Angers</name>
      <styleUrl>#REMI_P1</styleUrl>
      <LineString>
        <tessellate>1</tessellate>
        <coordinates>0.6938082,47.3893150,0 0.6939291,47.3892121,0 0.6940649,47.3890964,0 0.6941065,47.3890610,0 0.6941719,47.3890054,0 0.6942274,47.3889581,0 0.6942279,47.3889576,0 0.6942583,47.3889319,0 0.6943866,47.3888227,0 0.6946453,47.3886026,0 0.6948987,47.3883871,0 0.6950445,47.3882641,0 0.6956435,47.3877154,0 0.6961062,47.3872682,0 0.6961789,47.3871979,0 0.6962329,47.3871457,0 0.6963049,47.3870748,0 0.6964351,47.3869467,0 0.6966940,47.3866919,0 0.6970510,47.3863630,0 0.6970511,47.3863629,0 0.6971064,47.3863121,0 0.6971064,47.3863120,0 0.6972478,47.3861818,0 0.6973627,47.3860803,0 0.6975211,47.3859404,0 0.6975535,47.3859116,0 0.6975797,47.3858883,0 0.6976763,47.3858026,0 0.6976764,47.3858026,0 0.6979970,47.3855180,0 0.6983043,47.3852432,0 0.6986810,47.3848896,0 0.6988451,47.3847383,0 0.6990352,47.3845790,0 0.6994463,47.3842459,0 0.6998053,47.3839497,0 0.7001690,47.3836440,0 0.7006252,47.3832577,0 0.7009223,47.3830083,0 0.7012409,47.3827234,0 0.7015522,47.3824112,0 0.7018161,47.3821264,0 0.7021036,47.3817853,0 0.7024126,47.3813926,0 0.7025196,47.3812477,0 0.7027715,47.3808872,0 0.7029213,47.3805975,0 0.7030044,47.3804044,0 0.7030425,47.3802627,0 0.7030710,47.3801067,0 0.7030781,47.3799361,0 0.7030734,47.3797461,0 0.7030401,47.3795836,0 0.7029902,47.3794114,0 0.7029189,47.3792392,0 0.7028309,47.3790670,0 0.7026908,47.3788658,0 0.7024816,47.3786389,0 0.7022582,47.3784473,0 0.7020679,47.3783138,0 0.7018968,47.3782075,0 0.7016568,47.3780788,0 0.7013896,47.3779640,0 0.7011886,47.3778776,0 0.7005849,47.3776313,0 0.6999764,47.3773786,0 0.6990470,47.3769988,0 0.6985051,47.3767735,0 0.6980085,47.3765545,0 0.6967573,47.3759211,0 0.6962413,47.3756073,0 0.6959254,47.3754019,0 0.6958632,47.3753615,0 0.6953692,47.3750855,0 0.6950395,47.3749113,0 0.6948675,47.3748203,0 0.6945656,47.3746787,0 0.6943489,47.3745795,0 0.6941353,47.3744839,0 0.6940815,47.3744643,0 0.6934791,47.3742450,0 0.6933651,47.3742071,0 0.6930423,47.3741139,0 0.6926719,47.3740118,0 0.6923634,47.3739369,0 0.6921635,47.3738951,0 0.6919138,47.3738444,0 0.6916973,47.3738072,0 0.6914220,47.3737652,0 0.6911639,47.3737298,0 0.6909653,47.3737086,0 0.6907278,47.3736865,0 0.6902849,47.3736572,0 0.6897494,47.3736337,0 0.6888791,47.3736044,0 0.6885814,47.3735953,0 0.6882525,47.3735897,0 0.6877537,47.3735910,0 0.6873201,47.3736043,0 0.6870148,47.3736234,0 0.6867164,47.3736464,0 0.6861703,47.3737060,0 0.6857265,47.3737688,0 0.6853011,47.3738405,0 0.6848694,47.3739292,0 0.6844549,47.3740261,0 0.6838044,47.3742042,0 0.6824712,47.3745614,0 0.6813135,47.3748797,0 0.6805956,47.3750782,0 0.6794151,47.3753999,0 0.6790688,47.3754966,0 0.6782865,47.3757152,0 0.6767650,47.3761274,0 0.6756785,47.3764268,0 0.6744330,47.3767632,0 0.6723988,47.3773200,0 0.6712790,47.3776325,0 0.6709463,47.3777199,0 0.6705555,47.3778226,0 0.6688720,47.3782363,0 0.6681440,47.3784216,0 0.6678989,47.3784764,0 0.6676453,47.3785331,0 0.6673870,47.3785909,0 0.6672502,47.3786187,0 0.6668665,47.3786964,0 0.6662528,47.3788207,0 0.6662145,47.3788284,0 0.6654395,47.3789584,0 0.6645180,47.3790923,0 0.6638710,47.3791760,0 0.6632072,47.3792614,0 0.6619605,47.3793999,0 0.6611322,47.3794709,0 0.6595930,47.3795885,0 0.6587216,47.3796336,0 0.6577602,47.3796659,0 0.6569653,47.3796835,0 0.6561585,47.3796868,0 0.6551451,47.3796803,0 0.6543049,47.3796610,0 0.6537052,47.3796385,0 0.6529558,47.3796046,0 0.6521940,47.3795595,0 0.6515539,47.3795096,0 0.6510090,47.3794660,0 0.6503542,47.3794032,0 0.6496996,47.3793290,0 0.6493626,47.3792869,0 0.6487583,47.3792115,0 0.6474277,47.3790587,0 0.6454073,47.3788285,0 0.6451954,47.3787689,0 0.6441592,47.3786454,0 0.6437042,47.3785913,0 0.6436736,47.3785877,0 0.6436532,47.3785853,0 0.6424778,47.3784464,0 0.6409401,47.3782758,0 0.6392668,47.3780795,0 0.6382039,47.3779541,0 0.6369993,47.3778074,0 0.6363352,47.3777299,0 0.6352905,47.3776078,0 0.6333866,47.3773793,0 0.6318441,47.3771990,0 0.6289517,47.3768656,0 0.6276133,47.3767113,0 0.6266009,47.3765778,0 0.6256739,47.3764410,0 0.6248610,47.3763058,0 0.6242811,47.3761979,0 0.6229964,47.3759550,0 0.6217582,47.3757135,0 0.6206196,47.3754929,0 0.6197070,47.3753127,0 0.6189249,47.3751646,0 0.6178935,47.3749634,0 0.6171448,47.3748202,0 0.6152053,47.3744403,0 0.6136414,47.3741442,0 0.6123556,47.3738963,0 0.6109651,47.3736274,0 0.6088830,47.3732154,0 0.6078040,47.3730061,0 0.6072741,47.3729032,0 0.6071742,47.3728839,0 0.6067877,47.3728100,0 0.6059816,47.3726559,0 0.6050612,47.3724798,0 0.6021614,47.3719132,0 0.5974696,47.3710005,0 0.5969865,47.3709071,0 0.5966045,47.3708331,0 0.5946009,47.3704403,0 0.5926829,47.3700798,0 0.5907029,47.3696935,0 0.5888824,47.3693377,0 0.5877082,47.3691139,0 0.5873919,47.3690534,0 0.5863962,47.3688629,0 0.5846944,47.3685328,0 0.5827645,47.3681546,0 0.5807679,47.3677650,0 0.5785076,47.3673288,0 0.5766870,47.3669810,0 0.5747737,47.3666092,0 0.5737493,47.3664063,0 0.5719216,47.3660506,0 0.5702483,47.3657270,0 0.5686939,47.3654227,0 0.5673439,47.3651619,0 0.5662199,47.3649434,0 0.5659035,47.3648818,0 0.5641114,47.3645373,0 0.5624120,47.3642105,0 0.5607673,47.3638885,0 0.5587185,47.3634860,0 0.5565390,47.3630610,0 0.5545045,47.3626601,0 0.5522655,47.3622190,0 0.5500670,47.3617940,0 0.5480253,47.3614044,0 0.5463235,47.3610743,0 0.5447070,47.3607622,0 0.5443555,47.3606944,0 0.5440154,47.3606277,0 0.5423397,47.3602991,0 0.5412773,47.3600899,0 0.5406284,47.3599514,0 0.5397467,47.3597501,0 0.5390550,47.3595714,0 0.5383795,47.3593990,0 0.5377144,47.3592124,0 0.5370419,47.3590224,0 0.5363312,47.3588018,0 0.5357417,47.3586070,0 0.5349669,47.3583430,0 0.5344939,47.3581771,0 0.5339377,47.3579790,0 0.5331914,47.3577134,0 0.5324356,47.3574412,0 0.5315419,47.3571257,0 0.5306316,47.3568005,0 0.5298092,47.3565026,0 0.5287991,47.3561436,0 0.5278294,47.3558038,0 0.5265246,47.3553353,0 0.5250985,47.3548232,0 0.5230259,47.3540873,0 0.5213763,47.3534948,0 0.5209626,47.3533483,0 0.5199765,47.3529988,0 0.5177994,47.3522227,0 0.5141176,47.3509023,0 0.5108068,47.3497155,0 0.5087081,47.3489716,0 0.5071293,47.3484062,0 0.5062481,47.3480907,0 0.5041827,47.3473498,0 0.5007910,47.3461372,0 0.4980886,47.3451709,0 0.4960730,47.3444511,0 0.4938294,47.3436539,0 0.4934541,47.3435219,0 0.4930929,47.3434043,0 0.4927221,47.3432997,0 0.4922895,47.3431853,0 0.4918379,47.3430774,0 0.4913816,47.3429807,0 0.4910870,47.3429281,0 0.4909584,47.3429051,0 0.4904475,47.3428245,0 0.4899911,47.3427585,0 0.4895521,47.3427104,0 0.4890404,47.3426667,0 0.4884628,47.3426345,0 0.4877903,47.3426135,0 0.4872578,47.3426200,0 0.4866137,47.3426474,0 0.4858835,47.3426974,0 0.4853163,47.3427613,0 0.4849139,47.3428192,0 0.4847313,47.3428455,0 0.4841110,47.3429502,0 0.4836427,47.3430484,0 0.4831483,47.3431612,0 0.4825066,47.3433270,0 0.4819790,47.3434864,0 0.4813658,47.3436975,0 0.4797634,47.3442666,0 0.4783921,47.3447536,0 0.4773371,47.3451356,0 0.4760774,47.3455978,0 0.4746805,47.3460969,0 0.4734724,47.3465287,0 0.4730599,47.3466687,0 0.4727164,47.3467748,0 0.4722911,47.3468974,0 0.4719418,47.3469893,0 0.4714784,47.3470972,0 0.4710410,47.3471744,0 0.4704895,47.3472534,0 0.4701346,47.3472911,0 0.4698693,47.3473194,0 0.4693867,47.3473516,0 0.4689779,47.3473628,0 0.4684026,47.3473649,0 0.4679607,47.3473491,0 0.4674876,47.3473210,0 0.4669876,47.3472716,0 0.4664595,47.3471987,0 0.4658999,47.3470987,0 0.4654769,47.3470037,0 0.4649254,47.3468669,0 0.4644041,47.3467072,0 0.4640414,47.3465818,0 0.4635326,47.3463868,0 0.4627317,47.3460568,0 0.4627287,47.3460556,0 0.4603564,47.3450291,0 0.4603297,47.3450570,0 0.4590355,47.3444970,0 0.4570652,47.3436370,0 0.4565388,47.3434118,0 0.4553827,47.3429172,0 0.4535881,47.3421457,0 0.4527038,47.3417647,0 0.4508346,47.3409595,0 0.4488951,47.3401236,0 0.4465659,47.3391185,0 0.4440750,47.3380474,0 0.4413796,47.3368829,0 0.4394156,47.3360312,0 0.4390765,47.3358842,0 0.4365928,47.3348130,0 0.4343776,47.3338530,0 0.4322480,47.3329348,0 0.4298238,47.3318878,0 0.4277702,47.3310050,0 0.4249276,47.3297711,0 0.4247765,47.3297063,0 0.4223701,47.3286740,0 0.4214780,47.3282885,0 0.4201741,47.3277252,0 0.4179023,47.3267621,0 0.4176107,47.3266429,0 0.4159936,47.3259818,0 0.4153890,47.3257347,0 0.4134840,47.3250308,0 0.4129662,47.3248395,0 0.4124094,47.3246460,0 0.4116610,47.3243859,0 0.4110893,47.3241872,0 0.4104227,47.3239598,0 0.4089598,47.3234608,0 0.4075109,47.3229721,0 0.4067390,47.3227118,0 0.4065761,47.3226568,0 0.4062856,47.3225592,0 0.4043395,47.3219059,0 0.4018437,47.3210585,0 0.4012413,47.3208529,0 0.4000302,47.3204398,0 0.3983737,47.3198791,0 0.3981450,47.3198021,0 0.3956855,47.3189736,0 0.3935512,47.3182517,0 0.3914006,47.3175235,0 0.3911103,47.3174251,0 0.3886550,47.3166017,0 0.3862425,47.3157815,0 0.3838017,47.3149597,0 0.3812394,47.3140928,0 0.3788055,47.3132694,0 0.3761791,47.3123815,0 0.3735789,47.3115015,0 0.3731446,47.3113544,0 0.3708765,47.3105862,0 0.3684401,47.3097514,0 0.3659472,47.3089006,0 0.3638441,47.3082013,0 0.3630231,47.3079320,0 0.3628169,47.3078643,0 0.3615427,47.3074243,0 0.3599552,47.3068861,0 0.3575928,47.3060883,0 0.3550947,47.3052502,0 0.3526036,47.3043976,0 0.3516190,47.3040555,0 0.3502346,47.3035489,0 0.3497021,47.3033376,0 0.3492707,47.3031665,0 0.3485042,47.3028505,0 0.3477077,47.3025067,0 0.3465138,47.3019696,0 0.3448782,47.3012103,0 0.3423279,47.3000095,0 0.3398727,47.2988651,0 0.3388527,47.2983884,0 0.3373201,47.2976723,0 0.3357538,47.2969453,0 0.3330632,47.2956863,0 0.3306033,47.2945386,0 0.3285521,47.2935843,0 0.3268217,47.2927750,0 0.3251703,47.2920105,0 0.3234965,47.2912193,0 0.3209179,47.2900151,0 0.3193808,47.2893029,0 0.3180748,47.2887408,0 0.3168947,47.2882609,0 0.3162586,47.2880155,0 0.3158044,47.2878403,0 0.3133137,47.2869069,0 0.3111390,47.2860911,0 0.3098115,47.2855944,0 0.3098356,47.2855653,0 0.3087668,47.2851655,0 0.3062664,47.2842158,0 0.3054789,47.2839187,0 0.3041891,47.2834323,0 0.3018219,47.2825455,0 0.2994356,47.2816490,0 0.2968437,47.2806722,0 0.2967355,47.2806315,0 0.2943064,47.2797189,0 0.2927406,47.2791290,0 0.2925047,47.2790401,0 0.2919543,47.2788331,0 0.2919542,47.2788331,0 0.2900733,47.2781257,0 0.2867719,47.2768809,0 0.2842407,47.2759326,0 0.2821040,47.2751167,0 0.2801411,47.2743798,0 0.2801410,47.2743797,0 0.2788106,47.2738803,0 0.2782725,47.2736782,0 0.2766189,47.2730602,0 0.2742302,47.2721603,0 0.2720483,47.2713395,0 0.2698350,47.2704958,0 0.2695479,47.2703863,0 0.2674255,47.2695945,0 0.2650962,47.2687171,0 0.2624033,47.2676995,0 0.2598221,47.2667253,0 0.2570959,47.2657011,0 0.2544791,47.2647123,0 0.2519003,47.2637366,0 0.2502759,47.2631250,0 0.2491930,47.2627172,0 0.2465192,47.2617123,0 0.2417112,47.2598942,0 0.2388731,47.2588200,0 0.2374020,47.2582649,0 0.2363252,47.2578586,0 0.2337653,47.2568939,0 0.2311532,47.2559083,0 0.2283748,47.2548566,0 0.2275639,47.2545509,0 0.2257816,47.2538789,0 0.2231125,47.2528722,0 0.2205717,47.2519220,0 0.2191671,47.2514380,0 0.2186578,47.2512714,0 0.2186361,47.2513012,0 0.2179509,47.2510770,0 0.2176278,47.2509714,0 0.2160472,47.2504834,0 0.2154355,47.2503054,0 0.2135973,47.2497992,0 0.2114597,47.2492704,0 0.2101728,47.2489770,0 0.2099041,47.2489158,0 0.2080968,47.2485401,0 0.2063868,47.2482241,0 0.2050495,47.2480001,0 0.2039889,47.2478365,0 0.2036480,47.2477839,0 0.2022397,47.2475856,0 0.2013685,47.2474777,0 0.1994515,47.2472648,0 0.1980291,47.2471310,0 0.1965849,47.2470214,0 0.1948393,47.2469118,0 0.1932195,47.2468440,0 0.1918347,47.2468021,0 0.1901341,47.2467779,0 0.1889610,47.2467793,0 0.1887115,47.2467795,0 0.1875385,47.2467973,0 0.1858996,47.2468505,0 0.1841170,47.2469392,0 0.1825725,47.2470359,0 0.1792355,47.2472344,0 0.1778346,47.2473221,0 0.1769418,47.2473780,0 0.1745720,47.2475216,0 0.1720647,47.2476749,0 0.1693148,47.2478443,0 0.1688811,47.2478704,0 0.1663364,47.2480234,0 0.1634369,47.2481944,0 0.1628413,47.2482359,0 0.1622577,47.2482766,0 0.1614856,47.2483198,0 0.1614564,47.2483214,0 0.1611315,47.2483396,0 0.1583102,47.2485139,0 0.1561849,47.2486429,0 0.1556528,47.2486752,0 0.1556202,47.2486772,0 0.1548046,47.2487268,0 0.1521259,47.2488897,0 0.1495777,47.2490544,0 0.1473242,47.2491805,0 0.1471841,47.2491883,0 0.1457539,47.2492735,0 0.1457538,47.2492735,0 0.1449335,47.2493232,0 0.1438812,47.2493881,0 0.1425117,47.2494725,0 0.1410197,47.2495646,0 0.1380619,47.2497415,0 0.1352155,47.2499115,0 0.1330143,47.2500477,0 0.1323843,47.2500866,0 0.1295757,47.2502567,0 0.1268936,47.2504164,0 0.1242496,47.2505727,0 0.1211603,47.2507616,0 0.1185551,47.2509210,0 0.1181290,47.2509471,0 0.1156824,47.2510914,0 0.1126891,47.2512786,0 0.1102449,47.2514194,0 0.1077477,47.2515688,0 0.1048683,47.2517492,0 0.1032806,47.2518428,0 0.1020420,47.2519158,0 0.0990388,47.2520943,0 0.0969236,47.2522266,0 0.0941327,47.2523950,0 0.0910900,47.2525752,0 0.0910028,47.2525804,0 0.0881767,47.2527556,0 0.0853073,47.2529256,0 0.0826128,47.2530870,0 0.0797411,47.2532623,0 0.0773210,47.2534097,0 0.0766693,47.2534494,0 0.0743719,47.2535868,0 0.0712750,47.2537705,0 0.0683399,47.2539509,0 0.0653846,47.2541261,0 0.0633216,47.2542515,0 0.0623888,47.2543081,0 0.0592033,47.2544987,0 0.0557268,47.2547083,0 0.0530903,47.2548628,0 0.0514111,47.2549633,0 0.0495607,47.2550740,0 0.0453893,47.2553189,0 0.0453481,47.2553213,0 0.0433677,47.2554467,0 0.0400135,47.2557128,0 0.0383615,47.2558604,0 0.0382173,47.2558728,0 0.0358390,47.2560785,0 0.0325115,47.2563722,0 0.0296549,47.2566040,0 0.0293853,47.2566275,0 0.0267301,47.2568581,0 0.0240753,47.2570884,0 0.0227863,47.2571983,0 0.0215149,47.2573108,0 0.0197984,47.2574593,0 0.0191329,47.2575229,0 0.0173362,47.2576748,0 0.0156991,47.2578165,0 0.0140620,47.2579548,0 0.0136111,47.2579943,0 0.0124124,47.2580990,0 0.0108006,47.2582347,0 0.0091824,47.2583729,0 0.0076632,47.2585009,0 0.0059289,47.2586537,0 0.0042905,47.2588014,0 0.0030292,47.2589096,0 0.0015427,47.2590400,0 0.0000992,47.2591637,0 -0.0014355,47.2592977,0 -0.0015726,47.2593087,0 -0.0033331,47.2594505,0 -0.0045018,47.2595561,0 -0.0061528,47.2596960,0 -0.0076077,47.2598256,0 -0.0087148,47.2599210,0 -0.0093408,47.2599736,0 -0.0100825,47.2600360,0 -0.0115295,47.2601554,0 -0.0132651,47.2603177,0 -0.0149163,47.2604601,0 -0.0163522,47.2605821,0 -0.0178601,47.2607108,0 -0.0188204,47.2607933,0 -0.0198898,47.2608833,0 -0.0201462,47.2609049,0 -0.0213772,47.2610105,0 -0.0230534,47.2611522,0 -0.0247169,47.2612947,0 -0.0262234,47.2614269,0 -0.0272812,47.2615231,0 -0.0288235,47.2616536,0 -0.0306718,47.2618124,0 -0.0320406,47.2619309,0 -0.0331729,47.2620304,0 -0.0343132,47.2621267,0 -0.0343736,47.2621318,0 -0.0357197,47.2622460,0 -0.0369355,47.2623456,0 -0.0384674,47.2624778,0 -0.0395806,47.2625722,0 -0.0407798,47.2626787,0 -0.0419102,47.2627744,0 -0.0422600,47.2628041,0 -0.0435721,47.2629182,0 -0.0448785,47.2630262,0 -0.0449266,47.2630301,0 -0.0459860,47.2631181,0 -0.0477257,47.2632681,0 -0.0489139,47.2633713,0 -0.0502759,47.2634907,0 -0.0503801,47.2634998,0 -0.0510874,47.2635612,0 -0.0511673,47.2635681,0 -0.0522062,47.2636552,0 -0.0527766,47.2637020,0 -0.0542833,47.2638311,0 -0.0561465,47.2639902,0 -0.0563035,47.2640036,0 -0.0576165,47.2641180,0 -0.0590193,47.2642936,0 -0.0599976,47.2644321,0 -0.0606738,47.2645368,0 -0.0617802,47.2647334,0 -0.0626608,47.2648993,0 -0.0634024,47.2650601,0 -0.0642938,47.2652950,0 -0.0649029,47.2654751,0 -0.0655837,47.2656941,0 -0.0660456,47.2658548,0 -0.0667469,47.2661350,0 -0.0673761,47.2663963,0 -0.0675107,47.2664522,0 -0.0679008,47.2666222,0 -0.0680716,47.2666969,0 -0.0682352,47.2667776,0 -0.0684347,47.2668776,0 -0.0689256,47.2671543,0 -0.0692659,47.2673462,0 -0.0694016,47.2674265,0 -0.0696927,47.2675986,0 -0.0696928,47.2675986,0 -0.0699529,47.2677523,0 -0.0702439,47.2679232,0 -0.0708764,47.2683112,0 -0.0714824,47.2686907,0 -0.0717033,47.2688314,0 -0.0720618,47.2690597,0 -0.0724123,47.2692787,0 -0.0727297,47.2694735,0 -0.0732282,47.2697568,0 -0.0735584,47.2699457,0 -0.0739392,47.2701714,0 -0.0744174,47.2704710,0 -0.0752790,47.2710126,0 -0.0759886,47.2714599,0 -0.0767730,47.2719621,0 -0.0774371,47.2724093,0 -0.0781204,47.2728728,0 -0.0786631,47.2732402,0 -0.0787552,47.2733023,0 -0.0792084,47.2736078,0 -0.0795683,47.2738541,0 -0.0796920,47.2739371,0 -0.0798849,47.2740664,0 -0.0806119,47.2745536,0 -0.0810688,47.2748442,0 -0.0818320,47.2753152,0 -0.0830351,47.2760605,0 -0.0840623,47.2766703,0 -0.0847133,47.2770508,0 -0.0854802,47.2775212,0 -0.0863214,47.2780532,0 -0.0872507,47.2786401,0 -0.0876882,47.2789159,0 -0.0882608,47.2792738,0 -0.0895039,47.2800671,0 -0.0903526,47.2805945,0 -0.0914386,47.2812845,0 -0.0923466,47.2818601,0 -0.0930359,47.2822939,0 -0.0939058,47.2828437,0 -0.0944572,47.2831887,0 -0.0955623,47.2838885,0 -0.0967033,47.2846157,0 -0.0979251,47.2853752,0 -0.0987782,47.2859103,0 -0.0995197,47.2863811,0 -0.1003184,47.2868842,0 -0.1016754,47.2877418,0 -0.1028021,47.2884545,0 -0.1039240,47.2891558,0 -0.1050623,47.2898763,0 -0.1058942,47.2904052,0 -0.1071872,47.2912225,0 -0.1084208,47.2920044,0 -0.1089891,47.2923591,0 -0.1102533,47.2931554,0 -0.1115701,47.2939873,0 -0.1129225,47.2948384,0 -0.1142487,47.2956702,0 -0.1157200,47.2965986,0 -0.1171770,47.2975159,0 -0.1183725,47.2982655,0 -0.1195846,47.2990279,0 -0.1206922,47.2997258,0 -0.1219210,47.3005010,0 -0.1230785,47.3012264,0 -0.1242621,47.3019775,0 -0.1251249,47.3025223,0 -0.1261469,47.3031669,0 -0.1269101,47.3036489,0 -0.1277965,47.3042001,0 -0.1286140,47.3047238,0 -0.1300401,47.3056135,0 -0.1300997,47.3056516,0 -0.1312260,47.3063709,0 -0.1319487,47.3068271,0 -0.1329398,47.3074476,0 -0.1344919,47.3084274,0 -0.1350850,47.3088027,0 -0.1360225,47.3093960,0 -0.1377030,47.3104596,0 -0.1392265,47.3114137,0 -0.1406465,47.3123081,0 -0.1407357,47.3123643,0 -0.1419907,47.3131573,0 -0.1435901,47.3141579,0 -0.1443434,47.3146428,0 -0.1457959,47.3155599,0 -0.1468988,47.3162528,0 -0.1480487,47.3169729,0 -0.1482084,47.3170729,0 -0.1496511,47.3179785,0 -0.1505520,47.3185392,0 -0.1514835,47.3191272,0 -0.1527409,47.3199248,0 -0.1535798,47.3204517,0 -0.1542239,47.3208610,0 -0.1550346,47.3213718,0 -0.1555693,47.3217053,0 -0.1565483,47.3223223,0 -0.1573115,47.3228073,0 -0.1580713,47.3232802,0 -0.1582100,47.3233664,0 -0.1593791,47.3241042,0 -0.1603989,47.3247487,0 -0.1613426,47.3253416,0 -0.1624549,47.3260392,0 -0.1631654,47.3264870,0 -0.1639569,47.3269880,0 -0.1649481,47.3276131,0 -0.1662220,47.3284122,0 -0.1673012,47.3290936,0 -0.1675252,47.3292342,0 -0.1678478,47.3294368,0 -0.1686845,47.3299620,0 -0.1691670,47.3302648,0 -0.1700866,47.3308430,0 -0.1707569,47.3312683,0 -0.1719763,47.3320336,0 -0.1731861,47.3327939,0 -0.1745504,47.3336509,0 -0.1759289,47.3345158,0 -0.1775761,47.3355515,0 -0.1786312,47.3362152,0 -0.1796081,47.3368289,0 -0.1810224,47.3377229,0 -0.1818828,47.3382592,0 -0.1819176,47.3382811,0 -0.1826742,47.3387569,0 -0.1834752,47.3392626,0 -0.1840884,47.3396492,0 -0.1852698,47.3403852,0 -0.1861633,47.3409489,0 -0.1874587,47.3417671,0 -0.1885164,47.3424323,0 -0.1898378,47.3432617,0 -0.1908195,47.3438801,0 -0.1919698,47.3446049,0 -0.1930680,47.3452942,0 -0.1944084,47.3461332,0 -0.1944095,47.3461339,0 -0.1955945,47.3468821,0 -0.1968518,47.3476712,0 -0.1981020,47.3484539,0 -0.1988776,47.3489420,0 -0.1994425,47.3492976,0 -0.2003124,47.3498468,0 -0.2012465,47.3504313,0 -0.2025490,47.3512477,0 -0.2036874,47.3519659,0 -0.2048093,47.3526696,0 -0.2054843,47.3530962,0 -0.2067535,47.3538934,0 -0.2071006,47.3541098,0 -0.2077399,47.3545085,0 -0.2091351,47.3553892,0 -0.2104067,47.3561846,0 -0.2115593,47.3569107,0 -0.2126265,47.3575838,0 -0.2139147,47.3583937,0 -0.2148488,47.3589813,0 -0.2154645,47.3593693,0 -0.2165886,47.3600730,0 -0.2177984,47.3608328,0 -0.2192861,47.3617665,0 -0.2193594,47.3618132,0 -0.2194859,47.3618938,0 -0.2202633,47.3623816,0 -0.2202970,47.3623574,0 -0.2208765,47.3627211,0 -0.2215823,47.3631686,0 -0.2227422,47.3638946,0 -0.2232185,47.3641868,0 -0.2233197,47.3642488,0 -0.2242894,47.3648606,0 -0.2256182,47.3656961,0 -0.2264191,47.3661919,0 -0.2278522,47.3670951,0 -0.2291738,47.3679257,0 -0.2305666,47.3688014,0 -0.2319357,47.3696578,0 -0.2334829,47.3706316,0 -0.2347094,47.3714027,0 -0.2353568,47.3718078,0 -0.2357099,47.3720288,0 -0.2373690,47.3730735,0 -0.2382936,47.3736514,0 -0.2396341,47.3744916,0 -0.2406679,47.3751403,0 -0.2420441,47.3760045,0 -0.2430399,47.3766290,0 -0.2441928,47.3773517,0 -0.2453692,47.3780888,0 -0.2463058,47.3786747,0 -0.2473943,47.3793619,0 -0.2486493,47.3801473,0 -0.2486675,47.3801587,0 -0.2496998,47.3808087,0 -0.2510973,47.3816858,0 -0.2522168,47.3823891,0 -0.2533552,47.3831005,0 -0.2540160,47.3835157,0 -0.2549691,47.3841159,0 -0.2560363,47.3847806,0 -0.2573008,47.3855756,0 -0.2580281,47.3860325,0 -0.2591993,47.3867674,0 -0.2593233,47.3868452,0 -0.2600079,47.3872748,0 -0.2612557,47.3880585,0 -0.2623657,47.3887536,0 -0.2635636,47.3895035,0 -0.2646332,47.3901745,0 -0.2658477,47.3909404,0 -0.2667294,47.3914891,0 -0.2668893,47.3915906,0 -0.2674496,47.3919461,0 -0.2688305,47.3928102,0 -0.2700356,47.3935696,0 -0.2708651,47.3940861,0 -0.2717825,47.3946589,0 -0.2730993,47.3954842,0 -0.2749271,47.3966314,0 -0.2751968,47.3968006,0 -0.2754699,47.3969718,0 -0.2759838,47.3972940,0 -0.2762794,47.3974793,0 -0.2775749,47.3982901,0 -0.2777400,47.3983940,0 -0.2777400,47.3983941,0 -0.2781208,47.3986336,0 -0.2783249,47.3987620,0 -0.2789558,47.3991589,0 -0.2799579,47.3997884,0 -0.2803390,47.4000276,0 -0.2807585,47.4002891,0 -0.2807585,47.4002892,0 -0.2816011,47.4008143,0 -0.2828798,47.4016187,0 -0.2841681,47.4024215,0 -0.2856274,47.4033385,0 -0.2867397,47.4040366,0 -0.2882941,47.4050115,0 -0.2893684,47.4056646,0 -0.2902122,47.4061375,0 -0.2912461,47.4066506,0 -0.2922491,47.4071108,0 -0.2927744,47.4073311,0 -0.2936656,47.4076930,0 -0.2946283,47.4080388,0 -0.2955124,47.4083252,0 -0.2962207,47.4085343,0 -0.2968054,47.4086935,0 -0.2973122,47.4088290,0 -0.2973710,47.4088448,0 -0.2983812,47.4090779,0 -0.2989541,47.4091954,0 -0.3000997,47.4094142,0 -0.3010883,47.4095670,0 -0.3018918,47.4096715,0 -0.3028900,47.4097809,0 -0.3036055,47.4098404,0 -0.3043399,47.4098886,0 -0.3053786,47.4099466,0 -0.3066406,47.4100061,0 -0.3080619,47.4101058,0 -0.3087798,47.4101781,0 -0.3098326,47.4102988,0 -0.3109520,47.4104693,0 -0.3118482,47.4106366,0 -0.3125207,47.4107701,0 -0.3132838,47.4109438,0 -0.3141988,47.4111706,0 -0.3152564,47.4114440,0 -0.3165446,47.4117947,0 -0.3175596,47.4120665,0 -0.3180857,47.4122072,0 -0.3180674,47.4122381,0 -0.3189851,47.4124834,0 -0.3191601,47.4125302,0 -0.3208713,47.4129901,0 -0.3225684,47.4134501,0 -0.3239754,47.4138249,0 -0.3252280,47.4141659,0 -0.3263001,47.4144506,0 -0.3281611,47.4149508,0 -0.3290903,47.4151984,0 -0.3312342,47.4157775,0 -0.3328669,47.4162140,0 -0.3331832,47.4162985,0 -0.3352985,47.4168694,0 -0.3373117,47.4174098,0 -0.3388756,47.4178296,0 -0.3409577,47.4183908,0 -0.3427498,47.4188734,0 -0.3442805,47.4192818,0 -0.3454757,47.4196033,0 -0.3458231,47.4196968,0 -0.3468925,47.4199798,0 -0.3482829,47.4203593,0 -0.3506504,47.4209913,0 -0.3521262,47.4213853,0 -0.3536439,47.4217949,0 -0.3537827,47.4218323,0 -0.3551994,47.4222167,0 -0.3563926,47.4225335,0 -0.3576237,47.4228680,0 -0.3586102,47.4231301,0 -0.3594395,47.4233536,0 -0.3594479,47.4233559,0 -0.3612056,47.4238312,0 -0.3626531,47.4242155,0 -0.3645712,47.4247301,0 -0.3654220,47.4249569,0 -0.3666996,47.4253028,0 -0.3668765,47.4253508,0 -0.3686759,47.4258332,0 -0.3703848,47.4262915,0 -0.3714639,47.4265794,0 -0.3733986,47.4270955,0 -0.3748863,47.4274943,0 -0.3758109,47.4277451,0 -0.3772727,47.4281374,0 -0.3792706,47.4286730,0 -0.3792881,47.4286777,0 -0.3807120,47.4290621,0 -0.3825135,47.4295396,0 -0.3846240,47.4301104,0 -0.3864258,47.4305927,0 -0.3885341,47.4311571,0 -0.3902715,47.4316169,0 -0.3915643,47.4319659,0 -0.3936772,47.4325318,0 -0.3960944,47.4331829,0 -0.3981790,47.4337456,0 -0.3999685,47.4342202,0 -0.4000044,47.4342297,0 -0.4008010,47.4344426,0 -0.4020437,47.4347746,0 -0.4040472,47.4353148,0 -0.4064079,47.4359498,0 -0.4064859,47.4359707,0 -0.4085584,47.4365254,0 -0.4108093,47.4371267,0 -0.4130363,47.4377263,0 -0.4143459,47.4380752,0 -0.4166205,47.4386860,0 -0.4186264,47.4392230,0 -0.4205184,47.4397326,0 -0.4223486,47.4402262,0 -0.4246304,47.4408339,0 -0.4262252,47.4412566,0 -0.4278722,47.4416986,0 -0.4291580,47.4420443,0 -0.4310453,47.4425491,0 -0.4318448,47.4427632,0 -0.4325878,47.4429622,0 -0.4344631,47.4434637,0 -0.4364453,47.4439925,0 -0.4378904,47.4443800,0 -0.4394092,47.4447866,0 -0.4405290,47.4450857,0 -0.4409921,47.4452094,0 -0.4423824,47.4455823,0 -0.4439868,47.4460178,0 -0.4460999,47.4465853,0 -0.4475997,47.4469840,0 -0.4490993,47.4473868,0 -0.4494844,47.4474903,0 -0.4510414,47.4479050,0 -0.4531567,47.4484627,0 -0.4550915,47.4489835,0 -0.4569263,47.4494609,0 -0.4588275,47.4499703,0 -0.4605580,47.4504349,0 -0.4614849,47.4506808,0 -0.4620130,47.4508233,0 -0.4635219,47.4512304,0 -0.4650977,47.4516418,0 -0.4667280,47.4520838,0 -0.4682277,47.4524808,0 -0.4686607,47.4525988,0 -0.4697552,47.4528971,0 -0.4703859,47.4530690,0 -0.4720854,47.4535207,0 -0.4738823,47.4540012,0 -0.4752846,47.4543741,0 -0.4771004,47.4548594,0 -0.4790019,47.4553641,0 -0.4806632,47.4558092,0 -0.4825171,47.4563026,0 -0.4833333,47.4565230,0 -0.4834693,47.4565597,0 -0.4838504,47.4566626,0 -0.4852839,47.4570435,0 -0.4869261,47.4574773,0 -0.4884876,47.4578984,0 -0.4900016,47.4583033,0 -0.4913420,47.4586617,0 -0.4922358,47.4589028,0 -0.4937022,47.4592900,0 -0.4945502,47.4595213,0 -0.4954491,47.4597753,0 -0.4972892,47.4602478,0 -0.4987603,47.4606399,0 -0.4997656,47.4609050,0 -0.5013770,47.4613341,0 -0.5014544,47.4613548,0 -0.5029670,47.4617583,0 -0.5044479,47.4621520,0 -0.5053771,47.4624011,0 -0.5067392,47.4627627,0 -0.5080015,47.4630953,0 -0.5092333,47.4634136,0 -0.5098993,47.4635733,0 -0.5103538,47.4636822,0 -0.5119948,47.4640488,0 -0.5131510,47.4642901,0 -0.5146541,47.4645779,0 -0.5157265,47.4647692,0 -0.5163641,47.4648818,0 -0.5167018,47.4649352,0 -0.5175850,47.4650749,0 -0.5186651,47.4652148,0 -0.5202840,47.4654221,0 -0.5216493,47.4655829,0 -0.5231240,47.4657308,0 -0.5240994,47.4658161,0 -0.5253457,47.4659077,0 -0.5264828,47.4659785,0 -0.5279551,47.4660476,0 -0.5298862,47.4661103,0 -0.5301627,47.4661144,0 -0.5314207,47.4661329,0 -0.5329475,47.4661200,0 -0.5338819,47.4661136,0 -0.5354153,47.4660975,0 -0.5365470,47.4660641,0 -0.5379629,47.4659315,0 -0.5384182,47.4658939,0 -0.5389445,47.4658558,0 -0.5403801,47.4657309,0 -0.5422933,47.4655606,0 -0.5443944,47.4653822,0 -0.5499915,47.4649008,0 -0.5499916,47.4649007,0 -0.5504001,47.4648656,0 -0.5507456,47.4648358,0 -0.5507584,47.4648346,0 -0.5511756,47.4648042,0 -0.5517434,47.4647628,0 -0.5524796,47.4647091,0 -0.5531287,47.4646563,0 -0.5533388,47.4646393,0 -0.5539830,47.4645815,0 -0.5556819,47.4644461,0 -0.5564643,47.4643838,0 -0.5567690,47.4643563,0</coordinates>
      </LineString>
    </Placemark>
    <Placemark>
      <name>P6 - Blois ↔ Tours</name>
      <styleUrl>#REMI_P6</styleUrl>
      <LineString>
        <tessellate>1</tessellate>
        <coordinates>0.6938082,47.3893150,0 0.6939291,47.3892121,0 0.6940649,47.3890964,0 0.6941065,47.3890610,0 0.6941719,47.3890054,0 0.6942274,47.3889581,0 0.6942279,47.3889576,0 0.6942583,47.3889319,0 0.6943866,47.3888227,0 0.6946453,47.3886026,0 0.6948987,47.3883871,0 0.6950445,47.3882641,0 0.6956435,47.3877154,0 0.6961062,47.3872682,0 0.6961789,47.3871979,0 0.6962329,47.3871457,0 0.6963049,47.3870748,0 0.6964351,47.3869467,0 0.6966940,47.3866919,0 0.6970510,47.3863630,0 0.6970511,47.3863629,0 0.6971064,47.3863121,0 0.6971064,47.3863120,0 0.6972478,47.3861818,0 0.6973627,47.3860803,0 0.6975211,47.3859404,0 0.6975535,47.3859116,0 0.6975797,47.3858883,0 0.6976763,47.3858026,0 0.6976764,47.3858026,0 0.6979970,47.3855180,0 0.6981724,47.3853997,0 0.6983539,47.3852664,0 0.6987437,47.3849848,0 0.6990954,47.3847627,0 0.6992952,47.3846564,0 0.6996726,47.3844366,0 0.7001027,47.3841323,0 0.7005090,47.3838473,0 0.7010044,47.3835383,0 0.7014286,47.3833089,0 0.7016501,47.3831893,0 0.7022514,47.3828900,0 0.7026603,47.3827017,0 0.7031190,47.3825037,0 0.7035169,47.3823590,0 0.7037298,47.3822816,0 0.7043265,47.3820902,0 0.7048018,47.3819453,0 0.7055267,47.3817602,0 0.7058855,47.3816814,0 0.7061993,47.3816186,0 0.7066009,47.3815515,0 0.7067293,47.3815301,0 0.7070812,47.3814818,0 0.7074115,47.3814432,0 0.7077894,47.3814094,0 0.7081471,47.3813827,0 0.7085143,47.3813434,0 0.7089504,47.3813068,0 0.7090848,47.3813000,0 0.7093296,47.3812919,0 0.7098406,47.3812935,0 0.7101733,47.3813128,0 0.7105251,47.3813466,0 0.7108793,47.3813869,0 0.7113119,47.3814384,0 0.7115447,47.3814689,0 0.7116873,47.3814931,0 0.7119559,47.3815365,0 0.7121865,47.3815591,0 0.7123458,47.3815671,0 0.7125168,47.3815864,0 0.7128116,47.3816379,0 0.7133225,47.3817457,0 0.7135508,47.3818069,0 0.7139216,47.3819115,0 0.7143541,47.3820467,0 0.7147937,47.3821980,0 0.7152597,47.3823653,0 0.7155378,47.3824652,0 0.7159934,47.3826506,0 0.7163327,47.3828095,0 0.7170459,47.3831732,0 0.7174433,47.3833726,0 0.7181166,47.3836833,0 0.7181966,47.3837153,0 0.7182406,47.3837328,0 0.7183704,47.3837845,0 0.7183705,47.3837845,0 0.7183994,47.3837961,0 0.7184132,47.3838006,0 0.7187156,47.3838990,0 0.7190079,47.3839940,0 0.7193420,47.3840949,0 0.7193810,47.3841067,0 0.7197827,47.3842048,0 0.7205502,47.3844169,0 0.7206364,47.3844472,0 0.7213567,47.3847008,0 0.7220554,47.3849390,0 0.7227603,47.3851764,0 0.7228330,47.3852009,0 0.7228332,47.3852009,0 0.7229778,47.3852496,0 0.7234718,47.3854180,0 0.7234719,47.3854180,0 0.7239926,47.3855956,0 0.7247050,47.3858390,0 0.7247051,47.3858390,0 0.7247793,47.3858643,0 0.7250508,47.3859592,0 0.7252275,47.3860209,0 0.7253877,47.3860768,0 0.7259012,47.3862489,0 0.7263123,47.3863809,0 0.7265492,47.3864512,0 0.7265492,47.3864513,0 0.7266427,47.3864790,0 0.7270444,47.3865707,0 0.7273676,47.3866384,0 0.7277425,47.3866954,0 0.7277759,47.3867005,0 0.7277761,47.3867005,0 0.7279686,47.3867298,0 0.7282506,47.3867518,0 0.7283169,47.3867560,0 0.7283170,47.3867560,0 0.7283176,47.3867560,0 0.7283327,47.3867570,0 0.7285809,47.3867727,0 0.7288557,47.3867818,0 0.7290070,47.3867852,0 0.7294818,47.3867840,0 0.7299928,47.3867776,0 0.7304012,47.3867691,0 0.7304888,47.3867673,0 0.7305348,47.3867663,0 0.7305423,47.3867662,0 0.7310053,47.3867615,0 0.7313356,47.3867615,0 0.7315710,47.3867647,0 0.7317873,47.3867743,0 0.7320415,47.3867856,0 0.7323184,47.3868031,0 0.7323185,47.3868031,0 0.7323201,47.3868032,0 0.7323482,47.3868049,0 0.7325930,47.3868242,0 0.7327195,47.3868362,0 0.7328101,47.3868448,0 0.7328107,47.3868448,0 0.7328474,47.3868483,0 0.7331277,47.3868757,0 0.7332751,47.3868934,0 0.7334249,47.3869160,0 0.7339692,47.3870061,0 0.7344231,47.3870946,0 0.7347273,47.3871653,0 0.7350900,47.3872589,0 0.7351076,47.3872635,0 0.7354832,47.3873697,0 0.7359514,47.3875172,0 0.7363920,47.3876647,0 0.7366004,47.3877337,0 0.7368855,47.3877760,0 0.7370960,47.3878074,0 0.7373416,47.3878448,0 0.7379159,47.3880384,0 0.7382914,47.3881655,0 0.7386931,47.3882878,0 0.7389949,47.3883731,0 0.7393680,47.3884744,0 0.7401810,47.3886868,0 0.7405921,47.3887962,0 0.7406703,47.3888163,0 0.7412457,47.3889636,0 0.7420634,47.3891777,0 0.7423335,47.3892503,0 0.7423335,47.3892504,0 0.7426789,47.3893433,0 0.7428103,47.3893765,0 0.7428104,47.3893765,0 0.7430614,47.3894398,0 0.7431447,47.3894608,0 0.7433149,47.3895049,0 0.7433155,47.3895051,0 0.7433289,47.3895086,0 0.7434024,47.3895277,0 0.7434950,47.3895516,0 0.7434955,47.3895518,0 0.7435346,47.3895620,0 0.7435380,47.3895629,0 0.7435381,47.3895629,0 0.7435711,47.3895715,0 0.7436588,47.3895943,0 0.7437152,47.3896089,0 0.7440760,47.3897010,0 0.7440766,47.3897011,0 0.7440907,47.3897047,0 0.7441502,47.3897199,0 0.7446378,47.3898485,0 0.7452952,47.3899903,0 0.7453399,47.3900009,0 0.7454051,47.3900174,0 0.7454052,47.3900174,0 0.7455453,47.3900529,0 0.7460004,47.3901682,0 0.7462936,47.3902441,0 0.7467813,47.3903701,0 0.7468024,47.3903756,0 0.7468257,47.3903816,0 0.7469396,47.3904111,0 0.7469397,47.3904111,0 0.7475761,47.3905758,0 0.7476393,47.3905922,0 0.7480577,47.3907065,0 0.7481047,47.3907189,0 0.7483361,47.3907801,0 0.7488610,47.3909189,0 0.7496691,47.3911297,0 0.7504558,47.3913372,0 0.7512734,47.3915512,0 0.7519770,47.3917427,0 0.7528564,47.3919680,0 0.7536621,47.3921804,0 0.7541041,47.3922881,0 0.7546579,47.3924088,0 0.7551309,47.3925021,0 0.7555183,47.3925617,0 0.7559890,47.3926341,0 0.7565546,47.3926952,0 0.7567514,47.3927118,0 0.7571275,47.3927435,0 0.7576955,47.3927724,0 0.7584609,47.3927869,0 0.7589029,47.3927773,0 0.7592452,47.3927644,0 0.7596968,47.3927355,0 0.7602030,47.3926969,0 0.7607900,47.3926357,0 0.7614936,47.3925537,0 0.7624286,47.3924396,0 0.7624287,47.3924396,0 0.7624301,47.3924394,0 0.7624400,47.3924383,0 0.7625072,47.3924300,0 0.7630388,47.3923651,0 0.7632476,47.3923396,0 0.7641936,47.3922190,0 0.7648469,47.3921423,0 0.7652632,47.3920935,0 0.7655536,47.3920579,0 0.7655537,47.3920579,0 0.7668106,47.3919036,0 0.7680917,47.3917523,0 0.7693964,47.3915947,0 0.7698980,47.3915448,0 0.7700155,47.3915306,0 0.7701119,47.3915190,0 0.7707322,47.3914385,0 0.7709546,47.3914112,0 0.7723255,47.3912426,0 0.7723256,47.3912426,0 0.7725766,47.3912117,0 0.7737483,47.3910750,0 0.7745897,47.3909719,0 0.7750504,47.3909164,0 0.7750505,47.3909164,0 0.7759517,47.3908078,0 0.7761841,47.3907801,0 0.7768618,47.3906995,0 0.7777470,47.3905943,0 0.7779137,47.3905744,0 0.7784406,47.3905118,0 0.7784432,47.3905115,0 0.7784440,47.3905114,0 0.7784644,47.3905090,0 0.7795740,47.3903754,0 0.7798911,47.3903373,0 0.7801285,47.3903087,0 0.7801720,47.3903038,0 0.7805892,47.3902550,0 0.7805893,47.3902550,0 0.7815055,47.3901477,0 0.7815186,47.3901462,0 0.7825437,47.3900586,0 0.7829233,47.3900136,0 0.7842501,47.3898867,0 0.7842852,47.3898823,0 0.7847392,47.3898195,0 0.7852502,47.3897503,0 0.7860607,47.3896248,0 0.7869686,47.3894832,0 0.7871420,47.3894552,0 0.7879051,47.3893319,0 0.7883591,47.3892466,0 0.7891434,47.3891067,0 0.7900561,47.3889217,0 0.7906859,47.3887977,0 0.7916391,47.3886095,0 0.7918556,47.3885647,0 0.7919149,47.3885524,0 0.7920359,47.3885268,0 0.7924186,47.3884598,0 0.7924341,47.3884567,0 0.7937876,47.3881830,0 0.7945673,47.3880366,0 0.7954799,47.3878515,0 0.7964496,47.3876584,0 0.7975429,47.3874300,0 0.7975985,47.3874182,0 0.7981462,47.3873027,0 0.7984818,47.3872320,0 0.7990173,47.3871314,0 0.8006867,47.3868334,0 0.8010571,47.3867636,0 0.8021134,47.3865628,0 0.8026374,47.3864873,0 0.8028996,47.3864473,0 0.8032705,47.3864121,0 0.8037112,47.3863736,0 0.8043556,47.3863367,0 0.8047536,47.3863255,0 0.8050302,47.3863191,0 0.8052740,47.3863224,0 0.8055882,47.3863240,0 0.8058363,47.3863240,0 0.8062288,47.3863416,0 0.8065530,47.3863607,0 0.8069628,47.3863960,0 0.8073393,47.3864329,0 0.8076873,47.3864762,0 0.8079577,47.3865131,0 0.8083032,47.3865628,0 0.8086742,47.3866300,0 0.8090658,47.3867120,0 0.8093923,47.3867776,0 0.8098353,47.3868899,0 0.8104992,47.3870585,0 0.8107659,47.3871400,0 0.8112066,47.3872811,0 0.8116086,47.3874252,0 0.8119090,47.3875469,0 0.8122410,47.3876850,0 0.8127171,47.3878951,0 0.8132759,47.3881708,0 0.8132844,47.3881755,0 0.8138450,47.3884871,0 0.8140670,47.3886134,0 0.8142987,47.3887622,0 0.8145928,47.3889549,0 0.8148983,47.3891665,0 0.8151282,47.3893382,0 0.8152913,47.3894615,0 0.8155207,47.3896520,0 0.8157174,47.3898253,0 0.8159166,47.3900035,0 0.8161160,47.3901900,0 0.8164187,47.3905007,0 0.8166476,47.3907594,0 0.8168835,47.3910520,0 0.8169367,47.3910327,0 0.8170494,47.3911727,0 0.8175935,47.3919531,0 0.8181783,47.3927883,0 0.8185633,47.3933530,0 0.8192146,47.3942846,0 0.8198444,47.3951840,0 0.8201011,47.3955653,0 0.8204029,47.3960030,0 0.8208451,47.3966417,0 0.8214630,47.3975169,0 0.8218640,47.3980985,0 0.8218647,47.3980993,0 0.8221262,47.3984356,0 0.8223258,47.3986833,0 0.8225445,47.3989327,0 0.8227417,47.3991483,0 0.8229794,47.3993864,0 0.8232337,47.3996068,0 0.8234001,47.3997468,0 0.8236283,47.3999366,0 0.8239159,47.4001506,0 0.8241322,47.4003067,0 0.8243675,47.4004659,0 0.8246004,47.4006171,0 0.8248286,47.4007587,0 0.8250995,47.4009083,0 0.8255059,47.4011222,0 0.8259433,47.4013394,0 0.8262047,47.4014505,0 0.8266706,47.4016483,0 0.8270128,47.4017706,0 0.8273148,47.4018767,0 0.8276522,47.4019942,0 0.8280063,47.4020971,0 0.8284413,47.4022162,0 0.8287312,47.4022918,0 0.8291615,47.4023867,0 0.8294300,47.4024382,0 0.8297057,47.4024832,0 0.8301692,47.4025573,0 0.8305507,47.4026053,0 0.8307444,47.4026297,0 0.8316286,47.4027261,0 0.8330832,47.4028855,0 0.8338746,47.4029707,0 0.8353387,47.4031315,0 0.8361706,47.4032184,0 0.8376443,47.4033761,0 0.8384143,47.4034597,0 0.8401327,47.4036480,0 0.8421126,47.4038667,0 0.8445179,47.4041209,0 0.8460367,47.4042898,0 0.8470064,47.4043928,0 0.8486203,47.4045681,0 0.8495020,47.4046630,0 0.8507023,47.4047949,0 0.8515175,47.4048850,0 0.8526299,47.4050073,0 0.8534332,47.4050893,0 0.8546592,47.4052274,0 0.8548618,47.4052502,0 0.8555795,47.4053258,0 0.8567322,47.4054480,0 0.8572717,47.4055075,0 0.8578350,47.4055654,0 0.8584292,47.4056298,0 0.8588476,47.4056781,0 0.8594013,47.4057376,0 0.8602832,47.4058357,0 0.8607776,47.4058855,0 0.8615975,47.4059756,0 0.8622321,47.4060448,0 0.8632209,47.4061542,0 0.8639292,47.4062315,0 0.8646565,47.4063103,0 0.8654242,47.4063923,0 0.8661396,47.4064695,0 0.8671759,47.4065805,0 0.8676584,47.4066319,0 0.8679888,47.4066706,0 0.8684355,47.4067205,0 0.8689561,47.4067735,0 0.8702206,47.4069086,0 0.8713115,47.4070341,0 0.8721956,47.4071242,0 0.8732581,47.4072384,0 0.8744774,47.4073703,0 0.8752713,47.4074587,0 0.8766284,47.4076052,0 0.8770420,47.4076438,0 0.8773034,47.4076743,0 0.8781947,47.4077741,0 0.8788126,47.4078449,0 0.8794662,47.4079108,0 0.8802935,47.4080041,0 0.8811348,47.4080894,0 0.8822471,47.4082132,0 0.8830791,47.4082984,0 0.8839062,47.4083950,0 0.8848021,47.4084915,0 0.8859121,47.4086089,0 0.8867655,47.4086990,0 0.8880227,47.4088422,0 0.8886526,47.4089097,0 0.8899337,47.4090432,0 0.8906277,47.4091188,0 0.8921845,47.4092893,0 0.8928595,47.4093617,0 0.8936961,47.4094566,0 0.8949083,47.4095821,0 0.8951431,47.4096089,0 0.8964413,47.4097574,0 0.8964628,47.4097595,0 0.8973492,47.4098475,0 0.8986707,47.4099922,0 0.9000042,47.4101386,0 0.9009287,47.4102319,0 0.9016655,47.4103139,0 0.9022265,47.4103783,0 0.9030892,47.4104715,0 0.9038973,47.4105584,0 0.9045700,47.4106259,0 0.9057821,47.4107595,0 0.9067518,47.4108688,0 0.9080639,47.4110039,0 0.9085011,47.4110506,0 0.9093283,47.4111423,0 0.9102125,47.4112388,0 0.9110728,47.4113305,0 0.9124538,47.4114769,0 0.9133308,47.4115717,0 0.9144408,47.4116907,0 0.9152727,47.4117792,0 0.9162756,47.4118886,0 0.9168865,47.4119529,0 0.9175140,47.4120221,0 0.9177670,47.4120520,0 0.9179632,47.4120751,0 0.9184718,47.4121299,0 0.9193369,47.4122183,0 0.9205111,47.4123454,0 0.9218802,47.4124918,0 0.9226265,47.4125754,0 0.9239100,47.4127089,0 0.9253478,47.4128681,0 0.9253541,47.4128687,0 0.9264401,47.4130156,0 0.9267161,47.4130457,0 0.9271294,47.4130918,0 0.9271772,47.4130972,0 0.9275649,47.4131390,0 0.9281234,47.4131986,0 0.9281969,47.4132066,0 0.9287889,47.4132710,0 0.9293974,47.4133369,0 0.9300772,47.4134109,0 0.9308044,47.4134865,0 0.9313630,47.4135476,0 0.9320926,47.4136248,0 0.9327222,47.4136956,0 0.9332287,47.4137518,0 0.9337137,47.4138033,0 0.9347309,47.4139127,0 0.9353466,47.4139787,0 0.9363067,47.4140815,0 0.9371671,47.4141765,0 0.9379397,47.4142585,0 0.9386289,47.4143309,0 0.9393656,47.4144097,0 0.9399745,47.4144757,0 0.9404428,47.4145191,0 0.9411764,47.4145994,0 0.9420535,47.4147008,0 0.9426953,47.4147699,0 0.9434678,47.4148568,0 0.9442145,47.4149372,0 0.9443469,47.4149507,0 0.9447826,47.4149951,0 0.9456832,47.4150900,0 0.9463392,47.4151608,0 0.9471450,47.4152476,0 0.9478224,47.4153200,0 0.9487156,47.4154132,0 0.9493004,47.4154825,0 0.9496715,47.4155211,0 0.9501682,47.4155757,0 0.9506862,47.4156288,0 0.9512803,47.4156963,0 0.9516939,47.4157414,0 0.9521932,47.4157960,0 0.9528374,47.4158652,0 0.9535243,47.4159360,0 0.9541967,47.4160083,0 0.9548931,47.4160839,0 0.9556231,47.4161644,0 0.9562481,47.4162271,0 0.9568516,47.4162946,0 0.9575743,47.4163702,0 0.9579924,47.4164152,0 0.9583464,47.4164555,0 0.9586958,47.4164940,0 0.9591027,47.4165391,0 0.9594286,47.4165713,0 0.9598822,47.4166195,0 0.9603337,47.4166677,0 0.9607971,47.4167192,0 0.9612059,47.4167626,0 0.9618429,47.4168318,0 0.9620897,47.4168583,0 0.9624563,47.4168977,0 0.9632670,47.4169846,0 0.9638397,47.4170409,0 0.9654248,47.4172145,0 0.9656083,47.4172343,0 0.9666159,47.4173892,0 0.9672803,47.4174660,0 0.9679239,47.4175441,0 0.9683535,47.4176004,0 0.9689667,47.4176862,0 0.9693888,47.4177490,0 0.9699510,47.4178489,0 0.9704639,47.4179424,0 0.9708954,47.4180282,0 0.9714709,47.4181498,0 0.9718551,47.4182421,0 0.9722279,47.4183395,0 0.9725023,47.4184073,0 0.9727541,47.4184726,0 0.9734033,47.4186494,0 0.9739181,47.4187966,0 0.9742211,47.4188901,0 0.9746103,47.4190140,0 0.9749933,47.4191412,0 0.9754714,47.4193149,0 0.9754760,47.4193166,0 0.9755712,47.4193519,0 0.9755713,47.4193520,0 0.9757768,47.4194280,0 0.9765926,47.4197443,0 0.9768122,47.4198288,0 0.9769409,47.4198800,0 0.9772683,47.4200196,0 0.9776109,47.4201696,0 0.9781238,47.4203885,0 0.9785004,47.4205457,0 0.9787831,47.4206617,0 0.9792170,47.4208155,0 0.9797198,47.4209866,0 0.9797385,47.4209658,0 0.9811629,47.4215571,0 0.9832316,47.4224159,0 0.9841356,47.4227911,0 0.9842379,47.4228335,0 0.9855069,47.4233602,0 0.9861082,47.4236112,0 0.9868046,47.4239022,0 0.9874725,47.4241869,0 0.9884898,47.4246082,0 0.9891671,47.4248912,0 0.9899966,47.4252369,0 0.9905766,47.4254781,0 0.9911138,47.4257032,0 0.9916770,47.4259379,0 0.9924186,47.4262451,0 0.9931721,47.4265602,0 0.9941274,47.4269574,0 0.9945373,47.4271252,0 0.9948714,47.4272694,0 0.9953040,47.4274478,0 0.9956367,47.4275910,0 0.9960360,47.4277501,0 0.9963974,47.4279061,0 0.9967586,47.4280573,0 0.9972435,47.4282599,0 0.9979090,47.4285364,0 0.9991830,47.4290670,0 1.0000766,47.4294401,0 1.0005614,47.4296426,0 1.0009157,47.4297906,0 1.0012317,47.4299193,0 1.0019163,47.4302023,0 1.0028027,47.4305720,0 1.0044356,47.4312521,0 1.0058878,47.4318583,0 1.0071292,47.4323770,0 1.0075540,47.4325544,0 1.0087281,47.4330400,0 1.0103586,47.4337250,0 1.0115375,47.4342073,0 1.0123052,47.4345336,0 1.0133796,47.4349854,0 1.0146226,47.4354854,0 1.0163814,47.4362186,0 1.0178336,47.4368439,0 1.0193358,47.4374677,0 1.0208640,47.4381027,0 1.0217601,47.4384773,0 1.0223068,47.4386943,0 1.0240751,47.4394354,0 1.0253467,47.4399563,0 1.0261976,47.4403195,0 1.0270389,47.4406732,0 1.0277496,47.4409658,0 1.0288928,47.4414464,0 1.0302927,47.4420252,0 1.0325554,47.4429704,0 1.0340173,47.4435764,0 1.0350036,47.4439863,0 1.0365010,47.4446116,0 1.0377131,47.4451195,0 1.0386781,47.4455150,0 1.0401350,47.4461274,0 1.0407436,47.4463797,0 1.0423431,47.4470435,0 1.0439403,47.4477042,0 1.0452642,47.4482587,0 1.0465167,47.4487843,0 1.0479547,47.4493742,0 1.0486321,47.4496555,0 1.0491659,47.4498813,0 1.0492857,47.4499319,0 1.0495253,47.4500316,0 1.0497801,47.4501377,0 1.0505953,47.4504800,0 1.0513107,47.4507757,0 1.0526322,47.4513206,0 1.0544386,47.4520808,0 1.0560144,47.4527350,0 1.0578398,47.4534871,0 1.0592112,47.4540641,0 1.0598838,47.4543421,0 1.0614954,47.4550122,0 1.0622654,47.4553305,0 1.0636083,47.4558881,0 1.0644995,47.4562561,0 1.0659755,47.4568668,0 1.0677130,47.4575964,0 1.0679606,47.4576983,0 1.0690796,47.4581589,0 1.0701563,47.4586088,0 1.0713043,47.4590829,0 1.0727233,47.4596742,0 1.0733769,47.4599442,0 1.0748790,47.4605694,0 1.0756363,47.4608886,0 1.0760247,47.4610482,0 1.0766049,47.4612889,0 1.0768352,47.4613845,0 1.0768353,47.4613845,0 1.0769658,47.4614387,0 1.0777027,47.4617392,0 1.0777561,47.4617615,0 1.0796088,47.4625346,0 1.0814199,47.4632866,0 1.0828508,47.4638827,0 1.0838989,47.4643150,0 1.0846833,47.4646412,0 1.0854558,47.4649577,0 1.0861664,47.4652550,0 1.0868913,47.4655555,0 1.0875473,47.4658302,0 1.0877399,47.4659105,0 1.0880274,47.4660279,0 1.0883221,47.4661500,0 1.0887952,47.4663331,0 1.0890923,47.4664472,0 1.0893679,47.4665452,0 1.0897221,47.4666754,0 1.0900882,47.4667975,0 1.0904779,47.4669244,0 1.0908725,47.4670481,0 1.0912861,47.4671735,0 1.0917210,47.4672956,0 1.0923366,47.4674643,0 1.0924543,47.4674956,0 1.0931352,47.4676764,0 1.0936319,47.4678049,0 1.0940597,47.4679174,0 1.0946540,47.4680733,0 1.0951744,47.4682066,0 1.0956546,47.4683303,0 1.0965410,47.4685633,0 1.0970521,47.4686982,0 1.0979576,47.4689345,0 1.0985471,47.4690838,0 1.0991818,47.4692510,0 1.1002940,47.4695401,0 1.1010618,47.4697394,0 1.1019316,47.4699675,0 1.1030083,47.4702486,0 1.1037499,47.4704383,0 1.1045319,47.4706455,0 1.1051737,47.4708126,0 1.1058034,47.4709765,0 1.1063073,47.4711099,0 1.1071725,47.4713348,0 1.1084607,47.4716689,0 1.1095421,47.4719534,0 1.1102576,47.4721380,0 1.1109540,47.4723196,0 1.1117145,47.4725172,0 1.1122279,47.4726522,0 1.1126034,47.4727486,0 1.1132333,47.4729109,0 1.1140319,47.4731196,0 1.1148994,47.4733446,0 1.1155626,47.4735197,0 1.1162043,47.4736884,0 1.1167058,47.4738138,0 1.1174545,47.4740065,0 1.1180890,47.4741736,0 1.1188093,47.4743503,0 1.1194629,47.4745206,0 1.1201973,47.4747102,0 1.1208842,47.4748821,0 1.1216709,47.4750893,0 1.1223744,47.4752933,0 1.1230210,47.4754636,0 1.1231640,47.4754998,0 1.1238374,47.4756702,0 1.1242402,47.4757721,0 1.1249937,47.4759681,0 1.1254810,47.4760966,0 1.1263960,47.4763391,0 1.1278434,47.4767151,0 1.1289653,47.4770058,0 1.1301133,47.4773014,0 1.1307883,47.4774765,0 1.1314776,47.4776580,0 1.1321574,47.4778347,0 1.1331508,47.4780981,0 1.1336928,47.4782428,0 1.1346601,47.4784902,0 1.1354207,47.4786893,0 1.1362050,47.4788869,0 1.1368634,47.4790572,0 1.1375906,47.4792515,0 1.1383323,47.4794428,0 1.1393614,47.4797126,0 1.1403336,47.4799664,0 1.1409943,47.4801319,0 1.1411373,47.4801707,0 1.1414315,47.4802507,0 1.1419022,47.4803696,0 1.1423562,47.4804885,0 1.1427816,47.4805993,0 1.1432831,47.4807311,0 1.1440271,47.4809253,0 1.1446402,47.4810860,0 1.1453747,47.4812788,0 1.1461187,47.4814683,0 1.1470741,47.4817172,0 1.1483480,47.4820466,0 1.1493036,47.4822956,0 1.1504158,47.4825847,0 1.1511527,47.4827775,0 1.1525526,47.4831453,0 1.1537814,47.4834650,0 1.1547464,47.4837139,0 1.1553881,47.4838825,0 1.1559752,47.4840351,0 1.1566051,47.4842006,0 1.1572825,47.4843789,0 1.1579004,47.4845363,0 1.1585230,47.4847001,0 1.1591553,47.4848624,0 1.1599040,47.4850567,0 1.1603509,47.4851755,0 1.1606860,47.4852654,0 1.1611352,47.4853795,0 1.1616819,47.4855192,0 1.1620764,47.4856205,0 1.1628346,47.4858180,0 1.1634715,47.4859882,0 1.1642203,47.4861794,0 1.1652732,47.4864540,0 1.1664283,47.4867544,0 1.1675478,47.4870451,0 1.1684652,47.4872860,0 1.1695681,47.4875703,0 1.1707779,47.4878835,0 1.1708441,47.4879013,0 1.1713530,47.4880377,0 1.1723181,47.4882866,0 1.1729859,47.4884601,0 1.1735088,47.4885870,0 1.1745261,47.4888552,0 1.1752201,47.4890382,0 1.1759449,47.4892262,0 1.1766177,47.4894013,0 1.1773996,47.4896036,0 1.1785832,47.4899120,0 1.1803492,47.4903713,0 1.1820866,47.4908323,0 1.1822230,47.4908673,0 1.1822231,47.4908673,0 1.1835032,47.4911968,0 1.1849839,47.4915774,0 1.1850699,47.4915997,0 1.1860935,47.4918655,0 1.1865067,47.4919728,0 1.1868091,47.4920515,0 1.1868444,47.4920596,0 1.1871136,47.4921218,0 1.1873702,47.4921845,0 1.1875566,47.4922305,0 1.1879692,47.4923322,0 1.1893763,47.4926968,0 1.1903463,47.4929527,0 1.1909711,47.4931176,0 1.1915486,47.4932637,0 1.1930199,47.4936620,0 1.1935547,47.4938016,0 1.1945815,47.4940698,0 1.1951400,47.4942144,0 1.1959172,47.4944104,0 1.1968369,47.4946560,0 1.1981942,47.4949997,0 1.1990997,47.4952438,0 1.1998152,47.4954355,0 1.2002738,47.4955585,0 1.2010749,47.4957689,0 1.2026079,47.4961688,0 1.2035704,47.4964113,0 1.2046282,47.4966778,0 1.2062705,47.4970986,0 1.2075325,47.4974326,0 1.2087899,47.4977553,0 1.2093294,47.4978999,0 1.2100496,47.4980862,0 1.2110146,47.4983366,0 1.2118441,47.4985502,0 1.2128328,47.4988103,0 1.2135173,47.4989934,0 1.2142161,47.4991909,0 1.2148405,47.4993801,0 1.2149363,47.4994093,0 1.2158505,47.4996943,0 1.2158506,47.4996943,0 1.2158942,47.4997079,0 1.2164611,47.4998946,0 1.2164612,47.4998946,0 1.2168401,47.5000194,0 1.2174057,47.5002154,0 1.2174382,47.5002270,0 1.2179786,47.5004209,0 1.2183493,47.5005606,0 1.2188841,47.5007597,0 1.2197350,47.5010937,0 1.2199404,47.5011786,0 1.2202128,47.5012912,0 1.2207475,47.5015160,0 1.2218219,47.5019961,0 1.2225087,47.5023124,0 1.2231663,47.5026276,0 1.2236353,47.5028647,0 1.2239847,47.5030382,0 1.2244814,47.5032967,0 1.2250804,47.5036145,0 1.2256794,47.5039614,0 1.2262759,47.5043066,0 1.2268868,47.5046679,0 1.2274477,47.5050050,0 1.2280800,47.5054096,0 1.2289094,47.5059668,0 1.2302856,47.5069493,0 1.2309107,47.5074246,0 1.2317925,47.5080908,0 1.2328263,47.5088824,0 1.2338816,47.5096819,0 1.2342264,47.5099436,0 1.2350677,47.5105890,0 1.2356952,47.5110674,0 1.2365652,47.5117337,0 1.2366364,47.5117882,0 1.2375586,47.5124929,0 1.2388920,47.5135075,0 1.2393934,47.5138944,0 1.2396837,47.5141158,0 1.2405320,47.5147629,0 1.2409075,47.5150486,0 1.2412735,47.5153311,0 1.2415587,47.5155511,0 1.2419817,47.5158689,0 1.2423930,47.5161883,0 1.2427732,47.5164741,0 1.2432890,47.5168674,0 1.2439475,47.5173730,0 1.2444774,47.5177807,0 1.2453211,47.5184244,0 1.2464098,47.5192398,0 1.2471503,47.5198094,0 1.2473510,47.5199637,0 1.2478356,47.5203342,0 1.2486630,47.5209669,0 1.2499132,47.5219171,0 1.2510160,47.5227598,0 1.2512305,47.5229230,0 1.2522163,47.5236731,0 1.2532786,47.5244868,0 1.2544314,47.5253695,0 1.2554392,47.5261399,0 1.2564184,47.5268781,0 1.2573787,47.5276213,0 1.2579349,47.5280529,0 1.2585790,47.5285377,0 1.2591209,47.5289517,0 1.2596199,47.5293353,0 1.2602546,47.5298183,0 1.2604851,47.5299965,0 1.2607394,47.5301906,0 1.2609557,47.5303559,0 1.2612956,47.5305902,0 1.2615000,47.5307347,0 1.2619611,47.5310733,0 1.2621370,47.5311984,0 1.2622392,47.5312675,0 1.2623913,47.5313653,0 1.2627170,47.5315740,0 1.2628951,47.5316959,0 1.2633040,47.5319479,0 1.2638364,47.5322736,0 1.2647919,47.5328529,0 1.2655025,47.5332717,0 1.2662916,47.5337516,0 1.2666713,47.5339694,0 1.2667337,47.5340051,0 1.2671234,47.5342410,0 1.2675655,47.5345154,0 1.2678032,47.5346678,0 1.2680172,47.5348171,0 1.2681361,47.5348990,0 1.2683191,47.5350321,0 1.2684427,47.5351252,0 1.2685639,47.5352167,0 1.2687183,47.5353418,0 1.2689085,47.5355007,0 1.2690987,47.5356579,0 1.2693672,47.5358922,0 1.2697570,47.5362388,0 1.2700066,47.5364602,0 1.2702181,47.5366384,0 1.2703465,47.5367491,0 1.2705128,47.5368823,0 1.2706674,47.5370106,0 1.2707862,47.5371069,0 1.2709882,47.5372561,0 1.2712853,47.5374840,0 1.2715633,47.5376893,0 1.2722764,47.5382045,0 1.2724709,47.5383452,0 1.2733364,47.5389714,0 1.2742063,47.5396036,0 1.2748505,47.5400625,0 1.2752118,47.5403288,0 1.2757275,47.5406995,0 1.2759437,47.5408567,0 1.2760627,47.5409530,0 1.2761933,47.5410589,0 1.2763384,47.5411696,0 1.2764643,47.5412819,0 1.2766426,47.5414263,0 1.2768114,47.5415772,0 1.2769421,47.5417055,0 1.2770728,47.5418338,0 1.2772581,47.5420232,0 1.2774174,47.5422012,0 1.2775529,47.5423457,0 1.2777930,47.5426328,0 1.2781233,47.5430485,0 1.2784370,47.5434431,0 1.2785179,47.5435458,0 1.2786699,47.5437175,0 1.2787865,47.5438570,0 1.2789813,47.5440608,0 1.2791190,47.5442048,0 1.2791286,47.5442148,0 1.2792403,47.5443303,0 1.2793569,47.5444442,0 1.2794757,47.5445565,0 1.2796326,47.5446994,0 1.2797989,47.5448534,0 1.2800509,47.5450828,0 1.2803575,47.5453539,0 1.2806379,47.5456106,0 1.2809184,47.5458545,0 1.2811822,47.5460903,0 1.2814651,47.5463374,0 1.2817075,47.5465572,0 1.2820782,47.5468764,0 1.2825964,47.5473369,0 1.2830409,47.5477364,0 1.2832738,47.5479449,0 1.2840201,47.5485994,0 1.2843315,47.5488769,0 1.2847047,47.5492107,0 1.2852251,47.5496774,0 1.2855650,47.5499758,0 1.2857670,47.5501539,0 1.2859429,47.5503047,0 1.2860927,47.5504314,0 1.2863185,47.5506143,0 1.2864445,47.5507138,0 1.2865823,47.5508341,0 1.2869863,47.5511357,0 1.2874094,47.5514501,0 1.2879489,47.5518447,0 1.2884790,47.5522394,0 1.2890494,47.5526628,0 1.2896270,47.5530879,0 1.2901997,47.5535098,0 1.2907702,47.5539301,0 1.2911529,47.5542140,0 1.2913020,47.5543264,0 1.2917186,47.5546406,0 1.2922296,47.5550240,0 1.2925671,47.5552694,0 1.2931660,47.5557250,0 1.2936866,47.5561533,0 1.2940312,47.5564517,0 1.2942000,47.5565992,0 1.2944161,47.5568013,0 1.2947086,47.5570740,0 1.2948939,47.5572552,0 1.2952196,47.5575937,0 1.2959421,47.5584005,0 1.2963391,47.5588801,0 1.2967549,47.5593789,0 1.2971543,47.5598985,0 1.2973848,47.5602049,0 1.2975950,47.5604779,0 1.2976059,47.5604920,0 1.2985209,47.5616644,0 1.2987420,47.5619531,0 1.2993077,47.5626845,0 1.2997072,47.5631984,0 1.2997141,47.5632073,0 1.2999399,47.5635008,0 1.3001467,47.5637446,0 1.3003202,47.5639563,0 1.3005199,47.5641824,0 1.3007432,47.5644294,0 1.3008978,47.5645882,0 1.3011972,47.5648720,0 1.3014611,47.5651045,0 1.3016321,47.5652569,0 1.3018794,47.5654493,0 1.3020742,47.5655937,0 1.3026875,47.5660363,0 1.3030488,47.5663138,0 1.3034457,47.5666249,0 1.3037427,47.5668526,0 1.3039448,47.5670354,0 1.3043084,47.5673786,0 1.3046673,47.5677395,0 1.3050523,47.5681419,0 1.3053400,47.5684419,0 1.3055467,47.5686487,0 1.3060030,47.5690881,0 1.3062693,47.5693415,0 1.3065878,47.5696269,0 1.3068896,47.5699028,0 1.3071986,47.5701690,0 1.3073656,47.5703159,0 1.3075813,47.5705057,0 1.3079877,47.5708553,0 1.3085439,47.5713428,0 1.3087839,47.5715528,0 1.3089954,47.5717421,0 1.3092902,47.5719922,0 1.3093882,47.5720778,0 1.3095231,47.5721958,0 1.3098202,47.5724588,0 1.3101862,47.5727763,0 1.3106735,47.5732012,0 1.3111940,47.5736502,0 1.3117406,47.5741281,0 1.3121257,47.5744616,0 1.3125725,47.5748545,0 1.3130336,47.5752569,0 1.3136587,47.5757860,0 1.3141626,47.5761900,0 1.3144074,47.5763728,0 1.3146285,47.5765380,0 1.3148020,47.5766647,0 1.3151038,47.5768651,0 1.3154080,47.5770832,0 1.3157835,47.5773236,0 1.3160022,47.5774680,0 1.3168817,47.5780099,0 1.3174569,47.5783643,0 1.3177881,47.5785655,0 1.3183434,47.5789029,0 1.3186328,47.5790828,0 1.3186329,47.5790828,0 1.3187665,47.5791659,0 1.3188206,47.5791995,0 1.3188207,47.5791995,0 1.3193543,47.5795311,0 1.3195176,47.5796325,0 1.3198647,47.5798446,0 1.3199191,47.5798778,0 1.3204706,47.5802177,0 1.3209364,47.5805207,0 1.3211313,47.5806569,0 1.3213191,47.5807965,0 1.3215141,47.5809471,0 1.3216804,47.5810899,0 1.3218990,47.5812823,0 1.3220845,47.5814779,0 1.3222080,47.5816109,0 1.3223626,47.5817953,0 1.3225385,47.5820086,0 1.3225796,47.5820645,0 1.3227518,47.5822989,0 1.3228207,47.5824019,0 1.3228944,47.5825121,0 1.3229847,47.5826804,0 1.3230631,47.5828520,0 1.3232176,47.5832560,0 1.3233015,47.5835134,0 1.3233033,47.5835190,0 1.3233928,47.5838722,0 1.3233984,47.5838941,0 1.3234530,47.5841505,0 1.3234767,47.5843012,0 1.3234958,47.5843975,0 1.3235100,47.5845097,0 1.3235361,47.5847117,0 1.3235528,47.5848880,0 1.3235633,47.5853641,0</coordinates>
      </LineString>
    </Placemark>
    <Placemark>
      <name>P7 - Tours ↔ Vierzon ↔ Nevers</name>
      <styleUrl>#REMI_P7</styleUrl>
      <LineString>
        <tessellate>1</tessellate>
        <coordinates>0.6938082,47.3893150,0 0.6939291,47.3892121,0 0.6940649,47.3890964,0 0.6941065,47.3890610,0 0.6941719,47.3890054,0 0.6942274,47.3889581,0 0.6942279,47.3889576,0 0.6942583,47.3889319,0 0.6943866,47.3888227,0 0.6946453,47.3886026,0 0.6948987,47.3883871,0 0.6950445,47.3882641,0 0.6956435,47.3877154,0 0.6961062,47.3872682,0 0.6961789,47.3871979,0 0.6962329,47.3871457,0 0.6963049,47.3870748,0 0.6964351,47.3869467,0 0.6966940,47.3866919,0 0.6970510,47.3863630,0 0.6970511,47.3863629,0 0.6971064,47.3863121,0 0.6971064,47.3863120,0 0.6972478,47.3861818,0 0.6973627,47.3860803,0 0.6975211,47.3859404,0 0.6975535,47.3859116,0 0.6975797,47.3858883,0 0.6976763,47.3858026,0 0.6976764,47.3858026,0 0.6979970,47.3855180,0 0.6981724,47.3853997,0 0.6983539,47.3852664,0 0.6987437,47.3849848,0 0.6990954,47.3847627,0 0.6992952,47.3846564,0 0.6996726,47.3844366,0 0.7001027,47.3841323,0 0.7005090,47.3838473,0 0.7010044,47.3835383,0 0.7014286,47.3833089,0 0.7016501,47.3831893,0 0.7022514,47.3828900,0 0.7026603,47.3827017,0 0.7031190,47.3825037,0 0.7035169,47.3823590,0 0.7037298,47.3822816,0 0.7043265,47.3820902,0 0.7048018,47.3819453,0 0.7055267,47.3817602,0 0.7058855,47.3816814,0 0.7061993,47.3816186,0 0.7066009,47.3815515,0 0.7067293,47.3815301,0 0.7070812,47.3814818,0 0.7074115,47.3814432,0 0.7077894,47.3814094,0 0.7081471,47.3813827,0 0.7085143,47.3813434,0 0.7089504,47.3813068,0 0.7090848,47.3813000,0 0.7093296,47.3812919,0 0.7098406,47.3812935,0 0.7101733,47.3813128,0 0.7105251,47.3813466,0 0.7108793,47.3813869,0 0.7113119,47.3814384,0 0.7115447,47.3814689,0 0.7116873,47.3814931,0 0.7119559,47.3815365,0 0.7121865,47.3815591,0 0.7123458,47.3815671,0 0.7125168,47.3815864,0 0.7128116,47.3816379,0 0.7133225,47.3817457,0 0.7135508,47.3818069,0 0.7139216,47.3819115,0 0.7143541,47.3820467,0 0.7147937,47.3821980,0 0.7152597,47.3823653,0 0.7155378,47.3824652,0 0.7159934,47.3826506,0 0.7163327,47.3828095,0 0.7170459,47.3831732,0 0.7174433,47.3833726,0 0.7181166,47.3836833,0 0.7181966,47.3837153,0 0.7182406,47.3837328,0 0.7183704,47.3837845,0 0.7183705,47.3837845,0 0.7183994,47.3837961,0 0.7184132,47.3838006,0 0.7187156,47.3838990,0 0.7190079,47.3839940,0 0.7193420,47.3840949,0 0.7193810,47.3841067,0 0.7197827,47.3842048,0 0.7205502,47.3844169,0 0.7206364,47.3844472,0 0.7213567,47.3847008,0 0.7220554,47.3849390,0 0.7227603,47.3851764,0 0.7228330,47.3852009,0 0.7228332,47.3852009,0 0.7229778,47.3852496,0 0.7234718,47.3854180,0 0.7234719,47.3854180,0 0.7239926,47.3855956,0 0.7247050,47.3858390,0 0.7247051,47.3858390,0 0.7247793,47.3858643,0 0.7250508,47.3859592,0 0.7252275,47.3860209,0 0.7253877,47.3860768,0 0.7259012,47.3862489,0 0.7263123,47.3863809,0 0.7265492,47.3864512,0 0.7265492,47.3864513,0 0.7266427,47.3864790,0 0.7270444,47.3865707,0 0.7273676,47.3866384,0 0.7277425,47.3866954,0 0.7277759,47.3867005,0 0.7277761,47.3867005,0 0.7279686,47.3867298,0 0.7282506,47.3867518,0 0.7283169,47.3867560,0 0.7283170,47.3867560,0 0.7283176,47.3867560,0 0.7283327,47.3867570,0 0.7285809,47.3867727,0 0.7288557,47.3867818,0 0.7290070,47.3867852,0 0.7294818,47.3867840,0 0.7299928,47.3867776,0 0.7304012,47.3867691,0 0.7304888,47.3867673,0 0.7305348,47.3867663,0 0.7305423,47.3867662,0 0.7310053,47.3867615,0 0.7313356,47.3867615,0 0.7315710,47.3867647,0 0.7317873,47.3867743,0 0.7320415,47.3867856,0 0.7323184,47.3868031,0 0.7323185,47.3868031,0 0.7323201,47.3868032,0 0.7323482,47.3868049,0 0.7325930,47.3868242,0 0.7327195,47.3868362,0 0.7328101,47.3868448,0 0.7328107,47.3868448,0 0.7328474,47.3868483,0 0.7331277,47.3868757,0 0.7332751,47.3868934,0 0.7334249,47.3869160,0 0.7339692,47.3870061,0 0.7344231,47.3870946,0 0.7347273,47.3871653,0 0.7350900,47.3872589,0 0.7351076,47.3872635,0 0.7354832,47.3873697,0 0.7359514,47.3875172,0 0.7363920,47.3876647,0 0.7366004,47.3877337,0 0.7368855,47.3877760,0 0.7370960,47.3878074,0 0.7373416,47.3878448,0 0.7379159,47.3880384,0 0.7382914,47.3881655,0 0.7386931,47.3882878,0 0.7389949,47.3883731,0 0.7393680,47.3884744,0 0.7401810,47.3886868,0 0.7405921,47.3887962,0 0.7406703,47.3888163,0 0.7412457,47.3889636,0 0.7420634,47.3891777,0 0.7423335,47.3892503,0 0.7423335,47.3892504,0 0.7426789,47.3893433,0 0.7428103,47.3893765,0 0.7428104,47.3893765,0 0.7430614,47.3894398,0 0.7431447,47.3894608,0 0.7433149,47.3895049,0 0.7433155,47.3895051,0 0.7433289,47.3895086,0 0.7434024,47.3895277,0 0.7434950,47.3895516,0 0.7434955,47.3895518,0 0.7435346,47.3895620,0 0.7435380,47.3895629,0 0.7435381,47.3895629,0 0.7435711,47.3895715,0 0.7436588,47.3895943,0 0.7437152,47.3896089,0 0.7440760,47.3897010,0 0.7440766,47.3897011,0 0.7440907,47.3897047,0 0.7441502,47.3897199,0 0.7446378,47.3898485,0 0.7452952,47.3899903,0 0.7453399,47.3900009,0 0.7454051,47.3900174,0 0.7454052,47.3900174,0 0.7455453,47.3900529,0 0.7460004,47.3901682,0 0.7462936,47.3902441,0 0.7467813,47.3903701,0 0.7468024,47.3903756,0 0.7468257,47.3903816,0 0.7469396,47.3904111,0 0.7469397,47.3904111,0 0.7475761,47.3905758,0 0.7476393,47.3905922,0 0.7480577,47.3907065,0 0.7481047,47.3907189,0 0.7483361,47.3907801,0 0.7488610,47.3909189,0 0.7496691,47.3911297,0 0.7504558,47.3913372,0 0.7512734,47.3915512,0 0.7519770,47.3917427,0 0.7528564,47.3919680,0 0.7536621,47.3921804,0 0.7541041,47.3922881,0 0.7546579,47.3924088,0 0.7551309,47.3925021,0 0.7555183,47.3925617,0 0.7559890,47.3926341,0 0.7565546,47.3926952,0 0.7567514,47.3927118,0 0.7571275,47.3927435,0 0.7576955,47.3927724,0 0.7584609,47.3927869,0 0.7589029,47.3927773,0 0.7592452,47.3927644,0 0.7596968,47.3927355,0 0.7602030,47.3926969,0 0.7607900,47.3926357,0 0.7614936,47.3925537,0 0.7624286,47.3924396,0 0.7624287,47.3924396,0 0.7624301,47.3924394,0 0.7624400,47.3924383,0 0.7625072,47.3924300,0 0.7630388,47.3923651,0 0.7632476,47.3923396,0 0.7641936,47.3922190,0 0.7648469,47.3921423,0 0.7652632,47.3920935,0 0.7655536,47.3920579,0 0.7655537,47.3920579,0 0.7668106,47.3919036,0 0.7680917,47.3917523,0 0.7693964,47.3915947,0 0.7698980,47.3915448,0 0.7700155,47.3915306,0 0.7701119,47.3915190,0 0.7707322,47.3914385,0 0.7709546,47.3914112,0 0.7723255,47.3912426,0 0.7723256,47.3912426,0 0.7725766,47.3912117,0 0.7737483,47.3910750,0 0.7745897,47.3909719,0 0.7750504,47.3909164,0 0.7750505,47.3909164,0 0.7759517,47.3908078,0 0.7761841,47.3907801,0 0.7768618,47.3906995,0 0.7777470,47.3905943,0 0.7779137,47.3905744,0 0.7784406,47.3905118,0 0.7784432,47.3905115,0 0.7784440,47.3905114,0 0.7784644,47.3905090,0 0.7795740,47.3903754,0 0.7798911,47.3903373,0 0.7801285,47.3903087,0 0.7801720,47.3903038,0 0.7805892,47.3902550,0 0.7805893,47.3902550,0 0.7815055,47.3901477,0 0.7815186,47.3901462,0 0.7825353,47.3900258,0 0.7829148,47.3899808,0 0.7829149,47.3899808,0 0.7829772,47.3899735,0 0.7835072,47.3898978,0 0.7839422,47.3898174,0 0.7844460,47.3896967,0 0.7848120,47.3895970,0 0.7851710,47.3894859,0 0.7854633,47.3893845,0 0.7856914,47.3893009,0 0.7860051,47.3891834,0 0.7863071,47.3890547,0 0.7866492,47.3889002,0 0.7868262,47.3888147,0 0.7871056,47.3886798,0 0.7877806,47.3883000,0 0.7880682,47.3881133,0 0.7884199,47.3878655,0 0.7886625,47.3876789,0 0.7888194,47.3875565,0 0.7890214,47.3873747,0 0.7891568,47.3872588,0 0.7893540,47.3870738,0 0.7895989,47.3868212,0 0.7897914,47.3866023,0 0.7898746,47.3865009,0 0.7901100,47.3861936,0 0.7902847,47.3859270,0 0.7903201,47.3858731,0 0.7904474,47.3856786,0 0.7906636,47.3853358,0 0.7912032,47.3843993,0 0.7919424,47.3831568,0 0.7920850,47.3829460,0 0.7920867,47.3829439,0 0.7921848,47.3828173,0 0.7923797,47.3825679,0 0.7925129,47.3824182,0 0.7926115,47.3823104,0 0.7928040,47.3821172,0 0.7929466,47.3819756,0 0.7932318,47.3817085,0 0.7941410,47.3808719,0 0.7961279,47.3790275,0 0.7967815,47.3784384,0 0.7969622,47.3782904,0 0.7971024,47.3781713,0 0.7974209,47.3779443,0 0.7977536,47.3777400,0 0.7979387,47.3776341,0 0.7980602,47.3775645,0 0.7982362,47.3774825,0 0.7984976,47.3773666,0 0.7987710,47.3772539,0 0.7989967,47.3771702,0 0.7992059,47.3771042,0 0.7999450,47.3768837,0 0.8022696,47.3762576,0 0.8046344,47.3756186,0 0.8069138,47.3750022,0 0.8089056,47.3744629,0 0.8105694,47.3740123,0 0.8108030,47.3739489,0 0.8129533,47.3733652,0 0.8150257,47.3728019,0 0.8176593,47.3720856,0 0.8198055,47.3715029,0 0.8203790,47.3713478,0 0.8206566,47.3712729,0 0.8216023,47.3710184,0 0.8238127,47.3704196,0 0.8244545,47.3702522,0 0.8253101,47.3700445,0 0.8258592,47.3699174,0 0.8267078,47.3697483,0 0.8268918,47.3697139,0 0.8272497,47.3696469,0 0.8299236,47.3691318,0 0.8306318,47.3689821,0 0.8309955,47.3689032,0 0.8312783,47.3688292,0 0.8314970,47.3687712,0 0.8320587,47.3686139,0 0.8321577,47.3685861,0 0.8325380,47.3684653,0 0.8332962,47.3682062,0 0.8343823,47.3677941,0 0.8356160,47.3673385,0 0.8359226,47.3672290,0 0.8360577,47.3671833,0 0.8361555,47.3671502,0 0.8364525,47.3670519,0 0.8368186,47.3669554,0 0.8372156,47.3668669,0 0.8375269,47.3668138,0 0.8378477,47.3667703,0 0.8381354,47.3667413,0 0.8384395,47.3667187,0 0.8386630,47.3667058,0 0.8389221,47.3667010,0 0.8391812,47.3667027,0 0.8394807,47.3667139,0 0.8398015,47.3667397,0 0.8400083,47.3667590,0 0.8401947,47.3667838,0 0.8403339,47.3668025,0 0.8406357,47.3668491,0 0.8410041,47.3669135,0 0.8413797,47.3669876,0 0.8417695,47.3670648,0 0.8431932,47.3673433,0 0.8435521,47.3674062,0 0.8441106,47.3674979,0 0.8446216,47.3675590,0 0.8451089,47.3675993,0 0.8454464,47.3676186,0 0.8459265,47.3676315,0 0.8462687,47.3676363,0 0.8465516,47.3676331,0 0.8468202,47.3676186,0 0.8470650,47.3676058,0 0.8473097,47.3675913,0 0.8477471,47.3675527,0 0.8479896,47.3675285,0 0.8482628,47.3674947,0 0.8486147,47.3674432,0 0.8488785,47.3673965,0 0.8490757,47.3673610,0 0.8503710,47.3671051,0 0.8525982,47.3666511,0 0.8552506,47.3661199,0 0.8575704,47.3656466,0 0.8580203,47.3655554,0 0.8581266,47.3655339,0 0.8593719,47.3652795,0 0.8603458,47.3650786,0 0.8612829,47.3648852,0 0.8633222,47.3644746,0 0.8645161,47.3642330,0 0.8668905,47.3637501,0 0.8687277,47.3633782,0 0.8710855,47.3629016,0 0.8738497,47.3623414,0 0.8759318,47.3619180,0 0.8777500,47.3615525,0 0.8783151,47.3614347,0 0.8783443,47.3614286,0 0.8801838,47.3610550,0 0.8820211,47.3606831,0 0.8837562,47.3603322,0 0.8856077,47.3599522,0 0.8877302,47.3595223,0 0.8897789,47.3591053,0 0.8909056,47.3588799,0 0.8910829,47.3588436,0 0.8922651,47.3586014,0 0.8942830,47.3581924,0 0.8951719,47.3580105,0 0.8980763,47.3574164,0 0.8985754,47.3573004,0 0.8997187,47.3570106,0 0.9006386,47.3567449,0 0.9009435,47.3566499,0 0.9017913,47.3563859,0 0.9035239,47.3558224,0 0.9055633,47.3551637,0 0.9059502,47.3550385,0 0.9073697,47.3545793,0 0.9080138,47.3543812,0 0.9083631,47.3542862,0 0.9086697,47.3542089,0 0.9089972,47.3541345,0 0.9091094,47.3541091,0 0.9094992,47.3540334,0 0.9116455,47.3536582,0 0.9133663,47.3533555,0 0.9158952,47.3529160,0 0.9179963,47.3525520,0 0.9182679,47.3525053,0 0.9198478,47.3522332,0 0.9219607,47.3518661,0 0.9241634,47.3514819,0 0.9242686,47.3514635,0 0.9263626,47.3511012,0 0.9286752,47.3507035,0 0.9306194,47.3503508,0 0.9317982,47.3501189,0 0.9327300,47.3499369,0 0.9335571,47.3497679,0 0.9346219,47.3495375,0 0.9356749,47.3493089,0 0.9370534,47.3489965,0 0.9391473,47.3485118,0 0.9412864,47.3480109,0 0.9431095,47.3475858,0 0.9431775,47.3475696,0 0.9436656,47.3474538,0 0.9444048,47.3472573,0 0.9454578,47.3469529,0 0.9478012,47.3462024,0 0.9490229,47.3458176,0 0.9495411,47.3456629,0 0.9503301,47.3454584,0 0.9509623,47.3453135,0 0.9514497,47.3452120,0 0.9520700,47.3450945,0 0.9524741,47.3450252,0 0.9529875,47.3449496,0 0.9534865,47.3448803,0 0.9542424,47.3447869,0 0.9564409,47.3445002,0 0.9576480,47.3443437,0 0.9588747,47.3441845,0 0.9615225,47.3438367,0 0.9629105,47.3436547,0 0.9655748,47.3433084,0 0.9664591,47.3431924,0 0.9670200,47.3431200,0 0.9678138,47.3430121,0 0.9681133,47.3429670,0 0.9685768,47.3428945,0 0.9690022,47.3428204,0 0.9695726,47.3427142,0 0.9698999,47.3426496,0 0.9702263,47.3425853,0 0.9711104,47.3423872,0 0.9716689,47.3422487,0 0.9720588,47.3421456,0 0.9737178,47.3416914,0 0.9759496,47.3410811,0 0.9779556,47.3405302,0 0.9789349,47.3402629,0 0.9803283,47.3398835,0 0.9806033,47.3398086,0 0.9816428,47.3395231,0 0.9824150,47.3393475,0 0.9826505,47.3392835,0 0.9830754,47.3391681,0 0.9830754,47.3391680,0 0.9831174,47.3391566,0 0.9838162,47.3389616,0 0.9845459,47.3387603,0 0.9855488,47.3384834,0 0.9869041,47.3381122,0 0.9870984,47.3380589,0 0.9871427,47.3380468,0 0.9873294,47.3379956,0 0.9881759,47.3377635,0 0.9886545,47.3376431,0 0.9889503,47.3375773,0 0.9890107,47.3375646,0 0.9893274,47.3375023,0 0.9895796,47.3374671,0 0.9899270,47.3374222,0 0.9900588,47.3374114,0 0.9901787,47.3374016,0 0.9904456,47.3373871,0 0.9906295,47.3373807,0 0.9909008,47.3373775,0 0.9911955,47.3373839,0 0.9915800,47.3374047,0 0.9919055,47.3374383,0 0.9922576,47.3374815,0 0.9925485,47.3375296,0 0.9929042,47.3375891,0 0.9935314,47.3377082,0 0.9945062,47.3378790,0 0.9957921,47.3381125,0 0.9960952,47.3381642,0 0.9963485,47.3382016,0 0.9967065,47.3382468,0 0.9970785,47.3382856,0 0.9973528,47.3383115,0 0.9975679,47.3383277,0 0.9978095,47.3383423,0 0.9982798,47.3383568,0 0.9986167,47.3383585,0 0.9989464,47.3383520,0 0.9991642,47.3383422,0 0.9994715,47.3383245,0 0.9996865,47.3383099,0 0.9999876,47.3382840,0 1.0004770,47.3382290,0 1.0009520,47.3381578,0 1.0014317,47.3380737,0 1.0016831,47.3380218,0 1.0019811,47.3379524,0 1.0038064,47.3375255,0 1.0052585,47.3371889,0 1.0073810,47.3366976,0 1.0077886,47.3366030,0 1.0092826,47.3362563,0 1.0113527,47.3357698,0 1.0124479,47.3355154,0 1.0132533,47.3353336,0 1.0140087,47.3351709,0 1.0153409,47.3348973,0 1.0164523,47.3346913,0 1.0176385,47.3344854,0 1.0184546,47.3343436,0 1.0212506,47.3339347,0 1.0233441,47.3336641,0 1.0259727,47.3333211,0 1.0282616,47.3330262,0 1.0300299,47.3327959,0 1.0310040,47.3326703,0 1.0319580,47.3325601,0 1.0323420,47.3325212,0 1.0325593,47.3325024,0 1.0335632,47.3324161,0 1.0352339,47.3322872,0 1.0375988,47.3321020,0 1.0403133,47.3318861,0 1.0417607,47.3317685,0 1.0435699,47.3316235,0 1.0440758,47.3315749,0 1.0444701,47.3315215,0 1.0447454,47.3314777,0 1.0449660,47.3314355,0 1.0454384,47.3313303,0 1.0458510,47.3312269,0 1.0461151,47.3311567,0 1.0461726,47.3311414,0 1.0467316,47.3309850,0 1.0470718,47.3308906,0 1.0478195,47.3306942,0 1.0481056,47.3306286,0 1.0483418,47.3305789,0 1.0486652,47.3305198,0 1.0490898,47.3304590,0 1.0494651,47.3304254,0 1.0497340,47.3304078,0 1.0501497,47.3303950,0 1.0504225,47.3303966,0 1.0507023,47.3304109,0 1.0510641,47.3304381,0 1.0514375,47.3304830,0 1.0515828,47.3305053,0 1.0517292,47.3305277,0 1.0520998,47.3305981,0 1.0524146,47.3306719,0 1.0529728,47.3308023,0 1.0542205,47.3311067,0 1.0553790,47.3313824,0 1.0556948,47.3314489,0 1.0560622,47.3315135,0 1.0563395,47.3315589,0 1.0565652,47.3315882,0 1.0571876,47.3316480,0 1.0576106,47.3316788,0 1.0580692,47.3316934,0 1.0584881,47.3316966,0 1.0587371,47.3316886,0 1.0588365,47.3316854,0 1.0592497,47.3316578,0 1.0596539,47.3316222,0 1.0600248,47.3315789,0 1.0603318,47.3315348,0 1.0608286,47.3314506,0 1.0625709,47.3311139,0 1.0636009,47.3309289,0 1.0640104,47.3308696,0 1.0645746,47.3307973,0 1.0652507,47.3307298,0 1.0656425,47.3306928,0 1.0661438,47.3306666,0 1.0665200,47.3306584,0 1.0666691,47.3306551,0 1.0672183,47.3306428,0 1.0677076,47.3306318,0 1.0700107,47.3305866,0 1.0726943,47.3305303,0 1.0755322,47.3304626,0 1.0771745,47.3304240,0 1.0784839,47.3303982,0 1.0805423,47.3303563,0 1.0819115,47.3303273,0 1.0829123,47.3303031,0 1.0848445,47.3302532,0 1.0858618,47.3302306,0 1.0875796,47.3301888,0 1.0883099,47.3301856,0 1.0889754,47.3302016,0 1.0895348,47.3302354,0 1.0901855,47.3302772,0 1.0906925,47.3303170,0 1.0909430,47.3303345,0 1.0910846,47.3303444,0 1.0928813,47.3304748,0 1.0935754,47.3305248,0 1.0952134,47.3306408,0 1.0953284,47.3306479,0 1.0957048,47.3306714,0 1.0966065,47.3307485,0 1.0969067,47.3307806,0 1.0971476,47.3308126,0 1.0974393,47.3308560,0 1.0977451,47.3309026,0 1.0984288,47.3310232,0 1.0992867,47.3311763,0 1.1001619,47.3313337,0 1.1002541,47.3313503,0 1.1014046,47.3315516,0 1.1022267,47.3316982,0 1.1036883,47.3319656,0 1.1052477,47.3322459,0 1.1063981,47.3324505,0 1.1075865,47.3326615,0 1.1079714,47.3327292,0 1.1084585,47.3328177,0 1.1089444,47.3329049,0 1.1092680,47.3329549,0 1.1096360,47.3330160,0 1.1099692,47.3330725,0 1.1106191,47.3331693,0 1.1109995,47.3332224,0 1.1113113,47.3332677,0 1.1115614,47.3332999,0 1.1120748,47.3333660,0 1.1123627,47.3334031,0 1.1128436,47.3334595,0 1.1131836,47.3334966,0 1.1132407,47.3335030,0 1.1137449,47.3335595,0 1.1143090,47.3336159,0 1.1151007,47.3336852,0 1.1158161,47.3337528,0 1.1163320,47.3337979,0 1.1168738,47.3338463,0 1.1176341,47.3339171,0 1.1189035,47.3340348,0 1.1198518,47.3341201,0 1.1206743,47.3341974,0 1.1211901,47.3342426,0 1.1218747,47.3343054,0 1.1224977,47.3343586,0 1.1228805,47.3343908,0 1.1233309,47.3344263,0 1.1237477,47.3344489,0 1.1238871,47.3344562,0 1.1242402,47.3344747,0 1.1251535,47.3345134,0 1.1258355,47.3345376,0 1.1263751,47.3345617,0 1.1268077,47.3345762,0 1.1276894,47.3346133,0 1.1283757,47.3346393,0 1.1284548,47.3346423,0 1.1294388,47.3346825,0 1.1302302,47.3347131,0 1.1307556,47.3347341,0 1.1316159,47.3347663,0 1.1323123,47.3347952,0 1.1331037,47.3348259,0 1.1335907,47.3348468,0 1.1338285,47.3348572,0 1.1339588,47.3348629,0 1.1342670,47.3348790,0 1.1346465,47.3349047,0 1.1347276,47.3349107,0 1.1353205,47.3349545,0 1.1358256,47.3350028,0 1.1363359,47.3350575,0 1.1367845,47.3351090,0 1.1372730,47.3351700,0 1.1375526,47.3352118,0 1.1376437,47.3352251,0 1.1379253,47.3352665,0 1.1383905,47.3353436,0 1.1387673,47.3354063,0 1.1391680,47.3354867,0 1.1396670,47.3355833,0 1.1401437,47.3356829,0 1.1405206,47.3357681,0 1.1411068,47.3359080,0 1.1418359,47.3360931,0 1.1430647,47.3364120,0 1.1437873,47.3365957,0 1.1453154,47.3369903,0 1.1470577,47.3374412,0 1.1483864,47.3377795,0 1.1490405,47.3379485,0 1.1491969,47.3379889,0 1.1499076,47.3381693,0 1.1505135,47.3383255,0 1.1514501,47.3385671,0 1.1524151,47.3388136,0 1.1535156,47.3390922,0 1.1536249,47.3391203,0 1.1548298,47.3394288,0 1.1565171,47.3398636,0 1.1574655,47.3401133,0 1.1592862,47.3405836,0 1.1614206,47.3411329,0 1.1629586,47.3415259,0 1.1643726,47.3418866,0 1.1644955,47.3419183,0 1.1659152,47.3422844,0 1.1670369,47.3425711,0 1.1677168,47.3427483,0 1.1688362,47.3430317,0 1.1696228,47.3432379,0 1.1713129,47.3436711,0 1.1725917,47.3439997,0 1.1727434,47.3440383,0 1.1727610,47.3440071,0 1.1733315,47.3441520,0 1.1734977,47.3441940,0 1.1740920,47.3443437,0 1.1748859,47.3445515,0 1.1751676,47.3446256,0 1.1755467,47.3447254,0 1.1763073,47.3449509,0 1.1780993,47.3454356,0 1.1798486,47.3457819,0 1.1813769,47.3459010,0 1.1832831,47.3458656,0 1.1845213,47.3457110,0 1.1848327,47.3456627,0 1.1851845,47.3456144,0 1.1853880,47.3455864,0 1.1858524,47.3455226,0 1.1876468,47.3452311,0 1.1901188,47.3448285,0 1.1913404,47.3446094,0 1.1920630,47.3444613,0 1.1928854,47.3443147,0 1.1937718,47.3441569,0 1.1940880,47.3441135,0 1.1943851,47.3440860,0 1.1945063,47.3440780,0 1.1947464,47.3440619,0 1.1949507,47.3440522,0 1.1951695,47.3440474,0 1.1954190,47.3440490,0 1.1956567,47.3440554,0 1.1959419,47.3440683,0 1.1962818,47.3440989,0 1.1966502,47.3441376,0 1.1976603,47.3442696,0 1.2003152,47.3446095,0 1.2015305,47.3447683,0 1.2024092,47.3448832,0 1.2036308,47.3450427,0 1.2038946,47.3450765,0 1.2042417,47.3451055,0 1.2045887,47.3451281,0 1.2049452,47.3451441,0 1.2053991,47.3451473,0 1.2058412,47.3451345,0 1.2064259,47.3451103,0 1.2068799,47.3450975,0 1.2072958,47.3450942,0 1.2075716,47.3450990,0 1.2078520,47.3451119,0 1.2082465,47.3451441,0 1.2084320,47.3451602,0 1.2087575,47.3451989,0 1.2094635,47.3452810,0 1.2104000,47.3453889,0 1.2114528,47.3455113,0 1.2116044,47.3455293,0 1.2119829,47.3455741,0 1.2123941,47.3456160,0 1.2126935,47.3456402,0 1.2130595,47.3456611,0 1.2133852,47.3456788,0 1.2138653,47.3456884,0 1.2143882,47.3456852,0 1.2148659,47.3456724,0 1.2154363,47.3456386,0 1.2174899,47.3455129,0 1.2190515,47.3454179,0 1.2201852,47.3453486,0 1.2216469,47.3452601,0 1.2234675,47.3451473,0 1.2251122,47.3450475,0 1.2269804,47.3449283,0 1.2279027,47.3448752,0 1.2280284,47.3448663,0 1.2291789,47.3447850,0 1.2298041,47.3447335,0 1.2303888,47.3446835,0 1.2315058,47.3445836,0 1.2330317,47.3444404,0 1.2339825,47.3443486,0 1.2353538,47.3442181,0 1.2367870,47.3440844,0 1.2386076,47.3439121,0 1.2394206,47.3438364,0 1.2396389,47.3438166,0 1.2406613,47.3437237,0 1.2415477,47.3436367,0 1.2420944,47.3435868,0 1.2424605,47.3435529,0 1.2427742,47.3435192,0 1.2431498,47.3434757,0 1.2435942,47.3434144,0 1.2438914,47.3433710,0 1.2441100,47.3433291,0 1.2444142,47.3432744,0 1.2448276,47.3431908,0 1.2450441,47.3431471,0 1.2460399,47.3429490,0 1.2473352,47.3426849,0 1.2483691,47.3424723,0 1.2490347,47.3423370,0 1.2497857,47.3421872,0 1.2501091,47.3421228,0 1.2503609,47.3420777,0 1.2505724,47.3420423,0 1.2508600,47.3419972,0 1.2511761,47.3419520,0 1.2514876,47.3419118,0 1.2519177,47.3418699,0 1.2522362,47.3418409,0 1.2524651,47.3418246,0 1.2527543,47.3418039,0 1.2530895,47.3417830,0 1.2534698,47.3417605,0 1.2538596,47.3417379,0 1.2542826,47.3417073,0 1.2546131,47.3416896,0 1.2549886,47.3416622,0 1.2553046,47.3416396,0 1.2557016,47.3416009,0 1.2561318,47.3415527,0 1.2565120,47.3414995,0 1.2568306,47.3414464,0 1.2570706,47.3414077,0 1.2572892,47.3413642,0 1.2576077,47.3412982,0 1.2579975,47.3412144,0 1.2584824,47.3410953,0 1.2592335,47.3409052,0 1.2592468,47.3409017,0 1.2602793,47.3406346,0 1.2610303,47.3404462,0 1.2619335,47.3402175,0 1.2628153,47.3399936,0 1.2634975,47.3398261,0 1.2644886,47.3395732,0 1.2650852,47.3394219,0 1.2655035,47.3393155,0 1.2657364,47.3392575,0 1.2660596,47.3391722,0 1.2663924,47.3390771,0 1.2667727,47.3389532,0 1.2670603,47.3388516,0 1.2672422,47.3387883,0 1.2673931,47.3387357,0 1.2677590,47.3385939,0 1.2684602,47.3383088,0 1.2692207,47.3379867,0 1.2697008,47.3377870,0 1.2701668,47.3375873,0 1.2707490,47.3373425,0 1.2711840,47.3371653,0 1.2714859,47.3370509,0 1.2716736,47.3369816,0 1.2719018,47.3369108,0 1.2721870,47.3368238,0 1.2724651,47.3367336,0 1.2729061,47.3366084,0 1.2729358,47.3365999,0 1.2735251,47.3364372,0 1.2741454,47.3362681,0 1.2748895,47.3360619,0 1.2755193,47.3358928,0 1.2762751,47.3356866,0 1.2767956,47.3355432,0 1.2772876,47.3354047,0 1.2776488,47.3352984,0 1.2779389,47.3352034,0 1.2781956,47.3351212,0 1.2784095,47.3350439,0 1.2786090,47.3349746,0 1.2792864,47.3347266,0 1.2794057,47.3346819,0 1.2799663,47.3344720,0 1.2808741,47.3341403,0 1.2815683,47.3338857,0 1.2824238,47.3335701,0 1.2834412,47.3332012,0 1.2840805,47.3329563,0 1.2846818,47.3327340,0 1.2861839,47.3321815,0 1.2869302,47.3319092,0 1.2883849,47.3313729,0 1.2889553,47.3311570,0 1.2897777,47.3308493,0 1.2903034,47.3306584,0 1.2908424,47.3304627,0 1.2913273,47.3302823,0 1.2926298,47.3298022,0 1.2933214,47.3295444,0 1.2943102,47.3291788,0 1.2948330,47.3289790,0 1.2958551,47.3285859,0 1.2962057,47.3284469,0 1.2963875,47.3283748,0 1.2971291,47.3280752,0 1.2975687,47.3278964,0 1.2984814,47.3275308,0 1.2990662,47.3272955,0 1.2998172,47.3269958,0 1.3004185,47.3267510,0 1.3010389,47.3265013,0 1.3010621,47.3264919,0 1.3019445,47.3261340,0 1.3025648,47.3258778,0 1.3033872,47.3255459,0 1.3040051,47.3252914,0 1.3046421,47.3250368,0 1.3047298,47.3250014,0 1.3050533,47.3248709,0 1.3057283,47.3245954,0 1.3062108,47.3244021,0 1.3064723,47.3242957,0 1.3068668,47.3241378,0 1.3073920,47.3239252,0 1.3077891,47.3237656,0 1.3081171,47.3236319,0 1.3084925,47.3234837,0 1.3087991,47.3233597,0 1.3091271,47.3232260,0 1.3095288,47.3230745,0 1.3098687,47.3229504,0 1.3102014,47.3228328,0 1.3104155,47.3227597,0 1.3105176,47.3227248,0 1.3107528,47.3226475,0 1.3111070,47.3225332,0 1.3113851,47.3224445,0 1.3116394,47.3223688,0 1.3120554,47.3222431,0 1.3125972,47.3220885,0 1.3129978,47.3219763,0 1.3134315,47.3218549,0 1.3138308,47.3217452,0 1.3142324,47.3216309,0 1.3152498,47.3213408,0 1.3158772,47.3211653,0 1.3162088,47.3210719,0 1.3165927,47.3209639,0 1.3171845,47.3207851,0 1.3179260,47.3205578,0 1.3185274,47.3203612,0 1.3192856,47.3200922,0 1.3198929,47.3198582,0 1.3204941,47.3196197,0 1.3209172,47.3194344,0 1.3213047,47.3192620,0 1.3217990,47.3190364,0 1.3220904,47.3188991,0 1.3223599,47.3187722,0 1.3229327,47.3185014,0 1.3235007,47.3182404,0 1.3241378,47.3179472,0 1.3247914,47.3176330,0 1.3253404,47.3173688,0 1.3257658,47.3171737,0 1.3263030,47.3169256,0 1.3266643,47.3167549,0 1.3270303,47.3165872,0 1.3276412,47.3163004,0 1.3279857,47.3161376,0 1.3283566,47.3159636,0 1.3287107,47.3157976,0 1.3291505,47.3155946,0 1.3297850,47.3152965,0 1.3306289,47.3149042,0 1.3311470,47.3146633,0 1.3318243,47.3143442,0 1.3327275,47.3139252,0 1.3338042,47.3134160,0 1.3345552,47.3130647,0 1.3352231,47.3127505,0 1.3353450,47.3126935,0 1.3360051,47.3123847,0 1.3366468,47.3120833,0 1.3374192,47.3117111,0 1.3378922,47.3114564,0 1.3383082,47.3112518,0 1.3385625,47.3111196,0 1.3391330,47.3108071,0 1.3398841,47.3103735,0 1.3403998,47.3100674,0 1.3407682,47.3098369,0 1.3410915,47.3096323,0 1.3414574,47.3093921,0 1.3418377,47.3091375,0 1.3425508,47.3086556,0 1.3431901,47.3082092,0 1.3440672,47.3076097,0 1.3448633,47.3070569,0 1.3460970,47.3062125,0 1.3470857,47.3055307,0 1.3476633,47.3051326,0 1.3477959,47.3050407,0 1.3480792,47.3048441,0 1.3486045,47.3044879,0 1.3492557,47.3040334,0 1.3503989,47.3032533,0 1.3513567,47.3025909,0 1.3519843,47.3021557,0 1.3525380,47.3017753,0 1.3534840,47.3011210,0 1.3537478,47.3009436,0 1.3541566,47.3006744,0 1.3543538,47.3005456,0 1.3544157,47.3005052,0 1.3549243,47.3001925,0 1.3551573,47.3000539,0 1.3554449,47.2998863,0 1.3556944,47.2997461,0 1.3558845,47.2996380,0 1.3561484,47.2994962,0 1.3565311,47.2992979,0 1.3568804,47.2991239,0 1.3573558,47.2988934,0 1.3579144,47.2986355,0 1.3592572,47.2980246,0 1.3600535,47.2976602,0 1.3601618,47.2976119,0 1.3608449,47.2973073,0 1.3609363,47.2972661,0 1.3613845,47.2970639,0 1.3621569,47.2967108,0 1.3625681,47.2965238,0 1.3636781,47.2960226,0 1.3650233,47.2954132,0 1.3665326,47.2947249,0 1.3681345,47.2940043,0 1.3697579,47.2932692,0 1.3715120,47.2924697,0 1.3727194,47.2919167,0 1.3743451,47.2911913,0 1.3758496,47.2905029,0 1.3763185,47.2902891,0 1.3771474,47.2899113,0 1.3773261,47.2898251,0 1.3785853,47.2892567,0 1.3798736,47.2886747,0 1.3809954,47.2881604,0 1.3821053,47.2876590,0 1.3825100,47.2874803,0 1.3825617,47.2874575,0 1.3829748,47.2872653,0 1.3830063,47.2872500,0 1.3839486,47.2868685,0 1.3845232,47.2866032,0 1.3848369,47.2864583,0 1.3851984,47.2862987,0 1.3852649,47.2862684,0 1.3859878,47.2859390,0 1.3863725,47.2857618,0 1.3866434,47.2856425,0 1.3869952,47.2854812,0 1.3872853,47.2853539,0 1.3876324,47.2851941,0 1.3883977,47.2848492,0 1.3888257,47.2846539,0 1.3897931,47.2842090,0 1.3904748,47.2838996,0 1.3914090,47.2834852,0 1.3920248,47.2832045,0 1.3929493,47.2827837,0 1.3937622,47.2824113,0 1.3944107,47.2821196,0 1.3949598,47.2818760,0 1.3957969,47.2814985,0 1.3962671,47.2812794,0 1.3966380,47.2811181,0 1.3972020,47.2808518,0 1.3976175,47.2806585,0 1.3981757,47.2804039,0 1.3986653,47.2801862,0 1.3990552,47.2800089,0 1.3995448,47.2797895,0 1.3998494,47.2796514,0 1.4003697,47.2794154,0 1.4008088,47.2792157,0 1.4011547,47.2790678,0 1.4014964,47.2789293,0 1.4017475,47.2788281,0 1.4021147,47.2786931,0 1.4023609,47.2786064,0 1.4026258,47.2785197,0 1.4028840,47.2784409,0 1.4031403,47.2783653,0 1.4033836,47.2782947,0 1.4036506,47.2782291,0 1.4039635,47.2781567,0 1.4043189,47.2780779,0 1.4048018,47.2779848,0 1.4052471,47.2779125,0 1.4056474,47.2778546,0 1.4059692,47.2778144,0 1.4063320,47.2777775,0 1.4066395,47.2777470,0 1.4069873,47.2777261,0 1.4072906,47.2777100,0 1.4077456,47.2776940,0 1.4081791,47.2776876,0 1.4086188,47.2776907,0 1.4090001,47.2777100,0 1.4093982,47.2777277,0 1.4097011,47.2777534,0 1.4100733,47.2777840,0 1.4103361,47.2778129,0 1.4106181,47.2778450,0 1.4109371,47.2778884,0 1.4111879,47.2779301,0 1.4115252,47.2779881,0 1.4117230,47.2780218,0 1.4119205,47.2780555,0 1.4121426,47.2781052,0 1.4123889,47.2781567,0 1.4126350,47.2782193,0 1.4129222,47.2782901,0 1.4131963,47.2783638,0 1.4134641,47.2784442,0 1.4137841,47.2785391,0 1.4141060,47.2786467,0 1.4144874,47.2787785,0 1.4162074,47.2794393,0 1.4169086,47.2797038,0 1.4179209,47.2800955,0 1.4189572,47.2804954,0 1.4201694,47.2809598,0 1.4206353,47.2811372,0 1.4224439,47.2818369,0 1.4231594,47.2821111,0 1.4243121,47.2825545,0 1.4251915,47.2828931,0 1.4264370,47.2833719,0 1.4277942,47.2838927,0 1.4286827,47.2842312,0 1.4299156,47.2847290,0 1.4301763,47.2848352,0 1.4304771,47.2849670,0 1.4309420,47.2851777,0 1.4315066,47.2854514,0 1.4319030,47.2856526,0 1.4323300,47.2858730,0 1.4325505,47.2859953,0 1.4327499,47.2861031,0 1.4330274,47.2862641,0 1.4334546,47.2865072,0 1.4339196,47.2867936,0 1.4348059,47.2873561,0 1.4356045,47.2878607,0 1.4361465,47.2882042,0 1.4368810,47.2886653,0 1.4373730,47.2889749,0 1.4379040,47.2893044,0 1.4384306,47.2896018,0 1.4387520,47.2897761,0 1.4390028,47.2899107,0 1.4391660,47.2899871,0 1.4393354,47.2900648,0 1.4397111,47.2902293,0 1.4400153,47.2903664,0 1.4402373,47.2904636,0 1.4404668,47.2905560,0 1.4406742,47.2906352,0 1.4407910,47.2906788,0 1.4409600,47.2907418,0 1.4411484,47.2908098,0 1.4413342,47.2908743,0 1.4415112,47.2909360,0 1.4417352,47.2910039,0 1.4420522,47.2911057,0 1.4422629,47.2911642,0 1.4424803,47.2912221,0 1.4427173,47.2912852,0 1.4431222,47.2913918,0 1.4434202,47.2914614,0 1.4438163,47.2915536,0 1.4442695,47.2916377,0 1.4446960,47.2917153,0 1.4451852,47.2917897,0 1.4456174,47.2918432,0 1.4459656,47.2918756,0 1.4463821,47.2919144,0 1.4468685,47.2919499,0 1.4472931,47.2919709,0 1.4476383,47.2919822,0 1.4480907,47.2919967,0 1.4484770,47.2920016,0 1.4489204,47.2920000,0 1.4491952,47.2919935,0 1.4496455,47.2919725,0 1.4500935,47.2919482,0 1.4504775,47.2919175,0 1.4509959,47.2918708,0 1.4515070,47.2918256,0 1.4528835,47.2916966,0 1.4545380,47.2915369,0 1.4564723,47.2913435,0 1.4574275,47.2912613,0 1.4583645,47.2911743,0 1.4588467,47.2911259,0 1.4592340,47.2910937,0 1.4596752,47.2910502,0 1.4601137,47.2910245,0 1.4607474,47.2909827,0 1.4610485,47.2909730,0 1.4615163,47.2909537,0 1.4618577,47.2909457,0 1.4622493,47.2909392,0 1.4626265,47.2909360,0 1.4629774,47.2909376,0 1.4633879,47.2909440,0 1.4638837,47.2909553,0 1.4645692,47.2909843,0 1.4655609,47.2910455,0 1.4670753,47.2911887,0 1.4677897,47.2912725,0 1.4688068,47.2913998,0 1.4693653,47.2914675,0 1.4700116,47.2915497,0 1.4705988,47.2916239,0 1.4712288,47.2917012,0 1.4716828,47.2917577,0 1.4720250,47.2917980,0 1.4725288,47.2918624,0 1.4733465,47.2919608,0 1.4745610,47.2921123,0 1.4747308,47.2921332,0 1.4765408,47.2923557,0 1.4778457,47.2925185,0 1.4793882,47.2927087,0 1.4802201,47.2928119,0 1.4815106,47.2929699,0 1.4824234,47.2930844,0 1.4837400,47.2932472,0 1.4845933,47.2933568,0 1.4847751,47.2933791,0 1.4859602,47.2935245,0 1.4873243,47.2936922,0 1.4883725,47.2938243,0 1.4896655,47.2939823,0 1.4901860,47.2940452,0 1.4907065,47.2941113,0 1.4911437,47.2941628,0 1.4916165,47.2942257,0 1.4919877,47.2942709,0 1.4925178,47.2943354,0 1.4932403,47.2944240,0 1.4937155,47.2944820,0 1.4945021,47.2945803,0 1.4951035,47.2946577,0 1.4958096,47.2947432,0 1.4964916,47.2948269,0 1.4971714,47.2949108,0 1.4978822,47.2949995,0 1.4987901,47.2951091,0 1.4989620,47.2951307,0 1.4997168,47.2952252,0 1.5008792,47.2953687,0 1.5019819,47.2955024,0 1.5027354,47.2955991,0 1.5033107,47.2956701,0 1.5037723,47.2957265,0 1.5042063,47.2957735,0 1.5044689,47.2957945,0 1.5047400,47.2958155,0 1.5051080,47.2958430,0 1.5054352,47.2958511,0 1.5059022,47.2958656,0 1.5062200,47.2958624,0 1.5065654,47.2958576,0 1.5066549,47.2958548,0 1.5069256,47.2958462,0 1.5072359,47.2958300,0 1.5075464,47.2958090,0 1.5078845,47.2957767,0 1.5081113,47.2957573,0 1.5084386,47.2957167,0 1.5087885,47.2956699,0 1.5090871,47.2956278,0 1.5092998,47.2955906,0 1.5096835,47.2955227,0 1.5099936,47.2954580,0 1.5102606,47.2954013,0 1.5104973,47.2953462,0 1.5108024,47.2952670,0 1.5110789,47.2951943,0 1.5113843,47.2951069,0 1.5116754,47.2950179,0 1.5119547,47.2949272,0 1.5122293,47.2948301,0 1.5125133,47.2947232,0 1.5128469,47.2945907,0 1.5143708,47.2939602,0 1.5162792,47.2931656,0 1.5170614,47.2928479,0 1.5176301,47.2926044,0 1.5181572,47.2923788,0 1.5195855,47.2917969,0 1.5210473,47.2911858,0 1.5222691,47.2906764,0 1.5239446,47.2899735,0 1.5252874,47.2894173,0 1.5269464,47.2887257,0 1.5270334,47.2886899,0 1.5286435,47.2880277,0 1.5304882,47.2872536,0 1.5309366,47.2870637,0 1.5316267,47.2867716,0 1.5325343,47.2863896,0 1.5335822,47.2859576,0 1.5345043,47.2855788,0 1.5349653,47.2853934,0 1.5359545,47.2849853,0 1.5362919,47.2848448,0 1.5372285,47.2844548,0 1.5378726,47.2841889,0 1.5387542,47.2838213,0 1.5392869,47.2836035,0 1.5399239,47.2833326,0 1.5404251,47.2831247,0 1.5413347,47.2827493,0 1.5418850,47.2825401,0 1.5421616,47.2824391,0 1.5424638,47.2823414,0 1.5427731,47.2822517,0 1.5429389,47.2822108,0 1.5430925,47.2821731,0 1.5433309,47.2821154,0 1.5435477,47.2820739,0 1.5439765,47.2819951,0 1.5444312,47.2819292,0 1.5446552,47.2818989,0 1.5449644,47.2818700,0 1.5452695,47.2818476,0 1.5455860,47.2818315,0 1.5459144,47.2818252,0 1.5462832,47.2818267,0 1.5467256,47.2818428,0 1.5467483,47.2818443,0 1.5470761,47.2818653,0 1.5473271,47.2818829,0 1.5475771,47.2819053,0 1.5478422,47.2819391,0 1.5480599,47.2819648,0 1.5482982,47.2820031,0 1.5485164,47.2820402,0 1.5486743,47.2820674,0 1.5488343,47.2821009,0 1.5490566,47.2821506,0 1.5492246,47.2821924,0 1.5494688,47.2822535,0 1.5497147,47.2823192,0 1.5502891,47.2824899,0 1.5505458,47.2825293,0 1.5509673,47.2826536,0 1.5510279,47.2826715,0 1.5510280,47.2826715,0 1.5521292,47.2829962,0 1.5540710,47.2836041,0 1.5556349,47.2840846,0 1.5567425,47.2844167,0 1.5572750,47.2845812,0 1.5573779,47.2846121,0 1.5578502,47.2847537,0 1.5583968,47.2849101,0 1.5587224,47.2849955,0 1.5589982,47.2850649,0 1.5593071,47.2851342,0 1.5596493,47.2852084,0 1.5600297,47.2852809,0 1.5603647,47.2853439,0 1.5606880,47.2853970,0 1.5610231,47.2854534,0 1.5614771,47.2855195,0 1.5619216,47.2855760,0 1.5623898,47.2856243,0 1.5625871,47.2856421,0 1.5628795,47.2856679,0 1.5633048,47.2857001,0 1.5636710,47.2857195,0 1.5647547,47.2857775,0 1.5654202,47.2858114,0 1.5670729,47.2858970,0 1.5671007,47.2858984,0 1.5679943,47.2859468,0 1.5697317,47.2860371,0 1.5704495,47.2860741,0 1.5723319,47.2861709,0 1.5728276,47.2861962,0 1.5749892,47.2863064,0 1.5772900,47.2864256,0 1.5782573,47.2864788,0 1.5785533,47.2864943,0 1.5795170,47.2865449,0 1.5813970,47.2866401,0 1.5834720,47.2867497,0 1.5846794,47.2868110,0 1.5860864,47.2868884,0 1.5865974,47.2869141,0 1.5872820,47.2869480,0 1.5877455,47.2869609,0 1.5884109,47.2869802,0 1.5890241,47.2869803,0 1.5894282,47.2869786,0 1.5898156,47.2869738,0 1.5902434,47.2869544,0 1.5908591,47.2869254,0 1.5912868,47.2869029,0 1.5917574,47.2868706,0 1.5921853,47.2868383,0 1.5925894,47.2867997,0 1.5928981,47.2867681,0 1.5932525,47.2867320,0 1.5957885,47.2864611,0 1.5980917,47.2862193,0 1.6003495,47.2859806,0 1.6025933,47.2857437,0 1.6046753,47.2855164,0 1.6051936,47.2854630,0 1.6062725,47.2853519,0 1.6083807,47.2851294,0 1.6101895,47.2849359,0 1.6118484,47.2847666,0 1.6140114,47.2845345,0 1.6159770,47.2843264,0 1.6177928,47.2841281,0 1.6191809,47.2839814,0 1.6212511,47.2837654,0 1.6235636,47.2835170,0 1.6257361,47.2832962,0 1.6279679,47.2830559,0 1.6303185,47.2828076,0 1.6326454,47.2825625,0 1.6346372,47.2823481,0 1.6371519,47.2820788,0 1.6380862,47.2819803,0 1.6388037,47.2819047,0 1.6408976,47.2816870,0 1.6418732,47.2815825,0 1.6424925,47.2815161,0 1.6449026,47.2812614,0 1.6474457,47.2809888,0 1.6498605,47.2807292,0 1.6514221,47.2805567,0 1.6521137,47.2804842,0 1.6536183,47.2803213,0 1.6545381,47.2802245,0 1.6557051,47.2801068,0 1.6573071,47.2799327,0 1.6580771,47.2798488,0 1.6591871,47.2797343,0 1.6600499,47.2796425,0 1.6605149,47.2795920,0 1.6606058,47.2795822,0 1.6615519,47.2794796,0 1.6632394,47.2793006,0 1.6644470,47.2791684,0 1.6652217,47.2790894,0 1.6661939,47.2789845,0 1.6664462,47.2789617,0 1.6667643,47.2789329,0 1.6671968,47.2789007,0 1.6674536,47.2788910,0 1.6677126,47.2788829,0 1.6680382,47.2789179,0 1.6682764,47.2789227,0 1.6685146,47.2789307,0 1.6687626,47.2789483,0 1.6690186,47.2789676,0 1.6692741,47.2789917,0 1.6695837,47.2790253,0 1.6698820,47.2790687,0 1.6699955,47.2790848,0 1.6702100,47.2791199,0 1.6703992,47.2791569,0 1.6705910,47.2791938,0 1.6707798,47.2792354,0 1.6709566,47.2792771,0 1.6710343,47.2792977,0 1.6714570,47.2794089,0 1.6724264,47.2796765,0 1.6729379,47.2798174,0 1.6740784,47.2801313,0 1.6756921,47.2805731,0 1.6766240,47.2808311,0 1.6782615,47.2812777,0 1.6805883,47.2819210,0 1.6817874,47.2822572,0 1.6824638,47.2824403,0 1.6837378,47.2827854,0 1.6848405,47.2830868,0 1.6870321,47.2836866,0 1.6880800,47.2839688,0 1.6893727,47.2843331,0 1.6907325,47.2847088,0 1.6909629,47.2847716,0 1.6923203,47.2851409,0 1.6929120,47.2853053,0 1.6947493,47.2858100,0 1.6955432,47.2860293,0 1.6968670,47.2863905,0 1.6983051,47.2867887,0 1.6999474,47.2872336,0 1.7008979,47.2874964,0 1.7018795,47.2877688,0 1.7024665,47.2879332,0 1.7029874,47.2880784,0 1.7035839,47.2882381,0 1.7043348,47.2884476,0 1.7050551,47.2886460,0 1.7051833,47.2886811,0 1.7062627,47.2889765,0 1.7072584,47.2892473,0 1.7081711,47.2894988,0 1.7087248,47.2896503,0 1.7098610,47.2899647,0 1.7105051,47.2901404,0 1.7117149,47.2904757,0 1.7129106,47.2908030,0 1.7135403,47.2909723,0 1.7140630,47.2911173,0 1.7146003,47.2912657,0 1.7156129,47.2915414,0 1.7163923,47.2917541,0 1.7175022,47.2920637,0 1.7193135,47.2925602,0 1.7200623,47.2927650,0 1.7203880,47.2928537,0 1.7210558,47.2930358,0 1.7221299,47.2933275,0 1.7231424,47.2936096,0 1.7238962,47.2938160,0 1.7251951,47.2941614,0 1.7255489,47.2942440,0 1.7259379,47.2943218,0 1.7262960,47.2943865,0 1.7265991,47.2944334,0 1.7270207,47.2944932,0 1.7272928,47.2945289,0 1.7276398,47.2945646,0 1.7278353,47.2945775,0 1.7280115,47.2945921,0 1.7280871,47.2945984,0 1.7284002,47.2946211,0 1.7286770,47.2946308,0 1.7288632,47.2946389,0 1.7298008,47.2946485,0 1.7318712,47.2946696,0 1.7341838,47.2946856,0 1.7355749,47.2946970,0 1.7361827,47.2947017,0 1.7383837,47.2947195,0 1.7387326,47.2947216,0 1.7402447,47.2947308,0 1.7411737,47.2947405,0 1.7428305,47.2947566,0 1.7446868,47.2947695,0 1.7455402,47.2947759,0 1.7472016,47.2947872,0 1.7479335,47.2947936,0 1.7493239,47.2948049,0 1.7499205,47.2948114,0 1.7512350,47.2948199,0 1.7516699,47.2948227,0 1.7540300,47.2948421,0 1.7560645,47.2948597,0 1.7573171,47.2948695,0 1.7575024,47.2948709,0 1.7583679,47.2948775,0 1.7583928,47.2948776,0 1.7587600,47.2948791,0 1.7587602,47.2948791,0 1.7587622,47.2948791,0 1.7594947,47.2948872,0 1.7595083,47.2948874,0 1.7606518,47.2949001,0 1.7608399,47.2949008,0 1.7609674,47.2949013,0 1.7609675,47.2949013,0 1.7627580,47.2949081,0 1.7651704,47.2949146,0 1.7667508,47.2949226,0 1.7682599,47.2949339,0 1.7688720,47.2949376,0 1.7692359,47.2949091,0 1.7693705,47.2949103,0 1.7695441,47.2949091,0 1.7698220,47.2949071,0 1.7702594,47.2949006,0 1.7705136,47.2948878,0 1.7707609,47.2948732,0 1.7710223,47.2948539,0 1.7714097,47.2948232,0 1.7716378,47.2947958,0 1.7718969,47.2947619,0 1.7720609,47.2947378,0 1.7722226,47.2947120,0 1.7727074,47.2946330,0 1.7734823,47.2944815,0 1.7740462,47.2943728,0 1.7750662,47.2941762,0 1.7752577,47.2941430,0 1.7758850,47.2940174,0 1.7759184,47.2940108,0 1.7775204,47.2936997,0 1.7791581,47.2933804,0 1.7811831,47.2929855,0 1.7831582,47.2926035,0 1.7848981,47.2922633,0 1.7855380,47.2921378,0 1.7871916,47.2918135,0 1.7888197,47.2914976,0 1.7898251,47.2913009,0 1.7904858,47.2911735,0 1.7914555,47.2909849,0 1.7922685,47.2908285,0 1.7937467,47.2905400,0 1.7948092,47.2903337,0 1.7955936,47.2901756,0 1.7966750,47.2899644,0 1.7976494,47.2897758,0 1.7987523,47.2895598,0 1.7998123,47.2893502,0 1.8015260,47.2890149,0 1.8031707,47.2886973,0 1.8044328,47.2884490,0 1.8054430,47.2882539,0 1.8056712,47.2882136,0 1.8058994,47.2881798,0 1.8061560,47.2881426,0 1.8064033,47.2881088,0 1.8066142,47.2880837,0 1.8067145,47.2880718,0 1.8071923,47.2880201,0 1.8075940,47.2879815,0 1.8082785,47.2879106,0 1.8087468,47.2878605,0 1.8091770,47.2878122,0 1.8094574,47.2877816,0 1.8098710,47.2877364,0 1.8104868,47.2876705,0 1.8108790,47.2876254,0 1.8111832,47.2875915,0 1.8114731,47.2875512,0 1.8118701,47.2874915,0 1.8121102,47.2874464,0 1.8124619,47.2873803,0 1.8127353,47.2873271,0 1.8131796,47.2872352,0 1.8138547,47.2870981,0 1.8143799,47.2869950,0 1.8148600,47.2869095,0 1.8152618,47.2868531,0 1.8156135,47.2868095,0 1.8158773,47.2867822,0 1.8159590,47.2867747,0 1.8163028,47.2867435,0 1.8166950,47.2867080,0 1.8170254,47.2866774,0 1.8174176,47.2866354,0 1.8177241,47.2865952,0 1.8179927,47.2865500,0 1.8181924,47.2865112,0 1.8186155,47.2864243,0 1.8188792,47.2863678,0 1.8191478,47.2863049,0 1.8195352,47.2862147,0 1.8199655,47.2861147,0 1.8202864,47.2860470,0 1.8205216,47.2860034,0 1.8208473,47.2859438,0 1.8212418,47.2858809,0 1.8217955,47.2857955,0 1.8224968,47.2856826,0 1.8231812,47.2855762,0 1.8237350,47.2854827,0 1.8239703,47.2854391,0 1.8242889,47.2853746,0 1.8244885,47.2853327,0 1.8247595,47.2852618,0 1.8249781,47.2852005,0 1.8252871,47.2851038,0 1.8255533,47.2850296,0 1.8257482,47.2849571,0 1.8259740,47.2848732,0 1.8262283,47.2847846,0 1.8263609,47.2847386,0 1.8264660,47.2847023,0 1.8267464,47.2846023,0 1.8272218,47.2844266,0 1.8276234,47.2842799,0 1.8279729,47.2841525,0 1.8281986,47.2840671,0 1.8286217,47.2839171,0 1.8289663,47.2837913,0 1.8296081,47.2835576,0 1.8299836,47.2834237,0 1.8303474,47.2832913,0 1.8303734,47.2832819,0 1.8307442,47.2831464,0 1.8310414,47.2830384,0 1.8312908,47.2829432,0 1.8315713,47.2828304,0 1.8318066,47.2827336,0 1.8320751,47.2826159,0 1.8324032,47.2824741,0 1.8328001,47.2822903,0 1.8332066,47.2821081,0 1.8336273,47.2819145,0 1.8339553,47.2817662,0 1.8342690,47.2816259,0 1.8346446,47.2814583,0 1.8349368,47.2813179,0 1.8352553,47.2811696,0 1.8354360,47.2810809,0 1.8357022,47.2809439,0 1.8359256,47.2808213,0 1.8362536,47.2806262,0 1.8364675,47.2804972,0 1.8367836,47.2803022,0 1.8371426,47.2800909,0 1.8372590,47.2800184,0 1.8374539,47.2799071,0 1.8376059,47.2798265,0 1.8378199,47.2797168,0 1.8380030,47.2796362,0 1.8381836,47.2795507,0 1.8383619,47.2794798,0 1.8386162,47.2793798,0 1.8388157,47.2792992,0 1.8391271,47.2791847,0 1.8394171,47.2790751,0 1.8396572,47.2789831,0 1.8398663,47.2789073,0 1.8400659,47.2788283,0 1.8402419,47.2787558,0 1.8404819,47.2786607,0 1.8408123,47.2785236,0 1.8410666,47.2784155,0 1.8413923,47.2782801,0 1.8417464,47.2781301,0 1.8421504,47.2779592,0 1.8425235,47.2778028,0 1.8429847,47.2776238,0 1.8434434,47.2774448,0 1.8437619,47.2773239,0 1.8441089,47.2771933,0 1.8443466,47.2770933,0 1.8445771,47.2770046,0 1.8448695,47.2768901,0 1.8451547,47.2767660,0 1.8454684,47.2766369,0 1.8457536,47.2765143,0 1.8459746,47.2764160,0 1.8462337,47.2762966,0 1.8465618,47.2761499,0 1.8469112,47.2760016,0 1.8471441,47.2759112,0 1.8473794,47.2758193,0 1.8476408,47.2757242,0 1.8478190,47.2756597,0 1.8481067,47.2755629,0 1.8485441,47.2754210,0 1.8489671,47.2752856,0 1.8493189,47.2751743,0 1.8498798,47.2749969,0 1.8501127,47.2749228,0 1.8506641,47.2747518,0 1.8509303,47.2746728,0 1.8516552,47.2744792,0 1.8522542,47.2743228,0 1.8527865,47.2741874,0 1.8531026,47.2741019,0 1.8533546,47.2740309,0 1.8534490,47.2740002,0 1.8535472,47.2739681,0 1.8536779,47.2739245,0 1.8538395,47.2738697,0 1.8540653,47.2737810,0 1.8542340,47.2737165,0 1.8544218,47.2736391,0 1.8546618,47.2735359,0 1.8551729,47.2733053,0 1.8556933,47.2730715,0 1.8562805,47.2728070,0 1.8567558,47.2725940,0 1.8570815,47.2724457,0 1.8574117,47.2722990,0 1.8577683,47.2721393,0 1.8580488,47.2720135,0 1.8583839,47.2718619,0 1.8586049,47.2717651,0 1.8587642,47.2717007,0 1.8589543,47.2716265,0 1.8591445,47.2715507,0 1.8593893,47.2714603,0 1.8596674,47.2713636,0 1.8599479,47.2712701,0 1.8601594,47.2712007,0 1.8606324,47.2710587,0 1.8610816,47.2709411,0 1.8614095,47.2708605,0 1.8616948,47.2708008,0 1.8620466,47.2707282,0 1.8623960,47.2706588,0 1.8627834,47.2705927,0 1.8630448,47.2705540,0 1.8634156,47.2705088,0 1.8637294,47.2704701,0 1.8642071,47.2704121,0 1.8645469,47.2703669,0 1.8648227,47.2703250,0 1.8651007,47.2702766,0 1.8651909,47.2702582,0 1.8654478,47.2702057,0 1.8657211,47.2701492,0 1.8660087,47.2700783,0 1.8662820,47.2700105,0 1.8665863,47.2699331,0 1.8670045,47.2698202,0 1.8672756,47.2697444,0 1.8676629,47.2696282,0 1.8680408,47.2695218,0 1.8682572,47.2694622,0 1.8685234,47.2693961,0 1.8687800,47.2693331,0 1.8690296,47.2692848,0 1.8692911,47.2692412,0 1.8695216,47.2692106,0 1.8697046,47.2691880,0 1.8699660,47.2691606,0 1.8702441,47.2691444,0 1.8705079,47.2691299,0 1.8709429,47.2691235,0 1.8713921,47.2691202,0 1.8718342,47.2691251,0 1.8724783,47.2691235,0 1.8729346,47.2691267,0 1.8732888,47.2691267,0 1.8737213,47.2691235,0 1.8739566,47.2691218,0 1.8742585,47.2691089,0 1.8745271,47.2690993,0 1.8747505,47.2690848,0 1.8751237,47.2690574,0 1.8755301,47.2690300,0 1.8756922,47.2690178,0 1.8763025,47.2689719,0 1.8768810,47.2689279,0 1.8772128,47.2689026,0 1.8780400,47.2688429,0 1.8785605,47.2688041,0 1.8789504,47.2687751,0 1.8792569,47.2687477,0 1.8796942,47.2687026,0 1.8799794,47.2686622,0 1.8802551,47.2686235,0 1.8804715,47.2685864,0 1.8807519,47.2685348,0 1.8809872,47.2684897,0 1.8812914,47.2684299,0 1.8815934,47.2683670,0 1.8819902,47.2682816,0 1.8824893,47.2681784,0 1.8829456,47.2680849,0 1.8833331,47.2680122,0 1.8835969,47.2679703,0 1.8838512,47.2679300,0 1.8840509,47.2679058,0 1.8842600,47.2678865,0 1.8845002,47.2678703,0 1.8847568,47.2678590,0 1.8850278,47.2678510,0 1.8853962,47.2678558,0 1.8856196,47.2678655,0 1.8858383,47.2678800,0 1.8860474,47.2678993,0 1.8862494,47.2679236,0 1.8865276,47.2679623,0 1.8867082,47.2679929,0 1.8869387,47.2680332,0 1.8871145,47.2680671,0 1.8874663,47.2681396,0 1.8877396,47.2681961,0 1.8881057,47.2682784,0 1.8886547,47.2683993,0 1.8888425,47.2684397,0 1.8890826,47.2684848,0 1.8893132,47.2685284,0 1.8895247,47.2685638,0 1.8897124,47.2685945,0 1.8898432,47.2686122,0 1.8900214,47.2686364,0 1.8902685,47.2686638,0 1.8904588,47.2686816,0 1.8907748,47.2687170,0 1.8910609,47.2687436,0 1.8917303,47.2688057,0 1.8924908,47.2688768,0 1.8927214,47.2688961,0 1.8929639,47.2689122,0 1.8931564,47.2689235,0 1.8934678,47.2689299,0 1.8937031,47.2689251,0 1.8939812,47.2689202,0 1.8942782,47.2688993,0 1.8945634,47.2688719,0 1.8948511,47.2688348,0 1.8950292,47.2688089,0 1.8952931,47.2687671,0 1.8955973,47.2687138,0 1.8960560,47.2686315,0 1.8966266,47.2685268,0 1.8973372,47.2684025,0 1.8982165,47.2682461,0 1.8991269,47.2680865,0 1.8994210,47.2680336,0 1.9003390,47.2678687,0 1.9011282,47.2677300,0 1.9019885,47.2675800,0 1.9029630,47.2674090,0 1.9035264,47.2673090,0 1.9039922,47.2672220,0 1.9044366,47.2671300,0 1.9047077,47.2670703,0 1.9049310,47.2670091,0 1.9051236,47.2669510,0 1.9052518,47.2669139,0 1.9054445,47.2668462,0 1.9056488,47.2667704,0 1.9058057,47.2667107,0 1.9059554,47.2666446,0 1.9061194,47.2665704,0 1.9063144,47.2664768,0 1.9065282,47.2663672,0 1.9066304,47.2663123,0 1.9067921,47.2662188,0 1.9069918,47.2661042,0 1.9070973,47.2660402,0 1.9076002,47.2657349,0 1.9081135,47.2654187,0 1.9087363,47.2650382,0 1.9093162,47.2646882,0 1.9099009,47.2643333,0 1.9104167,47.2640155,0 1.9107708,47.2637962,0 1.9109942,47.2636446,0 1.9111724,47.2635188,0 1.9113127,47.2634123,0 1.9114719,47.2632865,0 1.9116479,47.2631365,0 1.9116848,47.2631007,0 1.9118379,47.2629526,0 1.9119972,47.2627881,0 1.9122777,47.2624929,0 1.9125843,47.2621590,0 1.9128481,47.2618832,0 1.9129812,47.2617413,0 1.9134495,47.2613364,0 1.9136610,47.2611928,0 1.9138059,47.2611073,0 1.9141340,47.2609009,0 1.9144382,47.2607428,0 1.9146403,47.2606380,0 1.9151512,47.2604186,0 1.9154317,47.2603153,0 1.9157478,47.2602154,0 1.9160260,47.2601427,0 1.9162731,47.2600863,0 1.9167532,47.2599814,0 1.9173949,47.2598523,0 1.9178798,47.2597604,0 1.9181816,47.2596975,0 1.9185097,47.2596152,0 1.9187545,47.2595411,0 1.9189898,47.2594701,0 1.9191799,47.2594040,0 1.9194674,47.2592926,0 1.9197384,47.2591814,0 1.9201425,47.2589990,0 1.9205703,47.2587990,0 1.9211574,47.2585313,0 1.9214830,47.2583732,0 1.9218538,47.2582086,0 1.9221437,47.2580683,0 1.9224005,47.2579457,0 1.9228497,47.2577440,0 1.9232822,47.2575392,0 1.9239002,47.2572504,0 1.9242305,47.2570988,0 1.9247083,47.2568761,0 1.9252549,47.2566471,0 1.9255164,47.2565519,0 1.9257969,47.2564616,0 1.9261796,47.2563535,0 1.9262720,47.2563316,0 1.9263698,47.2563084,0 1.9265954,47.2562583,0 1.9269211,47.2562002,0 1.9273299,47.2561309,0 1.9279812,47.2560325,0 1.9286633,47.2559422,0 1.9293312,47.2558486,0 1.9298826,47.2557841,0 1.9301440,47.2557663,0 1.9303485,47.2557534,0 1.9306170,47.2557421,0 1.9309023,47.2557405,0 1.9312113,47.2557485,0 1.9313824,47.2557567,0 1.9314600,47.2557614,0 1.9315653,47.2557679,0 1.9317056,47.2557808,0 1.9319006,47.2558002,0 1.9322761,47.2558485,0 1.9325755,47.2558922,0 1.9330676,47.2559679,0 1.9335998,47.2560535,0 1.9341037,47.2561309,0 1.9343580,47.2561712,0 1.9346386,47.2562067,0 1.9350236,47.2562535,0 1.9353539,47.2562922,0 1.9357176,47.2563180,0 1.9359933,47.2563341,0 1.9365352,47.2563470,0 1.9368846,47.2563406,0 1.9372102,47.2563309,0 1.9374336,47.2563148,0 1.9377782,47.2562890,0 1.9381562,47.2562486,0 1.9385365,47.2562019,0 1.9393019,47.2560987,0 1.9401028,47.2559889,0 1.9409560,47.2558711,0 1.9414600,47.2558002,0 1.9419353,47.2557276,0 1.9423132,47.2556695,0 1.9424884,47.2556330,0 1.9425533,47.2556195,0 1.9427672,47.2555744,0 1.9430619,47.2555050,0 1.9434660,47.2553936,0 1.9438177,47.2552856,0 1.9441599,47.2551662,0 1.9444571,47.2550549,0 1.9446853,47.2549646,0 1.9449158,47.2548742,0 1.9451297,47.2547710,0 1.9453531,47.2546661,0 1.9455361,47.2545612,0 1.9457714,47.2544242,0 1.9460258,47.2542709,0 1.9463157,47.2540870,0 1.9465368,47.2539304,0 1.9468696,47.2536982,0 1.9473805,47.2533320,0 1.9480698,47.2528108,0 1.9486925,47.2523366,0 1.9489286,47.2521668,0 1.9489706,47.2521365,0 1.9491275,47.2520188,0 1.9492606,47.2519219,0 1.9495387,47.2517364,0 1.9499023,47.2515267,0 1.9501638,47.2513767,0 1.9504608,47.2512185,0 1.9507105,47.2510959,0 1.9509885,47.2509604,0 1.9515732,47.2506780,0 1.9523480,47.2503135,0 1.9528234,47.2500900,0 1.9529280,47.2500408,0 1.9538977,47.2495794,0 1.9544991,47.2493018,0 1.9551407,47.2489969,0 1.9558395,47.2486630,0 1.9566215,47.2482935,0 1.9573750,47.2479353,0 1.9577457,47.2477594,0 1.9581236,47.2475884,0 1.9586631,47.2473189,0 1.9592145,47.2470641,0 1.9596234,47.2468688,0 1.9601487,47.2466107,0 1.9602050,47.2465841,0 1.9606002,47.2463976,0 1.9613348,47.2460524,0 1.9616888,47.2458878,0 1.9620097,47.2457329,0 1.9623709,47.2455312,0 1.9626301,47.2453876,0 1.9629010,47.2452295,0 1.9631886,47.2450472,0 1.9634311,47.2448858,0 1.9636354,47.2447439,0 1.9640751,47.2444228,0 1.9650853,47.2436708,0 1.9658554,47.2431012,0 1.9660522,47.2429540,0 1.9663663,47.2427188,0 1.9668251,47.2423687,0 1.9671341,47.2421444,0 1.9672790,47.2420492,0 1.9674977,47.2419039,0 1.9677259,47.2417587,0 1.9679825,47.2415973,0 1.9682844,47.2414215,0 1.9686434,47.2412279,0 1.9689856,47.2410568,0 1.9693421,47.2408874,0 1.9699173,47.2406324,0 1.9705471,47.2403517,0 1.9711437,47.2400854,0 1.9717355,47.2398320,0 1.9723298,47.2395868,0 1.9726459,47.2394625,0 1.9731616,47.2392737,0 1.9738795,47.2390236,0 1.9745520,47.2388041,0 1.9753031,47.2385798,0 1.9754769,47.2385287,0 1.9757261,47.2384555,0 1.9762110,47.2383264,0 1.9769692,47.2381360,0 1.9774399,47.2380343,0 1.9782385,47.2378665,0 1.9787351,47.2377697,0 1.9791036,47.2376987,0 1.9796692,47.2376083,0 1.9802279,47.2375261,0 1.9807793,47.2374485,0 1.9809103,47.2374325,0 1.9812000,47.2373969,0 1.9816611,47.2373469,0 1.9820864,47.2373082,0 1.9828375,47.2372452,0 1.9838476,47.2371693,0 1.9850551,47.2370774,0 1.9859297,47.2370112,0 1.9874200,47.2369015,0 1.9885656,47.2368160,0 1.9897255,47.2367272,0 1.9909281,47.2366369,0 1.9921071,47.2365481,0 1.9929080,47.2364852,0 1.9935639,47.2364368,0 1.9936177,47.2364328,0 1.9940750,47.2363996,0 1.9945623,47.2363658,0 1.9948333,47.2363512,0 1.9950971,47.2363383,0 1.9953656,47.2363318,0 1.9958291,47.2363351,0 1.9963828,47.2363496,0 1.9968488,47.2363722,0 1.9974690,47.2363996,0 1.9980466,47.2364287,0 1.9984270,47.2364464,0 1.9988976,47.2364464,0 1.9992755,47.2364480,0 1.9997508,47.2364190,0 2.0000407,47.2363915,0 2.0003902,47.2363512,0 2.0007181,47.2363012,0 2.0011008,47.2362350,0 2.0015286,47.2361576,0 2.0020373,47.2360655,0 2.0026694,47.2359510,0 2.0033611,47.2358202,0 2.0037604,47.2357493,0 2.0044639,47.2356298,0 2.0048371,47.2355766,0 2.0051414,47.2355363,0 2.0054574,47.2355023,0 2.0058212,47.2354701,0 2.0061135,47.2354507,0 2.0064248,47.2354362,0 2.0065327,47.2354339,0 2.0067409,47.2354297,0 2.0071212,47.2354265,0 2.0075252,47.2354330,0 2.0078413,47.2354442,0 2.0082621,47.2354685,0 2.0086970,47.2354991,0 2.0093079,47.2355411,0 2.0097618,47.2355718,0 2.0101587,47.2355976,0 2.0104036,47.2356072,0 2.0106103,47.2356104,0 2.0108812,47.2356121,0 2.0112093,47.2356073,0 2.0114850,47.2355959,0 2.0117560,47.2355750,0 2.0119134,47.2355586,0 2.0122384,47.2355249,0 2.0128088,47.2354685,0 2.0134340,47.2354007,0 2.0139022,47.2353523,0 2.0142016,47.2353200,0 2.0144109,47.2353006,0 2.0145868,47.2352877,0 2.0147198,47.2352796,0 2.0149956,47.2352684,0 2.0152237,47.2352618,0 2.0154875,47.2352667,0 2.0157299,47.2352732,0 2.0160128,47.2352942,0 2.0162529,47.2353168,0 2.0164644,47.2353426,0 2.0166831,47.2353717,0 2.0169682,47.2354201,0 2.0172440,47.2354765,0 2.0174674,47.2355298,0 2.0177407,47.2356024,0 2.0179356,47.2356572,0 2.0181330,47.2357235,0 2.0183301,47.2357912,0 2.0185299,47.2358703,0 2.0187224,47.2359494,0 2.0189410,47.2360462,0 2.0191311,47.2361382,0 2.0193023,47.2362302,0 2.0194877,47.2363302,0 2.0196754,47.2364319,0 2.0202268,47.2367611,0 2.0209114,47.2371661,0 2.0213963,47.2374534,0 2.0214629,47.2374937,0 2.0216815,47.2376261,0 2.0218764,47.2377391,0 2.0221283,47.2378649,0 2.0223398,47.2379682,0 2.0225418,47.2380537,0 2.0227771,47.2381408,0 2.0229316,47.2381957,0 2.0231622,47.2382797,0 2.0233737,47.2383474,0 2.0236019,47.2384087,0 2.0237802,47.2384556,0 2.0240678,47.2385185,0 2.0243410,47.2385765,0 2.0246239,47.2386266,0 2.0249756,47.2386669,0 2.0253228,47.2386976,0 2.0255984,47.2387122,0 2.0258765,47.2387153,0 2.0261308,47.2387154,0 2.0263614,47.2387088,0 2.0265515,47.2386992,0 2.0267916,47.2386766,0 2.0271029,47.2386459,0 2.0276923,47.2385927,0 2.0281059,47.2385572,0 2.0284744,47.2385346,0 2.0286550,47.2385265,0 2.0288856,47.2385233,0 2.0290542,47.2385233,0 2.0293180,47.2385282,0 2.0296841,47.2385508,0 2.0298003,47.2385617,0 2.0299765,47.2385782,0 2.0301856,47.2386040,0 2.0305492,47.2386492,0 2.0308725,47.2386912,0 2.0314381,47.2387654,0 2.0321631,47.2388590,0 2.0326646,47.2389202,0 2.0332707,47.2389994,0 2.0341383,47.2391107,0 2.0348608,47.2392027,0 2.0357330,47.2393157,0 2.0363820,47.2394028,0 2.0369690,47.2394722,0 2.0374491,47.2395286,0 2.0378318,47.2395657,0 2.0381004,47.2395836,0 2.0384617,47.2395981,0 2.0386969,47.2395997,0 2.0389464,47.2395980,0 2.0392863,47.2395835,0 2.0393581,47.2395775,0 2.0394979,47.2395658,0 2.0398188,47.2395319,0 2.0401635,47.2394867,0 2.0404438,47.2394351,0 2.0406768,47.2393834,0 2.0410475,47.2392914,0 2.0414517,47.2391704,0 2.0416298,47.2391075,0 2.0419055,47.2390058,0 2.0421124,47.2389170,0 2.0421853,47.2388851,0 2.0423001,47.2388348,0 2.0426995,47.2386363,0 2.0429965,47.2384604,0 2.0432437,47.2383103,0 2.0434813,47.2381505,0 2.0436454,47.2380376,0 2.0440660,47.2377487,0 2.0452307,47.2369321,0 2.0461219,47.2363157,0 2.0468897,47.2357816,0 2.0476241,47.2352748,0 2.0478000,47.2351486,0 2.0481256,47.2349149,0 2.0483704,47.2347278,0 2.0485454,47.2345802,0 2.0490602,47.2341380,0 2.0490820,47.2341165,0 2.0495191,47.2336932,0 2.0497580,47.2334769,0 2.0498872,47.2333188,0 2.0500084,47.2331703,0 2.0501415,47.2330122,0 2.0502817,47.2328265,0 2.0504076,47.2326281,0 2.0505574,47.2323795,0 2.0506976,47.2321568,0 2.0509186,47.2317743,0 2.0513143,47.2311621,0 2.0514185,47.2310114,0 2.0518260,47.2304217,0 2.0518641,47.2303779,0 2.0520398,47.2301764,0 2.0522276,47.2299892,0 2.0524724,47.2297810,0 2.0527363,47.2295809,0 2.0529596,47.2294323,0 2.0530494,47.2293766,0 2.0530495,47.2293766,0 2.0533191,47.2292091,0 2.0534766,47.2291113,0 2.0538652,47.2288820,0 2.0539337,47.2288426,0 2.0539896,47.2288105,0 2.0541885,47.2286900,0 2.0543882,47.2285737,0 2.0546140,47.2284575,0 2.0547675,47.2283883,0 2.0549466,47.2283074,0 2.0549742,47.2282959,0 2.0552437,47.2281831,0 2.0552911,47.2281623,0 2.0553184,47.2281504,0 2.0553185,47.2281504,0 2.0553674,47.2281289,0 2.0554494,47.2280962,0 2.0556816,47.2280137,0 2.0557982,47.2279687,0 2.0560554,47.2278571,0 2.0562361,47.2277828,0 2.0564881,47.2276795,0 2.0565604,47.2276536,0 2.0568202,47.2275607,0 2.0571408,47.2274609,0 2.0571624,47.2274542,0 2.0573715,47.2273977,0 2.0576478,47.2273332,0 2.0576687,47.2273283,0 2.0580205,47.2272524,0 2.0588618,47.2270749,0 2.0599600,47.2268424,0 2.0604686,47.2267327,0 2.0611198,47.2265874,0 2.0617353,47.2264421,0 2.0621930,47.2263385,0 2.0622471,47.2263263,0 2.0622471,47.2263262,0 2.0623628,47.2263001,0 2.0627004,47.2262372,0 2.0629090,47.2262059,0 2.0632729,47.2261310,0 2.0635626,47.2260654,0 2.0636261,47.2260492,0 2.0638363,47.2259955,0 2.0640462,47.2259419,0 2.0642377,47.2258930,0 2.0644461,47.2258398,0 2.0645037,47.2258250,0 2.0649386,47.2257265,0 2.0651663,47.2256725,0 2.0652655,47.2256490,0 2.0655235,47.2255788,0 2.0659012,47.2254814,0 2.0662532,47.2254102,0 2.0667341,47.2253130,0 2.0670669,47.2252437,0 2.0674258,47.2251662,0 2.0678050,47.2250873,0 2.0682291,47.2249811,0 2.0685517,47.2248989,0 2.0685555,47.2248978,0 2.0685559,47.2248977,0 2.0688958,47.2248054,0 2.0691043,47.2247491,0 2.0693901,47.2246642,0 2.0696244,47.2245854,0 2.0700238,47.2244514,0 2.0703254,47.2243514,0 2.0706527,47.2242370,0 2.0708316,47.2241731,0 2.0709736,47.2241136,0 2.0712338,47.2240140,0 2.0737856,47.2228054,0 2.0741126,47.2226676,0 2.0744058,47.2225462,0 2.0746729,47.2224441,0 2.0749090,47.2223551,0 2.0750975,47.2222854,0 2.0753446,47.2221967,0 2.0755197,47.2221397,0 2.0757363,47.2220718,0 2.0758703,47.2220295,0 2.0760210,47.2219873,0 2.0763116,47.2219064,0 2.0766119,47.2218287,0 2.0768344,47.2217734,0 2.0771113,47.2217134,0 2.0773947,47.2216552,0 2.0776643,47.2216018,0 2.0779600,47.2215499,0 2.0782417,47.2215035,0 2.0786995,47.2214365,0 2.0789528,47.2214073,0 2.0791226,47.2213895,0 2.0795067,47.2213554,0 2.0797929,47.2213376,0 2.0801743,47.2213149,0 2.0804422,47.2213068,0 2.0808586,47.2213003,0 2.0815895,47.2213019,0 2.0821283,47.2213019,0 2.0825717,47.2212939,0 2.0830027,47.2212810,0 2.0833931,47.2212569,0 2.0838007,47.2212247,0 2.0841352,47.2211925,0 2.0845360,47.2211539,0 2.0849263,47.2211056,0 2.0853379,47.2210430,0 2.0859165,47.2209383,0 2.0863162,47.2208612,0 2.0867257,47.2207615,0 2.0870102,47.2206906,0 2.0873559,47.2205990,0 2.0877753,47.2204751,0 2.0881040,47.2203722,0 2.0884425,47.2202517,0 2.0885491,47.2202125,0 2.0887006,47.2201568,0 2.0889493,47.2200587,0 2.0893039,47.2199126,0 2.0894975,47.2198196,0 2.0898749,47.2196406,0 2.0901311,47.2195117,0 2.0904392,47.2193572,0 2.0906463,47.2192438,0 2.0908754,47.2190993,0 2.0911005,47.2189540,0 2.0912646,47.2188480,0 2.0916126,47.2186132,0 2.0919081,47.2183900,0 2.0921448,47.2181955,0 2.0923607,47.2180085,0 2.0925151,47.2178762,0 2.0927026,47.2177118,0 2.0928469,47.2175833,0 2.0928486,47.2175816,0 2.0929385,47.2174939,0 2.0932276,47.2171913,0 2.0934533,47.2169380,0 2.0936337,47.2167460,0 2.0937923,47.2165644,0 2.0939108,47.2164211,0 2.0943528,47.2158756,0 2.0944961,47.2157014,0 2.0946122,47.2155603,0 2.0948616,47.2152700,0 2.0954155,47.2145644,0 2.0957297,47.2142102,0 2.0959800,47.2138988,0 2.0964463,47.2134235,0 2.0969316,47.2128630,0 2.0972453,47.2124772,0 2.0975305,47.2121205,0 2.0975746,47.2120676,0 2.0981712,47.2113533,0 2.0982317,47.2112766,0 2.0984236,47.2110824,0 2.0984706,47.2110349,0 2.0984707,47.2110348,0 2.0992097,47.2102870,0 2.0992665,47.2102296,0 2.0995670,47.2099424,0 2.0999378,47.2096267,0 2.1002521,47.2093912,0 2.1005665,47.2091731,0 2.1007343,47.2090590,0 2.1009982,47.2088959,0 2.1011337,47.2088136,0 2.1013047,47.2087135,0 2.1016470,47.2085520,0 2.1018941,47.2084342,0 2.1020486,47.2083599,0 2.1023482,47.2082243,0 2.1025478,47.2081403,0 2.1029543,47.2079918,0 2.1036839,47.2077269,0 2.1043494,47.2074848,0 2.1056234,47.2070278,0 2.1062580,47.2067985,0 2.1069544,47.2065530,0 2.1078956,47.2062124,0 2.1079348,47.2061982,0 2.1085350,47.2059814,0 2.1091410,47.2057587,0 2.1101274,47.2054050,0 2.1110092,47.2050869,0 2.1121571,47.2046800,0 2.1129296,47.2043975,0 2.1142583,47.2039211,0 2.1155417,47.2034544,0 2.1162477,47.2031993,0 2.1176001,47.2027067,0 2.1182347,47.2024678,0 2.1186696,47.2023079,0 2.1189975,47.2021722,0 2.1193255,47.2020366,0 2.1196132,47.2019123,0 2.1200148,47.2017394,0 2.1202834,47.2016200,0 2.1206043,47.2014730,0 2.1209037,47.2013277,0 2.1215099,47.2010418,0 2.1218212,47.2008901,0 2.1221753,47.2007059,0 2.1225750,47.2004943,0 2.1228004,47.2003749,0 2.1230713,47.2002215,0 2.1233899,47.2000390,0 2.1237916,47.1998065,0 2.1241078,47.1996159,0 2.1246568,47.1992736,0 2.1255932,47.1987003,0 2.1267816,47.1979590,0 2.1271268,47.1977456,0 2.1276539,47.1974196,0 2.1281697,47.1970950,0 2.1291299,47.1964974,0 2.1304443,47.1956835,0 2.1314876,47.1950310,0 2.1322031,47.1945820,0 2.1329137,47.1941460,0 2.1338549,47.1935645,0 2.1350789,47.1928022,0 2.1363125,47.1920302,0 2.1367903,47.1917329,0 2.1375485,47.1912597,0 2.1386631,47.1905814,0 2.1391790,47.1902600,0 2.1402437,47.1895945,0 2.1408760,47.1892003,0 2.1420891,47.1884459,0 2.1424708,47.1882087,0 2.1440656,47.1872168,0 2.1453015,47.1864480,0 2.1464282,47.1857469,0 2.1477782,47.1849086,0 2.1488144,47.1842608,0 2.1495299,47.1838117,0 2.1506802,47.1830945,0 2.1521507,47.1821740,0 2.1522751,47.1820962,0 2.1534683,47.1813546,0 2.1541717,47.1809104,0 2.1555907,47.1800332,0 2.1568210,47.1792638,0 2.1570191,47.1791398,0 2.1582170,47.1783984,0 2.1587589,47.1780639,0 2.1600092,47.1772723,0 2.1613044,47.1764629,0 2.1619555,47.1760579,0 2.1624240,47.1757665,0 2.1639950,47.1747826,0 2.1656801,47.1737292,0 2.1674318,47.1726289,0 2.1689316,47.1716869,0 2.1705170,47.1706916,0 2.1719597,47.1697899,0 2.1739799,47.1685151,0 2.1758100,47.1673743,0 2.1768924,47.1667007,0 2.1772694,47.1664661,0 2.1790758,47.1653301,0 2.1805471,47.1644107,0 2.1820658,47.1634637,0 2.1822972,47.1633185,0 2.1830569,47.1628416,0 2.1836344,47.1624747,0 2.1846731,47.1618218,0 2.1848132,47.1617285,0 2.1852316,47.1614501,0 2.1862561,47.1607471,0 2.1867695,47.1603770,0 2.1874349,47.1598858,0 2.1877772,47.1596158,0 2.1882715,47.1592183,0 2.1887517,47.1588207,0 2.1892365,47.1584151,0 2.1896953,47.1580045,0 2.1906578,47.1571092,0 2.1913376,47.1564401,0 2.1920816,47.1557047,0 2.1930037,47.1547932,0 2.1938333,47.1539705,0 2.1948576,47.1529554,0 2.1957918,47.1520358,0 2.1967829,47.1510497,0 2.1976456,47.1501914,0 2.1981762,47.1496779,0 2.1982185,47.1496370,0 2.1986511,47.1492054,0 2.1997444,47.1481191,0 2.2003570,47.1475215,0 2.2009567,47.1468663,0 2.2016142,47.1462167,0 2.2017267,47.1461055,0 2.2021999,47.1456332,0 2.2022478,47.1455877,0 2.2022479,47.1455876,0 2.2025874,47.1452647,0 2.2033943,47.1444605,0 2.2035875,47.1442678,0 2.2044329,47.1433941,0 2.2049663,47.1427845,0 2.2052984,47.1423438,0 2.2056334,47.1419190,0 2.2059417,47.1414867,0 2.2062789,47.1409811,0 2.2063951,47.1408070,0 2.2065300,47.1405847,0 2.2067103,47.1402700,0 2.2068946,47.1399326,0 2.2069571,47.1398181,0 2.2071303,47.1394647,0 2.2072100,47.1394070,0 2.2073073,47.1392085,0 2.2073952,47.1390095,0 2.2074904,47.1387832,0 2.2075926,47.1385262,0 2.2077922,47.1379861,0 2.2079633,47.1375448,0 2.2082295,47.1368075,0 2.2086097,47.1357873,0 2.2086738,47.1355970,0 2.2087382,47.1354058,0 2.2091422,47.1343709,0 2.2095463,47.1332666,0 2.2098172,47.1325341,0 2.2099646,47.1321201,0 2.2101238,47.1317046,0 2.2102403,47.1313990,0 2.2103686,47.1311112,0 2.2105492,47.1307280,0 2.2107441,47.1303738,0 2.2108663,47.1301879,0 2.2109533,47.1300553,0 2.2110389,47.1299211,0 2.2112410,47.1296268,0 2.2113360,47.1294893,0 2.2115190,47.1292581,0 2.2117162,47.1290365,0 2.2119278,47.1288118,0 2.2121608,47.1285773,0 2.2123889,47.1283687,0 2.2126242,47.1281617,0 2.2128833,47.1279482,0 2.2131495,47.1277332,0 2.2133040,47.1276152,0 2.2136795,47.1273644,0 2.2139647,47.1271785,0 2.2142024,47.1270346,0 2.2146635,47.1267678,0 2.2151507,47.1265106,0 2.2157306,47.1262018,0 2.2170427,47.1255177,0 2.2183475,47.1248094,0 2.2189394,47.1244924,0 2.2202679,47.1237761,0 2.2215419,47.1230919,0 2.2228421,47.1223916,0 2.2238760,47.1218515,0 2.2242324,47.1216542,0 2.2254398,47.1210073,0 2.2261535,47.1206338,0 2.2262741,47.1205706,0 2.2270917,47.1201388,0 2.2277882,47.1197604,0 2.2284323,47.1194175,0 2.2290811,47.1190745,0 2.2297062,47.1187301,0 2.2300461,47.1185522,0 2.2303669,47.1183775,0 2.2310395,47.1180233,0 2.2316337,47.1177079,0 2.2323574,47.1173194,0 2.2325678,47.1172065,0 2.2333997,47.1167682,0 2.2340058,47.1164447,0 2.2346974,47.1160727,0 2.2352394,47.1157848,0 2.2359002,47.1154289,0 2.2364729,47.1151184,0 2.2372811,47.1146914,0 2.2378467,47.1143873,0 2.2386002,47.1139862,0 2.2391421,47.1136950,0 2.2401760,47.1131386,0 2.2407797,47.1128199,0 2.2409402,47.1127340,0 2.2413478,47.1125158,0 2.2419110,47.1122166,0 2.2429069,47.1116844,0 2.2435344,47.1113479,0 2.2449105,47.1106184,0 2.2461940,47.1099293,0 2.2468025,47.1096058,0 2.2478720,47.1090396,0 2.2484140,47.1087468,0 2.2491680,47.1083428,0 2.2495191,47.1081547,0 2.2501704,47.1077972,0 2.2514562,47.1071485,0 2.2525258,47.1066567,0 2.2526713,47.1065966,0 2.2530820,47.1064270,0 2.2533315,47.1063251,0 2.2537522,47.1061504,0 2.2541538,47.1059967,0 2.2546982,47.1057977,0 2.2553946,47.1055680,0 2.2560506,47.1053609,0 2.2564071,47.1052477,0 2.2569799,47.1050891,0 2.2574576,47.1049645,0 2.2580875,47.1048044,0 2.2585485,47.1046960,0 2.2588196,47.1046345,0 2.2594185,47.1045100,0 2.2599295,47.1044129,0 2.2602574,47.1043530,0 2.2609610,47.1042300,0 2.2616431,47.1041184,0 2.2622944,47.1040117,0 2.2635161,47.1038175,0 2.2643265,47.1036833,0 2.2657616,47.1034545,0 2.2660521,47.1034082,0 2.2665013,47.1033338,0 2.2670076,47.1032513,0 2.2678014,47.1031218,0 2.2686167,47.1029892,0 2.2694201,47.1028614,0 2.2699714,47.1027708,0 2.2703209,47.1027125,0 2.2708200,47.1026333,0 2.2711884,47.1025734,0 2.2716447,47.1024990,0 2.2719156,47.1024537,0 2.2722650,47.1023987,0 2.2725860,47.1023469,0 2.2729067,47.1022935,0 2.2733037,47.1022272,0 2.2737363,47.1021592,0 2.2740643,47.1021058,0 2.2744660,47.1020427,0 2.2747915,47.1019861,0 2.2751220,47.1019279,0 2.2754048,47.1018761,0 2.2757898,47.1018001,0 2.2761867,47.1017192,0 2.2767143,47.1016172,0 2.2770186,47.1015541,0 2.2772825,47.1014911,0 2.2776508,47.1014069,0 2.2784733,47.1012143,0 2.2790223,47.1010801,0 2.2793242,47.1009960,0 2.2797353,47.1008859,0 2.2803913,47.1006934,0 2.2811019,47.1004831,0 2.2813444,47.1004119,0 2.2813724,47.1004030,0 2.2815060,47.1003602,0 2.2818744,47.1002436,0 2.2823877,47.1000689,0 2.2827586,47.0999427,0 2.2832838,47.0997599,0 2.2839114,47.0995382,0 2.2844580,47.0993230,0 2.2849904,47.0991160,0 2.2859310,47.0987480,0 2.2864046,47.0985626,0 2.2870274,47.0983231,0 2.2875835,47.0981112,0 2.2882775,47.0978378,0 2.2889858,47.0975659,0 2.2896917,47.0972828,0 2.2904047,47.0970060,0 2.2914980,47.0965805,0 2.2919592,47.0964025,0 2.2925890,47.0961566,0 2.2936443,47.0957472,0 2.2942075,47.0955320,0 2.2949920,47.0952311,0 2.2957073,47.0949496,0 2.2965749,47.0946065,0 2.2970288,47.0944301,0 2.2976159,47.0942020,0 2.2984383,47.0938784,0 2.2990634,47.0936357,0 2.2996694,47.0933994,0 2.2996881,47.0933923,0 2.3001757,47.0932068,0 2.3008721,47.0929382,0 2.3012255,47.0927984,0 2.3012256,47.0927983,0 2.3013832,47.0927359,0 2.3016356,47.0926372,0 2.3020918,47.0924587,0 2.3020920,47.0924586,0 2.3020986,47.0924560,0 2.3026129,47.0922577,0 2.3026951,47.0922230,0 2.3032989,47.0919899,0 2.3038478,47.0917747,0 2.3043422,47.0915886,0 2.3049412,47.0913718,0 2.3053452,47.0912424,0 2.3056352,47.0911550,0 2.3059061,47.0910789,0 2.3061606,47.0910107,0 2.3064195,47.0909413,0 2.3066857,47.0908783,0 2.3068593,47.0908395,0 2.3070351,47.0908006,0 2.3072967,47.0907504,0 2.3074867,47.0907132,0 2.3076888,47.0906743,0 2.3080905,47.0906097,0 2.3084232,47.0905643,0 2.3087773,47.0905191,0 2.3090507,47.0904899,0 2.3093787,47.0904576,0 2.3096068,47.0904414,0 2.3098422,47.0904268,0 2.3101607,47.0904090,0 2.3104529,47.0903992,0 2.3107643,47.0903961,0 2.3109925,47.0903961,0 2.3112302,47.0904009,0 2.3115297,47.0904090,0 2.3118220,47.0904187,0 2.3120929,47.0904365,0 2.3124424,47.0904575,0 2.3127656,47.0904899,0 2.3132552,47.0905417,0 2.3136831,47.0905984,0 2.3137432,47.0906087,0 2.3139088,47.0906371,0 2.3143509,47.0907116,0 2.3147360,47.0907844,0 2.3149570,47.0908330,0 2.3153206,47.0909139,0 2.3157818,47.0910239,0 2.3161074,47.0911000,0 2.3166684,47.0912408,0 2.3174050,47.0914268,0 2.3178829,47.0915466,0 2.3179156,47.0915546,0 2.3185364,47.0917068,0 2.3192186,47.0918767,0 2.3195299,47.0919560,0 2.3201265,47.0921000,0 2.3204592,47.0921842,0 2.3208467,47.0922813,0 2.3215763,47.0924625,0 2.3221468,47.0925968,0 2.3226816,47.0927133,0 2.3228789,47.0927521,0 2.3231760,47.0928185,0 2.3234064,47.0928702,0 2.3236893,47.0929253,0 2.3238746,47.0929595,0 2.3239697,47.0929771,0 2.3242811,47.0930305,0 2.3246686,47.0930903,0 2.3249823,47.0931388,0 2.3253175,47.0931858,0 2.3256312,47.0932230,0 2.3259640,47.0932635,0 2.3262729,47.0932942,0 2.3266223,47.0933233,0 2.3269312,47.0933476,0 2.3273045,47.0933686,0 2.3276063,47.0933848,0 2.3279699,47.0933978,0 2.3282955,47.0934091,0 2.3285736,47.0934139,0 2.3289610,47.0934172,0 2.3293224,47.0934188,0 2.3296979,47.0934172,0 2.3302208,47.0933993,0 2.3305773,47.0933751,0 2.3309528,47.0933557,0 2.3313521,47.0933250,0 2.3316777,47.0932959,0 2.3319296,47.0932732,0 2.3323813,47.0932182,0 2.3329398,47.0931615,0 2.3332987,47.0931195,0 2.3338644,47.0930499,0 2.3344800,47.0929835,0 2.3349340,47.0929317,0 2.3354545,47.0928686,0 2.3361485,47.0927893,0 2.3367522,47.0927230,0 2.3372894,47.0926615,0 2.3378407,47.0925952,0 2.3380436,47.0925736,0 2.3383422,47.0925418,0 2.3386703,47.0925061,0 2.3390600,47.0924673,0 2.3393453,47.0924463,0 2.3396281,47.0924253,0 2.3399205,47.0924140,0 2.3403958,47.0924026,0 2.3408165,47.0924107,0 2.3411921,47.0924204,0 2.3415320,47.0924398,0 2.3418243,47.0924576,0 2.3426445,47.0925360,0 2.3430012,47.0925821,0 2.3434146,47.0926413,0 2.3437743,47.0927093,0 2.3440180,47.0927586,0 2.3441842,47.0927933,0 2.3444744,47.0928540,0 2.3447667,47.0929302,0 2.3452088,47.0930450,0 2.3456224,47.0931550,0 2.3462926,47.0933412,0 2.3468773,47.0934932,0 2.3475809,47.0936793,0 2.3478542,47.0937522,0 2.3482511,47.0938460,0 2.3485886,47.0939237,0 2.3489356,47.0939981,0 2.3493658,47.0940790,0 2.3496296,47.0941275,0 2.3498840,47.0941777,0 2.3501763,47.0942246,0 2.3504473,47.0942683,0 2.3507610,47.0943136,0 2.3510011,47.0943476,0 2.3513195,47.0943880,0 2.3516524,47.0944237,0 2.3518662,47.0944447,0 2.3522821,47.0944900,0 2.3524081,47.0945046,0 2.3526791,47.0945223,0 2.3531163,47.0945612,0 2.3534326,47.0945758,0 2.3537629,47.0945952,0 2.3540552,47.0946097,0 2.3544189,47.0946178,0 2.3550962,47.0946195,0 2.3554053,47.0946195,0 2.3557023,47.0946275,0 2.3561444,47.0946243,0 2.3565157,47.0946206,0 2.3566365,47.0946194,0 2.3572734,47.0946081,0 2.3576371,47.0946098,0 2.3582455,47.0946016,0 2.3589919,47.0945904,0 2.3597690,47.0945822,0 2.3605962,47.0945790,0 2.3613021,47.0945774,0 2.3620770,47.0945692,0 2.3628209,47.0945644,0 2.3634578,47.0945612,0 2.3642659,47.0945515,0 2.3649694,47.0945515,0 2.3656777,47.0945483,0 2.3663813,47.0945628,0 2.3670278,47.0945871,0 2.3676910,47.0946178,0 2.3682827,47.0946567,0 2.3689268,47.0946955,0 2.3697040,47.0947408,0 2.3705169,47.0948007,0 2.3712228,47.0948395,0 2.3718622,47.0948767,0 2.3724777,47.0949123,0 2.3730150,47.0949446,0 2.3737042,47.0949819,0 2.3737909,47.0949867,0 2.3738263,47.0949887,0 2.3741320,47.0950062,0 2.3748308,47.0950595,0 2.3752776,47.0950871,0 2.3758314,47.0951178,0 2.3764161,47.0951502,0 2.3771029,47.0951906,0 2.3778137,47.0952375,0 2.3785695,47.0952813,0 2.3793134,47.0953265,0 2.3797721,47.0953525,0 2.3802903,47.0953718,0 2.3806040,47.0953816,0 2.3809083,47.0953896,0 2.3814406,47.0953929,0 2.3818471,47.0953881,0 2.3821299,47.0953881,0 2.3823391,47.0953815,0 2.3826053,47.0953721,0 2.3826054,47.0953721,0 2.3826724,47.0953698,0 2.3827035,47.0953687,0 2.3827036,47.0953687,0 2.3829333,47.0953606,0 2.3832399,47.0953492,0 2.3837161,47.0953104,0 2.3839823,47.0952946,0 2.3854018,47.0951876,0 2.3864029,47.0951048,0 2.3864384,47.0951028,0 2.3870034,47.0950716,0 2.3872981,47.0950603,0 2.3877046,47.0950328,0 2.3878662,47.0950231,0 2.3880920,47.0950037,0 2.3884579,47.0949713,0 2.3890901,47.0949195,0 2.3898404,47.0948552,0 2.3900147,47.0948403,0 2.3909227,47.0947675,0 2.3919875,47.0946768,0 2.3929597,47.0945976,0 2.3940315,47.0945021,0 2.3942964,47.0944792,0 2.3948539,47.0944309,0 2.3954504,47.0943774,0 2.3964108,47.0942675,0 2.3975063,47.0941347,0 2.3984666,47.0940231,0 2.3987257,47.0939795,0 2.3989848,47.0939308,0 2.3990720,47.0939169,0 2.3990721,47.0939169,0 2.3995409,47.0938419,0 2.3996290,47.0938315,0 2.4003610,47.0937456,0 2.4007436,47.0937052,0 2.4012332,47.0936630,0 2.4012375,47.0936627,0 2.4016563,47.0936340,0 2.4020485,47.0936129,0 2.4023472,47.0935999,0 2.4029149,47.0935887,0 2.4030550,47.0935896,0 2.4032263,47.0935878,0 2.4033818,47.0935894,0 2.4035304,47.0935952,0 2.4040844,47.0936129,0 2.4043696,47.0936243,0 2.4049091,47.0936647,0 2.4052562,47.0936898,0 2.4063130,47.0937244,0 2.4065493,47.0937449,0 2.4070721,47.0937837,0 2.4078109,47.0938322,0 2.4087595,47.0938905,0 2.4094062,47.0939375,0 2.4100571,47.0939795,0 2.4107369,47.0940248,0 2.4113096,47.0940620,0 2.4117683,47.0940911,0 2.4125147,47.0941397,0 2.4132566,47.0941883,0 2.4141501,47.0942529,0 2.4148322,47.0942966,0 2.4159589,47.0943744,0 2.4164105,47.0944051,0 2.4171306,47.0944552,0 2.4180979,47.0945167,0 2.4188655,47.0945685,0 2.4190680,47.0945818,0 2.4196570,47.0946202,0 2.4199230,47.0946380,0 2.4203128,47.0946607,0 2.4206260,47.0946817,0 2.4210741,47.0947011,0 2.4213900,47.0947124,0 2.4217577,47.0947253,0 2.4220418,47.0947301,0 2.4223617,47.0947317,0 2.4226606,47.0947285,0 2.4233489,47.0947123,0 2.4238477,47.0947011,0 2.4244439,47.0946800,0 2.4251403,47.0946573,0 2.4259837,47.0946266,0 2.4267439,47.0945943,0 2.4271431,47.0945765,0 2.4275492,47.0945571,0 2.4280482,47.0945312,0 2.4285236,47.0945069,0 2.4289349,47.0944859,0 2.4297357,47.0944455,0 2.4304158,47.0944082,0 2.4309719,47.0943872,0 2.4313918,47.0943613,0 2.4319480,47.0943290,0 2.4323710,47.0943031,0 2.4331340,47.0942578,0 2.4335640,47.0942319,0 2.4340728,47.0941979,0 2.4352034,47.0941367,0 2.4352380,47.0941348,0 2.4355852,47.0941170,0 2.4359939,47.0940976,0 2.4375017,47.0940150,0 2.4381194,47.0939907,0 2.4386446,47.0939680,0 2.4391582,47.0939470,0 2.4396718,47.0939276,0 2.4402207,47.0939082,0 2.4407575,47.0938855,0 2.4412842,47.0938607,0 2.4415462,47.0938484,0 2.4422925,47.0938111,0 2.4427248,47.0937902,0 2.4431050,47.0937675,0 2.4442131,47.0937124,0 2.4446193,47.0936930,0 2.4449425,47.0936752,0 2.4452542,47.0936606,0 2.4458411,47.0936332,0 2.4461615,47.0936170,0 2.4465753,47.0935927,0 2.4470272,47.0935717,0 2.4474192,47.0935522,0 2.4480158,47.0935215,0 2.4487050,47.0934875,0 2.4494251,47.0934487,0 2.4499838,47.0934196,0 2.4504808,47.0933969,0 2.4509819,47.0933726,0 2.4514898,47.0933450,0 2.4517544,47.0933306,0 2.4525365,47.0932933,0 2.4530806,47.0932642,0 2.4537558,47.0932302,0 2.4541627,47.0932108,0 2.4545723,47.0931945,0 2.4550127,47.0931848,0 2.4553374,47.0931783,0 2.4557548,47.0931849,0 2.4565881,47.0932043,0 2.4572763,47.0932416,0 2.4578850,47.0932772,0 2.4583914,47.0933079,0 2.4589620,47.0933452,0 2.4596823,47.0933937,0 2.4606376,47.0934552,0 2.4616076,47.0935183,0 2.4622167,47.0935621,0 2.4625644,47.0935913,0 2.4625738,47.0935921,0 2.4629880,47.0936302,0 2.4632028,47.0936512,0 2.4634244,47.0936772,0 2.4637074,47.0937096,0 2.4639151,47.0937356,0 2.4641869,47.0937729,0 2.4645968,47.0938362,0 2.4649496,47.0938962,0 2.4653117,47.0939628,0 2.4654917,47.0939984,0 2.4654918,47.0939984,0 2.4658689,47.0940730,0 2.4662718,47.0941590,0 2.4667458,47.0942710,0 2.4671604,47.0943748,0 2.4677537,47.0945370,0 2.4681354,47.0946506,0 2.4687277,47.0948449,0 2.4693574,47.0950423,0 2.4697330,47.0951637,0 2.4701466,47.0952932,0 2.4705105,47.0954113,0 2.4709877,47.0955649,0 2.4713793,47.0956844,0 2.4715079,47.0957231,0 2.4717020,47.0957813,0 2.4720128,47.0958703,0 2.4722803,47.0959459,0 2.4725335,47.0960088,0 2.4727801,47.0960685,0 2.4730190,47.0961232,0 2.4733981,47.0962007,0 2.4736072,47.0962411,0 2.4738184,47.0962831,0 2.4740712,47.0963298,0 2.4742915,47.0963637,0 2.4745216,47.0964008,0 2.4746920,47.0964249,0 2.4748936,47.0964524,0 2.4752024,47.0964928,0 2.4755126,47.0965331,0 2.4756774,47.0965491,0 2.4760453,47.0965799,0 2.4762986,47.0966008,0 2.4766317,47.0966192,0 2.4767959,47.0966282,0 2.4770919,47.0966379,0 2.4776092,47.0966508,0 2.4778859,47.0966524,0 2.4781768,47.0966492,0 2.4784424,47.0966395,0 2.4787870,47.0966298,0 2.4790594,47.0966201,0 2.4795889,47.0965910,0 2.4802545,47.0965570,0 2.4809985,47.0965198,0 2.4813314,47.0965023,0 2.4820774,47.0964947,0 2.4822428,47.0964899,0 2.4828132,47.0964576,0 2.4834692,47.0964252,0 2.4841576,47.0963896,0 2.4844389,47.0963750,0 2.4846267,47.0963648,0 2.4849737,47.0963459,0 2.4855988,47.0963136,0 2.4860909,47.0962925,0 2.4866921,47.0962602,0 2.4874622,47.0962181,0 2.4879827,47.0961889,0 2.4883962,47.0961663,0 2.4886197,47.0961550,0 2.4889691,47.0961340,0 2.4892257,47.0961146,0 2.4895444,47.0960919,0 2.4897416,47.0960757,0 2.4901955,47.0960320,0 2.4905093,47.0959981,0 2.4908135,47.0959640,0 2.4910298,47.0959381,0 2.4913745,47.0958896,0 2.4916121,47.0958605,0 2.4918901,47.0958168,0 2.4922158,47.0957666,0 2.4925510,47.0957116,0 2.4928600,47.0956583,0 2.4932687,47.0955838,0 2.4935872,47.0955207,0 2.4939413,47.0954479,0 2.4942408,47.0953799,0 2.4947138,47.0952747,0 2.4949101,47.0952302,0 2.4951202,47.0951825,0 2.4954601,47.0950935,0 2.4956526,47.0950450,0 2.4959046,47.0949722,0 2.4963182,47.0948589,0 2.4965891,47.0947780,0 2.4968506,47.0946988,0 2.4971120,47.0946162,0 2.4975517,47.0944755,0 2.4979320,47.0943444,0 2.4982481,47.0942359,0 2.4986855,47.0940742,0 2.4989707,47.0939673,0 2.4993723,47.0938087,0 2.4996813,47.0936810,0 2.4999950,47.0935466,0 2.5005632,47.0932958,0 2.5009814,47.0931081,0 2.5013545,47.0929269,0 2.5017183,47.0927392,0 2.5019535,47.0926195,0 2.5021485,47.0925094,0 2.5022981,47.0924333,0 2.5024526,47.0923508,0 2.5025976,47.0922651,0 2.5029375,47.0920903,0 2.5033724,47.0918298,0 2.5038929,47.0914965,0 2.5043755,47.0911874,0 2.5048080,47.0908734,0 2.5050838,47.0906889,0 2.5053476,47.0904932,0 2.5055687,47.0903248,0 2.5058182,47.0901258,0 2.5060131,47.0899753,0 2.5062152,47.0898038,0 2.5064457,47.0896063,0 2.5068759,47.0892390,0 2.5072039,47.0889348,0 2.5079027,47.0882680,0 2.5083828,47.0878295,0 2.5091220,47.0871579,0 2.5095070,47.0868003,0 2.5102865,47.0860914,0 2.5105124,47.0858939,0 2.5106455,47.0857839,0 2.5109188,47.0855703,0 2.5111327,47.0853971,0 2.5114226,47.0851899,0 2.5116437,47.0850265,0 2.5119195,47.0848485,0 2.5121952,47.0846802,0 2.5124352,47.0845329,0 2.5126823,47.0843888,0 2.5129343,47.0842400,0 2.5132742,47.0840604,0 2.5135499,47.0839212,0 2.5138542,47.0837690,0 2.5141583,47.0836298,0 2.5143490,47.0835486,0 2.5144625,47.0835003,0 2.5147311,47.0833871,0 2.5150259,47.0832657,0 2.5152612,47.0831783,0 2.5155250,47.0830763,0 2.5157247,47.0830067,0 2.5161192,47.0828741,0 2.5168061,47.0826734,0 2.5174977,47.0824791,0 2.5181038,47.0823157,0 2.5184770,47.0822137,0 2.5192495,47.0820033,0 2.5199125,47.0818171,0 2.5204022,47.0816828,0 2.5211842,47.0814724,0 2.5220303,47.0812377,0 2.5231046,47.0809448,0 2.5236607,47.0807927,0 2.5244570,47.0805741,0 2.5248349,47.0804673,0 2.5251796,47.0803605,0 2.5255503,47.0802439,0 2.5260685,47.0800691,0 2.5263061,47.0799786,0 2.5264023,47.0799414,0 2.5265700,47.0798765,0 2.5268670,47.0797584,0 2.5270643,47.0796742,0 2.5273519,47.0795528,0 2.5275160,47.0794768,0 2.5278915,47.0793084,0 2.5283217,47.0790819,0 2.5285974,47.0789378,0 2.5289182,47.0787678,0 2.5291940,47.0786092,0 2.5294007,47.0784797,0 2.5297074,47.0782725,0 2.5299497,47.0781042,0 2.5303847,47.0777967,0 2.5308719,47.0774211,0 2.5311357,47.0772123,0 2.5315897,47.0768546,0 2.5322600,47.0763334,0 2.5331299,47.0756568,0 2.5335459,47.0753299,0 2.5342565,47.0747779,0 2.5347937,47.0743554,0 2.5357301,47.0736334,0 2.5361928,47.0732836,0 2.5362032,47.0732757,0 2.5364645,47.0730863,0 2.5368139,47.0728532,0 2.5371585,47.0726363,0 2.5376546,47.0723403,0 2.5377742,47.0722689,0 2.5381972,47.0720406,0 2.5385585,47.0718447,0 2.5392359,47.0714805,0 2.5398420,47.0711551,0 2.5403863,47.0708686,0 2.5409661,47.0705577,0 2.5414202,47.0703165,0 2.5418735,47.0700710,0 2.5422569,47.0698633,0 2.5430245,47.0694505,0 2.5435497,47.0691720,0 2.5442700,47.0687867,0 2.5452277,47.0682671,0 2.5458149,47.0679578,0 2.5465421,47.0675645,0 2.5470341,47.0672990,0 2.5476189,47.0669898,0 2.5483509,47.0665948,0 2.5487159,47.0663983,0 2.5488381,47.0663325,0 2.5493539,47.0660524,0 2.5499196,47.0657529,0 2.5503307,47.0655311,0 2.5516689,47.0648203,0 2.5527527,47.0642343,0 2.5533351,47.0639250,0 2.5538580,47.0636417,0 2.5545924,47.0632483,0 2.5556310,47.0626881,0 2.5560283,47.0624743,0 2.5562870,47.0623351,0 2.5573566,47.0617636,0 2.5579460,47.0614462,0 2.5593815,47.0606804,0 2.5598022,47.0604554,0 2.5611499,47.0597300,0 2.5621577,47.0591908,0 2.5628185,47.0588378,0 2.5634078,47.0585221,0 2.5640758,47.0581658,0 2.5646842,47.0578388,0 2.5649909,47.0576769,0 2.5657989,47.0572494,0 2.5664383,47.0569013,0 2.5673201,47.0564300,0 2.5678620,47.0561353,0 2.5684786,47.0558043,0 2.5686131,47.0557321,0 2.5694806,47.0552690,0 2.5700035,47.0549840,0 2.5708473,47.0545387,0 2.5712252,47.0543411,0 2.5717434,47.0540885,0 2.5721093,47.0539218,0 2.5723660,47.0538100,0 2.5726275,47.0537015,0 2.5729151,47.0535833,0 2.5732953,47.0534392,0 2.5739537,47.0531736,0 2.5746192,47.0529096,0 2.5748731,47.0528077,0 2.5749900,47.0527607,0 2.5756389,47.0525194,0 2.5764779,47.0521842,0 2.5775070,47.0517874,0 2.5781677,47.0515300,0 2.5788903,47.0512466,0 2.5795250,47.0510004,0 2.5799457,47.0508368,0 2.5803065,47.0506988,0 2.5806230,47.0505777,0 2.5811673,47.0503575,0 2.5817139,47.0501437,0 2.5824828,47.0498409,0 2.5826432,47.0497777,0 2.5830664,47.0496141,0 2.5834513,47.0494716,0 2.5837152,47.0493777,0 2.5839813,47.0492902,0 2.5842619,47.0491882,0 2.5845803,47.0490862,0 2.5848964,47.0489825,0 2.5851793,47.0488951,0 2.5856000,47.0487720,0 2.5859922,47.0486651,0 2.5862583,47.0485874,0 2.5864604,47.0485339,0 2.5866458,47.0484853,0 2.5869500,47.0484109,0 2.5874135,47.0482975,0 2.5877890,47.0482133,0 2.5881360,47.0481356,0 2.5884783,47.0480578,0 2.5892032,47.0478974,0 2.5897428,47.0477760,0 2.5901111,47.0476999,0 2.5905580,47.0475979,0 2.5912496,47.0474440,0 2.5919294,47.0472967,0 2.5922788,47.0472156,0 2.5925712,47.0471492,0 2.5928658,47.0470796,0 2.5932580,47.0469841,0 2.5935052,47.0469161,0 2.5937477,47.0468400,0 2.5939853,47.0467654,0 2.5942658,47.0466829,0 2.5944654,47.0466148,0 2.5945914,47.0465695,0 2.5947435,47.0465176,0 2.5949835,47.0464270,0 2.5951261,47.0463751,0 2.5953020,47.0463022,0 2.5955659,47.0461921,0 2.5958915,47.0460480,0 2.5961149,47.0459443,0 2.5963598,47.0458180,0 2.5965807,47.0457030,0 2.5968422,47.0455621,0 2.5970205,47.0454633,0 2.5972153,47.0453499,0 2.5973937,47.0452398,0 2.5978017,47.0449769,0 2.5980539,47.0448086,0 2.5985107,47.0444850,0 2.5985781,47.0444372,0 2.5990692,47.0440882,0 2.5997657,47.0436089,0 2.6003052,47.0432476,0 2.6004478,47.0431554,0 2.6006285,47.0430468,0 2.6008281,47.0429285,0 2.6010206,47.0428087,0 2.6013035,47.0426565,0 2.6015839,47.0424961,0 2.6019024,47.0423244,0 2.6022162,47.0421641,0 2.6025394,47.0420054,0 2.6028151,47.0418725,0 2.6031003,47.0417397,0 2.6033213,47.0416442,0 2.6035067,47.0415648,0 2.6037467,47.0414628,0 2.6040700,47.0413284,0 2.6043862,47.0412084,0 2.6047331,47.0410789,0 2.6049114,47.0410109,0 2.6053012,47.0408765,0 2.6057552,47.0407290,0 2.6062020,47.0405897,0 2.6065799,47.0404763,0 2.6069151,47.0403743,0 2.6073500,47.0402399,0 2.6076661,47.0401459,0 2.6080844,47.0400163,0 2.6084672,47.0399046,0 2.6088427,47.0397879,0 2.6091945,47.0396795,0 2.6096175,47.0395498,0 2.6098362,47.0394867,0 2.6102212,47.0393685,0 2.6106015,47.0392518,0 2.6111529,47.0390899,0 2.6115379,47.0389716,0 2.6118564,47.0388760,0 2.6124601,47.0386946,0 2.6130638,47.0385245,0 2.6134204,47.0384257,0 2.6137104,47.0383496,0 2.6140431,47.0382669,0 2.6141446,47.0382417,0 2.6143163,47.0381990,0 2.6146040,47.0381325,0 2.6148345,47.0380807,0 2.6150128,47.0380402,0 2.6151601,47.0380110,0 2.6153646,47.0379689,0 2.6156046,47.0379204,0 2.6157829,47.0378863,0 2.6160111,47.0378426,0 2.6161965,47.0378053,0 2.6163771,47.0377746,0 2.6167906,47.0377017,0 2.6171187,47.0376482,0 2.6173515,47.0376077,0 2.6175868,47.0375753,0 2.6178769,47.0375348,0 2.6182025,47.0374878,0 2.6184639,47.0374555,0 2.6187609,47.0374214,0 2.6191128,47.0373858,0 2.6193147,47.0373647,0 2.6198163,47.0373178,0 2.6201561,47.0372903,0 2.6208169,47.0372416,0 2.6213992,47.0371979,0 2.6219818,47.0371550,0 2.6221241,47.0371445,0 2.6231320,47.0370732,0 2.6237309,47.0370229,0 2.6241610,47.0369938,0 2.6245532,47.0369630,0 2.6248623,47.0369420,0 2.6252163,47.0369144,0 2.6256038,47.0368869,0 2.6261695,47.0368448,0 2.6265497,47.0368189,0 2.6268802,47.0367962,0 2.6272176,47.0367703,0 2.6276835,47.0367378,0 2.6280377,47.0367136,0 2.6284774,47.0366795,0 2.6288742,47.0366520,0 2.6292450,47.0366261,0 2.6296586,47.0365937,0 2.6300009,47.0365710,0 2.6303883,47.0365402,0 2.6307685,47.0365159,0 2.6311418,47.0364900,0 2.6312846,47.0364798,0 2.6323799,47.0363666,0 2.6324103,47.0363646,0 2.6327574,47.0363354,0 2.6327724,47.0363344,0 2.6332638,47.0363014,0 2.6332795,47.0363002,0 2.6332796,47.0363002,0 2.6337573,47.0362631,0 2.6337574,47.0362630,0 2.6338060,47.0362592,0 2.6341935,47.0362365,0 2.6347445,47.0361945,0 2.6352176,47.0361621,0 2.6358021,47.0361200,0 2.6364057,47.0360746,0 2.6367742,47.0360470,0 2.6374756,47.0359952,0 2.6382790,47.0359385,0 2.6390061,47.0358867,0 2.6397261,47.0358333,0 2.6403842,47.0357814,0 2.6408313,47.0357458,0 2.6415281,47.0356956,0 2.6421887,47.0356502,0 2.6426352,47.0356162,0 2.6433746,47.0355611,0 2.6441757,47.0355044,0 2.6451127,47.0354349,0 2.6452453,47.0354250,0 2.6460297,47.0353708,0 2.6460298,47.0353708,0 2.6460889,47.0353667,0 2.6464637,47.0353374,0 2.6465641,47.0353295,0 2.6466600,47.0353225,0 2.6474988,47.0352615,0 2.6475224,47.0352598,0 2.6479316,47.0352317,0 2.6480880,47.0352209,0 2.6485443,47.0351869,0 2.6492430,47.0351400,0 2.6497821,47.0350978,0 2.6502209,47.0350646,0 2.6504244,47.0350492,0 2.6510091,47.0350120,0 2.6517670,47.0349553,0 2.6521680,47.0349249,0 2.6525639,47.0348953,0 2.6530458,47.0348597,0 2.6532898,47.0348414,0 2.6534782,47.0348273,0 2.6539653,47.0347900,0 2.6543452,47.0347593,0 2.6547627,47.0347237,0 2.6551745,47.0346802,0 2.6555281,47.0346316,0 2.6560811,47.0345605,0 2.6565198,47.0344942,0 2.6568257,47.0344457,0 2.6571701,47.0343859,0 2.6574737,47.0343357,0 2.6578173,47.0342695,0 2.6581118,47.0342112,0 2.6583490,47.0341644,0 2.6586927,47.0340900,0 2.6589845,47.0340237,0 2.6593671,47.0339346,0 2.6595681,47.0338880,0 2.6599359,47.0337893,0 2.6603752,47.0336776,0 2.6606310,47.0336066,0 2.6612740,47.0334206,0 2.6618038,47.0332539,0 2.6626238,47.0330076,0 2.6633773,47.0327743,0 2.6645656,47.0324179,0 2.6653877,47.0321604,0 2.6668829,47.0317002,0 2.6677006,47.0314491,0 2.6693050,47.0309631,0 2.6702460,47.0306700,0 2.6718527,47.0301775,0 2.6727418,47.0299004,0 2.6739992,47.0295229,0 2.6748737,47.0292540,0 2.6758054,47.0289656,0 2.6767229,47.0286869,0 2.6783485,47.0281848,0 2.6787931,47.0280470,0 2.6799768,47.0276857,0 2.6805210,47.0275189,0 2.6820683,47.0270377,0 2.6829170,47.0267784,0 2.6844811,47.0263039,0 2.6845615,47.0262794,0 2.6861279,47.0257950,0 2.6872023,47.0254677,0 2.6885617,47.0250529,0 2.6898143,47.0246674,0 2.6906629,47.0244081,0 2.6917700,47.0240714,0 2.6918985,47.0240323,0 2.6923789,47.0238799,0 2.6931264,47.0236576,0 2.6934644,47.0235651,0 2.6938378,47.0234613,0 2.6941743,47.0233719,0 2.6943796,47.0233247,0 2.6946526,47.0232599,0 2.6948620,47.0232097,0 2.6951499,47.0231431,0 2.6954166,47.0230831,0 2.6957233,47.0230166,0 2.6963623,47.0228757,0 2.6971133,47.0227024,0 2.6978005,47.0225516,0 2.6992334,47.0222308,0 2.7000199,47.0220511,0 2.7011160,47.0217983,0 2.7017553,47.0216589,0 2.7023233,47.0215277,0 2.7040440,47.0211533,0 2.7044600,47.0210562,0 2.7052798,47.0208795,0 2.7055520,47.0208134,0 2.7058916,47.0207276,0 2.7062287,47.0206418,0 2.7064139,47.0205932,0 2.7066172,47.0205401,0 2.7069128,47.0204514,0 2.7070739,47.0203997,0 2.7076105,47.0202297,0 2.7079779,47.0201054,0 2.7084188,47.0199453,0 2.7087575,47.0198162,0 2.7091509,47.0196529,0 2.7097184,47.0194103,0 2.7106639,47.0189843,0 2.7119569,47.0184057,0 2.7125916,47.0181237,0 2.7129462,47.0179673,0 2.7139917,47.0175063,0 2.7151253,47.0170024,0 2.7158714,47.0166719,0 2.7168766,47.0162134,0 2.7182934,47.0155797,0 2.7198097,47.0148975,0 2.7213048,47.0142266,0 2.7221558,47.0138456,0 2.7239884,47.0130419,0 2.7250704,47.0125588,0 2.7256544,47.0122980,0 2.7266645,47.0118459,0 2.7278316,47.0113240,0 2.7291863,47.0107196,0 2.7298541,47.0104198,0 2.7308262,47.0099854,0 2.7315155,47.0096775,0 2.7327657,47.0091184,0 2.7334574,47.0088071,0 2.7349919,47.0081281,0 2.7351167,47.0080729,0 2.7366780,47.0073858,0 2.7385650,47.0065366,0 2.7397363,47.0060068,0 2.7403298,47.0057299,0 2.7408470,47.0054776,0 2.7411529,47.0053174,0 2.7414423,47.0051670,0 2.7417507,47.0049956,0 2.7420733,47.0048176,0 2.7423272,47.0046671,0 2.7425955,47.0045101,0 2.7429492,47.0042947,0 2.7431988,47.0041424,0 2.7438809,47.0037242,0 2.7443777,47.0034195,0 2.7446528,47.0032508,0 2.7452738,47.0028700,0 2.7457657,47.0025701,0 2.7465976,47.0020612,0 2.7472107,47.0016868,0 2.7481330,47.0011162,0 2.7485254,47.0008795,0 2.7489941,47.0005940,0 2.7491242,47.0005148,0 2.7498433,47.0000751,0 2.7499513,47.0000091,0 2.7504652,46.9996959,0 2.7507063,46.9995559,0 2.7509209,46.9994404,0 2.7511472,46.9993186,0 2.7513381,46.9992210,0 2.7515787,46.9991008,0 2.7518101,46.9989885,0 2.7519987,46.9989038,0 2.7522328,46.9987995,0 2.7523644,46.9987473,0 2.7526524,46.9986304,0 2.7528508,46.9985555,0 2.7530679,46.9984773,0 2.7533279,46.9983879,0 2.7534970,46.9983327,0 2.7536549,46.9982804,0 2.7538242,46.9982316,0 2.7539886,46.9981813,0 2.7541248,46.9981438,0 2.7542986,46.9980951,0 2.7544633,46.9980511,0 2.7545853,46.9980201,0 2.7547665,46.9979762,0 2.7550216,46.9979177,0 2.7551910,46.9978803,0 2.7554486,46.9978265,0 2.7556300,46.9977924,0 2.7558397,46.9977533,0 2.7562093,46.9976899,0 2.7565501,46.9976396,0 2.7568194,46.9976005,0 2.7570301,46.9975744,0 2.7572567,46.9975517,0 2.7575405,46.9975224,0 2.7578434,46.9975012,0 2.7581132,46.9974817,0 2.7583357,46.9974735,0 2.7587523,46.9974605,0 2.7590958,46.9974541,0 2.7594777,46.9974557,0 2.7598359,46.9974654,0 2.7600932,46.9974784,0 2.7603817,46.9974914,0 2.7608376,46.9975256,0 2.7610834,46.9975500,0 2.7613628,46.9975793,0 2.7616541,46.9976201,0 2.7619750,46.9976655,0 2.7623419,46.9977175,0 2.7626786,46.9977744,0 2.7630520,46.9978446,0 2.7633169,46.9979113,0 2.7637459,46.9980073,0 2.7641872,46.9981358,0 2.7646985,46.9982802,0 2.7653003,46.9984619,0 2.7657552,46.9985977,0 2.7660062,46.9986726,0 2.7664169,46.9987956,0 2.7667389,46.9988861,0 2.7671378,46.9989897,0 2.7674317,46.9990673,0 2.7677654,46.9991448,0 2.7680875,46.9992142,0 2.7684621,46.9992870,0 2.7688175,46.9993532,0 2.7692109,46.9994162,0 2.7695780,46.9994712,0 2.7700611,46.9995309,0 2.7704902,46.9995730,0 2.7710094,46.9996199,0 2.7714027,46.9996437,0 2.7714091,46.9996441,0 2.7716862,46.9996538,0 2.7721605,46.9996700,0 2.7726675,46.9996716,0 2.7731177,46.9996667,0 2.7734679,46.9996538,0 2.7737830,46.9996361,0 2.7740297,46.9996199,0 2.7743049,46.9996004,0 2.7746659,46.9995729,0 2.7751529,46.9995340,0 2.7756139,46.9994951,0 2.7762293,46.9994449,0 2.7766902,46.9994044,0 2.7770161,46.9993752,0 2.7777125,46.9993185,0 2.7784302,46.9992552,0 2.7791983,46.9991920,0 2.7797447,46.9991483,0 2.7804672,46.9990850,0 2.7812564,46.9990202,0 2.7820694,46.9989497,0 2.7822091,46.9989376,0 2.7828061,46.9988840,0 2.7832267,46.9988516,0 2.7838232,46.9987981,0 2.7844793,46.9987462,0 2.7852994,46.9986749,0 2.7859577,46.9986231,0 2.7866803,46.9985582,0 2.7874930,46.9984950,0 2.7881251,46.9984366,0 2.7887292,46.9983863,0 2.7891212,46.9983555,0 2.7895581,46.9983167,0 2.7903117,46.9982486,0 2.7910082,46.9981886,0 2.7921919,46.9980865,0 2.7928788,46.9980298,0 2.7942670,46.9979082,0 2.7949712,46.9978514,0 2.7955380,46.9978140,0 2.7960550,46.9977896,0 2.7963056,46.9977815,0 2.7964971,46.9977783,0 2.7967666,46.9977798,0 2.7970267,46.9977814,0 2.7974082,46.9977945,0 2.7978398,46.9978140,0 2.7982075,46.9978401,0 2.7985007,46.9978677,0 2.7989087,46.9979067,0 2.7992860,46.9979589,0 2.7996435,46.9980125,0 2.8000916,46.9980873,0 2.8004377,46.9981524,0 2.8007575,46.9982207,0 2.8011821,46.9983184,0 2.8015310,46.9984113,0 2.8019291,46.9985283,0 2.8023392,46.9986535,0 2.8027757,46.9988048,0 2.8031382,46.9989365,0 2.8035834,46.9991120,0 2.8039425,46.9992546,0 2.8045356,46.9994942,0 2.8045603,46.9995042,0 2.8053184,46.9997993,0 2.8056878,46.9999471,0 2.8060659,47.0001110,0 2.8063335,47.0002208,0 2.8066683,47.0003519,0 2.8070483,47.0005010,0 2.8073732,47.0006255,0 2.8076550,47.0007272,0 2.8079416,47.0008241,0 2.8081840,47.0009019,0 2.8085203,47.0010150,0 2.8087544,47.0010811,0 2.8091385,47.0011911,0 2.8095431,47.0012928,0 2.8098460,47.0013605,0 2.8101114,47.0014154,0 2.8104433,47.0014818,0 2.8108314,47.0015511,0 2.8111562,47.0015996,0 2.8114523,47.0016449,0 2.8118971,47.0016981,0 2.8122002,47.0017256,0 2.8124798,47.0017498,0 2.8128563,47.0017756,0 2.8131687,47.0017902,0 2.8134980,47.0017999,0 2.8138986,47.0018063,0 2.8143362,47.0018064,0 2.8146149,47.0017934,0 2.8149448,47.0017789,0 2.8152976,47.0017563,0 2.8156362,47.0017289,0 2.8160317,47.0016885,0 2.8163211,47.0016529,0 2.8166339,47.0016157,0 2.8169575,47.0015674,0 2.8173863,47.0014915,0 2.8178646,47.0013994,0 2.8181603,47.0013300,0 2.8184827,47.0012524,0 2.8186214,47.0012159,0 2.8187518,47.0011815,0 2.8191506,47.0010602,0 2.8194452,47.0009775,0 2.8197923,47.0008697,0 2.8200242,47.0007841,0 2.8202703,47.0006985,0 2.8203949,47.0006473,0 2.8206731,47.0005322,0 2.8208697,47.0004530,0 2.8211632,47.0003222,0 2.8214570,47.0001865,0 2.8219046,46.9999669,0 2.8219458,46.9999445,0 2.8220668,46.9998787,0 2.8222780,46.9997524,0 2.8224804,46.9996388,0 2.8226161,46.9995604,0 2.8226513,46.9995400,0 2.8229688,46.9993574,0 2.8231310,46.9992531,0 2.8232822,46.9991469,0 2.8234505,46.9990256,0 2.8236416,46.9988840,0 2.8237931,46.9987548,0 2.8241541,46.9984632,0 2.8244694,46.9981884,0 2.8246704,46.9980061,0 2.8247553,46.9979209,0 2.8249238,46.9977510,0 2.8250634,46.9976041,0 2.8251701,46.9974844,0 2.8252957,46.9973472,0 2.8254517,46.9971568,0 2.8255445,46.9970394,0 2.8256010,46.9969677,0 2.8256768,46.9968661,0 2.8257456,46.9967722,0 2.8258971,46.9965639,0 2.8259562,46.9964703,0 2.8260415,46.9963427,0 2.8260936,46.9962537,0 2.8261910,46.9960967,0 2.8262597,46.9959804,0 2.8263117,46.9958901,0 2.8263971,46.9957300,0 2.8264748,46.9955853,0 2.8265552,46.9953904,0 2.8266832,46.9950751,0 2.8267423,46.9948993,0 2.8268062,46.9946972,0 2.8268939,46.9943867,0 2.8269438,46.9941846,0 2.8269982,46.9939553,0 2.8270265,46.9937827,0 2.8270550,46.9936035,0 2.8270645,46.9935066,0 2.8270906,46.9933007,0 2.8271072,46.9931363,0 2.8271119,46.9930239,0 2.8271142,46.9927897,0 2.8271071,46.9926103,0 2.8270952,46.9923529,0 2.8270787,46.9921058,0 2.8270550,46.9919266,0 2.8270337,46.9917612,0 2.8270219,46.9916680,0 2.8269840,46.9914843,0 2.8269461,46.9913129,0 2.8269147,46.9911875,0 2.8268846,46.9910674,0 2.8268158,46.9908458,0 2.8267684,46.9906861,0 2.8266669,46.9904234,0 2.8264818,46.9900041,0 2.8263084,46.9896185,0 2.8261403,46.9892688,0 2.8261137,46.9892135,0 2.8259141,46.9887894,0 2.8259563,46.9887706,0 2.8258723,46.9885919,0 2.8257250,46.9882871,0 2.8256251,46.9880812,0 2.8254731,46.9877716,0 2.8253210,46.9874521,0 2.8250666,46.9869090,0 2.8249477,46.9866723,0 2.8248455,46.9864598,0 2.8247505,46.9862718,0 2.8246934,46.9861453,0 2.8246292,46.9860059,0 2.8245413,46.9857886,0 2.8244938,46.9856670,0 2.8244582,46.9855697,0 2.8244011,46.9853929,0 2.8243536,46.9852389,0 2.8243274,46.9851384,0 2.8242847,46.9849909,0 2.8242537,46.9848563,0 2.8242276,46.9847493,0 2.8242085,46.9846276,0 2.8241800,46.9844542,0 2.8241467,46.9842401,0 2.8241396,46.9841283,0 2.8241326,46.9839451,0 2.8241230,46.9837002,0 2.8241230,46.9835007,0 2.8241230,46.9833549,0 2.8241302,46.9832284,0 2.8241396,46.9830337,0 2.8241658,46.9827873,0 2.8241824,46.9825830,0 2.8242229,46.9823900,0 2.8242442,46.9822538,0 2.8242823,46.9820949,0 2.8243321,46.9818873,0 2.8244011,46.9816442,0 2.8244820,46.9814074,0 2.8245627,46.9811869,0 2.8246577,46.9809615,0 2.8247719,46.9807167,0 2.8248836,46.9804831,0 2.8250234,46.9802365,0 2.8250832,46.9801312,0 2.8252139,46.9799140,0 2.8253804,46.9796609,0 2.8255729,46.9793901,0 2.8257939,46.9791161,0 2.8259294,46.9789507,0 2.8260910,46.9787708,0 2.8262788,46.9785696,0 2.8264879,46.9783523,0 2.8267184,46.9781383,0 2.8268801,46.9779907,0 2.8270940,46.9778042,0 2.8273174,46.9776274,0 2.8277380,46.9773096,0 2.8282492,46.9769577,0 2.8286508,46.9767064,0 2.8288980,46.9765621,0 2.8290905,46.9764648,0 2.8294114,46.9762880,0 2.8296039,46.9761923,0 2.8298938,46.9760560,0 2.8301885,46.9759183,0 2.8303953,46.9758323,0 2.8306686,46.9757187,0 2.8309373,46.9756149,0 2.8311845,46.9755242,0 2.8313319,46.9754723,0 2.8316954,46.9753539,0 2.8320259,46.9752566,0 2.8323016,46.9751723,0 2.8325250,46.9751123,0 2.8328007,46.9750425,0 2.8330455,46.9749825,0 2.8333330,46.9749208,0 2.8336683,46.9748543,0 2.8339415,46.9747977,0 2.8343075,46.9747295,0 2.8348138,46.9746420,0 2.8352441,46.9745738,0 2.8356243,46.9745057,0 2.8360830,46.9744214,0 2.8365727,46.9743338,0 2.8370860,46.9742430,0 2.8377397,46.9741229,0 2.8383767,46.9740143,0 2.8387807,46.9739430,0 2.8395056,46.9738116,0 2.8401830,46.9736883,0 2.8406702,46.9736056,0 2.8411314,46.9735245,0 2.8415876,46.9734435,0 2.8421962,46.9733397,0 2.8428355,46.9732261,0 2.8432634,46.9731499,0 2.8437553,46.9730623,0 2.8445697,46.9729175,0 2.8447036,46.9728936,0 2.8456734,46.9727169,0 2.8466454,46.9725483,0 2.8476342,46.9723682,0 2.8487655,46.9721704,0 2.8495499,46.9720260,0 2.8503533,46.9718833,0 2.8510568,46.9717568,0 2.8516867,46.9716449,0 2.8522144,46.9715492,0 2.8527182,46.9714616,0 2.8532411,46.9713708,0 2.8538424,46.9712588,0 2.8545388,46.9711340,0 2.8551425,46.9710286,0 2.8557748,46.9709248,0 2.8564521,46.9708112,0 2.8568134,46.9707496,0 2.8574005,46.9706475,0 2.8577903,46.9705761,0 2.8581848,46.9705080,0 2.8585794,46.9704350,0 2.8590452,46.9703539,0 2.8595158,46.9702679,0 2.8598890,46.9702079,0 2.8601409,46.9701641,0 2.8605069,46.9701009,0 2.8608634,46.9700344,0 2.8611795,46.9699744,0 2.8615647,46.9699095,0 2.8617999,46.9698690,0 2.8623014,46.9697813,0 2.8629194,46.9696711,0 2.8636514,46.9695413,0 2.8644846,46.9693934,0 2.8645926,46.9693743,0 2.8657835,46.9691699,0 2.8664465,46.9690531,0 2.8668339,46.9689834,0 2.8674780,46.9688682,0 2.8681270,46.9687547,0 2.8688757,46.9686233,0 2.8695626,46.9684968,0 2.8703422,46.9683605,0 2.8709934,46.9682438,0 2.8714711,46.9681595,0 2.8719107,46.9680816,0 2.8725144,46.9679745,0 2.8727546,46.9679275,0 2.8731158,46.9678643,0 2.8736102,46.9677751,0 2.8741308,46.9676842,0 2.8745656,46.9676064,0 2.8751147,46.9675123,0 2.8754831,46.9674458,0 2.8758990,46.9673728,0 2.8763530,46.9672917,0 2.8767310,46.9672236,0 2.8770447,46.9671684,0 2.8773252,46.9671197,0 2.8777767,46.9670403,0 2.8781048,46.9669819,0 2.8783234,46.9669414,0 2.8787203,46.9668716,0 2.8791956,46.9667872,0 2.8795498,46.9667240,0 2.8800061,46.9666430,0 2.8810924,46.9664531,0 2.8818125,46.9663250,0 2.8826801,46.9661709,0 2.8836688,46.9659941,0 2.8842226,46.9658968,0 2.8849879,46.9657622,0 2.8856225,46.9656519,0 2.8861002,46.9655675,0 2.8865519,46.9654767,0 2.8871246,46.9653583,0 2.8875120,46.9652772,0 2.8878591,46.9651977,0 2.8882108,46.9651085,0 2.8885389,46.9650290,0 2.8888359,46.9649479,0 2.8890400,46.9648903,0 2.8892899,46.9648198,0 2.8897557,46.9646868,0 2.8902121,46.9645538,0 2.8908539,46.9643640,0 2.8914837,46.9641856,0 2.8928194,46.9637979,0 2.8933447,46.9636470,0 2.8937607,46.9635254,0 2.8942289,46.9633908,0 2.8946448,46.9632674,0 2.8951487,46.9631264,0 2.8957928,46.9629382,0 2.8965557,46.9627144,0 2.8972593,46.9625100,0 2.8981732,46.9622491,0 2.8984239,46.9621774,0 2.8988826,46.9620493,0 2.8996004,46.9618400,0 2.9003134,46.9616340,0 2.9010669,46.9614134,0 2.9018774,46.9611782,0 2.9027639,46.9609202,0 2.9037218,46.9606429,0 2.9048080,46.9603282,0 2.9054663,46.9601351,0 2.9064764,46.9598399,0 2.9071324,46.9596501,0 2.9079953,46.9594003,0 2.9089745,46.9591180,0 2.9099228,46.9588455,0 2.9106074,46.9586444,0 2.9112563,46.9584578,0 2.9116365,46.9583443,0 2.9123068,46.9581496,0 2.9134476,46.9578203,0 2.9142272,46.9575980,0 2.9153015,46.9572816,0 2.9160859,46.9570545,0 2.9172243,46.9567317,0 2.9180515,46.9565045,0 2.9188595,46.9562742,0 2.9195465,46.9560763,0 2.9200872,46.9559155,0 2.9202286,46.9558735,0 2.9205685,46.9557746,0 2.9210842,46.9556253,0 2.9216309,46.9554679,0 2.9220706,46.9553365,0 2.9227861,46.9551191,0 2.9234610,46.9549196,0 2.9240743,46.9547395,0 2.9245829,46.9545854,0 2.9250536,46.9544410,0 2.9257285,46.9542480,0 2.9262561,46.9541003,0 2.9265224,46.9540208,0 2.9272877,46.9537920,0 2.9280839,46.9535633,0 2.9288848,46.9533313,0 2.9297572,46.9530863,0 2.9302420,46.9529452,0 2.9308743,46.9527667,0 2.9317822,46.9525057,0 2.9321268,46.9524066,0 2.9326045,46.9522670,0 2.9331988,46.9520918,0 2.9343492,46.9517592,0 2.9358085,46.9513341,0 2.9365048,46.9511280,0 2.9375435,46.9508344,0 2.9375829,46.9508241,0 2.9381662,46.9506722,0 2.9388318,46.9504790,0 2.9401937,46.9500880,0 2.9413274,46.9497571,0 2.9423542,46.9494601,0 2.9428131,46.9493272,0 2.9434422,46.9491114,0 2.9436848,46.9490419,0 2.9439918,46.9489476,0 2.9443270,46.9488551,0 2.9447091,46.9487401,0 2.9451015,46.9486231,0 2.9453147,46.9485606,0 2.9457314,46.9484382,0 2.9463041,46.9482678,0 2.9471170,46.9480302,0 2.9478683,46.9478120,0 2.9478683,46.9478119,0 2.9484458,46.9476415,0 2.9485424,46.9476137,0 2.9488880,46.9475504,0 2.9496818,46.9473184,0 2.9503140,46.9471318,0 2.9515524,46.9467732,0 2.9524294,46.9465217,0 2.9532613,46.9462735,0 2.9539904,46.9460593,0 2.9542167,46.9459928,0 2.9547277,46.9458467,0 2.9552198,46.9457039,0 2.9556499,46.9455758,0 2.9560088,46.9454589,0 2.9562608,46.9453713,0 2.9563589,46.9453371,0 2.9565032,46.9452869,0 2.9567433,46.9451960,0 2.9570333,46.9450857,0 2.9572353,46.9450078,0 2.9574943,46.9448991,0 2.9577344,46.9448002,0 2.9579483,46.9447076,0 2.9581836,46.9445989,0 2.9583285,46.9445356,0 2.9586185,46.9443977,0 2.9589798,46.9442193,0 2.9591652,46.9441218,0 2.9593743,46.9440196,0 2.9596096,46.9438898,0 2.9598213,46.9437714,0 2.9600113,46.9436529,0 2.9603108,46.9434809,0 2.9605366,46.9433429,0 2.9607610,46.9432005,0 2.9608408,46.9431498,0 2.9612401,46.9428805,0 2.9617084,46.9425560,0 2.9621124,46.9422460,0 2.9625047,46.9419393,0 2.9627495,46.9417316,0 2.9629919,46.9415271,0 2.9632676,46.9412837,0 2.9634220,46.9411474,0 2.9636431,46.9409592,0 2.9638308,46.9407937,0 2.9646937,46.9400569,0 2.9651452,46.9396577,0 2.9655802,46.9392731,0 2.9659153,46.9389810,0 2.9661030,46.9388171,0 2.9662348,46.9387040,0 2.9664168,46.9385477,0 2.9668803,46.9381420,0 2.9672320,46.9378353,0 2.9674769,46.9376357,0 2.9677336,46.9374312,0 2.9678833,46.9373111,0 2.9681187,46.9371390,0 2.9683634,46.9369638,0 2.9686368,46.9367804,0 2.9688673,46.9366327,0 2.9691025,46.9364866,0 2.9693641,46.9363309,0 2.9695780,46.9362076,0 2.9699297,46.9360144,0 2.9703291,46.9358164,0 2.9707211,46.9356249,0 2.9711062,46.9354529,0 2.9714793,46.9352971,0 2.9719856,46.9350959,0 2.9722139,46.9350115,0 2.9724737,46.9349202,0 2.9727177,46.9348346,0 2.9729815,46.9347469,0 2.9732216,46.9346674,0 2.9734996,46.9345847,0 2.9737754,46.9345084,0 2.9740155,46.9344450,0 2.9744432,46.9343395,0 2.9748235,46.9342535,0 2.9751112,46.9341934,0 2.9754273,46.9341318,0 2.9756959,46.9340831,0 2.9759501,46.9340409,0 2.9763970,46.9339679,0 2.9768865,46.9339079,0 2.9771765,46.9338738,0 2.9775235,46.9338380,0 2.9778682,46.9338153,0 2.9782699,46.9337878,0 2.9786287,46.9337715,0 2.9790353,46.9337585,0 2.9795794,46.9337488,0 2.9798861,46.9337520,0 2.9802022,46.9337585,0 2.9804280,46.9337634,0 2.9807512,46.9337732,0 2.9812194,46.9337829,0 2.9817662,46.9337926,0 2.9822248,46.9338056,0 2.9826170,46.9338137,0 2.9829213,46.9338218,0 2.9835844,46.9338348,0 2.9840288,46.9338461,0 2.9844567,46.9338527,0 2.9852339,46.9338689,0 2.9859588,46.9338851,0 2.9865245,46.9338965,0 2.9869689,46.9339046,0 2.9877128,46.9339224,0 2.9885638,46.9339452,0 2.9894504,46.9339679,0 2.9902203,46.9339890,0 2.9911165,46.9340068,0 2.9915704,46.9340198,0 2.9923952,46.9340361,0 2.9927278,46.9340410,0 2.9931106,46.9340425,0 2.9935218,46.9340344,0 2.9940183,46.9340150,0 2.9940613,46.9340133,0 2.9942610,46.9340003,0 2.9945746,46.9339777,0 2.9948409,46.9339533,0 2.9950904,46.9339257,0 2.9953305,46.9338949,0 2.9956300,46.9338527,0 2.9959675,46.9338056,0 2.9962146,46.9337601,0 2.9965569,46.9336968,0 2.9969159,46.9336238,0 2.9974911,46.9334891,0 2.9981969,46.9333203,0 2.9989574,46.9331451,0 2.9996943,46.9329730,0 3.0004073,46.9328042,0 3.0013651,46.9325835,0 3.0020949,46.9324130,0 3.0027984,46.9322492,0 3.0032934,46.9321290,0 3.0035138,46.9320755,0 3.0042530,46.9319051,0 3.0053724,46.9316470,0 3.0063683,46.9314133,0 3.0069435,46.9312818,0 3.0073404,46.9311876,0 3.0077516,46.9310967,0 3.0080012,46.9310465,0 3.0082532,46.9309961,0 3.0085573,46.9309426,0 3.0088069,46.9309020,0 3.0091088,46.9308581,0 3.0094082,46.9308208,0 3.0097315,46.9307868,0 3.0100405,46.9307560,0 3.0102876,46.9307381,0 3.0107392,46.9307105,0 3.0110316,46.9306975,0 3.0112598,46.9306926,0 3.0115379,46.9306910,0 3.0118967,46.9306893,0 3.0122628,46.9306991,0 3.0126811,46.9307202,0 3.0131042,46.9307511,0 3.0135225,46.9307900,0 3.0139408,46.9308338,0 3.0142188,46.9308711,0 3.0146515,46.9309280,0 3.0150483,46.9309929,0 3.0154714,46.9310757,0 3.0158279,46.9311535,0 3.0162130,46.9312478,0 3.0165410,46.9313353,0 3.0170924,46.9314960,0 3.0177365,46.9316859,0 3.0182832,46.9318466,0 3.0188156,46.9319975,0 3.0190961,46.9320738,0 3.0194074,46.9321550,0 3.0197520,46.9322443,0 3.0200943,46.9323206,0 3.0203225,46.9323692,0 3.0204888,46.9324033,0 3.0207669,46.9324536,0 3.0209452,46.9324845,0 3.0211781,46.9325185,0 3.0215536,46.9325689,0 3.0219363,46.9326127,0 3.0222809,46.9326468,0 3.0226161,46.9326744,0 3.0229702,46.9326938,0 3.0234860,46.9327149,0 3.0239067,46.9327214,0 3.0242679,46.9327165,0 3.0246672,46.9327068,0 3.0250689,46.9326858,0 3.0254872,46.9326549,0 3.0258224,46.9326224,0 3.0264308,46.9325591,0 3.0268776,46.9325072,0 3.0275075,46.9324245,0 3.0282753,46.9323287,0 3.0290192,46.9322329,0 3.0299937,46.9321079,0 3.0306594,46.9320230,0 3.0307185,46.9320154,0 3.0316598,46.9318986,0 3.0321352,46.9318401,0 3.0328244,46.9317541,0 3.0332213,46.9317087,0 3.0336491,46.9316697,0 3.0340747,46.9316340,0 3.0344905,46.9316048,0 3.0348471,46.9315902,0 3.0350918,46.9315821,0 3.0355269,46.9315772,0 3.0358263,46.9315820,0 3.0361591,46.9315869,0 3.0364060,46.9315949,0 3.0364087,46.9315950,0 3.0366107,46.9316064,0 3.0368934,46.9316292,0 3.0372048,46.9316583,0 3.0374901,46.9316860,0 3.0377135,46.9317135,0 3.0380200,46.9317509,0 3.0383244,46.9317915,0 3.0386571,46.9318434,0 3.0390088,46.9319067,0 3.0392298,46.9319472,0 3.0396410,46.9320414,0 3.0398645,46.9320998,0 3.0401901,46.9321842,0 3.0404587,46.9322572,0 3.0407914,46.9323562,0 3.0410813,46.9324455,0 3.0414617,46.9325737,0 3.0417683,46.9326906,0 3.0420938,46.9328204,0 3.0423292,46.9329178,0 3.0427403,46.9330931,0 3.0432443,46.9333268,0 3.0437767,46.9335686,0 3.0443542,46.9338332,0 3.0449484,46.9341205,0 3.0455807,46.9344061,0 3.0462889,46.9347339,0 3.0467738,46.9349546,0 3.0475296,46.9353052,0 3.0481047,46.9355746,0 3.0484209,46.9357174,0 3.0487822,46.9358781,0 3.0490627,46.9359933,0 3.0491420,46.9360227,0 3.0492599,46.9360664,0 3.0494381,46.9361345,0 3.0496473,46.9362092,0 3.0498589,46.9362822,0 3.0498736,46.9362870,0 3.0503634,46.9364416,0 3.0508743,46.9365942,0 3.0514543,46.9367386,0 3.0520153,46.9368586,0 3.0526736,46.9369869,0 3.0533153,46.9370729,0 3.0538810,46.9371248,0 3.0542185,46.9371459,0 3.0546844,46.9371622,0 3.0553095,46.9371589,0 3.0562222,46.9371443,0 3.0569305,46.9371297,0 3.0574795,46.9370973,0 3.0581449,46.9370372,0 3.0587154,46.9369609,0 3.0592764,46.9368635,0 3.0595400,46.9368125,0 3.0604338,46.9366396,0 3.0618718,46.9363524,0 3.0632218,46.9360862,0 3.0649497,46.9357421,0 3.0654445,46.9356463,0 3.0663359,46.9354737,0 3.0663608,46.9354690,0 3.0670953,46.9353314,0 3.0672621,46.9352980,0 3.0681247,46.9351487,0 3.0683330,46.9351127,0 3.0684747,46.9350900,0 3.0687064,46.9350614,0 3.0688602,46.9350428,0 3.0690230,46.9350301,0 3.0692109,46.9350168,0 3.0693891,46.9350175,0 3.0695830,46.9350254,0 3.0696902,46.9350348,0 3.0698362,46.9350514,0 3.0699327,46.9350660,0 3.0700399,46.9350866,0 3.0701440,46.9351099,0 3.0702180,46.9351286,0 3.0703380,46.9351632,0 3.0704432,46.9351964,0 3.0705980,46.9352530,0 3.0707178,46.9353015,0 3.0708044,46.9353414,0 3.0709048,46.9353920,0 3.0709729,46.9354318,0 3.0710461,46.9354731,0 3.0711065,46.9355103,0 3.0711541,46.9355449,0 3.0712282,46.9355962,0 3.0713120,46.9356599,0 3.0713762,46.9357118,0 3.0714503,46.9357797,0 3.0715185,46.9358482,0 3.0715701,46.9359074,0 3.0716412,46.9359978,0 3.0717035,46.9360869,0 3.0717620,46.9361901,0 3.0718292,46.9363298,0 3.0718876,46.9364713,0 3.0719587,46.9366615,0 3.0720249,46.9368291,0 3.0720833,46.9369722,0 3.0721314,46.9371167,0 3.0721360,46.9371304,0 3.0722827,46.9376491,0 3.0723327,46.9379242,0 3.0723972,46.9382164,0 3.0724688,46.9384754,0 3.0725168,46.9386244,0 3.0726057,46.9388477,0 3.0727928,46.9391737,0 3.0729555,46.9393957,0 3.0731163,46.9396169,0 3.0731330,46.9396334,0 3.0733705,46.9398675,0 3.0736040,46.9400881,0 3.0736074,46.9400913,0 3.0739001,46.9403205,0 3.0740826,46.9404435,0 3.0743072,46.9405854,0 3.0746278,46.9407750,0 3.0749977,46.9409570,0 3.0752525,46.9410571,0 3.0755184,46.9411537,0 3.0758321,46.9412501,0 3.0761707,46.9413432,0 3.0764487,46.9414062,0 3.0766394,46.9414439,0 3.0768495,46.9414800,0 3.0772288,46.9415306,0 3.0774792,46.9415543,0 3.0776314,46.9415658,0 3.0777800,46.9415740,0 3.0779138,46.9415797,0 3.0780019,46.9415797,0 3.0782623,46.9415813,0 3.0786662,46.9415666,0 3.0790358,46.9415455,0 3.0800107,46.9414773,0 3.0806389,46.9414318,0 3.0809845,46.9414009,0 3.0816853,46.9413328,0 3.0823930,46.9412744,0 3.0831934,46.9412111,0 3.0836982,46.9411788,0 3.0842369,46.9411561,0 3.0847157,46.9411384,0 3.0850847,46.9411367,0 3.0855215,46.9411415,0 3.0857670,46.9411440,0 3.0858487,46.9411448,0 3.0862330,46.9411578,0 3.0866225,46.9411707,0 3.0870473,46.9411870,0 3.0874287,46.9412080,0 3.0886154,46.9413091,0 3.0896503,46.9414195,0 3.0905727,46.9415201,0 3.0912523,46.9415890,0 3.0918426,46.9416556,0 3.0924884,46.9417294,0 3.0933577,46.9418139,0 3.0938268,46.9418609,0 3.0942253,46.9419015,0 3.0946458,46.9419420,0 3.0946639,46.9419438,0 3.0956140,46.9420386,0 3.0964261,46.9421246,0 3.0969979,46.9421758,0 3.0973445,46.9422106,0 3.0981585,46.9422918,0 3.0986955,46.9423477,0 3.0997807,46.9424588,0 3.1006184,46.9425425,0 3.1014848,46.9426333,0 3.1021719,46.9427006,0 3.1030858,46.9427916,0 3.1038760,46.9428695,0 3.1045640,46.9429392,0 3.1050820,46.9429911,0 3.1057022,46.9430568,0 3.1063070,46.9431209,0 3.1066469,46.9431566,0 3.1070585,46.9432005,0 3.1078963,46.9432791,0 3.1084798,46.9433400,0 3.1091796,46.9434075,0 3.1092122,46.9434106,0 3.1093038,46.9434194,0 3.1102436,46.9435096,0 3.1109836,46.9435826,0 3.1113640,46.9436232,0 3.1115894,46.9436443,0 3.1118533,46.9436719,0 3.1120741,46.9436938,0 3.1123707,46.9437205,0 3.1132929,46.9438081,0 3.1144956,46.9439250,0 3.1159575,46.9440711,0 3.1163639,46.9441084,0 3.1171880,46.9441927,0 3.1185026,46.9443371,0 3.1194036,46.9444247,0 3.1201903,46.9445059,0 3.1204145,46.9445275,0 3.1207631,46.9445611,0 3.1215447,46.9446406,0 3.1222551,46.9447184,0 3.1232276,46.9448223,0 3.1240739,46.9449066,0 3.1248201,46.9449845,0 3.1253741,46.9450397,0 3.1265459,46.9451534,0 3.1271519,46.9452150,0 3.1282498,46.9453253,0 3.1287277,46.9453757,0 3.1293531,46.9454357,0 3.1303605,46.9455330,0 3.1310494,46.9456060,0 3.1314416,46.9456482,0 3.1320163,46.9457081,0 3.1324425,46.9457615,0 3.1328365,46.9458198,0 3.1331239,46.9458604,0 3.1333889,46.9459024,0 3.1336113,46.9459412,0 3.1338867,46.9459930,0 3.1340850,46.9460301,0 3.1342247,46.9460624,0 3.1347286,46.9461646,0 3.1350430,46.9462373,0 3.1354600,46.9463456,0 3.1359104,46.9464703,0 3.1363086,46.9465916,0 3.1366790,46.9467067,0 3.1369370,46.9467891,0 3.1373021,46.9469186,0 3.1377220,46.9470676,0 3.1379511,46.9471563,0 3.1381383,46.9472339,0 3.1383070,46.9473037,0 3.1384798,46.9473764,0 3.1387807,46.9475090,0 3.1391720,46.9476936,0 3.1397455,46.9479686,0 3.1401526,46.9481980,0 3.1402849,46.9482744,0 3.1405822,46.9484459,0 3.1409405,46.9486630,0 3.1413484,46.9489123,0 3.1416065,46.9490852,0 3.1418482,46.9492519,0 3.1423084,46.9495871,0 3.1427209,46.9499027,0 3.1431611,46.9502695,0 3.1434833,46.9505848,0 3.1439012,46.9509915,0 3.1441376,46.9512417,0 3.1443671,46.9515163,0 3.1447161,46.9519618,0 3.1449791,46.9523129,0 3.1452304,46.9526949,0 3.1453701,46.9529099,0 3.1455218,46.9531783,0 3.1457567,46.9536012,0 3.1459061,46.9538957,0 3.1461344,46.9543762,0 3.1463532,46.9547901,0 3.1465862,46.9552525,0 3.1466954,46.9554601,0 3.1468285,46.9557309,0 3.1469736,46.9560071,0 3.1472541,46.9565310,0 3.1475724,46.9571554,0 3.1476203,46.9572490,0 3.1480050,46.9580005,0 3.1482262,46.9584322,0 3.1484661,46.9588896,0 3.1486540,46.9592645,0 3.1487632,46.9594655,0 3.1489248,46.9597979,0 3.1490912,46.9601111,0 3.1492480,46.9604287,0 3.1494431,46.9608169,0 3.1495762,46.9610637,0 3.1497377,46.9613731,0 3.1498874,46.9616731,0 3.1500735,46.9620355,0 3.1502293,46.9623301,0 3.1503883,46.9626306,0 3.1505049,46.9628716,0 3.1506714,46.9631752,0 3.1507936,46.9634142,0 3.1509196,46.9636592,0 3.1509982,46.9638094,0 3.1511585,46.9641092,0 3.1512608,46.9643153,0 3.1513927,46.9645570,0 3.1515007,46.9647751,0 3.1515983,46.9649578,0 3.1517335,46.9651550,0 3.1518314,46.9653862,0 3.1519249,46.9655688,0 3.1519950,46.9657100,0 3.1520984,46.9659120,0 3.1522090,46.9661302,0 3.1523445,46.9663923,0 3.1524194,46.9665359,0 3.1525314,46.9667261,0 3.1526304,46.9668898,0 3.1527341,46.9671427,0 3.1527910,46.9672651,0 3.1528793,46.9674393,0 3.1529351,46.9675445,0 3.1529777,46.9676247,0 3.1530681,46.9678169,0 3.1531978,46.9680565,0 3.1532904,46.9682387,0 3.1534035,46.9684589,0 3.1534975,46.9686301,0 3.1535865,46.9687992,0 3.1537667,46.9691515,0 3.1539352,46.9695084,0 3.1540942,46.9698720,0 3.1541878,46.9700961,0 3.1543289,46.9704595,0 3.1544308,46.9707551,0 3.1545470,46.9711789,0 3.1546419,46.9715756,0 3.1546964,46.9718279,0 3.1547841,46.9723213,0 3.1548267,46.9727257,0 3.1548552,46.9730750,0 3.1548599,46.9733110,0 3.1548647,46.9739055,0 3.1548528,46.9741836,0 3.1548267,46.9746565,0 3.1548055,46.9748681,0 3.1547723,46.9751204,0 3.1546702,46.9757178,0 3.1545611,46.9762114,0 3.1545042,46.9764295,0 3.1543810,46.9768373,0 3.1542243,46.9773051,0 3.1540677,46.9777067,0 3.1538870,46.9781690,0 3.1538340,46.9783107,0 3.1536730,46.9787415,0 3.1535091,46.9791760,0 3.1533736,46.9795248,0 3.1532427,46.9798951,0 3.1530608,46.9804287,0 3.1529826,46.9806445,0 3.1528435,46.9810093,0 3.1526961,46.9814100,0 3.1524846,46.9819840,0 3.1522256,46.9826761,0 3.1519666,46.9833441,0 3.1518339,46.9836885,0 3.1518337,46.9836888,0 3.1518335,46.9836894,0 3.1517058,46.9839947,0 3.1515718,46.9844899,0 3.1515685,46.9844986,0 3.1515026,46.9846741,0 3.1514645,46.9847860,0 3.1513900,46.9850569,0 3.1513900,46.9850570,0 3.1513542,46.9851871,0 3.1512947,46.9854038,0 3.1512686,46.9854873,0 3.1511354,46.9858448,0 3.1510537,46.9860519,0 3.1510094,46.9861642,0 3.1509409,46.9863185,0 3.1509409,46.9863186,0 3.1509111,46.9863857,0 3.1508284,46.9865722,0 3.1508284,46.9865723,0 3.1508282,46.9865727,0 3.1508205,46.9865898,0 3.1507195,46.9868209,0 3.1506280,46.9870438,0 3.1505424,46.9872700,0 3.1505234,46.9873215,0</coordinates>
      </LineString>
    </Placemark>
    <Placemark>
      <name>P11 - Tours ↔ Port-de-Piles ↔ Poitiers</name>
      <styleUrl>#REMI_P11</styleUrl>
      <LineString>
        <tessellate>1</tessellate>
        <coordinates>0.6938082,47.3893150,0 0.6939291,47.3892121,0 0.6940649,47.3890964,0 0.6941065,47.3890610,0 0.6941719,47.3890054,0 0.6942274,47.3889581,0 0.6942279,47.3889576,0 0.6942583,47.3889319,0 0.6943866,47.3888227,0 0.6946453,47.3886026,0 0.6948987,47.3883871,0 0.6950445,47.3882641,0 0.6956435,47.3877154,0 0.6961062,47.3872682,0 0.6961789,47.3871979,0 0.6962329,47.3871457,0 0.6963049,47.3870748,0 0.6964351,47.3869467,0 0.6966940,47.3866919,0 0.6970510,47.3863630,0 0.6970511,47.3863629,0 0.6971064,47.3863121,0 0.6971064,47.3863120,0 0.6972478,47.3861818,0 0.6973627,47.3860803,0 0.6975211,47.3859404,0 0.6975535,47.3859116,0 0.6975797,47.3858883,0 0.6976763,47.3858026,0 0.6976764,47.3858026,0 0.6979970,47.3855180,0 0.6981724,47.3853997,0 0.6983539,47.3852664,0 0.6987437,47.3849848,0 0.6991477,47.3846323,0 0.6995518,47.3842912,0 0.6998869,47.3840095,0 0.7002672,47.3836941,0 0.7007164,47.3833112,0 0.7010277,47.3830488,0 0.7013249,47.3827833,0 0.7016600,47.3824485,0 0.7019119,47.3821766,0 0.7022162,47.3818160,0 0.7025605,47.3813697,0 0.7026321,47.3812770,0 0.7028912,47.3808842,0 0.7030410,47.3806042,0 0.7031764,47.3803017,0 0.7032928,47.3799717,0 0.7033499,47.3797834,0 0.7034117,47.3795050,0 0.7034640,47.3792378,0 0.7035330,47.3789031,0 0.7035648,47.3787422,0 0.7035670,47.3787306,0 0.7035726,47.3787023,0 0.7036303,47.3784106,0 0.7036969,47.3779760,0 0.7037136,47.3776332,0 0.7037087,47.3772228,0 0.7036683,47.3767914,0 0.7036351,47.3764679,0 0.7035875,47.3759787,0 0.7035638,47.3756262,0 0.7035709,47.3752254,0 0.7036042,47.3747731,0 0.7036303,47.3744962,0 0.7036690,47.3738283,0 0.7036703,47.3737914,0 0.7036874,47.3732158,0 0.7037255,47.3718812,0 0.7037266,47.3718342,0 0.7037123,47.3709067,0 0.7036773,47.3705317,0 0.7035916,47.3700905,0 0.7035370,47.3698091,0 0.7033500,47.3691695,0 0.7031038,47.3686178,0 0.7028456,47.3681045,0 0.7026062,47.3677257,0 0.7024573,47.3674903,0 0.7019669,47.3668582,0 0.7015361,47.3663788,0 0.7010197,47.3658846,0 0.7005224,47.3654660,0 0.6999546,47.3650365,0 0.6992504,47.3646068,0 0.6988572,47.3643668,0 0.6980567,47.3639632,0 0.6975143,47.3637194,0 0.6971191,47.3635543,0 0.6962357,47.3632270,0 0.6954265,47.3629906,0 0.6945714,47.3627892,0 0.6935638,47.3625907,0 0.6930614,47.3624918,0 0.6908943,47.3620974,0 0.6902887,47.3619783,0 0.6896756,47.3618377,0 0.6891887,47.3617064,0 0.6889272,47.3616359,0 0.6882054,47.3614196,0 0.6874826,47.3611805,0 0.6867791,47.3608994,0 0.6863141,47.3606991,0 0.6857370,47.3604277,0 0.6852475,47.3601669,0 0.6848852,47.3599650,0 0.6848038,47.3599161,0 0.6842428,47.3595800,0 0.6838564,47.3593239,0 0.6834250,47.3590167,0 0.6829257,47.3586321,0 0.6823840,47.3581815,0 0.6820346,47.3578466,0 0.6815376,47.3573493,0 0.6813838,47.3571964,0 0.6812975,47.3571106,0 0.6812671,47.3570213,0 0.6808925,47.3566489,0 0.6808924,47.3566489,0 0.6806987,47.3564563,0 0.6795248,47.3553018,0 0.6783674,47.3541167,0 0.6775575,47.3533155,0 0.6764303,47.3522005,0 0.6761353,47.3518994,0 0.6753560,47.3511039,0 0.6748624,47.3505829,0 0.6744552,47.3501297,0 0.6740527,47.3496700,0 0.6740321,47.3496466,0 0.6735092,47.3489268,0 0.6732192,47.3485017,0 0.6728287,47.3479073,0 0.6725727,47.3474516,0 0.6722566,47.3468639,0 0.6719168,47.3461424,0 0.6716030,47.3453517,0 0.6713890,47.3446543,0 0.6710493,47.3433853,0 0.6707211,47.3421500,0 0.6703789,47.3408824,0 0.6701695,47.3400762,0 0.6694183,47.3371858,0 0.6691431,47.3361262,0 0.6682636,47.3328433,0 0.6678568,47.3312867,0 0.6678563,47.3312847,0 0.6676082,47.3303352,0 0.6671269,47.3285323,0 0.6669778,47.3279736,0 0.6663003,47.3254314,0 0.6656776,47.3230711,0 0.6653758,47.3219610,0 0.6653373,47.3218143,0 0.6649622,47.3203836,0 0.6646271,47.3191156,0 0.6640104,47.3167984,0 0.6639402,47.3165343,0 0.6635885,47.3152194,0 0.6632367,47.3138916,0 0.6629276,47.3127007,0 0.6625806,47.3114486,0 0.6624595,47.3109958,0 0.6623846,47.3106802,0 0.6622670,47.3102094,0 0.6621434,47.3097549,0 0.6620019,47.3092086,0 0.6618236,47.3085434,0 0.6615390,47.3074648,0 0.6613651,47.3067702,0 0.6612948,47.3064899,0 0.6610097,47.3054463,0 0.6606650,47.3041883,0 0.6603834,47.3030941,0 0.6603771,47.3030707,0 0.6602538,47.3026105,0 0.6600646,47.3018235,0 0.6600643,47.3018219,0 0.6598480,47.3010111,0 0.6594914,47.2997007,0 0.6591777,47.2984966,0 0.6587249,47.2967774,0 0.6575016,47.2921322,0 0.6566688,47.2889693,0 0.6564646,47.2882456,0 0.6563710,47.2878827,0 0.6559267,47.2861605,0 0.6558078,47.2856996,0 0.6557899,47.2856304,0 0.6556853,47.2852531,0 0.6554035,47.2842408,0 0.6553320,47.2839807,0 0.6550836,47.2830769,0 0.6550174,47.2828362,0 0.6547205,47.2817275,0 0.6546690,47.2815351,0 0.6545183,47.2809723,0 0.6535990,47.2775436,0 0.6534916,47.2771427,0 0.6529733,47.2751189,0 0.6523721,47.2728370,0 0.6518740,47.2709432,0 0.6518444,47.2708307,0 0.6516376,47.2700679,0 0.6513405,47.2689390,0 0.6510529,47.2678294,0 0.6507083,47.2665568,0 0.6503875,47.2653214,0 0.6502562,47.2648295,0 0.6497053,47.2627665,0 0.6492428,47.2609812,0 0.6490374,47.2601889,0 0.6487040,47.2589299,0 0.6487040,47.2589298,0 0.6483624,47.2576402,0 0.6480439,47.2564578,0 0.6478252,47.2556280,0 0.6474474,47.2541945,0 0.6471431,47.2530361,0 0.6464707,47.2504962,0 0.6462210,47.2495529,0 0.6458787,47.2482477,0 0.6455697,47.2470570,0 0.6452369,47.2457662,0 0.6449200,47.2445892,0 0.6448923,47.2444866,0 0.6446056,47.2434112,0 0.6445714,47.2432830,0 0.6437745,47.2402577,0 0.6435636,47.2394570,0 0.6432072,47.2381063,0 0.6428720,47.2368331,0 0.6421970,47.2343042,0 0.6415101,47.2316672,0 0.6411346,47.2302437,0 0.6405449,47.2280298,0 0.6404690,47.2277452,0 0.6401340,47.2264249,0 0.6397704,47.2251191,0 0.6394233,47.2237939,0 0.6390739,47.2224799,0 0.6383870,47.2198761,0 0.6380733,47.2186654,0 0.6377381,47.2173956,0 0.6375363,47.2166309,0 0.6374066,47.2161390,0 0.6370751,47.2148894,0 0.6367512,47.2136887,0 0.6363709,47.2122013,0 0.6360500,47.2110206,0 0.6356193,47.2093656,0 0.6354197,47.2085946,0 0.6354197,47.2085945,0 0.6352248,47.2078407,0 0.6351974,47.2077349,0 0.6347874,47.2061909,0 0.6343167,47.2044268,0 0.6339483,47.2030559,0 0.6336724,47.2019619,0 0.6336080,47.2017130,0 0.6333090,47.2006029,0 0.6330119,47.1994741,0 0.6326673,47.1981693,0 0.6323583,47.1969725,0 0.6320231,47.1957209,0 0.6319135,47.1952898,0 0.6317023,47.1944595,0 0.6313529,47.1931611,0 0.6309963,47.1918270,0 0.6306684,47.1905332,0 0.6303118,47.1892281,0 0.6299886,47.1879408,0 0.6296273,47.1866292,0 0.6293906,47.1856937,0 0.6293617,47.1855891,0 0.6293617,47.1855890,0 0.6290341,47.1844015,0 0.6288972,47.1838837,0 0.6287716,47.1834084,0 0.6287203,47.1832142,0 0.6285576,47.1825804,0 0.6284826,47.1822885,0 0.6281032,47.1808732,0 0.6281032,47.1808731,0 0.6279621,47.1803467,0 0.6276698,47.1792304,0 0.6274036,47.1782256,0 0.6270565,47.1769250,0 0.6266619,47.1753950,0 0.6263820,47.1743443,0 0.6263697,47.1742980,0 0.6261955,47.1736184,0 0.6260698,47.1731356,0 0.6260393,47.1730184,0 0.6256994,47.1717322,0 0.6253737,47.1705011,0 0.6250268,47.1691760,0 0.6246846,47.1678333,0 0.6246224,47.1675986,0 0.6243161,47.1664436,0 0.6239239,47.1650216,0 0.6234980,47.1638198,0 0.6231692,47.1630606,0 0.6227902,47.1623245,0 0.6223362,47.1615504,0 0.6219702,47.1609783,0 0.6216496,47.1605520,0 0.6215400,47.1604062,0 0.6210100,47.1597598,0 0.6204634,47.1591392,0 0.6198073,47.1584653,0 0.6191513,47.1578462,0 0.6184882,47.1572758,0 0.6179581,47.1568491,0 0.6174424,47.1564628,0 0.6163063,47.1556725,0 0.6149824,47.1547932,0 0.6130121,47.1534614,0 0.6112248,47.1522556,0 0.6093994,47.1510142,0 0.6075693,47.1497761,0 0.6074440,47.1496915,0 0.6056393,47.1484716,0 0.6037925,47.1472302,0 0.6019481,47.1459870,0 0.6001156,47.1447343,0 0.5984828,47.1436382,0 0.5983740,47.1435645,0 0.5966740,47.1424128,0 0.5947726,47.1411292,0 0.5928878,47.1398617,0 0.5911951,47.1387168,0 0.5895218,47.1375931,0 0.5875895,47.1362899,0 0.5867373,47.1357095,0 0.5858259,47.1350886,0 0.5839245,47.1338065,0 0.5833445,47.1334070,0 0.5827812,47.1329850,0 0.5822322,47.1325387,0 0.5818995,47.1322574,0 0.5813884,47.1317982,0 0.5809012,47.1313228,0 0.5805930,47.1309767,0 0.5804922,47.1308635,0 0.5800836,47.1303947,0 0.5798126,47.1300389,0 0.5794823,47.1295926,0 0.5791376,47.1290654,0 0.5787692,47.1284461,0 0.5785862,47.1280839,0 0.5782463,47.1273691,0 0.5779919,47.1267126,0 0.5778350,47.1261837,0 0.5777829,47.1259629,0 0.5777068,47.1256404,0 0.5776045,47.1251552,0 0.5774144,47.1238550,0 0.5772884,47.1230675,0 0.5769903,47.1210492,0 0.5767989,47.1197536,0 0.5765920,47.1183999,0 0.5765309,47.1179540,0 0.5764893,47.1173857,0 0.5764830,47.1169035,0 0.5764827,47.1168812,0 0.5764994,47.1163134,0 0.5765492,47.1156309,0 0.5766521,47.1146930,0 0.5766633,47.1145909,0 0.5767751,47.1133486,0 0.5768797,47.1122762,0 0.5769633,47.1115280,0 0.5769896,47.1112723,0 0.5770285,47.1108756,0 0.5770698,47.1104556,0 0.5772136,47.1091809,0 0.5772626,47.1086832,0 0.5773253,47.1080469,0 0.5774512,47.1068790,0 0.5775915,47.1055604,0 0.5776985,47.1046270,0 0.5778244,47.1033312,0 0.5779528,47.1021178,0 0.5780882,47.1008380,0 0.5780934,47.1007886,0 0.5782237,47.0995324,0 0.5784091,47.0977558,0 0.5785517,47.0964404,0 0.5786848,47.0951136,0 0.5788097,47.0939612,0 0.5788250,47.0938207,0 0.5789630,47.0924469,0 0.5791173,47.0910358,0 0.5792599,47.0897364,0 0.5794003,47.0883965,0 0.5795380,47.0870938,0 0.5796759,47.0858007,0 0.5798137,47.0844801,0 0.5798649,47.0840099,0 0.5799587,47.0831482,0 0.5800895,47.0818744,0 0.5802178,47.0806605,0 0.5803676,47.0793527,0 0.5804438,47.0786008,0 0.5805007,47.0780385,0 0.5806457,47.0767419,0 0.5807479,47.0756720,0 0.5807895,47.0751856,0 0.5809202,47.0738793,0 0.5810104,47.0729971,0 0.5810247,47.0728578,0 0.5811555,47.0716293,0 0.5812458,47.0707356,0 0.5813742,47.0694876,0 0.5815072,47.0682459,0 0.5816475,47.0669734,0 0.5817524,47.0660255,0 0.5817805,47.0657721,0 0.5819113,47.0644996,0 0.5820404,47.0633040,0 0.5820515,47.0632011,0 0.5821703,47.0619528,0 0.5823011,47.0607028,0 0.5824366,47.0594059,0 0.5825721,47.0580798,0 0.5827123,47.0567877,0 0.5828572,47.0554810,0 0.5829738,47.0543150,0 0.5830959,47.0531631,0 0.5831020,47.0531054,0 0.5831892,47.0522844,0 0.5832161,47.0520302,0 0.5833469,47.0507686,0 0.5833731,47.0505373,0 0.5834895,47.0495103,0 0.5835603,47.0487991,0 0.5835604,47.0487991,0 0.5835989,47.0484123,0 0.5836206,47.0482109,0 0.5838071,47.0464728,0 0.5838971,47.0456335,0 0.5839711,47.0449756,0 0.5840143,47.0445917,0 0.5840920,47.0437889,0 0.5840986,47.0437146,0 0.5841283,47.0434159,0 0.5842544,47.0420666,0 0.5843755,47.0408584,0 0.5844897,47.0398622,0 0.5845277,47.0395302,0 0.5845894,47.0390847,0 0.5847250,47.0383640,0 0.5849127,47.0374973,0 0.5851100,47.0367263,0 0.5852241,47.0363343,0 0.5854736,47.0355406,0 0.5857494,47.0347663,0 0.5859514,47.0342430,0 0.5860347,47.0340475,0 0.5863056,47.0334120,0 0.5867832,47.0324351,0 0.5871873,47.0316656,0 0.5875629,47.0309933,0 0.5880097,47.0302545,0 0.5884446,47.0295984,0 0.5888201,47.0290428,0 0.5890911,47.0286572,0 0.5895308,47.0280578,0 0.5898589,47.0276446,0 0.5906597,47.0266628,0 0.5912694,47.0259185,0 0.5922308,47.0247445,0 0.5924169,47.0245191,0 0.5929351,47.0238913,0 0.5945392,47.0218616,0 0.5956109,47.0205265,0 0.5958075,47.0202815,0 0.5962239,47.0197206,0 0.5965180,47.0192901,0 0.5965184,47.0192895,0 0.5965194,47.0192881,0 0.5967945,47.0188370,0 0.5969231,47.0186272,0 0.5970152,47.0184771,0 0.5972728,47.0180060,0 0.5973150,47.0179321,0 0.5974687,47.0176142,0 0.5976248,47.0172972,0 0.5976692,47.0171879,0 0.5977931,47.0168983,0 0.5979307,47.0165406,0 0.5979340,47.0165323,0 0.5980637,47.0161951,0 0.5982216,47.0157320,0 0.5983442,47.0153570,0 0.5984723,47.0148520,0 0.5985739,47.0143514,0 0.5986156,47.0142068,0 0.5986162,47.0142048,0 0.5986448,47.0140448,0 0.5987268,47.0135223,0 0.5987685,47.0132379,0 0.5988113,47.0127200,0 0.5988347,47.0120873,0 0.5988186,47.0114359,0 0.5988192,47.0114224,0 0.5988192,47.0114222,0 0.5988218,47.0113707,0 0.5987803,47.0107823,0 0.5987764,47.0107274,0 0.5987528,47.0105653,0 0.5987131,47.0102594,0 0.5986758,47.0099718,0 0.5985242,47.0091560,0 0.5982943,47.0081117,0 0.5982673,47.0079596,0 0.5982606,47.0079223,0 0.5981838,47.0075646,0 0.5981820,47.0075550,0 0.5980714,47.0070556,0 0.5979829,47.0066560,0 0.5979178,47.0063617,0 0.5978848,47.0062124,0 0.5977536,47.0056464,0 0.5972875,47.0036347,0 0.5972774,47.0035834,0 0.5972293,47.0033376,0 0.5971844,47.0031345,0 0.5971361,47.0028996,0 0.5970811,47.0026360,0 0.5970494,47.0024517,0 0.5970044,47.0021869,0 0.5969827,47.0020149,0 0.5969511,47.0017450,0 0.5969195,47.0013589,0 0.5968982,47.0010241,0 0.5968887,47.0008113,0 0.5968767,47.0004943,0 0.5968696,47.0001369,0 0.5968767,46.9997926,0 0.5968910,46.9996026,0 0.5969005,46.9994715,0 0.5969171,46.9991665,0 0.5969363,46.9989809,0 0.5969744,46.9986768,0 0.5970197,46.9984235,0 0.5970981,46.9980068,0 0.5971482,46.9977664,0 0.5972100,46.9974886,0 0.5972625,46.9972562,0 0.5973100,46.9970498,0 0.5973672,46.9968406,0 0.5974387,46.9965935,0 0.5975103,46.9963804,0 0.5976052,46.9961130,0 0.5977052,46.9958162,0 0.5977529,46.9956861,0 0.5978576,46.9954035,0 0.5978836,46.9953424,0 0.5979696,46.9951400,0 0.5981053,46.9948400,0 0.5982099,46.9946016,0 0.5983500,46.9942985,0 0.5985188,46.9939095,0 0.5987988,46.9932555,0 0.5988894,46.9930279,0 0.5991059,46.9925539,0 0.5995834,46.9914619,0 0.5999187,46.9906995,0 0.6001088,46.9902764,0 0.6004225,46.9895486,0 0.6006697,46.9889812,0 0.6009525,46.9883343,0 0.6011927,46.9877812,0 0.6014374,46.9872317,0 0.6016179,46.9868072,0 0.6016751,46.9866722,0 0.6018985,46.9861793,0 0.6020601,46.9858017,0 0.6022528,46.9853685,0 0.6024927,46.9848321,0 0.6026994,46.9843391,0 0.6029491,46.9837814,0 0.6031272,46.9833616,0 0.6033531,46.9828312,0 0.6035694,46.9823462,0 0.6037667,46.9818971,0 0.6039686,46.9814352,0 0.6041801,46.9809341,0 0.6044844,46.9802271,0 0.6046985,46.9797355,0 0.6049408,46.9791972,0 0.6050966,46.9788314,0 0.6052354,46.9785051,0 0.6055445,46.9777704,0 0.6057586,46.9772883,0 0.6059961,46.9767760,0 0.6062196,46.9762506,0 0.6065001,46.9756344,0 0.6067710,46.9750037,0 0.6069871,46.9745094,0 0.6072459,46.9738562,0 0.6073145,46.9736869,0 0.6073718,46.9735452,0 0.6075903,46.9729391,0 0.6078255,46.9722877,0 0.6079839,46.9717665,0 0.6079963,46.9717256,0 0.6080634,46.9714974,0 0.6081555,46.9711843,0 0.6083169,46.9705799,0 0.6084309,46.9701247,0 0.6086019,46.9693340,0 0.6087847,46.9683325,0 0.6088702,46.9677168,0 0.6089676,46.9669261,0 0.6090435,46.9659113,0 0.6090816,46.9653152,0 0.6090863,46.9645256,0 0.6091030,46.9639519,0 0.6090886,46.9635240,0 0.6090863,46.9628979,0 0.6090696,46.9623707,0 0.6090720,46.9619224,0 0.6090791,46.9613532,0 0.6090744,46.9607970,0 0.6090744,46.9595446,0 0.6090720,46.9590433,0 0.6090720,46.9586035,0 0.6090768,46.9582027,0 0.6090712,46.9578609,0 0.6090672,46.9576287,0 0.6090720,46.9570318,0 0.6090792,46.9563876,0 0.6090720,46.9555491,0 0.6090720,46.9549600,0 0.6090697,46.9544703,0 0.6090673,46.9542690,0 0.6090721,46.9537156,0 0.6090697,46.9532016,0 0.6090625,46.9527214,0 0.6090625,46.9521145,0 0.6090602,46.9519260,0 0.6090744,46.9513583,0 0.6090649,46.9509040,0 0.6090720,46.9505697,0 0.6090673,46.9501709,0 0.6090626,46.9497101,0 0.6090601,46.9491827,0 0.6090578,46.9486992,0 0.6090578,46.9480872,0 0.6090650,46.9475682,0 0.6090554,46.9470619,0 0.6090673,46.9464274,0 0.6090626,46.9460107,0 0.6090626,46.9455611,0 0.6090601,46.9451439,0 0.6090697,46.9444899,0 0.6090673,46.9434938,0 0.6090673,46.9426418,0 0.6090697,46.9418680,0 0.6090530,46.9410669,0 0.6090151,46.9401555,0 0.6089794,46.9396773,0 0.6089225,46.9390462,0 0.6088678,46.9384508,0 0.6088081,46.9378763,0 0.6088060,46.9378559,0 0.6086873,46.9370808,0 0.6086303,46.9367129,0 0.6085543,46.9363268,0 0.6084473,46.9356776,0 0.6083287,46.9350777,0 0.6082173,46.9345862,0 0.6081504,46.9342911,0 0.6080602,46.9339100,0 0.6078987,46.9332757,0 0.6077110,46.9325766,0 0.6075162,46.9319100,0 0.6072693,46.9311071,0 0.6071007,46.9306191,0 0.6068537,46.9299233,0 0.6065186,46.9290569,0 0.6064672,46.9289250,0 0.6063096,46.9285201,0 0.6060770,46.9279786,0 0.6057183,46.9271818,0 0.6054831,46.9266598,0 0.6051958,46.9260985,0 0.6048892,46.9254753,0 0.6046233,46.9249727,0 0.6042789,46.9243415,0 0.6039821,46.9238195,0 0.6035878,46.9231737,0 0.6033194,46.9227275,0 0.6030533,46.9223042,0 0.6026178,46.9216298,0 0.6025639,46.9215464,0 0.6020390,46.9207661,0 0.6016043,46.9201495,0 0.6011812,46.9195489,0 0.6007559,46.9189516,0 0.6003993,46.9184515,0 0.5998382,46.9176557,0 0.5995983,46.9172988,0 0.5991826,46.9167374,0 0.5988448,46.9162614,0 0.5983530,46.9155634,0 0.5979537,46.9150132,0 0.5976065,46.9145308,0 0.5973309,46.9141363,0 0.5970934,46.9138134,0 0.5970172,46.9137077,0 0.5967986,46.9134041,0 0.5963349,46.9127512,0 0.5959159,46.9121499,0 0.5958857,46.9121066,0 0.5955080,46.9115727,0 0.5954795,46.9115338,0 0.5952394,46.9112057,0 0.5949898,46.9108485,0 0.5947046,46.9104653,0 0.5943833,46.9100005,0 0.5943580,46.9099637,0 0.5943580,46.9099636,0 0.5938751,46.9092605,0 0.5935186,46.9087800,0 0.5934793,46.9087237,0 0.5932070,46.9083331,0 0.5929124,46.9079111,0 0.5925941,46.9074728,0 0.5922137,46.9069384,0 0.5920282,46.9066770,0 0.5915886,46.9060648,0 0.5912961,46.9056473,0 0.5910799,46.9053373,0 0.5905500,46.9045953,0 0.5902695,46.9042006,0 0.5895897,46.9032425,0 0.5892829,46.9028057,0 0.5888577,46.9022050,0 0.5883822,46.9015471,0 0.5879924,46.9009884,0 0.5875837,46.9004072,0 0.5872891,46.9000015,0 0.5868304,46.8993728,0 0.5863454,46.8986956,0 0.5859199,46.8981027,0 0.5853233,46.8972549,0 0.5849122,46.8966833,0 0.5845177,46.8961279,0 0.5842609,46.8957721,0 0.5840512,46.8954709,0 0.5840182,46.8954192,0 0.5835623,46.8947929,0 0.5834851,46.8946845,0 0.5833533,46.8944994,0 0.5831366,46.8941948,0 0.5823308,46.8930563,0 0.5819328,46.8924961,0 0.5816394,46.8920876,0 0.5815657,46.8919808,0 0.5810906,46.8913320,0 0.5808432,46.8909931,0 0.5805982,46.8906322,0 0.5803118,46.8902311,0 0.5798829,46.8896351,0 0.5796533,46.8892993,0 0.5793396,46.8888503,0 0.5790272,46.8884144,0 0.5787596,46.8880356,0 0.5785006,46.8876636,0 0.5783248,46.8874055,0 0.5781061,46.8871115,0 0.5779123,46.8868385,0 0.5773233,46.8859878,0 0.5770687,46.8856349,0 0.5768190,46.8852756,0 0.5765246,46.8848472,0 0.5762774,46.8845191,0 0.5759492,46.8840380,0 0.5756214,46.8835899,0 0.5755993,46.8835586,0 0.5753670,46.8832308,0 0.5749132,46.8825975,0 0.5746730,46.8822741,0 0.5742475,46.8816679,0 0.5739576,46.8812602,0 0.5736437,46.8808167,0 0.5732612,46.8802773,0 0.5728119,46.8796453,0 0.5725836,46.8793236,0 0.5722486,46.8788460,0 0.5719087,46.8783732,0 0.5715189,46.8778208,0 0.5711768,46.8773416,0 0.5708012,46.8768169,0 0.5703971,46.8762513,0 0.5701263,46.8758620,0 0.5700334,46.8757282,0 0.5696771,46.8752346,0 0.5694868,46.8749761,0 0.5692793,46.8746802,0 0.5690134,46.8743011,0 0.5689363,46.8741832,0 0.5682272,46.8731694,0 0.5679395,46.8727664,0 0.5675211,46.8721846,0 0.5671813,46.8717021,0 0.5668917,46.8713045,0 0.5666466,46.8709824,0 0.5662896,46.8704650,0 0.5652967,46.8690781,0 0.5651544,46.8688642,0 0.5650447,46.8686993,0 0.5647687,46.8683024,0 0.5645716,46.8680184,0 0.5642293,46.8675503,0 0.5638633,46.8670190,0 0.5635806,46.8666373,0 0.5631313,46.8659970,0 0.5628131,46.8655666,0 0.5625991,46.8652756,0 0.5622708,46.8648153,0 0.5620378,46.8644804,0 0.5618502,46.8642126,0 0.5615579,46.8638129,0 0.5612915,46.8634323,0 0.5610848,46.8631351,0 0.5607275,46.8626398,0 0.5606547,46.8625388,0 0.5604051,46.8621924,0 0.5601815,46.8618671,0 0.5598366,46.8613712,0 0.5595274,46.8608980,0 0.5591542,46.8603372,0 0.5588522,46.8598705,0 0.5586311,46.8595176,0 0.5584740,46.8592671,0 0.5581505,46.8587303,0 0.5578985,46.8582913,0 0.5576607,46.8578849,0 0.5574253,46.8574589,0 0.5572706,46.8571888,0 0.5568902,46.8564570,0 0.5566760,46.8560551,0 0.5563454,46.8553572,0 0.5561315,46.8548990,0 0.5559556,46.8545397,0 0.5558532,46.8543166,0 0.5556535,46.8538678,0 0.5554109,46.8533166,0 0.5551564,46.8527098,0 0.5548068,46.8518233,0 0.5546982,46.8515219,0 0.5546853,46.8514863,0 0.5546164,46.8512847,0 0.5544668,46.8508540,0 0.5543194,46.8504447,0 0.5540484,46.8497344,0 0.5538059,46.8490514,0 0.5536182,46.8485297,0 0.5533615,46.8478356,0 0.5531713,46.8473055,0 0.5529599,46.8467010,0 0.5527247,46.8460786,0 0.5525249,46.8455371,0 0.5524036,46.8452002,0 0.5523323,46.8449887,0 0.5522183,46.8446558,0 0.5520114,46.8441080,0 0.5519188,46.8438347,0 0.5517429,46.8433486,0 0.5516312,46.8430187,0 0.5514887,46.8426467,0 0.5513009,46.8421312,0 0.5512178,46.8419006,0 0.5510871,46.8415689,0 0.5508944,46.8410305,0 0.5507209,46.8405623,0 0.5506306,46.8403102,0 0.5505355,46.8400469,0 0.5503953,46.8396616,0 0.5501932,46.8390957,0 0.5500649,46.8387346,0 0.5499176,46.8383105,0 0.5497394,46.8378425,0 0.5497097,46.8377612,0 0.5495706,46.8373804,0 0.5493685,46.8368081,0 0.5491999,46.8363449,0 0.5489548,46.8356828,0 0.5487839,46.8351676,0 0.5486152,46.8347320,0 0.5484203,46.8341789,0 0.5481802,46.8335239,0 0.5479473,46.8328896,0 0.5477594,46.8323627,0 0.5477562,46.8323538,0 0.5476167,46.8319624,0 0.5474646,46.8315184,0 0.5473290,46.8311212,0 0.5472147,46.8307531,0 0.5471503,46.8305168,0 0.5470837,46.8302660,0 0.5470384,46.8300733,0 0.5470098,46.8299233,0 0.5469551,46.8296568,0 0.5468909,46.8293442,0 0.5468433,46.8290641,0 0.5468230,46.8289489,0 0.5468099,46.8288747,0 0.5467813,46.8285765,0 0.5467385,46.8282104,0 0.5467194,46.8279801,0 0.5467099,46.8275974,0 0.5467004,46.8273512,0 0.5467182,46.8267752,0 0.5467236,46.8264034,0 0.5467256,46.8263509,0 0.5467385,46.8260951,0 0.5467729,46.8257190,0 0.5468035,46.8254631,0 0.5468214,46.8253144,0 0.5468214,46.8253143,0 0.5468604,46.8249884,0 0.5469221,46.8246168,0 0.5469314,46.8245734,0 0.5469314,46.8245733,0 0.5470048,46.8242305,0 0.5470048,46.8242304,0 0.5470553,46.8239947,0 0.5471652,46.8236077,0 0.5472293,46.8233882,0 0.5474206,46.8228506,0 0.5474240,46.8228409,0 0.5474266,46.8228336,0 0.5475383,46.8225636,0 0.5476809,46.8222368,0 0.5479827,46.8215797,0 0.5484510,46.8206640,0 0.5488503,46.8198524,0 0.5493138,46.8189514,0 0.5495224,46.8185365,0 0.5499152,46.8177555,0 0.5499152,46.8177554,0 0.5499436,46.8176990,0 0.5502811,46.8170314,0 0.5503075,46.8169795,0 0.5504228,46.8167528,0 0.5504237,46.8167511,0 0.5505301,46.8165340,0 0.5505301,46.8165339,0 0.5506923,46.8162030,0 0.5508744,46.8158307,0 0.5508753,46.8158289,0 0.5509763,46.8156272,0 0.5509774,46.8156250,0 0.5513138,46.8149298,0 0.5515194,46.8144765,0 0.5515718,46.8143512,0 0.5516026,46.8142812,0 0.5517168,46.8139852,0 0.5518356,46.8136322,0 0.5518902,46.8134598,0 0.5519354,46.8133020,0 0.5520117,46.8130159,0 0.5520243,46.8129191,0 0.5520255,46.8129101,0 0.5520408,46.8128188,0 0.5521672,46.8121621,0 0.5522038,46.8117519,0 0.5522405,46.8114448,0 0.5522683,46.8111082,0 0.5522796,46.8107872,0 0.5522836,46.8104480,0 0.5522759,46.8101330,0 0.5522595,46.8098804,0 0.5522367,46.8095862,0 0.5521988,46.8092462,0 0.5521495,46.8088991,0 0.5521040,46.8086456,0 0.5520155,46.8082147,0 0.5519346,46.8078962,0 0.5518747,46.8076771,0 0.5518271,46.8075025,0 0.5516930,46.8071184,0 0.5515300,46.8066883,0 0.5513076,46.8061812,0 0.5510837,46.8057295,0 0.5508196,46.8052510,0 0.5506147,46.8048512,0 0.5504979,46.8046408,0 0.5504428,46.8045587,0 0.5502887,46.8043346,0 0.5501730,46.8041761,0 0.5499973,46.8039535,0 0.5498001,46.8036999,0 0.5495557,46.8033946,0 0.5493499,46.8031548,0 0.5490298,46.8028140,0 0.5487592,46.8025378,0 0.5484935,46.8022715,0 0.5482205,46.8020148,0 0.5480166,46.8018201,0 0.5477014,46.8015474,0 0.5474429,46.8013250,0 0.5470293,46.8009968,0 0.5469667,46.8009471,0 0.5466371,46.8007004,0 0.5461745,46.8003870,0 0.5458001,46.8001339,0 0.5456084,46.8000189,0 0.5453636,46.7998676,0 0.5450268,46.7996647,0 0.5447564,46.7995120,0 0.5445237,46.7993788,0 0.5442536,46.7992311,0 0.5440190,46.7991079,0 0.5437320,46.7989634,0 0.5434736,46.7988351,0 0.5432366,46.7987249,0 0.5429281,46.7985819,0 0.5426364,46.7984520,0 0.5423561,46.7983317,0 0.5420497,46.7981984,0 0.5417294,46.7980635,0 0.5412900,46.7978830,0 0.5398615,46.7973038,0 0.5388295,46.7968757,0 0.5384920,46.7967324,0 0.5381211,46.7965778,0 0.5377688,46.7964263,0 0.5374761,46.7962976,0 0.5370859,46.7961233,0 0.5368094,46.7959960,0 0.5365855,46.7958868,0 0.5363353,46.7957660,0 0.5361132,46.7956500,0 0.5360451,46.7956132,0 0.5357518,46.7954546,0 0.5355047,46.7953229,0 0.5353564,46.7952410,0 0.5351351,46.7951156,0 0.5349466,46.7950077,0 0.5346768,46.7948427,0 0.5343933,46.7946567,0 0.5340620,46.7944380,0 0.5337759,46.7942275,0 0.5335001,46.7940273,0 0.5332708,46.7938556,0 0.5331348,46.7937413,0 0.5328568,46.7935217,0 0.5324848,46.7932099,0 0.5322845,46.7930254,0 0.5320804,46.7928368,0 0.5319402,46.7927131,0 0.5317561,46.7925413,0 0.5314964,46.7922738,0 0.5313486,46.7921222,0 0.5311935,46.7919539,0 0.5310432,46.7917822,0 0.5308573,46.7915539,0 0.5307171,46.7913814,0 0.5305573,46.7911821,0 0.5302902,46.7908132,0 0.5301091,46.7905391,0 0.5299971,46.7903645,0 0.5299685,46.7903172,0 0.5297737,46.7900278,0 0.5295196,46.7896244,0 0.5293389,46.7893314,0 0.5292888,46.7892513,0 0.5290676,46.7888899,0 0.5288395,46.7885172,0 0.5285782,46.7880862,0 0.5283548,46.7877381,0 0.5281788,46.7874595,0 0.5280552,46.7872543,0 0.5279337,46.7870571,0 0.5278575,46.7869235,0 0.5277937,46.7868165,0 0.5274987,46.7863395,0 0.5269811,46.7855020,0 0.5268360,46.7852657,0 0.5265911,46.7848719,0 0.5263273,46.7844423,0 0.5261397,46.7841430,0 0.5259487,46.7838393,0 0.5258592,46.7836970,0 0.5257071,46.7834498,0 0.5254956,46.7831063,0 0.5252173,46.7826730,0 0.5249795,46.7822619,0 0.5247778,46.7819418,0 0.5246280,46.7817074,0 0.5244069,46.7813492,0 0.5240506,46.7807815,0 0.5238846,46.7805283,0 0.5237114,46.7802829,0 0.5235357,46.7800358,0 0.5233842,46.7798299,0 0.5232539,46.7796692,0 0.5230282,46.7793846,0 0.5228126,46.7791281,0 0.5225798,46.7788646,0 0.5223640,46.7786144,0 0.5221413,46.7783824,0 0.5218448,46.7780787,0 0.5216431,46.7778870,0 0.5213746,46.7776250,0 0.5210498,46.7773441,0 0.5202802,46.7766675,0 0.5194889,46.7759529,0 0.5188350,46.7753992,0 0.5185452,46.7751504,0 0.5182745,46.7749162,0 0.5179204,46.7745990,0 0.5170779,46.7739097,0 0.5167449,46.7736540,0 0.5165146,46.7734670,0 0.5160900,46.7731501,0 0.5157883,46.7729272,0 0.5154367,46.7726702,0 0.5152470,46.7725338,0 0.5147005,46.7721497,0 0.5140926,46.7717252,0 0.5133425,46.7712309,0 0.5125704,46.7707429,0 0.5120863,46.7704421,0 0.5114428,46.7700616,0 0.5106210,46.7695898,0 0.5103006,46.7694126,0 0.5099063,46.7691962,0 0.5097065,46.7690893,0 0.5093860,46.7689180,0 0.5087252,46.7685614,0 0.5079600,46.7681496,0 0.5072992,46.7677996,0 0.5064648,46.7673469,0 0.5056014,46.7668817,0 0.5054401,46.7667948,0 0.5045767,46.7663257,0 0.5037153,46.7658236,0 0.5033269,46.7655739,0 0.5030413,46.7653831,0 0.5026913,46.7651614,0 0.5024530,46.7649931,0 0.5021797,46.7648043,0 0.5018392,46.7645646,0 0.5015224,46.7643296,0 0.5011939,46.7640785,0 0.5007535,46.7637295,0 0.5004866,46.7635060,0 0.5002558,46.7633070,0 0.4999841,46.7630694,0 0.4999463,46.7630363,0 0.4996746,46.7627865,0 0.4992989,46.7624201,0 0.4990467,46.7621821,0 0.4988017,46.7619328,0 0.4982814,46.7614282,0 0.4978297,46.7609869,0 0.4973116,46.7604756,0 0.4970098,46.7601810,0 0.4966553,46.7598323,0 0.4963750,46.7595474,0 0.4962229,46.7594002,0 0.4960094,46.7591936,0 0.4959261,46.7591130,0 0.4955718,46.7587693,0 0.4949989,46.7582025,0 0.4942503,46.7574634,0 0.4937083,46.7569309,0 0.4930904,46.7563235,0 0.4923536,46.7556022,0 0.4919816,46.7552326,0 0.4917831,46.7550354,0 0.4913291,46.7545875,0 0.4900247,46.7533033,0 0.4898796,46.7531663,0 0.4894275,46.7527196,0 0.4882254,46.7515461,0 0.4876879,46.7510198,0 0.4870914,46.7504318,0 0.4866161,46.7499645,0 0.4860550,46.7494106,0 0.4855868,46.7489433,0 0.4850665,46.7484354,0 0.4845007,46.7478880,0 0.4838872,46.7472706,0 0.4833314,46.7467236,0 0.4825825,46.7459922,0 0.4810781,46.7445103,0 0.4806713,46.7441109,0 0.4805313,46.7439660,0 0.4801536,46.7436014,0 0.4798137,46.7432642,0 0.4796235,46.7430802,0 0.4792146,46.7426713,0 0.4787606,46.7422299,0 0.4785589,46.7420266,0 0.4783956,46.7418758,0 0.4781958,46.7416932,0 0.4780250,46.7415322,0 0.4777642,46.7413048,0 0.4775030,46.7410786,0 0.4773272,46.7409321,0 0.4771707,46.7407972,0 0.4768008,46.7405030,0 0.4765089,46.7402771,0 0.4762409,46.7400771,0 0.4759917,46.7398966,0 0.4757971,46.7397583,0 0.4755669,46.7395958,0 0.4753606,46.7394575,0 0.4750709,46.7392623,0 0.4748003,46.7390850,0 0.4745419,46.7389192,0 0.4742621,46.7387485,0 0.4739939,46.7385875,0 0.4736594,46.7383924,0 0.4732605,46.7381679,0 0.4730419,46.7380459,0 0.4728406,46.7379354,0 0.4725632,46.7377908,0 0.4722213,46.7376184,0 0.4718700,46.7374410,0 0.4715758,46.7372996,0 0.4711486,46.7370979,0 0.4708926,46.7369825,0 0.4705746,46.7368426,0 0.4703353,46.7367387,0 0.4700006,46.7366037,0 0.4695874,46.7364344,0 0.4692837,46.7363157,0 0.4689084,46.7361708,0 0.4678508,46.7358003,0 0.4674495,46.7356701,0 0.4671196,46.7355628,0 0.4667264,46.7354426,0 0.4662923,46.7353207,0 0.4652471,46.7350358,0 0.4645939,46.7348649,0 0.4640379,46.7347232,0 0.4630370,46.7344673,0 0.4627463,46.7343905,0 0.4619699,46.7341856,0 0.4610811,46.7339575,0 0.4596167,46.7335778,0 0.4589276,46.7333955,0 0.4580911,46.7331821,0 0.4569027,46.7328726,0 0.4558139,46.7325923,0 0.4553625,46.7324734,0 0.4547042,46.7323056,0 0.4539102,46.7321020,0 0.4528596,46.7318266,0 0.4517900,46.7315497,0 0.4511579,46.7313836,0 0.4504711,46.7312077,0 0.4497293,46.7310170,0 0.4493442,46.7309160,0 0.4492359,46.7308876,0 0.4487740,46.7307661,0 0.4471674,46.7303523,0 0.4468546,46.7302718,0 0.4468546,46.7302717,0 0.4462528,46.7301167,0 0.4459908,46.7300493,0 0.4447288,46.7297251,0 0.4438944,46.7295100,0 0.4438373,46.7294953,0 0.4432596,46.7293438,0 0.4423803,46.7291109,0 0.4422163,46.7290688,0 0.4415296,46.7288926,0 0.4407642,46.7286954,0 0.4406121,46.7286557,0 0.4406136,46.7286205,0 0.4397592,46.7283971,0 0.4390201,46.7281967,0 0.4386755,46.7281006,0 0.4382808,46.7279898,0 0.4379671,46.7279002,0 0.4375963,46.7277780,0 0.4371852,46.7276379,0 0.4368381,46.7275157,0 0.4364840,46.7273773,0 0.4362035,46.7272664,0 0.4359373,46.7271541,0 0.4356997,46.7270514,0 0.4354263,46.7269292,0 0.4351150,46.7267874,0 0.4348440,46.7266571,0 0.4346467,46.7265594,0 0.4344494,46.7264649,0 0.4342094,46.7263411,0 0.4339884,46.7262237,0 0.4337531,46.7260999,0 0.4335296,46.7259712,0 0.4332255,46.7257985,0 0.4329711,46.7256486,0 0.4326312,46.7254450,0 0.4322961,46.7252332,0 0.4319747,46.7250243,0 0.4317608,46.7248718,0 0.4315806,46.7247444,0 0.4312622,46.7244983,0 0.4308487,46.7241887,0 0.4305207,46.7239085,0 0.4300334,46.7234653,0 0.4297684,46.7232128,0 0.4294629,46.7228967,0 0.4291920,46.7226180,0 0.4290566,46.7224714,0 0.4289329,46.7223264,0 0.4288189,46.7221895,0 0.4286928,46.7220413,0 0.4285550,46.7218734,0 0.4284314,46.7217252,0 0.4282651,46.7215166,0 0.4279370,46.7210587,0 0.4276590,46.7206204,0 0.4275401,46.7204347,0 0.4274261,46.7202424,0 0.4273238,46.7200615,0 0.4272288,46.7198888,0 0.4272161,46.7198653,0 0.4271076,46.7196656,0 0.4270148,46.7194863,0 0.4269222,46.7193088,0 0.4267601,46.7189378,0 0.4265637,46.7184492,0 0.4264498,46.7181358,0 0.4263233,46.7177216,0 0.4262566,46.7174722,0 0.4261902,46.7172246,0 0.4259676,46.7162231,0 0.4258431,46.7155934,0 0.4257623,46.7152235,0 0.4256673,46.7147884,0 0.4255887,46.7143533,0 0.4254771,46.7138579,0 0.4254153,46.7135987,0 0.4253273,46.7132321,0 0.4252655,46.7130104,0 0.4251253,46.7125541,0 0.4250184,46.7122282,0 0.4247451,46.7113938,0 0.4245597,46.7107957,0 0.4244337,46.7103899,0 0.4243006,46.7099988,0 0.4234449,46.7074091,0 0.4233451,46.7071630,0 0.4232072,46.7068288,0 0.4229885,46.7063643,0 0.4228317,46.7060481,0 0.4226701,46.7057499,0 0.4225252,46.7054989,0 0.4223801,46.7052691,0 0.4222327,46.7050327,0 0.4220711,46.7047931,0 0.4218905,46.7045421,0 0.4217645,46.7043710,0 0.4215435,46.7040776,0 0.4214921,46.7040160,0 0.4213819,46.7038837,0 0.4211799,46.7036424,0 0.4209707,46.7034109,0 0.4208424,46.7032757,0 0.4207949,46.7032218,0 0.4206902,46.7031029,0 0.4205666,46.7029757,0 0.4204074,46.7028291,0 0.4202648,46.7026905,0 0.4201032,46.7025226,0 0.4199272,46.7023645,0 0.4197490,46.7022081,0 0.4195732,46.7020418,0 0.4194448,46.7019358,0 0.4192689,46.7017924,0 0.4191429,46.7016930,0 0.4189029,46.7014941,0 0.4186461,46.7012985,0 0.4184062,46.7011208,0 0.4181827,46.7009595,0 0.4178832,46.7007508,0 0.4175267,46.7005129,0 0.4173278,46.7003863,0 0.4170014,46.7001787,0 0.4167971,46.7000499,0 0.4165237,46.6999015,0 0.4162575,46.6997565,0 0.4160674,46.6996473,0 0.4157964,46.6995071,0 0.4155421,46.6993750,0 0.4151880,46.6991892,0 0.4149575,46.6990865,0 0.4146674,46.6989545,0 0.4144012,46.6988388,0 0.4141849,46.6987443,0 0.4141003,46.6987096,0 0.4139187,46.6986350,0 0.4137049,46.6985437,0 0.4135574,46.6984867,0 0.4133864,46.6984247,0 0.4130773,46.6983090,0 0.4128088,46.6982144,0 0.4125568,46.6981231,0 0.4123144,46.6980449,0 0.4119864,46.6979373,0 0.4116608,46.6978330,0 0.4113137,46.6977287,0 0.4109596,46.6976276,0 0.4106411,46.6975412,0 0.4102918,46.6974385,0 0.4101562,46.6974043,0 0.4097689,46.6972983,0 0.4090891,46.6971076,0 0.4084830,46.6969413,0 0.4080053,46.6968092,0 0.4075062,46.6966740,0 0.4071996,46.6965908,0 0.4050652,46.6959974,0 0.4039409,46.6956893,0 0.4030449,46.6954399,0 0.4023747,46.6952541,0 0.4018589,46.6951123,0 0.4011007,46.6948955,0 0.4002997,46.6946803,0 0.3996936,46.6945107,0 0.3992325,46.6943721,0 0.3990614,46.6943233,0 0.3989094,46.6942776,0 0.3987357,46.6942255,0 0.3985646,46.6941733,0 0.3983508,46.6941032,0 0.3980395,46.6940037,0 0.3978184,46.6939287,0 0.3975545,46.6938374,0 0.3972955,46.6937477,0 0.3970744,46.6936695,0 0.3968367,46.6935831,0 0.3966204,46.6935032,0 0.3962972,46.6933843,0 0.3960833,46.6933028,0 0.3957530,46.6931739,0 0.3954201,46.6930321,0 0.3950898,46.6928935,0 0.3948474,46.6927924,0 0.3945313,46.6926555,0 0.3941771,46.6924941,0 0.3938349,46.6923360,0 0.3935686,46.6922170,0 0.3932645,46.6920670,0 0.3928604,46.6918631,0 0.3923898,46.6916219,0 0.3920475,46.6914426,0 0.3917599,46.6912861,0 0.3913154,46.6910383,0 0.3912204,46.6909828,0 0.3909043,46.6907953,0 0.3905621,46.6905915,0 0.3902079,46.6903682,0 0.3898775,46.6901628,0 0.3895566,46.6899524,0 0.3892833,46.6897715,0 0.3888840,46.6894975,0 0.3886796,46.6893476,0 0.3884038,46.6891552,0 0.3880592,46.6888944,0 0.3878074,46.6887003,0 0.3876433,46.6885764,0 0.3874888,46.6884558,0 0.3873843,46.6883759,0 0.3870776,46.6881215,0 0.3867425,46.6878444,0 0.3865096,46.6876406,0 0.3862362,46.6873943,0 0.3860033,46.6871906,0 0.3853520,46.6865612,0 0.3849979,46.6861797,0 0.3849005,46.6860884,0 0.3847722,46.6859661,0 0.3845702,46.6857655,0 0.3843895,46.6855405,0 0.3841257,46.6852470,0 0.3839070,46.6850009,0 0.3837335,46.6847954,0 0.3833769,46.6843650,0 0.3831915,46.6840910,0 0.3828992,46.6836948,0 0.3827875,46.6835236,0 0.3825973,46.6832627,0 0.3825095,46.6831355,0 0.3824310,46.6830067,0 0.3823193,46.6828420,0 0.3822194,46.6826920,0 0.3821291,46.6825502,0 0.3820554,46.6824246,0 0.3819152,46.6821914,0 0.3817985,46.6819959,0 0.3816918,46.6818213,0 0.3816228,46.6816875,0 0.3815159,46.6814870,0 0.3813567,46.6812000,0 0.3812307,46.6809294,0 0.3809930,46.6804532,0 0.3807387,46.6799346,0 0.3804036,46.6792367,0 0.3802420,46.6788878,0 0.3800281,46.6784817,0 0.3797548,46.6779109,0 0.3796861,46.6777512,0 0.3796074,46.6775686,0 0.3794743,46.6772815,0 0.3793650,46.6770189,0 0.3792793,46.6768298,0 0.3791771,46.6765819,0 0.3790964,46.6763944,0 0.3790298,46.6762280,0 0.3789133,46.6758774,0 0.3788325,46.6756247,0 0.3787850,46.6754713,0 0.3787470,46.6753393,0 0.3786780,46.6750800,0 0.3786305,46.6748501,0 0.3785767,46.6746430,0 0.3785212,46.6743992,0 0.3784869,46.6742314,0 0.3784524,46.6740320,0 0.3784103,46.6737698,0 0.3783913,46.6736164,0 0.3783626,46.6733437,0 0.3783473,46.6731772,0 0.3783301,46.6730068,0 0.3783168,46.6728665,0 0.3782747,46.6723485,0 0.3782632,46.6720824,0 0.3782536,46.6718891,0 0.3782477,46.6718129,0 0.3782403,46.6715055,0 0.3782336,46.6710694,0 0.3782317,46.6709503,0 0.3782317,46.6709502,0 0.3782289,46.6707725,0 0.3781887,46.6699426,0 0.3781348,46.6698230,0 0.3781136,46.6693636,0 0.3780967,46.6687606,0 0.3780811,46.6681075,0 0.3780773,46.6677338,0 0.3780544,46.6672238,0 0.3780467,46.6668251,0 0.3780276,46.6663714,0 0.3780237,46.6661313,0 0.3780142,46.6658492,0 0.3780104,46.6653687,0 0.3779958,46.6651656,0 0.3779868,46.6650390,0 0.3779760,46.6647666,0 0.3779512,46.6642629,0 0.3779436,46.6638388,0 0.3779415,46.6634603,0 0.3779397,46.6631372,0 0.3779282,46.6625697,0 0.3779168,46.6622263,0 0.3779073,46.6619437,0 0.3778825,46.6616489,0 0.3778672,46.6614290,0 0.3778406,46.6612073,0 0.3777814,46.6608802,0 0.3777395,46.6606474,0 0.3776766,46.6603814,0 0.3776174,46.6600919,0 0.3775009,46.6596479,0 0.3774209,46.6593402,0 0.3773141,46.6589922,0 0.3771759,46.6585801,0 0.3771196,46.6584125,0 0.3770302,46.6582036,0 0.3768430,46.6577697,0 0.3766179,46.6572615,0 0.3763528,46.6567301,0 0.3761106,46.6562955,0 0.3758569,46.6558647,0 0.3755595,46.6553975,0 0.3752884,46.6550085,0 0.3750805,46.6547138,0 0.3747790,46.6543078,0 0.3745248,46.6539799,0 0.3742880,46.6536625,0 0.3740244,46.6533256,0 0.3737739,46.6529988,0 0.3734184,46.6525224,0 0.3730420,46.6520162,0 0.3729538,46.6518990,0 0.3727078,46.6515719,0 0.3722492,46.6509895,0 0.3720158,46.6506796,0 0.3718115,46.6504031,0 0.3716546,46.6502035,0 0.3714467,46.6499390,0 0.3709899,46.6493368,0 0.3707071,46.6489694,0 0.3703382,46.6484787,0 0.3700019,46.6480341,0 0.3695969,46.6475042,0 0.3692913,46.6471056,0 0.3690277,46.6467712,0 0.3688595,46.6465535,0 0.3686527,46.6462905,0 0.3685162,46.6460972,0 0.3684155,46.6459543,0 0.3681829,46.6456376,0 0.3679194,46.6453099,0 0.3676439,46.6449448,0 0.3672598,46.6444344,0 0.3668834,46.6439281,0 0.3665285,46.6434656,0 0.3662341,46.6431060,0 0.3659697,46.6427497,0 0.3656088,46.6422487,0 0.3653586,46.6419197,0 0.3650395,46.6414921,0 0.3648465,46.6412427,0 0.3646440,46.6409674,0 0.3643767,46.6406308,0 0.3642639,46.6404886,0 0.3639942,46.6401287,0 0.3636789,46.6396971,0 0.3633427,46.6392552,0 0.3630199,46.6388290,0 0.3626854,46.6383959,0 0.3624009,46.6380170,0 0.3620931,46.6376337,0 0.3618250,46.6372656,0 0.3615806,46.6369195,0 0.3613572,46.6366270,0 0.3611085,46.6362765,0 0.3608580,46.6359389,0 0.3605540,46.6354808,0 0.3602446,46.6350494,0 0.3600148,46.6347168,0 0.3599485,46.6346121,0 0.3598273,46.6344210,0 0.3596246,46.6341021,0 0.3593896,46.6337214,0 0.3591356,46.6333149,0 0.3587855,46.6327711,0 0.3585232,46.6323006,0 0.3582900,46.6318818,0 0.3580283,46.6313936,0 0.3577703,46.6309306,0 0.3576650,46.6307364,0 0.3576099,46.6306348,0 0.3573902,46.6300840,0 0.3573379,46.6299817,0 0.3568467,46.6289308,0 0.3567224,46.6286581,0 0.3564942,46.6281734,0 0.3561995,46.6274976,0 0.3559926,46.6269806,0 0.3559428,46.6268562,0 0.3557289,46.6263110,0 0.3554603,46.6256189,0 0.3551181,46.6246395,0 0.3547806,46.6236846,0 0.3544954,46.6228570,0 0.3542743,46.6221959,0 0.3540342,46.6214597,0 0.3538227,46.6208459,0 0.3535494,46.6200362,0 0.3533255,46.6194221,0 0.3532955,46.6193342,0 0.3530656,46.6188062,0 0.3530281,46.6186907,0 0.3528178,46.6180488,0 0.3526586,46.6176001,0 0.3525064,46.6171510,0 0.3523093,46.6165814,0 0.3520430,46.6158172,0 0.3518171,46.6151444,0 0.3515566,46.6144137,0 0.3513298,46.6136865,0 0.3512160,46.6133537,0 0.3510138,46.6127872,0 0.3508237,46.6122335,0 0.3506717,46.6118374,0 0.3505043,46.6113738,0 0.3503279,46.6108200,0 0.3501640,46.6103746,0 0.3500227,46.6099749,0 0.3499780,46.6098250,0 0.3498176,46.6093550,0 0.3494588,46.6083095,0 0.3494311,46.6082289,0 0.3492693,46.6077582,0 0.3492111,46.6075923,0 0.3490626,46.6071688,0 0.3488939,46.6066855,0 0.3487847,46.6063776,0 0.3486379,46.6060213,0 0.3484650,46.6056602,0 0.3483042,46.6053710,0 0.3480673,46.6049982,0 0.3478608,46.6047161,0 0.3475697,46.6043242,0 0.3473329,46.6040355,0 0.3470435,46.6037275,0 0.3470087,46.6036933,0 0.3468017,46.6034895,0 0.3465195,46.6032306,0 0.3461610,46.6028961,0 0.3457413,46.6025654,0 0.3452947,46.6022292,0 0.3449762,46.6019875,0 0.3446341,46.6017279,0 0.3441494,46.6013672,0 0.3439199,46.6011965,0 0.3436606,46.6010019,0 0.3433702,46.6007762,0 0.3430607,46.6005309,0 0.3427296,46.6002592,0 0.3425215,46.6000768,0 0.3423378,46.5998964,0 0.3421093,46.5996740,0 0.3419208,46.5994790,0 0.3417347,46.5992774,0 0.3416198,46.5991441,0 0.3414102,46.5988757,0 0.3412409,46.5986609,0 0.3410665,46.5984050,0 0.3409090,46.5981624,0 0.3407732,46.5979249,0 0.3405465,46.5975313,0 0.3404365,46.5972571,0 0.3403272,46.5970071,0 0.3402577,46.5968263,0 0.3401670,46.5965458,0 0.3400885,46.5962531,0 0.3400399,46.5960869,0 0.3399869,46.5958742,0 0.3399816,46.5958402,0 0.3399524,46.5956500,0 0.3399321,46.5954316,0 0.3399107,46.5952280,0 0.3398916,46.5949364,0 0.3398820,46.5946378,0 0.3398796,46.5944727,0 0.3398750,46.5941887,0 0.3398631,46.5938654,0 0.3398559,46.5934554,0 0.3398440,46.5931568,0 0.3398322,46.5927781,0 0.3398108,46.5924634,0 0.3397941,46.5922312,0 0.3397847,46.5920152,0 0.3397493,46.5918140,0 0.3397137,46.5916003,0 0.3396425,46.5912451,0 0.3395880,46.5910169,0 0.3395227,46.5908196,0 0.3394103,46.5905001,0 0.3393882,46.5904370,0 0.3392994,46.5902156,0 0.3391930,46.5899948,0 0.3390654,46.5897511,0 0.3390227,46.5896785,0 0.3387250,46.5891307,0 0.3387152,46.5891136,0 0.3384991,46.5888028,0 0.3382258,46.5884459,0 0.3379596,46.5881143,0 0.3376969,46.5878051,0 0.3376315,46.5877288,0 0.3374663,46.5875419,0 0.3371451,46.5871845,0 0.3371451,46.5871844,0 0.3368252,46.5868286,0 0.3359328,46.5858388,0 0.3357647,46.5856497,0 0.3357647,46.5856496,0 0.3354741,46.5853226,0 0.3353725,46.5852084,0 0.3352680,46.5850908,0 0.3352609,46.5850828,0 0.3352603,46.5850820,0 0.3350153,46.5848064,0 0.3350117,46.5848024,0 0.3343046,46.5840109,0 0.3330045,46.5825243,0 0.3328406,46.5823424,0</coordinates>
      </LineString>
    </Placemark>
    <Placemark>
      <name>P16 - Orléans ↔ Blois</name>
      <styleUrl>#REMI_P16</styleUrl>
      <LineString>
        <tessellate>1</tessellate>
        <coordinates>1.3235633,47.5853641,0 1.3235766,47.5859622,0 1.3235813,47.5862474,0 1.3235813,47.5866514,0 1.3235750,47.5869703,0 1.3235419,47.5875009,0 1.3235060,47.5878976,0 1.3234860,47.5883024,0 1.3234860,47.5883026,0 1.3234846,47.5883278,0 1.3234788,47.5884453,0 1.3234634,47.5892532,0 1.3234637,47.5892796,0 1.3234710,47.5902160,0 1.3234724,47.5902741,0 1.3234783,47.5905352,0 1.3234803,47.5906206,0 1.3234803,47.5906207,0 1.3234892,47.5910114,0 1.3234905,47.5910468,0 1.3235013,47.5913546,0 1.3235081,47.5917568,0 1.3235010,47.5920166,0 1.3235153,47.5923211,0 1.3235437,47.5926817,0 1.3235604,47.5928083,0 1.3235866,47.5929670,0 1.3236223,47.5931225,0 1.3236674,47.5932956,0 1.3236873,47.5933580,0 1.3237696,47.5936178,0 1.3238410,47.5938214,0 1.3239017,47.5939591,0 1.3239598,47.5940906,0 1.3241617,47.5945042,0 1.3242688,47.5946853,0 1.3243686,47.5948472,0 1.3244588,47.5949915,0 1.3245943,47.5952046,0 1.3247227,47.5953633,0 1.3248820,47.5955509,0 1.3250603,47.5957608,0 1.3252290,47.5959371,0 1.3254120,47.5961102,0 1.3257209,47.5963811,0 1.3259443,47.5965718,0 1.3260456,47.5966480,0 1.3262106,47.5967721,0 1.3264554,47.5969340,0 1.3266907,47.5970815,0 1.3270710,47.5973171,0 1.3276580,47.5976601,0 1.3282689,47.5980143,0 1.3285532,47.5981770,0 1.3287343,47.5982716,0 1.3288892,47.5983525,0 1.3304532,47.5992612,0 1.3318317,47.6000594,0 1.3329440,47.6007068,0 1.3341965,47.6014344,0 1.3348265,47.6017998,0 1.3353041,47.6020803,0 1.3358461,47.6023992,0 1.3371438,47.6031332,0 1.3384058,47.6038736,0 1.3396347,47.6045819,0 1.3412200,47.6054921,0 1.3427602,47.6064072,0 1.3433832,47.6067702,0 1.3439509,47.6071010,0 1.3454032,47.6078766,0 1.3468221,47.6087660,0 1.3480224,47.6094534,0 1.3486333,47.6098139,0 1.3497099,47.6104485,0 1.3504253,47.6108603,0 1.3507272,47.6110301,0 1.3510100,47.6111983,0 1.3515567,47.6115157,0 1.3520131,47.6117912,0 1.3531016,47.6124177,0 1.3532247,47.6124887,0 1.3544205,47.6131783,0 1.3547131,47.6133470,0 1.3565859,47.6144318,0 1.3580882,47.6153082,0 1.3600395,47.6164329,0 1.3610709,47.6170338,0 1.3622570,47.6177210,0 1.3634168,47.6184052,0 1.3648168,47.6192142,0 1.3663498,47.6201066,0 1.3676809,47.6208772,0 1.3688502,47.6215564,0 1.3699221,47.6221764,0 1.3699698,47.6222037,0 1.3711058,47.6228556,0 1.3720589,47.6234035,0 1.3732520,47.6240955,0 1.3746401,47.6249077,0 1.3757572,47.6255340,0 1.3768006,47.6261444,0 1.3784786,47.6271263,0 1.3796551,47.6278103,0 1.3813308,47.6287746,0 1.3822505,47.6293096,0 1.3823168,47.6293480,0 1.3832109,47.6298654,0 1.3847628,47.6307688,0 1.3860748,47.6315264,0 1.3872443,47.6322071,0 1.3874107,47.6323051,0 1.3884850,47.6329375,0 1.3898539,47.6337223,0 1.3911897,47.6345439,0 1.3920263,47.6351237,0 1.3931220,47.6359213,0 1.3942725,47.6367541,0 1.3955725,47.6377119,0 1.3966231,47.6384726,0 1.3980111,47.6394831,0 1.3992114,47.6403623,0 1.4004472,47.6412672,0 1.4014265,47.6419766,0 1.4026759,47.6428762,0 1.4032220,47.6432743,0 1.4034639,47.6434506,0 1.4040001,47.6438462,0 1.4047103,47.6443662,0 1.4056305,47.6450360,0 1.4057808,47.6451454,0 1.4069208,47.6459465,0 1.4078787,47.6466457,0 1.4081779,47.6468604,0 1.4089990,47.6474498,0 1.4093510,47.6477066,0 1.4104132,47.6484810,0 1.4118417,47.6495121,0 1.4124353,47.6499530,0 1.4129326,47.6503224,0 1.4131924,47.6505145,0 1.4135715,47.6507947,0 1.4139570,47.6510796,0 1.4143438,47.6513581,0 1.4144751,47.6514527,0 1.4158869,47.6524838,0 1.4171705,47.6534108,0 1.4182400,47.6541921,0 1.4194474,47.6550711,0 1.4207474,47.6560125,0 1.4220594,47.6569698,0 1.4233477,47.6579016,0 1.4246002,47.6588157,0 1.4259075,47.6597714,0 1.4269985,47.6605622,0 1.4273529,47.6608110,0 1.4282368,47.6614314,0 1.4295464,47.6624175,0 1.4306754,47.6632371,0 1.4317568,47.6640215,0 1.4329903,47.6649162,0 1.4341003,47.6657246,0 1.4345804,47.6660720,0 1.4354764,47.6667234,0 1.4358591,47.6670003,0 1.4366387,47.6675701,0 1.4370950,47.6679014,0 1.4374664,47.6681725,0 1.4381409,47.6686649,0 1.4391367,47.6693868,0 1.4404345,47.6703311,0 1.4417631,47.6712978,0 1.4429633,47.6721733,0 1.4444845,47.6732791,0 1.4456373,47.6741082,0 1.4468197,47.6749618,0 1.4469523,47.6750586,0 1.4481210,47.6759118,0 1.4492382,47.6767263,0 1.4504028,47.6775713,0 1.4513867,47.6782898,0 1.4521711,47.6788579,0 1.4529197,47.6794037,0 1.4540130,47.6801925,0 1.4546480,47.6806542,0 1.4548782,47.6808215,0 1.4555438,47.6813015,0 1.4561712,47.6817639,0 1.4563588,47.6818931,0 1.4567702,47.6821767,0 1.4570102,47.6823448,0 1.4573572,47.6825721,0 1.4578991,47.6829097,0 1.4586788,47.6833545,0 1.4593086,47.6836761,0 1.4600740,47.6840361,0 1.4611601,47.6845098,0 1.4614643,47.6846423,0 1.4623318,47.6850202,0 1.4632612,47.6854170,0 1.4646159,47.6860027,0 1.4658138,47.6865211,0 1.4675299,47.6872539,0 1.4689917,47.6878810,0 1.4699542,47.6882987,0 1.4711736,47.6888282,0 1.4722668,47.6892938,0 1.4729561,47.6895946,0 1.4731700,47.6896859,0 1.4740090,47.6900442,0 1.4757204,47.6907833,0 1.4760423,47.6909258,0 1.4764072,47.6910873,0 1.4780804,47.6918089,0 1.4788839,47.6921513,0 1.4799011,47.6925863,0 1.4815221,47.6932823,0 1.4823635,47.6936503,0 1.4833760,47.6940854,0 1.4847283,47.6946613,0 1.4864467,47.6954020,0 1.4880820,47.6961059,0 1.4893654,47.6966642,0 1.4901355,47.6970081,0 1.4910191,47.6974079,0 1.4919586,47.6978496,0 1.4921815,47.6979575,0 1.4929496,47.6983295,0 1.4936413,47.6986750,0 1.4940882,47.6989086,0 1.4947132,47.6992349,0 1.4955974,47.6997068,0 1.4967858,47.7003610,0 1.4972779,47.7006441,0 1.4982143,47.7011896,0 1.4989701,47.7016375,0 1.4999328,47.7022165,0 1.5010117,47.7028531,0 1.5023071,47.7036129,0 1.5029251,47.7039760,0 1.5030090,47.7040247,0 1.5036357,47.7043887,0 1.5046911,47.7049996,0 1.5052929,47.7053631,0 1.5062734,47.7059552,0 1.5078367,47.7068992,0 1.5082435,47.7071414,0 1.5088776,47.7075163,0 1.5089046,47.7075320,0 1.5089565,47.7075629,0 1.5089930,47.7075847,0 1.5089931,47.7075847,0 1.5122690,47.7095383,0 1.5126839,47.7097858,0 1.5141361,47.7106431,0 1.5147369,47.7110007,0 1.5155812,47.7115034,0 1.5169502,47.7123111,0 1.5184690,47.7132162,0 1.5189407,47.7134965,0 1.5199735,47.7141102,0 1.5214757,47.7149929,0 1.5229635,47.7158980,0 1.5231540,47.7160089,0 1.5242541,47.7166496,0 1.5249862,47.7170814,0 1.5256493,47.7174779,0 1.5263433,47.7178905,0 1.5271562,47.7183734,0 1.5284801,47.7191585,0 1.5291422,47.7195540,0 1.5297517,47.7199181,0 1.5299554,47.7200377,0 1.5302786,47.7202275,0 1.5310209,47.7206632,0 1.5310570,47.7206846,0 1.5318302,47.7211869,0 1.5326187,47.7216540,0 1.5337572,47.7223351,0 1.5352878,47.7232448,0 1.5357100,47.7234955,0 1.5366853,47.7240747,0 1.5383207,47.7250420,0 1.5397516,47.7258895,0 1.5410729,47.7266712,0 1.5423421,47.7274337,0 1.5429887,47.7278175,0 1.5441224,47.7284906,0 1.5458839,47.7295363,0 1.5472486,47.7303311,0 1.5476707,47.7305688,0 1.5488247,47.7312186,0 1.5507694,47.7322851,0 1.5522145,47.7330732,0 1.5527243,47.7333516,0 1.5537453,47.7339093,0 1.5554351,47.7348285,0 1.5569453,47.7356547,0 1.5571559,47.7357700,0 1.5590312,47.7367867,0 1.5602054,47.7374341,0 1.5617622,47.7382813,0 1.5633547,47.7391460,0 1.5655246,47.7403288,0 1.5658304,47.7404958,0 1.5673618,47.7413325,0 1.5684765,47.7419448,0 1.5698172,47.7426752,0 1.5713499,47.7435094,0 1.5733715,47.7446388,0 1.5749534,47.7456034,0 1.5766739,47.7466821,0 1.5774633,47.7471760,0 1.5781143,47.7475834,0 1.5797328,47.7486062,0 1.5813254,47.7496050,0 1.5830461,47.7506837,0 1.5845459,47.7516281,0 1.5860575,47.7525758,0 1.5877213,47.7536161,0 1.5891664,47.7545237,0 1.5904783,47.7553482,0 1.5912635,47.7558393,0 1.5913865,47.7559157,0 1.5922547,47.7564546,0 1.5928534,47.7568267,0 1.5937730,47.7574115,0 1.5949070,47.7581339,0 1.5954277,47.7584535,0 1.5965471,47.7591597,0 1.5971199,47.7595112,0 1.5980657,47.7601070,0 1.5989404,47.7606583,0 1.6001907,47.7614381,0 1.6013164,47.7621405,0 1.6018153,47.7624823,0 1.6019029,47.7625387,0 1.6026052,47.7629925,0 1.6027391,47.7630760,0 1.6029514,47.7632027,0 1.6033384,47.7634229,0 1.6043098,47.7640296,0 1.6049085,47.7643985,0 1.6053913,47.7647067,0 1.6062347,47.7652452,0 1.6075850,47.7660890,0 1.6089800,47.7669435,0 1.6105131,47.7679244,0 1.6113736,47.7684516,0 1.6128469,47.7693828,0 1.6132037,47.7696083,0 1.6140213,47.7701098,0 1.6145605,47.7704515,0 1.6152900,47.7709146,0 1.6158910,47.7713027,0 1.6167916,47.7718919,0 1.6173357,47.7722528,0 1.6177099,47.7725090,0 1.6184282,47.7730011,0 1.6185177,47.7730624,0 1.6205809,47.7745213,0 1.6214723,47.7751709,0 1.6223046,47.7757842,0 1.6234097,47.7766249,0 1.6235011,47.7766961,0 1.6236229,47.7767910,0 1.6242584,47.7772800,0 1.6247116,47.7776338,0 1.6256542,47.7783686,0 1.6258835,47.7784992,0 1.6262383,47.7787812,0 1.6265806,47.7790495,0 1.6266407,47.7791003,0 1.6268016,47.7792364,0 1.6275051,47.7797810,0 1.6279493,47.7801339,0 1.6279614,47.7801436,0 1.6285508,47.7805940,0 1.6289264,47.7808767,0 1.6297036,47.7814868,0 1.6304452,47.7820857,0 1.6306623,47.7822557,0 1.6307612,47.7823333,0 1.6311225,47.7826175,0 1.6317263,47.7830935,0 1.6324868,47.7836876,0 1.6328315,47.7839590,0 1.6333972,47.7844063,0 1.6337680,47.7847017,0 1.6344738,47.7852494,0 1.6347491,47.7854628,0 1.6351393,47.7857653,0 1.6362184,47.7866117,0 1.6370170,47.7872313,0 1.6373902,47.7875474,0 1.6382149,47.7882102,0 1.6387972,47.7886605,0 1.6395958,47.7892993,0 1.6404515,47.7899508,0 1.6411598,47.7905240,0 1.6415781,47.7908402,0 1.6425051,47.7915604,0 1.6426683,47.7916905,0 1.6433954,47.7922704,0 1.6434462,47.7923108,0 1.6437599,47.7925590,0 1.6437600,47.7925591,0 1.6444506,47.7931055,0 1.6452384,47.7937064,0 1.6462485,47.7945191,0 1.6467690,47.7949343,0 1.6469551,47.7950799,0 1.6473917,47.7954213,0 1.6477815,47.7957310,0 1.6486586,47.7964032,0 1.6491149,47.7967704,0 1.6495783,47.7971457,0 1.6500371,47.7974921,0 1.6506646,47.7979871,0 1.6509402,47.7982122,0 1.6515108,47.7986577,0 1.6521002,47.7991175,0 1.6525041,47.7994400,0 1.6528821,47.7997306,0 1.6532885,47.8000579,0 1.6536997,47.8003739,0 1.6541727,47.8007364,0 1.6545910,47.8010700,0 1.6549665,47.8013669,0 1.6559458,47.8021301,0 1.6562928,47.8024031,0 1.6571651,47.8030848,0 1.6575953,47.8034232,0 1.6584248,47.8040666,0 1.6587694,47.8043460,0 1.6593981,47.8048372,0 1.6595847,47.8049829,0 1.6600576,47.8053453,0 1.6610107,47.8061051,0 1.6620637,47.8069304,0 1.6624130,47.8072099,0 1.6631807,47.8078116,0 1.6635420,47.8080846,0 1.6642669,47.8086625,0 1.6646234,47.8089354,0 1.6652224,47.8094159,0 1.6657310,47.8098181,0 1.6661001,47.8101026,0 1.6663894,47.8103258,0 1.6666794,47.8105620,0 1.6674756,47.8111702,0 1.6676562,47.8113090,0 1.6678833,47.8114956,0 1.6680389,47.8116235,0 1.6683425,47.8118652,0 1.6686925,47.8121438,0 1.6691417,47.8125125,0 1.6698215,47.8130376,0 1.6700545,47.8132212,0 1.6704371,47.8135229,0 1.6711311,47.8140560,0 1.6720176,47.8147439,0 1.6722306,47.8149121,0 1.6729494,47.8154797,0 1.6732440,47.8157068,0 1.6740343,47.8163250,0 1.6743839,47.8165984,0 1.6754355,47.8174253,0 1.6764393,47.8182124,0 1.6768956,47.8185707,0 1.6777386,47.8192367,0 1.6780832,47.8195080,0 1.6790768,47.8202821,0 1.6794617,47.8205933,0 1.6800122,47.8210196,0 1.6800203,47.8210261,0 1.6803415,47.8212789,0 1.6807266,47.8215806,0 1.6814750,47.8221604,0 1.6817406,47.8223743,0 1.6819289,47.8225259,0 1.6828178,47.8232117,0 1.6833289,47.8236190,0 1.6840084,47.8241525,0 1.6850235,47.8249546,0 1.6853562,47.8252132,0 1.6863727,47.8259865,0 1.6868350,47.8263280,0 1.6878407,47.8270660,0 1.6884258,47.8274935,0 1.6892124,47.8280703,0 1.6897172,47.8284408,0 1.6903647,47.8289173,0 1.6914820,47.8297340,0 1.6918442,47.8300029,0 1.6920270,47.8301387,0 1.6924272,47.8304390,0 1.6924820,47.8304799,0 1.6927932,47.8306997,0 1.6938162,47.8314400,0 1.6940576,47.8316246,0 1.6948348,47.8322070,0 1.6953649,47.8325947,0 1.6960826,47.8331212,0 1.6963157,47.8332951,0 1.6969075,47.8337212,0 1.6973990,47.8340855,0 1.6978763,47.8344384,0 1.6986567,47.8350094,0 1.6990267,47.8352818,0 1.6998321,47.8358743,0 1.6999568,47.8359661,0 1.7001303,47.8360936,0 1.7005606,47.8364015,0 1.7016159,47.8371609,0 1.7021316,47.8375502,0 1.7027809,47.8380213,0 1.7028946,47.8381038,0 1.7034864,47.8385393,0 1.7041709,47.8390339,0 1.7045964,47.8393561,0 1.7050644,47.8396833,0 1.7052856,47.8398379,0 1.7055661,47.8400549,0 1.7063385,47.8406388,0 1.7067355,47.8409211,0 1.7068828,47.8410293,0 1.7070135,47.8411254,0 1.7074818,47.8414683,0 1.7078311,47.8417028,0 1.7082305,47.8419772,0 1.7084849,47.8421463,0 1.7088271,47.8423681,0 1.7095021,47.8427732,0 1.7101960,47.8431593,0 1.7108046,47.8434767,0 1.7114201,47.8437894,0 1.7121451,47.8441579,0 1.7124412,47.8443071,0 1.7128605,47.8445184,0 1.7140465,47.8451054,0 1.7157744,47.8459748,0 1.7173193,47.8467548,0 1.7182035,47.8472061,0 1.7193158,47.8477597,0 1.7200027,47.8480994,0 1.7211151,47.8486560,0 1.7221157,47.8491633,0 1.7224365,47.8493276,0 1.7231733,47.8496896,0 1.7235974,47.8499037,0 1.7236404,47.8499254,0 1.7240361,47.8501251,0 1.7249156,47.8505653,0 1.7257379,47.8509753,0 1.7266672,47.8514441,0 1.7275372,47.8518747,0 1.7290441,47.8526451,0 1.7297262,47.8529897,0 1.7309193,47.8535845,0 1.7323478,47.8543022,0 1.7328588,47.8545574,0 1.7341850,47.8552321,0 1.7347745,47.8555191,0 1.7356824,47.8559816,0 1.7363812,47.8563309,0 1.7372846,47.8567814,0 1.7375197,47.8568986,0 1.7378501,47.8570645,0 1.7389291,47.8576114,0 1.7394877,47.8578874,0 1.7405406,47.8584120,0 1.7410944,47.8586927,0 1.7420712,47.8591808,0 1.7425870,47.8594423,0 1.7433167,47.8598106,0 1.7438063,47.8600498,0 1.7449865,47.8606500,0 1.7452395,47.8607786,0 1.7458670,47.8610928,0 1.7468605,47.8615919,0 1.7472907,47.8618120,0 1.7486170,47.8624753,0 1.7492179,47.8627715,0 1.7497364,47.8630270,0 1.7497698,47.8630437,0 1.7500834,47.8632008,0 1.7508607,47.8635932,0 1.7518683,47.8640970,0 1.7525125,47.8644223,0 1.7537057,47.8650234,0 1.7541287,47.8652323,0 1.7549345,47.8656389,0 1.7555216,47.8659355,0 1.7560182,47.8661859,0 1.7567314,47.8665446,0 1.7573137,47.8668300,0 1.7579021,47.8671258,0 1.7580053,47.8671776,0 1.7584402,47.8673960,0 1.7588017,47.8675790,0 1.7591366,47.8677484,0 1.7593448,47.8678572,0 1.7593449,47.8678572,0 1.7595764,47.8679780,0 1.7597163,47.8680473,0 1.7601682,47.8682714,0 1.7602556,47.8683134,0 1.7604772,47.8684197,0 1.7608574,47.8686142,0 1.7611925,47.8687832,0 1.7617843,47.8690702,0 1.7621124,47.8692393,0 1.7626305,47.8694864,0 1.7633507,47.8698164,0 1.7639330,47.8700843,0 1.7643037,47.8702516,0 1.7646651,47.8704111,0 1.7649002,47.8705154,0 1.7651285,47.8706168,0 1.7660151,47.8710042,0 1.7665997,47.8712577,0 1.7667851,47.8713279,0 1.7670869,47.8714474,0 1.7672964,47.8715319,0 1.7674030,47.8715750,0 1.7678642,47.8717632,0 1.7684133,47.8719863,0 1.7690478,47.8722382,0 1.7695922,47.8724535,0 1.7700984,47.8726496,0 1.7703480,47.8727437,0 1.7708019,47.8729062,0 1.7713557,47.8731119,0 1.7718382,47.8732841,0 1.7724324,47.8734977,0 1.7733379,47.8738182,0 1.7740011,47.8740589,0 1.7744693,47.8742231,0 1.7752109,47.8744909,0 1.7757671,47.8746855,0 1.7761735,47.8748305,0 1.7771028,47.8751621,0 1.7771772,47.8751890,0 1.7776851,47.8753726,0 1.7782911,47.8755894,0 1.7788831,47.8758078,0 1.7794938,47.8760230,0 1.7798766,47.8761633,0 1.7804802,47.8763786,0 1.7809246,47.8765331,0 1.7811789,47.8766272,0 1.7818849,47.8768807,0 1.7823450,47.8770446,0 1.7827262,47.8771804,0 1.7837269,47.8775359,0 1.7838690,47.8775871,0 1.7856094,47.8782134,0 1.7869594,47.8786916,0 1.7887919,47.8793516,0 1.7893385,47.8795445,0 1.7907504,47.8800402,0 1.7913635,47.8802602,0 1.7922620,47.8805774,0 1.7928328,47.8807847,0 1.7933506,47.8809728,0 1.7950975,47.8815945,0 1.7960292,47.8819244,0 1.7973055,47.8823835,0 1.7984512,47.8827931,0 1.7990833,47.8830211,0 1.7997583,47.8832602,0 1.8009064,47.8836683,0 1.8012539,47.8837935,0 1.8018524,47.8840093,0 1.8029077,47.8843839,0 1.8039963,47.8847745,0 1.8052369,47.8852175,0 1.8062423,47.8855809,0 1.8069126,47.8858201,0 1.8084503,47.8863706,0 1.8088402,47.8865102,0 1.8106892,47.8871717,0 1.8124766,47.8878045,0 1.8140287,47.8883606,0 1.8146632,47.8885942,0 1.8147345,47.8886205,0 1.8166383,47.8892962,0 1.8183993,47.8899261,0 1.8188796,47.8900979,0 1.8209902,47.8908597,0 1.8229107,47.8915419,0 1.8247789,47.8922080,0 1.8260002,47.8926433,0 1.8262905,47.8927467,0 1.8269958,47.8929996,0 1.8281753,47.8934224,0 1.8299222,47.8940456,0 1.8305758,47.8942782,0 1.8327458,47.8950559,0 1.8347543,47.8957762,0 1.8366890,47.8964631,0 1.8370010,47.8965756,0 1.8375992,47.8967913,0 1.8390824,47.8973188,0 1.8408175,47.8979387,0 1.8429637,47.8987036,0 1.8450956,47.8994636,0 1.8466953,47.9000341,0 1.8473489,47.9002667,0 1.8478290,47.9004596,0 1.8498944,47.9011941,0 1.8502981,47.9013368,0 1.8518387,47.9018809,0 1.8537734,47.9025693,0 1.8553967,47.9031445,0 1.8568941,47.9036782,0 1.8577545,47.9039825,0 1.8590071,47.9044287,0 1.8590491,47.9044435,0 1.8603428,47.9049004,0 1.8616405,47.9053704,0 1.8622276,47.9055759,0 1.8631261,47.9058993,0 1.8656716,47.9068090,0 1.8669836,47.9072743,0 1.8682124,47.9077172,0 1.8686911,47.9078868,0 1.8693413,47.9081171,0 1.8701946,47.9084231,0 1.8715185,47.9088994,0 1.8725333,47.9092642,0 1.8733757,47.9095697,0 1.8734342,47.9095909,0 1.8741924,47.9098585,0 1.8745156,47.9099764,0 1.8756351,47.9103763,0 1.8773346,47.9109801,0 1.8782614,47.9113059,0 1.8783993,47.9113544,0 1.8793809,47.9117001,0 1.8802675,47.9120140,0 1.8813750,47.9124090,0 1.8820063,47.9126337,0 1.8822212,47.9127101,0 1.8831386,47.9130431,0 1.8838279,47.9132884,0 1.8845766,47.9135577,0 1.8852563,47.9138078,0 1.8860476,47.9140812,0 1.8862450,47.9141582,0 1.8866611,47.9143080,0 1.8878233,47.9147253,0 1.8891852,47.9152081,0 1.8908252,47.9157958,0 1.8918139,47.9161495,0 1.8922982,47.9163226,0 1.8925674,47.9164187,0 1.8930812,47.9166000,0 1.8930813,47.9166000,0 1.8931591,47.9166274,0 1.8937130,47.9168137,0 1.8938413,47.9168520,0 1.8940790,47.9169253,0 1.8942399,47.9169684,0 1.8943405,47.9169953,0 1.8944878,47.9170336,0 1.8946708,47.9170734,0 1.8947683,47.9170925,0 1.8949941,47.9171387,0 1.8951438,47.9171658,0 1.8952864,47.9171897,0 1.8954599,47.9172167,0 1.8955764,47.9172311,0 1.8957237,47.9172518,0 1.8958996,47.9172725,0 1.8960256,47.9172869,0 1.8962348,47.9173044,0 1.8963417,47.9173092,0 1.8966864,47.9173251,0 1.8970620,47.9173362,0 1.8977684,47.9173318,0 1.8983437,47.9173263,0 1.8985371,47.9173107,0 1.8989269,47.9172837,0 1.8990981,47.9172693,0 1.8994592,47.9172200,0 1.8998158,47.9171547,0 1.9002673,47.9170543,0 1.9005764,47.9169794,0 1.9007974,47.9169188,0 1.9010631,47.9168313,0 1.9012181,47.9167803,0 1.9013632,47.9167341,0 1.9016294,47.9166417,0 1.9018480,47.9165509,0 1.9020381,47.9164681,0 1.9022662,47.9163582,0 1.9025063,47.9162355,0 1.9027179,47.9161208,0 1.9029198,47.9160029,0 1.9030651,47.9159079,0 1.9034310,47.9156684,0 1.9039324,47.9152988,0 1.9041653,47.9151172,0 1.9044886,47.9148671,0 1.9046240,47.9147413,0 1.9047428,47.9146011,0 1.9048760,47.9143956,0 1.9049308,47.9142978,0 1.9050043,47.9141662,0 1.9050590,47.9140356,0 1.9050970,47.9139034,0 1.9051256,47.9137838,0 1.9051541,47.9136278,0 1.9051821,47.9134606,0 1.9051853,47.9133998,0 1.9051875,47.9131980,0 1.9051881,47.9129322,0 1.9051804,47.9128457,0 1.9051707,47.9127384,0 1.9051701,47.9127324,0 1.9051700,47.9127323,0 1.9051583,47.9126198,0 1.9051502,47.9121518,0 1.9051359,47.9120173,0 1.9050624,47.9114853,0 1.9050135,47.9111317,0 1.9049707,47.9106941,0 1.9049390,47.9103695,0 1.9049256,47.9102319,0 1.9049256,47.9102318,0 1.9049136,47.9101088,0 1.9049089,47.9100611,0 1.9048657,47.9096317,0 1.9048020,47.9090000,0 1.9047935,47.9089127,0 1.9047935,47.9089126,0 1.9047872,47.9088492,0 1.9047872,47.9088490,0 1.9047707,47.9086805,0 1.9047384,47.9083487,0 1.9047295,47.9082683,0 1.9047170,47.9081564,0</coordinates>
      </LineString>
    </Placemark>
    <Placemark>
      <name>P17 - Tours ↔ Bléré ↔ Saint-Aignan-Noyers</name>
      <styleUrl>#REMI_P17</styleUrl>
      <LineString>
        <tessellate>1</tessellate>
        <coordinates>0.6938082,47.3893150,0 0.6939291,47.3892121,0 0.6940649,47.3890964,0 0.6941065,47.3890610,0 0.6941719,47.3890054,0 0.6942274,47.3889581,0 0.6942279,47.3889576,0 0.6942583,47.3889319,0 0.6943866,47.3888227,0 0.6946453,47.3886026,0 0.6948987,47.3883871,0 0.6950445,47.3882641,0 0.6956435,47.3877154,0 0.6961062,47.3872682,0 0.6961789,47.3871979,0 0.6962329,47.3871457,0 0.6963049,47.3870748,0 0.6964351,47.3869467,0 0.6966940,47.3866919,0 0.6970510,47.3863630,0 0.6970511,47.3863629,0 0.6971064,47.3863121,0 0.6971064,47.3863120,0 0.6972478,47.3861818,0 0.6973627,47.3860803,0 0.6975211,47.3859404,0 0.6975535,47.3859116,0 0.6975797,47.3858883,0 0.6976763,47.3858026,0 0.6976764,47.3858026,0 0.6979970,47.3855180,0 0.6981724,47.3853997,0 0.6983539,47.3852664,0 0.6987437,47.3849848,0 0.6990954,47.3847627,0 0.6992952,47.3846564,0 0.6996726,47.3844366,0 0.7001027,47.3841323,0 0.7005090,47.3838473,0 0.7010044,47.3835383,0 0.7014286,47.3833089,0 0.7016501,47.3831893,0 0.7022514,47.3828900,0 0.7026603,47.3827017,0 0.7031190,47.3825037,0 0.7035169,47.3823590,0 0.7037298,47.3822816,0 0.7043265,47.3820902,0 0.7048018,47.3819453,0 0.7055267,47.3817602,0 0.7058855,47.3816814,0 0.7061993,47.3816186,0 0.7066009,47.3815515,0 0.7067293,47.3815301,0 0.7070812,47.3814818,0 0.7074115,47.3814432,0 0.7077894,47.3814094,0 0.7081471,47.3813827,0 0.7085143,47.3813434,0 0.7089504,47.3813068,0 0.7090848,47.3813000,0 0.7093296,47.3812919,0 0.7098406,47.3812935,0 0.7101733,47.3813128,0 0.7105251,47.3813466,0 0.7108793,47.3813869,0 0.7113119,47.3814384,0 0.7115447,47.3814689,0 0.7116873,47.3814931,0 0.7119559,47.3815365,0 0.7121865,47.3815591,0 0.7123458,47.3815671,0 0.7125168,47.3815864,0 0.7128116,47.3816379,0 0.7133225,47.3817457,0 0.7135508,47.3818069,0 0.7139216,47.3819115,0 0.7143541,47.3820467,0 0.7147937,47.3821980,0 0.7152597,47.3823653,0 0.7155378,47.3824652,0 0.7159934,47.3826506,0 0.7163327,47.3828095,0 0.7170459,47.3831732,0 0.7174433,47.3833726,0 0.7181166,47.3836833,0 0.7181966,47.3837153,0 0.7182406,47.3837328,0 0.7183704,47.3837845,0 0.7183705,47.3837845,0 0.7183994,47.3837961,0 0.7184132,47.3838006,0 0.7187156,47.3838990,0 0.7190079,47.3839940,0 0.7193420,47.3840949,0 0.7193810,47.3841067,0 0.7197827,47.3842048,0 0.7205502,47.3844169,0 0.7206364,47.3844472,0 0.7213567,47.3847008,0 0.7220554,47.3849390,0 0.7227603,47.3851764,0 0.7228330,47.3852009,0 0.7228332,47.3852009,0 0.7229778,47.3852496,0 0.7234718,47.3854180,0 0.7234719,47.3854180,0 0.7239926,47.3855956,0 0.7247050,47.3858390,0 0.7247051,47.3858390,0 0.7247793,47.3858643,0 0.7250508,47.3859592,0 0.7252275,47.3860209,0 0.7253877,47.3860768,0 0.7259012,47.3862489,0 0.7263123,47.3863809,0 0.7265492,47.3864512,0 0.7265492,47.3864513,0 0.7266427,47.3864790,0 0.7270444,47.3865707,0 0.7273676,47.3866384,0 0.7277425,47.3866954,0 0.7277759,47.3867005,0 0.7277761,47.3867005,0 0.7279686,47.3867298,0 0.7282506,47.3867518,0 0.7283169,47.3867560,0 0.7283170,47.3867560,0 0.7283176,47.3867560,0 0.7283327,47.3867570,0 0.7285809,47.3867727,0 0.7288557,47.3867818,0 0.7290070,47.3867852,0 0.7294818,47.3867840,0 0.7299928,47.3867776,0 0.7304012,47.3867691,0 0.7304888,47.3867673,0 0.7305348,47.3867663,0 0.7305423,47.3867662,0 0.7310053,47.3867615,0 0.7313356,47.3867615,0 0.7315710,47.3867647,0 0.7317873,47.3867743,0 0.7320415,47.3867856,0 0.7323184,47.3868031,0 0.7323185,47.3868031,0 0.7323201,47.3868032,0 0.7323482,47.3868049,0 0.7325930,47.3868242,0 0.7327195,47.3868362,0 0.7328101,47.3868448,0 0.7328107,47.3868448,0 0.7328474,47.3868483,0 0.7331277,47.3868757,0 0.7332751,47.3868934,0 0.7334249,47.3869160,0 0.7339692,47.3870061,0 0.7344231,47.3870946,0 0.7347273,47.3871653,0 0.7350900,47.3872589,0 0.7351076,47.3872635,0 0.7354832,47.3873697,0 0.7359514,47.3875172,0 0.7363920,47.3876647,0 0.7366004,47.3877337,0 0.7368855,47.3877760,0 0.7370960,47.3878074,0 0.7373416,47.3878448,0 0.7379159,47.3880384,0 0.7382914,47.3881655,0 0.7386931,47.3882878,0 0.7389949,47.3883731,0 0.7393680,47.3884744,0 0.7401810,47.3886868,0 0.7405921,47.3887962,0 0.7406703,47.3888163,0 0.7412457,47.3889636,0 0.7420634,47.3891777,0 0.7423335,47.3892503,0 0.7423335,47.3892504,0 0.7426789,47.3893433,0 0.7428103,47.3893765,0 0.7428104,47.3893765,0 0.7430614,47.3894398,0 0.7431447,47.3894608,0 0.7433149,47.3895049,0 0.7433155,47.3895051,0 0.7433289,47.3895086,0 0.7434024,47.3895277,0 0.7434950,47.3895516,0 0.7434955,47.3895518,0 0.7435346,47.3895620,0 0.7435380,47.3895629,0 0.7435381,47.3895629,0 0.7435711,47.3895715,0 0.7436588,47.3895943,0 0.7437152,47.3896089,0 0.7440760,47.3897010,0 0.7440766,47.3897011,0 0.7440907,47.3897047,0 0.7441502,47.3897199,0 0.7446378,47.3898485,0 0.7452952,47.3899903,0 0.7453399,47.3900009,0 0.7454051,47.3900174,0 0.7454052,47.3900174,0 0.7455453,47.3900529,0 0.7460004,47.3901682,0 0.7462936,47.3902441,0 0.7467813,47.3903701,0 0.7468024,47.3903756,0 0.7468257,47.3903816,0 0.7469396,47.3904111,0 0.7469397,47.3904111,0 0.7475761,47.3905758,0 0.7476393,47.3905922,0 0.7480577,47.3907065,0 0.7481047,47.3907189,0 0.7483361,47.3907801,0 0.7488610,47.3909189,0 0.7496691,47.3911297,0 0.7504558,47.3913372,0 0.7512734,47.3915512,0 0.7519770,47.3917427,0 0.7528564,47.3919680,0 0.7536621,47.3921804,0 0.7541041,47.3922881,0 0.7546579,47.3924088,0 0.7551309,47.3925021,0 0.7555183,47.3925617,0 0.7559890,47.3926341,0 0.7565546,47.3926952,0 0.7567514,47.3927118,0 0.7571275,47.3927435,0 0.7576955,47.3927724,0 0.7584609,47.3927869,0 0.7589029,47.3927773,0 0.7592452,47.3927644,0 0.7596968,47.3927355,0 0.7602030,47.3926969,0 0.7607900,47.3926357,0 0.7614936,47.3925537,0 0.7624286,47.3924396,0 0.7624287,47.3924396,0 0.7624301,47.3924394,0 0.7624400,47.3924383,0 0.7625072,47.3924300,0 0.7630388,47.3923651,0 0.7632476,47.3923396,0 0.7641936,47.3922190,0 0.7648469,47.3921423,0 0.7652632,47.3920935,0 0.7655536,47.3920579,0 0.7655537,47.3920579,0 0.7668106,47.3919036,0 0.7680917,47.3917523,0 0.7693964,47.3915947,0 0.7698980,47.3915448,0 0.7700155,47.3915306,0 0.7701119,47.3915190,0 0.7707322,47.3914385,0 0.7709546,47.3914112,0 0.7723255,47.3912426,0 0.7723256,47.3912426,0 0.7725766,47.3912117,0 0.7737483,47.3910750,0 0.7745897,47.3909719,0 0.7750504,47.3909164,0 0.7750505,47.3909164,0 0.7759517,47.3908078,0 0.7761841,47.3907801,0 0.7768618,47.3906995,0 0.7777470,47.3905943,0 0.7779137,47.3905744,0 0.7784406,47.3905118,0 0.7784432,47.3905115,0 0.7784440,47.3905114,0 0.7784644,47.3905090,0 0.7795740,47.3903754,0 0.7798911,47.3903373,0 0.7801285,47.3903087,0 0.7801720,47.3903038,0 0.7805892,47.3902550,0 0.7805893,47.3902550,0 0.7815055,47.3901477,0 0.7815186,47.3901462,0 0.7825353,47.3900258,0 0.7829148,47.3899808,0 0.7829149,47.3899808,0 0.7829772,47.3899735,0 0.7835072,47.3898978,0 0.7839422,47.3898174,0 0.7844460,47.3896967,0 0.7848120,47.3895970,0 0.7851710,47.3894859,0 0.7854633,47.3893845,0 0.7856914,47.3893009,0 0.7860051,47.3891834,0 0.7863071,47.3890547,0 0.7866492,47.3889002,0 0.7868262,47.3888147,0 0.7871056,47.3886798,0 0.7877806,47.3883000,0 0.7880682,47.3881133,0 0.7884199,47.3878655,0 0.7886625,47.3876789,0 0.7888194,47.3875565,0 0.7890214,47.3873747,0 0.7891568,47.3872588,0 0.7893540,47.3870738,0 0.7895989,47.3868212,0 0.7897914,47.3866023,0 0.7898746,47.3865009,0 0.7901100,47.3861936,0 0.7902847,47.3859270,0 0.7903201,47.3858731,0 0.7904474,47.3856786,0 0.7906636,47.3853358,0 0.7912032,47.3843993,0 0.7919424,47.3831568,0 0.7920850,47.3829460,0 0.7920867,47.3829439,0 0.7921848,47.3828173,0 0.7923797,47.3825679,0 0.7925129,47.3824182,0 0.7926115,47.3823104,0 0.7928040,47.3821172,0 0.7929466,47.3819756,0 0.7932318,47.3817085,0 0.7941410,47.3808719,0 0.7961279,47.3790275,0 0.7967815,47.3784384,0 0.7969622,47.3782904,0 0.7971024,47.3781713,0 0.7974209,47.3779443,0 0.7977536,47.3777400,0 0.7979387,47.3776341,0 0.7980602,47.3775645,0 0.7982362,47.3774825,0 0.7984976,47.3773666,0 0.7987710,47.3772539,0 0.7989967,47.3771702,0 0.7992059,47.3771042,0 0.7999450,47.3768837,0 0.8022696,47.3762576,0 0.8046344,47.3756186,0 0.8069138,47.3750022,0 0.8089056,47.3744629,0 0.8105694,47.3740123,0 0.8108030,47.3739489,0 0.8129533,47.3733652,0 0.8150257,47.3728019,0 0.8176593,47.3720856,0 0.8198055,47.3715029,0 0.8203790,47.3713478,0 0.8206566,47.3712729,0 0.8216023,47.3710184,0 0.8238127,47.3704196,0 0.8244545,47.3702522,0 0.8253101,47.3700445,0 0.8258592,47.3699174,0 0.8267078,47.3697483,0 0.8268918,47.3697139,0 0.8272497,47.3696469,0 0.8299236,47.3691318,0 0.8306318,47.3689821,0 0.8309955,47.3689032,0 0.8312783,47.3688292,0 0.8314970,47.3687712,0 0.8320587,47.3686139,0 0.8321577,47.3685861,0 0.8325380,47.3684653,0 0.8332962,47.3682062,0 0.8343823,47.3677941,0 0.8356160,47.3673385,0 0.8359226,47.3672290,0 0.8360577,47.3671833,0 0.8361555,47.3671502,0 0.8364525,47.3670519,0 0.8368186,47.3669554,0 0.8372156,47.3668669,0 0.8375269,47.3668138,0 0.8378477,47.3667703,0 0.8381354,47.3667413,0 0.8384395,47.3667187,0 0.8386630,47.3667058,0 0.8389221,47.3667010,0 0.8391812,47.3667027,0 0.8394807,47.3667139,0 0.8398015,47.3667397,0 0.8400083,47.3667590,0 0.8401947,47.3667838,0 0.8403339,47.3668025,0 0.8406357,47.3668491,0 0.8410041,47.3669135,0 0.8413797,47.3669876,0 0.8417695,47.3670648,0 0.8431932,47.3673433,0 0.8435521,47.3674062,0 0.8441106,47.3674979,0 0.8446216,47.3675590,0 0.8451089,47.3675993,0 0.8454464,47.3676186,0 0.8459265,47.3676315,0 0.8462687,47.3676363,0 0.8465516,47.3676331,0 0.8468202,47.3676186,0 0.8470650,47.3676058,0 0.8473097,47.3675913,0 0.8477471,47.3675527,0 0.8479896,47.3675285,0 0.8482628,47.3674947,0 0.8486147,47.3674432,0 0.8488785,47.3673965,0 0.8490757,47.3673610,0 0.8503710,47.3671051,0 0.8525982,47.3666511,0 0.8552506,47.3661199,0 0.8575704,47.3656466,0 0.8580203,47.3655554,0 0.8581266,47.3655339,0 0.8593719,47.3652795,0 0.8603458,47.3650786,0 0.8612829,47.3648852,0 0.8633222,47.3644746,0 0.8645161,47.3642330,0 0.8668905,47.3637501,0 0.8687277,47.3633782,0 0.8710855,47.3629016,0 0.8738497,47.3623414,0 0.8759318,47.3619180,0 0.8777500,47.3615525,0 0.8783151,47.3614347,0 0.8783443,47.3614286,0 0.8801838,47.3610550,0 0.8820211,47.3606831,0 0.8837562,47.3603322,0 0.8856077,47.3599522,0 0.8877302,47.3595223,0 0.8897789,47.3591053,0 0.8909056,47.3588799,0 0.8910829,47.3588436,0 0.8922651,47.3586014,0 0.8942830,47.3581924,0 0.8951719,47.3580105,0 0.8980763,47.3574164,0 0.8985754,47.3573004,0 0.8997187,47.3570106,0 0.9006386,47.3567449,0 0.9009435,47.3566499,0 0.9017913,47.3563859,0 0.9035239,47.3558224,0 0.9055633,47.3551637,0 0.9059502,47.3550385,0 0.9073697,47.3545793,0 0.9080138,47.3543812,0 0.9083631,47.3542862,0 0.9086697,47.3542089,0 0.9089972,47.3541345,0 0.9091094,47.3541091,0 0.9094992,47.3540334,0 0.9116455,47.3536582,0 0.9133663,47.3533555,0 0.9158952,47.3529160,0 0.9179963,47.3525520,0 0.9182679,47.3525053,0 0.9198478,47.3522332,0 0.9219607,47.3518661,0 0.9241634,47.3514819,0 0.9242686,47.3514635,0 0.9263626,47.3511012,0 0.9286752,47.3507035,0 0.9306194,47.3503508,0 0.9317982,47.3501189,0 0.9327300,47.3499369,0 0.9335571,47.3497679,0 0.9346219,47.3495375,0 0.9356749,47.3493089,0 0.9370534,47.3489965,0 0.9391473,47.3485118,0 0.9412864,47.3480109,0 0.9431095,47.3475858,0 0.9431775,47.3475696,0 0.9436656,47.3474538,0 0.9444048,47.3472573,0 0.9454578,47.3469529,0 0.9478012,47.3462024,0 0.9490229,47.3458176,0 0.9495411,47.3456629,0 0.9503301,47.3454584,0 0.9509623,47.3453135,0 0.9514497,47.3452120,0 0.9520700,47.3450945,0 0.9524741,47.3450252,0 0.9529875,47.3449496,0 0.9534865,47.3448803,0 0.9542424,47.3447869,0 0.9564409,47.3445002,0 0.9576480,47.3443437,0 0.9588747,47.3441845,0 0.9615225,47.3438367,0 0.9629105,47.3436547,0 0.9655748,47.3433084,0 0.9664591,47.3431924,0 0.9670200,47.3431200,0 0.9678138,47.3430121,0 0.9681133,47.3429670,0 0.9685768,47.3428945,0 0.9690022,47.3428204,0 0.9695726,47.3427142,0 0.9698999,47.3426496,0 0.9702263,47.3425853,0 0.9711104,47.3423872,0 0.9716689,47.3422487,0 0.9720588,47.3421456,0 0.9737178,47.3416914,0 0.9759496,47.3410811,0 0.9779556,47.3405302,0 0.9789349,47.3402629,0 0.9803283,47.3398835,0 0.9806033,47.3398086,0 0.9816428,47.3395231,0 0.9824150,47.3393475,0 0.9826505,47.3392835,0 0.9830754,47.3391681,0 0.9830754,47.3391680,0 0.9831174,47.3391566,0 0.9838162,47.3389616,0 0.9845459,47.3387603,0 0.9855488,47.3384834,0 0.9869041,47.3381122,0 0.9870984,47.3380589,0 0.9871427,47.3380468,0 0.9873294,47.3379956,0 0.9881759,47.3377635,0 0.9886545,47.3376431,0 0.9889503,47.3375773,0 0.9890107,47.3375646,0 0.9893274,47.3375023,0 0.9895796,47.3374671,0 0.9899270,47.3374222,0 0.9900588,47.3374114,0 0.9901787,47.3374016,0 0.9904456,47.3373871,0 0.9906295,47.3373807,0 0.9909008,47.3373775,0 0.9911955,47.3373839,0 0.9915800,47.3374047,0 0.9919055,47.3374383,0 0.9922576,47.3374815,0 0.9925485,47.3375296,0 0.9929042,47.3375891,0 0.9935314,47.3377082,0 0.9945062,47.3378790,0 0.9957921,47.3381125,0 0.9960952,47.3381642,0 0.9963485,47.3382016,0 0.9967065,47.3382468,0 0.9970785,47.3382856,0 0.9973528,47.3383115,0 0.9975679,47.3383277,0 0.9978095,47.3383423,0 0.9982798,47.3383568,0 0.9986167,47.3383585,0 0.9989464,47.3383520,0 0.9991642,47.3383422,0 0.9994715,47.3383245,0 0.9996865,47.3383099,0 0.9999876,47.3382840,0 1.0004770,47.3382290,0 1.0009520,47.3381578,0 1.0014317,47.3380737,0 1.0016831,47.3380218,0 1.0019811,47.3379524,0 1.0038064,47.3375255,0 1.0052585,47.3371889,0 1.0073810,47.3366976,0 1.0077886,47.3366030,0 1.0092826,47.3362563,0 1.0113527,47.3357698,0 1.0124479,47.3355154,0 1.0132533,47.3353336,0 1.0140087,47.3351709,0 1.0153409,47.3348973,0 1.0164523,47.3346913,0 1.0176385,47.3344854,0 1.0184546,47.3343436,0 1.0212506,47.3339347,0 1.0233441,47.3336641,0 1.0259727,47.3333211,0 1.0282616,47.3330262,0 1.0300299,47.3327959,0 1.0310040,47.3326703,0 1.0319580,47.3325601,0 1.0323420,47.3325212,0 1.0325593,47.3325024,0 1.0335632,47.3324161,0 1.0352339,47.3322872,0 1.0375988,47.3321020,0 1.0403133,47.3318861,0 1.0417607,47.3317685,0 1.0435699,47.3316235,0 1.0440758,47.3315749,0 1.0444701,47.3315215,0 1.0447454,47.3314777,0 1.0449660,47.3314355,0 1.0454384,47.3313303,0 1.0458510,47.3312269,0 1.0461151,47.3311567,0 1.0461726,47.3311414,0 1.0467316,47.3309850,0 1.0470718,47.3308906,0 1.0478195,47.3306942,0 1.0481056,47.3306286,0 1.0483418,47.3305789,0 1.0486652,47.3305198,0 1.0490898,47.3304590,0 1.0494651,47.3304254,0 1.0497340,47.3304078,0 1.0501497,47.3303950,0 1.0504225,47.3303966,0 1.0507023,47.3304109,0 1.0510641,47.3304381,0 1.0514375,47.3304830,0 1.0515828,47.3305053,0 1.0517292,47.3305277,0 1.0520998,47.3305981,0 1.0524146,47.3306719,0 1.0529728,47.3308023,0 1.0542205,47.3311067,0 1.0553790,47.3313824,0 1.0556948,47.3314489,0 1.0560622,47.3315135,0 1.0563395,47.3315589,0 1.0565652,47.3315882,0 1.0571876,47.3316480,0 1.0576106,47.3316788,0 1.0580692,47.3316934,0 1.0584881,47.3316966,0 1.0587371,47.3316886,0 1.0588365,47.3316854,0 1.0592497,47.3316578,0 1.0596539,47.3316222,0 1.0600248,47.3315789,0 1.0603318,47.3315348,0 1.0608286,47.3314506,0 1.0625709,47.3311139,0 1.0636009,47.3309289,0 1.0640104,47.3308696,0 1.0645746,47.3307973,0 1.0652507,47.3307298,0 1.0656425,47.3306928,0 1.0661438,47.3306666,0 1.0665200,47.3306584,0 1.0666691,47.3306551,0 1.0672183,47.3306428,0 1.0677076,47.3306318,0 1.0700107,47.3305866,0 1.0726943,47.3305303,0 1.0755322,47.3304626,0 1.0771745,47.3304240,0 1.0784839,47.3303982,0 1.0805423,47.3303563,0 1.0819115,47.3303273,0 1.0829123,47.3303031,0 1.0848445,47.3302532,0 1.0858618,47.3302306,0 1.0875796,47.3301888,0 1.0883099,47.3301856,0 1.0889754,47.3302016,0 1.0895348,47.3302354,0 1.0901855,47.3302772,0 1.0906925,47.3303170,0 1.0909430,47.3303345,0 1.0910846,47.3303444,0 1.0928813,47.3304748,0 1.0935754,47.3305248,0 1.0952134,47.3306408,0 1.0953284,47.3306479,0 1.0957048,47.3306714,0 1.0966065,47.3307485,0 1.0969067,47.3307806,0 1.0971476,47.3308126,0 1.0974393,47.3308560,0 1.0977451,47.3309026,0 1.0984288,47.3310232,0 1.0992867,47.3311763,0 1.1001619,47.3313337,0 1.1002541,47.3313503,0 1.1014046,47.3315516,0 1.1022267,47.3316982,0 1.1036883,47.3319656,0 1.1052477,47.3322459,0 1.1063981,47.3324505,0 1.1075865,47.3326615,0 1.1079714,47.3327292,0 1.1084585,47.3328177,0 1.1089444,47.3329049,0 1.1092680,47.3329549,0 1.1096360,47.3330160,0 1.1099692,47.3330725,0 1.1106191,47.3331693,0 1.1109995,47.3332224,0 1.1113113,47.3332677,0 1.1115614,47.3332999,0 1.1120748,47.3333660,0 1.1123627,47.3334031,0 1.1128436,47.3334595,0 1.1131836,47.3334966,0 1.1132407,47.3335030,0 1.1137449,47.3335595,0 1.1143090,47.3336159,0 1.1151007,47.3336852,0 1.1158161,47.3337528,0 1.1163320,47.3337979,0 1.1168738,47.3338463,0 1.1176341,47.3339171,0 1.1189035,47.3340348,0 1.1198518,47.3341201,0 1.1206743,47.3341974,0 1.1211901,47.3342426,0 1.1218747,47.3343054,0 1.1224977,47.3343586,0 1.1228805,47.3343908,0 1.1233309,47.3344263,0 1.1237477,47.3344489,0 1.1238871,47.3344562,0 1.1242402,47.3344747,0 1.1251535,47.3345134,0 1.1258355,47.3345376,0 1.1263751,47.3345617,0 1.1268077,47.3345762,0 1.1276894,47.3346133,0 1.1283757,47.3346393,0 1.1284548,47.3346423,0 1.1294388,47.3346825,0 1.1302302,47.3347131,0 1.1307556,47.3347341,0 1.1316159,47.3347663,0 1.1323123,47.3347952,0 1.1331037,47.3348259,0 1.1335907,47.3348468,0 1.1338285,47.3348572,0 1.1339588,47.3348629,0 1.1342670,47.3348790,0 1.1346465,47.3349047,0 1.1347276,47.3349107,0 1.1353205,47.3349545,0 1.1358256,47.3350028,0 1.1363359,47.3350575,0 1.1367845,47.3351090,0 1.1372730,47.3351700,0 1.1375526,47.3352118,0 1.1376437,47.3352251,0 1.1379253,47.3352665,0 1.1383905,47.3353436,0 1.1387673,47.3354063,0 1.1391680,47.3354867,0 1.1396670,47.3355833,0 1.1401437,47.3356829,0 1.1405206,47.3357681,0 1.1411068,47.3359080,0 1.1418359,47.3360931,0 1.1430647,47.3364120,0 1.1437873,47.3365957,0 1.1453154,47.3369903,0 1.1470577,47.3374412,0 1.1483864,47.3377795,0 1.1490405,47.3379485,0 1.1491969,47.3379889,0 1.1499076,47.3381693,0 1.1505135,47.3383255,0 1.1514501,47.3385671,0 1.1524151,47.3388136,0 1.1535156,47.3390922,0 1.1536249,47.3391203,0 1.1548298,47.3394288,0 1.1565171,47.3398636,0 1.1574655,47.3401133,0 1.1592862,47.3405836,0 1.1614206,47.3411329,0 1.1629586,47.3415259,0 1.1643726,47.3418866,0 1.1644955,47.3419183,0 1.1659152,47.3422844,0 1.1670369,47.3425711,0 1.1677168,47.3427483,0 1.1688362,47.3430317,0 1.1696228,47.3432379,0 1.1713129,47.3436711,0 1.1725917,47.3439997,0 1.1727434,47.3440383,0 1.1727610,47.3440071,0 1.1733315,47.3441520,0 1.1734977,47.3441940,0 1.1740920,47.3443437,0 1.1748859,47.3445515,0 1.1751676,47.3446256,0 1.1755467,47.3447254,0 1.1763073,47.3449509,0 1.1780993,47.3454356,0 1.1798486,47.3457819,0 1.1813769,47.3459010,0 1.1832831,47.3458656,0 1.1845213,47.3457110,0 1.1848327,47.3456627,0 1.1851845,47.3456144,0 1.1853880,47.3455864,0 1.1858524,47.3455226,0 1.1876468,47.3452311,0 1.1901188,47.3448285,0 1.1913404,47.3446094,0 1.1920630,47.3444613,0 1.1928854,47.3443147,0 1.1937718,47.3441569,0 1.1940880,47.3441135,0 1.1943851,47.3440860,0 1.1945063,47.3440780,0 1.1947464,47.3440619,0 1.1949507,47.3440522,0 1.1951695,47.3440474,0 1.1954190,47.3440490,0 1.1956567,47.3440554,0 1.1959419,47.3440683,0 1.1962818,47.3440989,0 1.1966502,47.3441376,0 1.1976603,47.3442696,0 1.2003152,47.3446095,0 1.2015305,47.3447683,0 1.2024092,47.3448832,0 1.2036308,47.3450427,0 1.2038946,47.3450765,0 1.2042417,47.3451055,0 1.2045887,47.3451281,0 1.2049452,47.3451441,0 1.2053991,47.3451473,0 1.2058412,47.3451345,0 1.2064259,47.3451103,0 1.2068799,47.3450975,0 1.2072958,47.3450942,0 1.2075716,47.3450990,0 1.2078520,47.3451119,0 1.2082465,47.3451441,0 1.2084320,47.3451602,0 1.2087575,47.3451989,0 1.2094635,47.3452810,0 1.2104000,47.3453889,0 1.2114528,47.3455113,0 1.2116044,47.3455293,0 1.2119829,47.3455741,0 1.2123941,47.3456160,0 1.2126935,47.3456402,0 1.2130595,47.3456611,0 1.2133852,47.3456788,0 1.2138653,47.3456884,0 1.2143882,47.3456852,0 1.2148659,47.3456724,0 1.2154363,47.3456386,0 1.2174899,47.3455129,0 1.2190515,47.3454179,0 1.2201852,47.3453486,0 1.2216469,47.3452601,0 1.2234675,47.3451473,0 1.2251122,47.3450475,0 1.2269804,47.3449283,0 1.2279027,47.3448752,0 1.2280284,47.3448663,0 1.2291789,47.3447850,0 1.2298041,47.3447335,0 1.2303888,47.3446835,0 1.2315058,47.3445836,0 1.2330317,47.3444404,0 1.2339825,47.3443486,0 1.2353538,47.3442181,0 1.2367870,47.3440844,0 1.2386076,47.3439121,0 1.2394206,47.3438364,0 1.2396389,47.3438166,0 1.2406613,47.3437237,0 1.2415477,47.3436367,0 1.2420944,47.3435868,0 1.2424605,47.3435529,0 1.2427742,47.3435192,0 1.2431498,47.3434757,0 1.2435942,47.3434144,0 1.2438914,47.3433710,0 1.2441100,47.3433291,0 1.2444142,47.3432744,0 1.2448276,47.3431908,0 1.2450441,47.3431471,0 1.2460399,47.3429490,0 1.2473352,47.3426849,0 1.2483691,47.3424723,0 1.2490347,47.3423370,0 1.2497857,47.3421872,0 1.2501091,47.3421228,0 1.2503609,47.3420777,0 1.2505724,47.3420423,0 1.2508600,47.3419972,0 1.2511761,47.3419520,0 1.2514876,47.3419118,0 1.2519177,47.3418699,0 1.2522362,47.3418409,0 1.2524651,47.3418246,0 1.2527543,47.3418039,0 1.2530895,47.3417830,0 1.2534698,47.3417605,0 1.2538596,47.3417379,0 1.2542826,47.3417073,0 1.2546131,47.3416896,0 1.2549886,47.3416622,0 1.2553046,47.3416396,0 1.2557016,47.3416009,0 1.2561318,47.3415527,0 1.2565120,47.3414995,0 1.2568306,47.3414464,0 1.2570706,47.3414077,0 1.2572892,47.3413642,0 1.2576077,47.3412982,0 1.2579975,47.3412144,0 1.2584824,47.3410953,0 1.2592335,47.3409052,0 1.2592468,47.3409017,0 1.2602793,47.3406346,0 1.2610303,47.3404462,0 1.2619335,47.3402175,0 1.2628153,47.3399936,0 1.2634975,47.3398261,0 1.2644886,47.3395732,0 1.2650852,47.3394219,0 1.2655035,47.3393155,0 1.2657364,47.3392575,0 1.2660596,47.3391722,0 1.2663924,47.3390771,0 1.2667727,47.3389532,0 1.2670603,47.3388516,0 1.2672422,47.3387883,0 1.2673931,47.3387357,0 1.2677590,47.3385939,0 1.2684602,47.3383088,0 1.2692207,47.3379867,0 1.2697008,47.3377870,0 1.2701668,47.3375873,0 1.2707490,47.3373425,0 1.2711840,47.3371653,0 1.2714859,47.3370509,0 1.2716736,47.3369816,0 1.2719018,47.3369108,0 1.2721870,47.3368238,0 1.2724651,47.3367336,0 1.2729061,47.3366084,0 1.2729358,47.3365999,0 1.2735251,47.3364372,0 1.2741454,47.3362681,0 1.2748895,47.3360619,0 1.2755193,47.3358928,0 1.2762751,47.3356866,0 1.2767956,47.3355432,0 1.2772876,47.3354047,0 1.2776488,47.3352984,0 1.2779389,47.3352034,0 1.2781956,47.3351212,0 1.2784095,47.3350439,0 1.2786090,47.3349746,0 1.2792864,47.3347266,0 1.2794057,47.3346819,0 1.2799663,47.3344720,0 1.2808741,47.3341403,0 1.2815683,47.3338857,0 1.2824238,47.3335701,0 1.2834412,47.3332012,0 1.2840805,47.3329563,0 1.2846818,47.3327340,0 1.2861839,47.3321815,0 1.2869302,47.3319092,0 1.2883849,47.3313729,0 1.2889553,47.3311570,0 1.2897777,47.3308493,0 1.2903034,47.3306584,0 1.2908424,47.3304627,0 1.2913273,47.3302823,0 1.2926298,47.3298022,0 1.2933214,47.3295444,0 1.2943102,47.3291788,0 1.2948330,47.3289790,0 1.2958551,47.3285859,0 1.2962057,47.3284469,0 1.2963875,47.3283748,0 1.2971291,47.3280752,0 1.2975687,47.3278964,0 1.2984814,47.3275308,0 1.2990662,47.3272955,0 1.2998172,47.3269958,0 1.3004185,47.3267510,0 1.3010389,47.3265013,0 1.3010621,47.3264919,0 1.3019445,47.3261340,0 1.3025648,47.3258778,0 1.3033872,47.3255459,0 1.3040051,47.3252914,0 1.3046421,47.3250368,0 1.3047298,47.3250014,0 1.3050533,47.3248709,0 1.3057283,47.3245954,0 1.3062108,47.3244021,0 1.3064723,47.3242957,0 1.3068668,47.3241378,0 1.3073920,47.3239252,0 1.3077891,47.3237656,0 1.3081171,47.3236319,0 1.3084925,47.3234837,0 1.3087991,47.3233597,0 1.3091271,47.3232260,0 1.3095288,47.3230745,0 1.3098687,47.3229504,0 1.3102014,47.3228328,0 1.3104155,47.3227597,0 1.3105176,47.3227248,0 1.3107528,47.3226475,0 1.3111070,47.3225332,0 1.3113851,47.3224445,0 1.3116394,47.3223688,0 1.3120554,47.3222431,0 1.3125972,47.3220885,0 1.3129978,47.3219763,0 1.3134315,47.3218549,0 1.3138308,47.3217452,0 1.3142324,47.3216309,0 1.3152498,47.3213408,0 1.3158772,47.3211653,0 1.3162088,47.3210719,0 1.3165927,47.3209639,0 1.3171845,47.3207851,0 1.3179260,47.3205578,0 1.3185274,47.3203612,0 1.3192856,47.3200922,0 1.3198929,47.3198582,0 1.3204941,47.3196197,0 1.3209172,47.3194344,0 1.3213047,47.3192620,0 1.3217990,47.3190364,0 1.3220904,47.3188991,0 1.3223599,47.3187722,0 1.3229327,47.3185014,0 1.3235007,47.3182404,0 1.3241378,47.3179472,0 1.3247914,47.3176330,0 1.3253404,47.3173688,0 1.3257658,47.3171737,0 1.3263030,47.3169256,0 1.3266643,47.3167549,0 1.3270303,47.3165872,0 1.3276412,47.3163004,0 1.3279857,47.3161376,0 1.3283566,47.3159636,0 1.3287107,47.3157976,0 1.3291505,47.3155946,0 1.3297850,47.3152965,0 1.3306289,47.3149042,0 1.3311470,47.3146633,0 1.3318243,47.3143442,0 1.3327275,47.3139252,0 1.3338042,47.3134160,0 1.3345552,47.3130647,0 1.3352231,47.3127505,0 1.3353450,47.3126935,0 1.3360051,47.3123847,0 1.3366468,47.3120833,0 1.3374192,47.3117111,0 1.3378922,47.3114564,0 1.3383082,47.3112518,0 1.3385625,47.3111196,0 1.3391330,47.3108071,0 1.3398841,47.3103735,0 1.3403998,47.3100674,0 1.3407682,47.3098369,0 1.3410915,47.3096323,0 1.3414574,47.3093921,0 1.3418377,47.3091375,0 1.3425508,47.3086556,0 1.3431901,47.3082092,0 1.3440672,47.3076097,0 1.3448633,47.3070569,0 1.3460970,47.3062125,0 1.3470857,47.3055307,0 1.3476633,47.3051326,0 1.3477959,47.3050407,0 1.3480792,47.3048441,0 1.3486045,47.3044879,0 1.3492557,47.3040334,0 1.3503989,47.3032533,0 1.3513567,47.3025909,0 1.3519843,47.3021557,0 1.3525380,47.3017753,0 1.3534840,47.3011210,0 1.3537478,47.3009436,0 1.3541566,47.3006744,0 1.3543538,47.3005456,0 1.3544157,47.3005052,0 1.3549243,47.3001925,0 1.3551573,47.3000539,0 1.3554449,47.2998863,0 1.3556944,47.2997461,0 1.3558845,47.2996380,0 1.3561484,47.2994962,0 1.3565311,47.2992979,0 1.3568804,47.2991239,0 1.3573558,47.2988934,0 1.3579144,47.2986355,0 1.3592572,47.2980246,0 1.3600535,47.2976602,0 1.3601618,47.2976119,0 1.3608449,47.2973073,0 1.3609363,47.2972661,0 1.3613845,47.2970639,0 1.3621569,47.2967108,0 1.3625681,47.2965238,0 1.3636781,47.2960226,0 1.3650233,47.2954132,0 1.3665326,47.2947249,0 1.3681345,47.2940043,0 1.3697579,47.2932692,0 1.3715120,47.2924697,0 1.3727194,47.2919167,0 1.3743451,47.2911913,0 1.3758496,47.2905029,0 1.3763185,47.2902891,0 1.3771474,47.2899113,0 1.3773261,47.2898251,0 1.3785853,47.2892567,0 1.3798736,47.2886747,0 1.3809954,47.2881604,0 1.3821053,47.2876590,0 1.3825100,47.2874803,0 1.3825617,47.2874575,0 1.3829748,47.2872653,0 1.3830063,47.2872500,0 1.3839486,47.2868685,0 1.3845232,47.2866032,0</coordinates>
      </LineString>
    </Placemark>
    <Placemark>
      <name>P30 - Tours ↔ Château-du-Loir ↔ Le Mans</name>
      <styleUrl>#REMI_P30</styleUrl>
      <LineString>
        <tessellate>1</tessellate>
        <coordinates>0.6938082,47.3893150,0 0.6939291,47.3892121,0 0.6940649,47.3890964,0 0.6941065,47.3890610,0 0.6941719,47.3890054,0 0.6942274,47.3889581,0 0.6942279,47.3889576,0 0.6942583,47.3889319,0 0.6943866,47.3888227,0 0.6946453,47.3886026,0 0.6948987,47.3883871,0 0.6950445,47.3882641,0 0.6956435,47.3877154,0 0.6961062,47.3872682,0 0.6961789,47.3871979,0 0.6962329,47.3871457,0 0.6963049,47.3870748,0 0.6964351,47.3869467,0 0.6966940,47.3866919,0 0.6970510,47.3863630,0 0.6970511,47.3863629,0 0.6971064,47.3863121,0 0.6971064,47.3863120,0 0.6972478,47.3861818,0 0.6973627,47.3860803,0 0.6975211,47.3859404,0 0.6975535,47.3859116,0 0.6975797,47.3858883,0 0.6976763,47.3858026,0 0.6976764,47.3858026,0 0.6979970,47.3855180,0 0.6983043,47.3852432,0 0.6986810,47.3848896,0 0.6988451,47.3847383,0 0.6990352,47.3845790,0 0.6994463,47.3842459,0 0.6998053,47.3839497,0 0.7001690,47.3836440,0 0.7006252,47.3832577,0 0.7009223,47.3830083,0 0.7012409,47.3827234,0 0.7015522,47.3824112,0 0.7018161,47.3821264,0 0.7021036,47.3817853,0 0.7024126,47.3813926,0 0.7025196,47.3812477,0 0.7027715,47.3808872,0 0.7029213,47.3805975,0 0.7030044,47.3804044,0 0.7030425,47.3802627,0 0.7030710,47.3801067,0 0.7030781,47.3799361,0 0.7030734,47.3797461,0 0.7030401,47.3795836,0 0.7029902,47.3794114,0 0.7029189,47.3792392,0 0.7028309,47.3790670,0 0.7026908,47.3788658,0 0.7024816,47.3786389,0 0.7022582,47.3784473,0 0.7020679,47.3783138,0 0.7018968,47.3782075,0 0.7016568,47.3780788,0 0.7013896,47.3779640,0 0.7011886,47.3778776,0 0.7005849,47.3776313,0 0.6999764,47.3773786,0 0.6990470,47.3769988,0 0.6985051,47.3767735,0 0.6980085,47.3765545,0 0.6967573,47.3759211,0 0.6962153,47.3756296,0 0.6962152,47.3756296,0 0.6962128,47.3756283,0 0.6958467,47.3754416,0 0.6953143,47.3751615,0 0.6947106,47.3748589,0 0.6944729,47.3747495,0 0.6942424,47.3746497,0 0.6938787,47.3745000,0 0.6935864,47.3743889,0 0.6933250,47.3742988,0 0.6930630,47.3742195,0 0.6930629,47.3742195,0 0.6928520,47.3741556,0 0.6922982,47.3740172,0 0.6920005,47.3739512,0 0.6916761,47.3738889,0 0.6911843,47.3738077,0 0.6907705,47.3737588,0 0.6902998,47.3737242,0 0.6896898,47.3736965,0 0.6892473,47.3736844,0 0.6885433,47.3736645,0 0.6880203,47.3736598,0 0.6875477,47.3736701,0 0.6872219,47.3736849,0 0.6867665,47.3737181,0 0.6864300,47.3737531,0 0.6860672,47.3737969,0 0.6855690,47.3738743,0 0.6849246,47.3739980,0 0.6842341,47.3741645,0 0.6837373,47.3742947,0 0.6831957,47.3744450,0 0.6825991,47.3746106,0 0.6814226,47.3749316,0 0.6807520,47.3751193,0 0.6795475,47.3754545,0 0.6787339,47.3756800,0 0.6776593,47.3759657,0 0.6770181,47.3761413,0 0.6764419,47.3762965,0 0.6758313,47.3764622,0 0.6751332,47.3766556,0 0.6746110,47.3767990,0 0.6732578,47.3771737,0 0.6721030,47.3774903,0 0.6701044,47.3780095,0 0.6690554,47.3782785,0 0.6686114,47.3783884,0 0.6684193,47.3784360,0 0.6673639,47.3787192,0 0.6663009,47.3790165,0 0.6657524,47.3791699,0 0.6636158,47.3797493,0 0.6615670,47.3803142,0 0.6598771,47.3807793,0 0.6586198,47.3811270,0 0.6580996,47.3812695,0 0.6575715,47.3814199,0 0.6572792,47.3815099,0 0.6569274,47.3816258,0 0.6565615,47.3817610,0 0.6562809,47.3818672,0 0.6560076,47.3819767,0 0.6553707,47.3822519,0 0.6548168,47.3825238,0 0.6544844,47.3827035,0 0.6543938,47.3827524,0 0.6538138,47.3831000,0 0.6532696,47.3834605,0 0.6527182,47.3838885,0 0.6522998,47.3842410,0 0.6522305,47.3843077,0 0.6519838,47.3845452,0 0.6515274,47.3850182,0 0.6511281,47.3855316,0 0.6509570,47.3857618,0 0.6507002,47.3861213,0 0.6505851,47.3863377,0 0.6505848,47.3863385,0 0.6505078,47.3864682,0 0.6502463,47.3869767,0 0.6500752,47.3873822,0 0.6498256,47.3880660,0 0.6496307,47.3886534,0 0.6493716,47.3894354,0 0.6492456,47.3898072,0 0.6490009,47.3905795,0 0.6488654,47.3909544,0 0.6486158,47.3916608,0 0.6485547,47.3918385,0 0.6482902,47.3926069,0 0.6481357,47.3930574,0 0.6478149,47.3939006,0 0.6475344,47.3947292,0 0.6473870,47.3951346,0 0.6470329,47.3961547,0 0.6467165,47.3970784,0 0.6466360,47.3973131,0 0.6464197,47.3979631,0 0.6462604,47.3984152,0 0.6461757,47.3986665,0 0.6458920,47.3995076,0 0.6455332,47.4004922,0 0.6453073,47.4010520,0 0.6452122,47.4012788,0 0.6450792,47.4015330,0 0.6449461,47.4017535,0 0.6447487,47.4020671,0 0.6445443,47.4023503,0 0.6442877,47.4026640,0 0.6440287,47.4029407,0 0.6436685,47.4033004,0 0.6434065,47.4035318,0 0.6432214,47.4036844,0 0.6428399,47.4039712,0 0.6424071,47.4042569,0 0.6419210,47.4045470,0 0.6410933,47.4049950,0 0.6404064,47.4053569,0 0.6393558,47.4059086,0 0.6387165,47.4062738,0 0.6382768,47.4065376,0 0.6378062,47.4068673,0 0.6373831,47.4072019,0 0.6369125,47.4076266,0 0.6367034,47.4078325,0 0.6364792,47.4080761,0 0.6362297,47.4083881,0 0.6360181,47.4087002,0 0.6358256,47.4090186,0 0.6356450,47.4093773,0 0.6354620,47.4097585,0 0.6353407,47.4101012,0 0.6352505,47.4104357,0 0.6351744,47.4108394,0 0.6351221,47.4111740,0 0.6350840,47.4115439,0 0.6350627,47.4120506,0 0.6350223,47.4127374,0 0.6350080,47.4131668,0 0.6349699,47.4138552,0 0.6349689,47.4138779,0 0.6349486,47.4143297,0 0.6349153,47.4153333,0 0.6348987,47.4155987,0 0.6348536,47.4163562,0 0.6348416,47.4166489,0 0.6347917,47.4174305,0 0.6347775,47.4176540,0 0.6347537,47.4183488,0 0.6347419,47.4186737,0 0.6346800,47.4196032,0 0.6346749,47.4196799,0 0.6346634,47.4198509,0 0.6346325,47.4206727,0 0.6345992,47.4213368,0 0.6345754,47.4218192,0 0.6345612,47.4221313,0 0.6345493,47.4225123,0 0.6345612,47.4228742,0 0.6346017,47.4232199,0 0.6346397,47.4234772,0 0.6347157,47.4238551,0 0.6347870,47.4241365,0 0.6349390,47.4246045,0 0.6350674,47.4249405,0 0.6351958,47.4252252,0 0.6353194,47.4254937,0 0.6354477,47.4257317,0 0.6356593,47.4260758,0 0.6359231,47.4264263,0 0.6362915,47.4268911,0 0.6365411,47.4271628,0 0.6373635,47.4279523,0 0.6377485,47.4283157,0 0.6383118,47.4288319,0 0.6386968,47.4291791,0 0.6388802,47.4293472,0 0.6393005,47.4297323,0 0.6393265,47.4297563,0 0.6393266,47.4297563,0 0.6394899,47.4299071,0 0.6396927,47.4300941,0 0.6400580,47.4304265,0 0.6403606,47.4307018,0 0.6408478,47.4311584,0 0.6414273,47.4317399,0 0.6415342,47.4318561,0 0.6415456,47.4318685,0 0.6418509,47.4322035,0 0.6421527,47.4325942,0 0.6424188,47.4330251,0 0.6425663,47.4332760,0 0.6427920,47.4336955,0 0.6429641,47.4340293,0 0.6430084,47.4341152,0 0.6432413,47.4345561,0 0.6434384,47.4349950,0 0.6436097,47.4354114,0 0.6439138,47.4361847,0 0.6440541,47.4365529,0 0.6444700,47.4376027,0 0.6446103,47.4379724,0 0.6446649,47.4381653,0 0.6447338,47.4384917,0 0.6447790,47.4387409,0 0.6448289,47.4390592,0 0.6448622,47.4394241,0 0.6448740,47.4398067,0 0.6448698,47.4399781,0 0.6448574,47.4404835,0 0.6448266,47.4407439,0 0.6447339,47.4413065,0 0.6446625,47.4416796,0 0.6445270,47.4423852,0 0.6444113,47.4430275,0 0.6443821,47.4431889,0 0.6442895,47.4436391,0 0.6441206,47.4444300,0 0.6440398,47.4448302,0 0.6439780,47.4452593,0 0.6439659,47.4453600,0 0.6439211,47.4457336,0 0.6438664,47.4463636,0 0.6438331,47.4468828,0 0.6438117,47.4473779,0 0.6437926,47.4478504,0 0.6437950,47.4482957,0 0.6438021,47.4486477,0 0.6438260,47.4490687,0 0.6438568,47.4494722,0 0.6439020,47.4498483,0 0.6439423,47.4501408,0 0.6440327,47.4507468,0 0.6440993,47.4512033,0 0.6441848,47.4517031,0 0.6442728,47.4520792,0 0.6443630,47.4524150,0 0.6444773,47.4528483,0 0.6445461,47.4531094,0 0.6446578,47.4535400,0 0.6448550,47.4543324,0 0.6449264,47.4546780,0 0.6450001,47.4550974,0 0.6450642,47.4555666,0 0.6450833,47.4558383,0 0.6451070,47.4564296,0 0.6451046,47.4568058,0 0.6450941,47.4569598,0 0.6450690,47.4573280,0 0.6450119,47.4577908,0 0.6449312,47.4582071,0 0.6448170,47.4586779,0 0.6446221,47.4592805,0 0.6444510,47.4597851,0 0.6442657,47.4602672,0 0.6439068,47.4609935,0 0.6436786,47.4614210,0 0.6434385,47.4618082,0 0.6430986,47.4623096,0 0.6427398,47.4627949,0 0.6425757,47.4630038,0 0.6422121,47.4634633,0 0.6419031,47.4638650,0 0.6413730,47.4645688,0 0.6411212,47.4648934,0 0.6406196,47.4655409,0 0.6399660,47.4663878,0 0.6396237,47.4668232,0 0.6391127,47.4674867,0 0.6389892,47.4676448,0 0.6387250,47.4679829,0 0.6384920,47.4683107,0 0.6381974,47.4687846,0 0.6379240,47.4692425,0 0.6376816,47.4697309,0 0.6374439,47.4702596,0 0.6371515,47.4710468,0 0.6370041,47.4715625,0 0.6368687,47.4721875,0 0.6367808,47.4726534,0 0.6367095,47.4732269,0 0.6366928,47.4735820,0 0.6366834,47.4738310,0 0.6366928,47.4742214,0 0.6367165,47.4747307,0 0.6367832,47.4753009,0 0.6368639,47.4758215,0 0.6369472,47.4763757,0 0.6370143,47.4768342,0 0.6370256,47.4769107,0 0.6371396,47.4775982,0 0.6371943,47.4780320,0 0.6373345,47.4789990,0 0.6373939,47.4794343,0 0.6375342,47.4805282,0 0.6375651,47.4810134,0 0.6375818,47.4816221,0 0.6375556,47.4822036,0 0.6375009,47.4828349,0 0.6374368,47.4833296,0 0.6373654,47.4837665,0 0.6372656,47.4842660,0 0.6371302,47.4848427,0 0.6369281,47.4856361,0 0.6368164,47.4860633,0 0.6366311,47.4867974,0 0.6364694,47.4874382,0 0.6362840,47.4881433,0 0.6361675,47.4884967,0 0.6360677,47.4887809,0 0.6360601,47.4887983,0 0.6359559,47.4890395,0 0.6357444,47.4894507,0 0.6355709,47.4897542,0 0.6354498,47.4899550,0 0.6352857,47.4902006,0 0.6350385,47.4905395,0 0.6347296,47.4909202,0 0.6344538,47.4912205,0 0.6341639,47.4915096,0 0.6338287,47.4918163,0 0.6335768,47.4920379,0 0.6332845,47.4922692,0 0.6329992,47.4924860,0 0.6326308,47.4927462,0 0.6325333,47.4928092,0 0.6322482,47.4929935,0 0.6318204,47.4932456,0 0.6313118,47.4935266,0 0.6308317,47.4937580,0 0.6300260,47.4941529,0 0.6290182,47.4946637,0 0.6285164,47.4949126,0 0.6282932,47.4950234,0 0.6274352,47.4954634,0 0.6267816,47.4957926,0 0.6263252,47.4960158,0 0.6258713,47.4962133,0 0.6253222,47.4964318,0 0.6248160,47.4966212,0 0.6242194,47.4968380,0 0.6233304,47.4971672,0 0.6225651,47.4974643,0 0.6220874,47.4976634,0 0.6215621,47.4979123,0 0.6213862,47.4980073,0 0.6210986,47.4981628,0 0.6204641,47.4985627,0 0.6199887,47.4989143,0 0.6196489,47.4991825,0 0.6193517,47.4994603,0 0.6190618,47.4997558,0 0.6187885,47.5000560,0 0.6185199,47.5003884,0 0.6182797,47.5007224,0 0.6180753,47.5010628,0 0.6178401,47.5014818,0 0.6175597,47.5019765,0 0.6173195,47.5024148,0 0.6168917,47.5031855,0 0.6168660,47.5032323,0 0.6162666,47.5043190,0 0.6161049,47.5046118,0 0.6158364,47.5050978,0 0.6156867,47.5053755,0 0.6152066,47.5062457,0 0.6147859,47.5070052,0 0.6146267,47.5073006,0 0.6144769,47.5076056,0 0.6143914,47.5077967,0 0.6142821,47.5080809,0 0.6141252,47.5085384,0 0.6140777,47.5087423,0 0.6140300,47.5089575,0 0.6139635,47.5094455,0 0.6139421,47.5097971,0 0.6139445,47.5101069,0 0.6139802,47.5105035,0 0.6140254,47.5107877,0 0.6140871,47.5110831,0 0.6141703,47.5113704,0 0.6142678,47.5116497,0 0.6143724,47.5119083,0 0.6145957,47.5123433,0 0.6148691,47.5128056,0 0.6150045,47.5130512,0 0.6152422,47.5134445,0 0.6154823,47.5138700,0 0.6157699,47.5144077,0 0.6158959,47.5146678,0 0.6160290,47.5149840,0 0.6161335,47.5152955,0 0.6162238,47.5156583,0 0.6162738,47.5159214,0 0.6163094,47.5161751,0 0.6163332,47.5164481,0 0.6163428,47.5168221,0 0.6163236,47.5170692,0 0.6162596,47.5175909,0 0.6161526,47.5180548,0 0.6159981,47.5185156,0 0.6158436,47.5188734,0 0.6156249,47.5193390,0 0.6152375,47.5201432,0 0.6147503,47.5211896,0 0.6140515,47.5226776,0 0.6135143,47.5237594,0 0.6130888,47.5246036,0 0.6124946,47.5256580,0 0.6121684,47.5261879,0 0.6121113,47.5262805,0 0.6117079,47.5268970,0 0.6112231,47.5275856,0 0.6110069,47.5278776,0 0.6108928,47.5280204,0 0.6105291,47.5284923,0 0.6101726,47.5289449,0 0.6097209,47.5294552,0 0.6091791,47.5300618,0 0.6086799,47.5305658,0 0.6082235,47.5310199,0 0.6076674,47.5315335,0 0.6070376,47.5321224,0 0.6061867,47.5328445,0 0.6056614,47.5332714,0 0.6047202,47.5339823,0 0.6041949,47.5343626,0 0.6031942,47.5350381,0 0.6026453,47.5353880,0 0.6015401,47.5360588,0 0.6014125,47.5361360,0 0.6009173,47.5364358,0 0.5999618,47.5370102,0 0.5985880,47.5378366,0 0.5979835,47.5381959,0 0.5971421,47.5387046,0 0.5963149,47.5391988,0 0.5956352,47.5396047,0 0.5950243,47.5399770,0 0.5932917,47.5410119,0 0.5921271,47.5417130,0 0.5905085,47.5426821,0 0.5896314,47.5432050,0 0.5888589,47.5436656,0 0.5874163,47.5445336,0 0.5861042,47.5453198,0 0.5843194,47.5463915,0 0.5836395,47.5467998,0 0.5826627,47.5473861,0 0.5809751,47.5484016,0 0.5795443,47.5492583,0 0.5778307,47.5502930,0 0.5763665,47.5511657,0 0.5742512,47.5524137,0 0.5727229,47.5533393,0 0.5712341,47.5542300,0 0.5708381,47.5544670,0 0.5692148,47.5554326,0 0.5681937,47.5560464,0 0.5676057,47.5563998,0 0.5663389,47.5571601,0 0.5651837,47.5578531,0 0.5640424,47.5585333,0 0.5622754,47.5595864,0 0.5618773,47.5598297,0 0.5618324,47.5598564,0 0.5611017,47.5602923,0 0.5608644,47.5604242,0 0.5607822,47.5604681,0 0.5604668,47.5606363,0 0.5600251,47.5608557,0 0.5594803,47.5611018,0 0.5589925,47.5612975,0 0.5585772,47.5614428,0 0.5579730,47.5616430,0 0.5576654,47.5617364,0 0.5571403,47.5618802,0 0.5565822,47.5620018,0 0.5559758,47.5621263,0 0.5552266,47.5622568,0 0.5544488,47.5623991,0 0.5538578,47.5625029,0 0.5528339,47.5626867,0 0.5513223,47.5629462,0 0.5499841,47.5631819,0 0.5498588,47.5632021,0 0.5493140,47.5632902,0 0.5473454,47.5636430,0 0.5454976,47.5639692,0 0.5439024,47.5642375,0 0.5423777,47.5644970,0 0.5420468,47.5645562,0 0.5409034,47.5647608,0 0.5402750,47.5648943,0 0.5394709,47.5650899,0 0.5388907,47.5652693,0 0.5384514,47.5654102,0 0.5382162,47.5654947,0 0.5375966,47.5657364,0 0.5372429,47.5658846,0 0.5368628,47.5660655,0 0.5365135,47.5662360,0 0.5361751,47.5664183,0 0.5358192,47.5666259,0 0.5353820,47.5668956,0 0.5350326,47.5671165,0 0.5347492,47.5673211,0 0.5344592,47.5675390,0 0.5341560,47.5677718,0 0.5337648,47.5680786,0 0.5330750,47.5686302,0 0.5326596,47.5689622,0 0.5326169,47.5689942,0 0.5322158,47.5692942,0 0.5316644,47.5697449,0 0.5310909,47.5702060,0 0.5307657,47.5704698,0 0.5305438,47.5706447,0 0.5303175,47.5708093,0 0.5300451,47.5709990,0 0.5298320,47.5711369,0 0.5295924,47.5712866,0 0.5293969,47.5714051,0 0.5291596,47.5715416,0 0.5289398,47.5716631,0 0.5287027,47.5717787,0 0.5283642,47.5719492,0 0.5279951,47.5721152,0 0.5277623,47.5722145,0 0.5274299,47.5723498,0 0.5273909,47.5723657,0 0.5271426,47.5724576,0 0.5267538,47.5725985,0 0.5260330,47.5728223,0 0.5255454,47.5729676,0 0.5249806,47.5731306,0 0.5241567,47.5733692,0 0.5232844,47.5736227,0 0.5225902,47.5738228,0 0.5216323,47.5741045,0 0.5202150,47.5745210,0 0.5188089,47.5749360,0 0.5174621,47.5753199,0 0.5164139,47.5756342,0 0.5153813,47.5759528,0 0.5152944,47.5759841,0 0.5146409,47.5762196,0 0.5140586,47.5764627,0 0.5135753,47.5766820,0 0.5133134,47.5768119,0 0.5130194,47.5769577,0 0.5125251,47.5772423,0 0.5121845,47.5774647,0 0.5119076,47.5776484,0 0.5116594,47.5778352,0 0.5112002,47.5781850,0 0.5109409,47.5784132,0 0.5106487,47.5786711,0 0.5103323,47.5789779,0 0.5100224,47.5793040,0 0.5096182,47.5797116,0 0.5092601,47.5800821,0 0.5089766,47.5803563,0 0.5087039,47.5806186,0 0.5086360,47.5806839,0 0.5083198,47.5809669,0 0.5079725,47.5812722,0 0.5076319,47.5815538,0 0.5072782,47.5818458,0 0.5069443,47.5821081,0 0.5065576,47.5823882,0 0.5061226,47.5826965,0 0.5057117,47.5829840,0 0.5051295,47.5833945,0 0.5047098,47.5836880,0 0.5037892,47.5843608,0 0.5029300,47.5849803,0 0.5024292,47.5853389,0 0.5021706,47.5855277,0 0.5018689,47.5857479,0 0.5010735,47.5863154,0 0.5001859,47.5870016,0 0.4999617,47.5871809,0 0.4996431,47.5874773,0 0.4993685,47.5877455,0 0.4990389,47.5880938,0 0.4987203,47.5884924,0 0.4985051,47.5887858,0 0.4982799,47.5891231,0 0.4981360,47.5893385,0 0.4979031,47.5897697,0 0.4973142,47.5908988,0 0.4969297,47.5915923,0 0.4966880,47.5919924,0 0.4963738,47.5924695,0 0.4962552,47.5926326,0 0.4960772,47.5928489,0 0.4958619,47.5930963,0 0.4956531,47.5933156,0 0.4954115,47.5935379,0 0.4950511,47.5938639,0 0.4947808,47.5941024,0 0.4944975,47.5943380,0 0.4941700,47.5945869,0 0.4938471,47.5948151,0 0.4936581,47.5949366,0 0.4932253,47.5952167,0 0.4927573,47.5954863,0 0.4924453,47.5956449,0 0.4918873,47.5959145,0 0.4914610,47.5961042,0 0.4909732,47.5963071,0 0.4901317,47.5966658,0 0.4895758,47.5969013,0 0.4881236,47.5974999,0 0.4871107,47.5979266,0 0.4860340,47.5983829,0 0.4849420,47.5988422,0 0.4841792,47.5991742,0 0.4835293,47.5994571,0 0.4831733,47.5996215,0 0.4827888,47.5998245,0 0.4823604,47.6000600,0 0.4821649,47.6001771,0 0.4816420,47.6005119,0 0.4813300,47.6007297,0 0.4809828,47.6009964,0 0.4807236,47.6012097,0 0.4800885,47.6017727,0 0.4792515,47.6027090,0 0.4792122,47.6027613,0 0.4788450,47.6032482,0 0.4779902,47.6044037,0 0.4776929,47.6048119,0 0.4768477,47.6059726,0 0.4762150,47.6069013,0 0.4760283,47.6072539,0 0.4758437,47.6076361,0 0.4757184,47.6079857,0 0.4755998,47.6084241,0 0.4755471,47.6086774,0 0.4754921,47.6090596,0 0.4754724,47.6093826,0 0.4754745,47.6098906,0 0.4755009,47.6101202,0 0.4755536,47.6104535,0 0.4756196,47.6107557,0 0.4756876,47.6110016,0 0.4758063,47.6113674,0 0.4759690,47.6117214,0 0.4760854,47.6119540,0 0.4762259,47.6122354,0 0.4764017,47.6125316,0 0.4765380,47.6127242,0 0.4768214,47.6130693,0 0.4771466,47.6134322,0 0.4774673,47.6137506,0 0.4777596,47.6140143,0 0.4780782,47.6142646,0 0.4783066,47.6144394,0 0.4786933,47.6147001,0 0.4790405,47.6149267,0 0.4795085,47.6152007,0 0.4801963,47.6156006,0 0.4815079,47.6163855,0 0.4817594,47.6165485,0 0.4826943,47.6171542,0 0.4830656,47.6174370,0 0.4834942,47.6178089,0 0.4837886,47.6180755,0 0.4840874,47.6183820,0 0.4843862,47.6187063,0 0.4846872,47.6190766,0 0.4849267,47.6194172,0 0.4851178,47.6196971,0 0.4853683,47.6201341,0 0.4855902,47.6205857,0 0.4857814,47.6210507,0 0.4859066,47.6214269,0 0.4860450,47.6219526,0 0.4861197,47.6223909,0 0.4861593,47.6227538,0 0.4861813,47.6231995,0 0.4861482,47.6238614,0 0.4861425,47.6239034,0 0.4861110,47.6241325,0 0.4860230,47.6246078,0 0.4859395,47.6248907,0 0.4858056,47.6253438,0 0.4856298,47.6258102,0 0.4853991,47.6263685,0 0.4848762,47.6276331,0 0.4844257,47.6287140,0 0.4839930,47.6297550,0 0.4836501,47.6305753,0 0.4833601,47.6312608,0 0.4829317,47.6322736,0 0.4825515,47.6331798,0 0.4821693,47.6341051,0 0.4817408,47.6351356,0 0.4813387,47.6360846,0 0.4809367,47.6370470,0 0.4805302,47.6380151,0 0.4801105,47.6390293,0 0.4797260,47.6399284,0 0.4796337,47.6401440,0 0.4791833,47.6412247,0 0.4787571,47.6422536,0 0.4784297,47.6430351,0 0.4780409,47.6439574,0 0.4777002,47.6448322,0 0.4775047,47.6454155,0 0.4773685,47.6458300,0 0.4772609,47.6462459,0 0.4772163,47.6464138,0 0.4771225,47.6467669,0 0.4769488,47.6475218,0 0.4767028,47.6485727,0 0.4764764,47.6495378,0 0.4762392,47.6505827,0 0.4759734,47.6516884,0 0.4757448,47.6526904,0 0.4756450,47.6531138,0 0.4755031,47.6537146,0 0.4752593,47.6547181,0 0.4750243,47.6555096,0 0.4749385,47.6557984,0 0.4745694,47.6568093,0 0.4744397,47.6571348,0 0.4741959,47.6577134,0 0.4740179,47.6581027,0 0.4737322,47.6586813,0 0.4736180,47.6588915,0 0.4733587,47.6593886,0 0.4730578,47.6599289,0 0.4725656,47.6607338,0 0.4720866,47.6614516,0 0.4717263,47.6619413,0 0.4714208,47.6623720,0 0.4711352,47.6627168,0 0.4708341,47.6630897,0 0.4707942,47.6631355,0 0.4705640,47.6634005,0 0.4702014,47.6638015,0 0.4696894,47.6643312,0 0.4692962,47.6647203,0 0.4691094,47.6648920,0 0.4687271,47.6652367,0 0.4682261,47.6656777,0 0.4678900,47.6659544,0 0.4674353,47.6663110,0 0.4670442,47.6666099,0 0.4665475,47.6669680,0 0.4661455,47.6672462,0 0.4656643,47.6675658,0 0.4652315,47.6678380,0 0.4649897,47.6679875,0 0.4645921,47.6682227,0 0.4644630,47.6682979,0 0.4643152,47.6683839,0 0.4638428,47.6686518,0 0.4634188,47.6688767,0 0.4629530,47.6691252,0 0.4624565,47.6693664,0 0.4617270,47.6697141,0 0.4612151,47.6699361,0 0.4608042,47.6701121,0 0.4605032,47.6702364,0 0.4600419,47.6704198,0 0.4595123,47.6706210,0 0.4591037,47.6707720,0 0.4586619,47.6709288,0 0.4582468,47.6710768,0 0.4577700,47.6712454,0 0.4573436,47.6713978,0 0.4568339,47.6715798,0 0.4563352,47.6717543,0 0.4556826,47.6719881,0 0.4552498,47.6721390,0 0.4543094,47.6724749,0 0.4530945,47.6729054,0 0.4518926,47.6733345,0 0.4508424,47.6737043,0 0.4491395,47.6743138,0 0.4478784,47.6747592,0 0.4463997,47.6752829,0 0.4463407,47.6753041,0 0.4450177,47.6757799,0 0.4438489,47.6761883,0 0.4426619,47.6766031,0 0.4421218,47.6767919,0 0.4411596,47.6771262,0 0.4402301,47.6774561,0 0.4390064,47.6778925,0 0.4379407,47.6782653,0 0.4377241,47.6783424,0 0.4367147,47.6787017,0 0.4364290,47.6788052,0 0.4356030,47.6791011,0 0.4347943,47.6793896,0 0.4338210,47.6797417,0 0.4330059,47.6800390,0 0.4328980,47.6800764,0 0.4324435,47.6802342,0 0.4318502,47.6804428,0 0.4313779,47.6806085,0 0.4303540,47.6809709,0 0.4295586,47.6812490,0 0.4287588,47.6815374,0 0.4280426,47.6817948,0 0.4277086,47.6819146,0 0.4270934,47.6821203,0 0.4265946,47.6822755,0 0.4261640,47.6824028,0 0.4260595,47.6824308,0 0.4254810,47.6825861,0 0.4253517,47.6826189,0 0.4247617,47.6827710,0 0.4244238,47.6828582,0 0.4243380,47.6828772,0 0.4243379,47.6828772,0 0.4240927,47.6829313,0 0.4239345,47.6829622,0 0.4239335,47.6829625,0 0.4237916,47.6829903,0 0.4235061,47.6830363,0 0.4232709,47.6830698,0 0.4232504,47.6830728,0 0.4228495,47.6831152,0 0.4224971,47.6831522,0 0.4223030,47.6831719,0 0.4220526,47.6831930,0 0.4217971,47.6832131,0 0.4215133,47.6832320,0 0.4213207,47.6832402,0 0.4211438,47.6832472,0 0.4208881,47.6832461,0 0.4206448,47.6832414,0 0.4203716,47.6832296,0 0.4201912,47.6832214,0 0.4200091,47.6832131,0 0.4198463,47.6832083,0 0.4195695,47.6832025,0 0.4193366,47.6831989,0 0.4191037,47.6832007,0 0.4175111,47.6831753,0 0.4167003,47.6831647,0 0.4155550,47.6831389,0 0.4145131,47.6831282,0 0.4138119,47.6831169,0 0.4135675,47.6831129,0 0.4124468,47.6830987,0 0.4114478,47.6830841,0 0.4113243,47.6830822,0 0.4109954,47.6830781,0 0.4099129,47.6830646,0 0.4090022,47.6830693,0 0.4087307,47.6830709,0 0.4080391,47.6830752,0 0.4078509,47.6830725,0 0.4078508,47.6830725,0 0.4075348,47.6830681,0 0.4072458,47.6830539,0 0.4065669,47.6829921,0 0.4063168,47.6829633,0 0.4060229,47.6829294,0 0.4054845,47.6828672,0 0.4047133,47.6827697,0 0.4037905,47.6826499,0 0.4028237,47.6824930,0 0.4023558,47.6824102,0 0.4017186,47.6822919,0 0.4011143,47.6821676,0 0.3996818,47.6818333,0 0.3982229,47.6814856,0 0.3963158,47.6810330,0 0.3944746,47.6805893,0 0.3928641,47.6802076,0 0.3913459,47.6798481,0 0.3897991,47.6794783,0 0.3884258,47.6791573,0 0.3875800,47.6789665,0 0.3866667,47.6787907,0 0.3860046,47.6786632,0 0.3850137,47.6784945,0 0.3846336,47.6784339,0 0.3838492,47.6783200,0 0.3829923,47.6782106,0 0.3819970,47.6780892,0 0.3811423,47.6780034,0 0.3808045,47.6779680,0 0.3804084,47.6779265,0 0.3792746,47.6778131,0 0.3790769,47.6777934,0 0.3773567,47.6776158,0 0.3749398,47.6773791,0 0.3733073,47.6772253,0 0.3717307,47.6770354,0 0.3717231,47.6770345,0 0.3713971,47.6769860,0 0.3709761,47.6769235,0 0.3696885,47.6766957,0 0.3686032,47.6764472,0 0.3681637,47.6763480,0 0.3676431,47.6762164,0 0.3670080,47.6760448,0 0.3667433,47.6759653,0 0.3661512,47.6757874,0 0.3651492,47.6754782,0 0.3640616,47.6751364,0 0.3624336,47.6746290,0 0.3620399,47.6745064,0 0.3618300,47.6744410,0 0.3607794,47.6741139,0 0.3605901,47.6740549,0 0.3593180,47.6736629,0 0.3575647,47.6731096,0 0.3559344,47.6725962,0 0.3544624,47.6721331,0 0.3530320,47.6716863,0 0.3518126,47.6713046,0 0.3506262,47.6709288,0 0.3490310,47.6704273,0 0.3482965,47.6702008,0 0.3474381,47.6699361,0 0.3456672,47.6693723,0 0.3444148,47.6689846,0 0.3428549,47.6684994,0 0.3408335,47.6678602,0 0.3390560,47.6673053,0 0.3383814,47.6671070,0 0.3382878,47.6670812,0 0.3380058,47.6670035,0 0.3372895,47.6668348,0 0.3367841,47.6667327,0 0.3363007,47.6666513,0 0.3355428,47.6665477,0 0.3348968,47.6664811,0 0.3344991,47.6664486,0 0.3337477,47.6664176,0 0.3334687,47.6664116,0 0.3327986,47.6664175,0 0.3323283,47.6664323,0 0.3319504,47.6664560,0 0.3314384,47.6664944,0 0.3310320,47.6665388,0 0.3302323,47.6666513,0 0.3298258,47.6667194,0 0.3293556,47.6668096,0 0.3289293,47.6669058,0 0.3283888,47.6670419,0 0.3279713,47.6671603,0 0.3276352,47.6672595,0 0.3270508,47.6674429,0 0.3266619,47.6675658,0 0.3254073,47.6679667,0 0.3236320,47.6685363,0 0.3223555,47.6689432,0 0.3215826,47.6691916,0 0.3211030,47.6693457,0 0.3199804,47.6697008,0 0.3193234,47.6699109,0 0.3178030,47.6703888,0 0.3165681,47.6707853,0 0.3154987,47.6711266,0 0.3142502,47.6715251,0 0.3122793,47.6721465,0 0.3110863,47.6725385,0 0.3109523,47.6725815,0 0.3103942,47.6727604,0 0.3095154,47.6730312,0 0.3089990,47.6731969,0 0.3079093,47.6735416,0 0.3070326,47.6738227,0 0.3062417,47.6740757,0 0.3056594,47.6742576,0 0.3048925,47.6745136,0 0.3044070,47.6746630,0 0.3035984,47.6749189,0 0.3028294,47.6751616,0 0.3020978,47.6753953,0 0.3012519,47.6756660,0 0.2996457,47.6761735,0 0.2954053,47.6775197,0 0.2903078,47.6791485,0 0.2893170,47.6794680,0 0.2881459,47.6798378,0 0.2867990,47.6802609,0 0.2866347,47.6803168,0 0.2861086,47.6804853,0 0.2850875,47.6808126,0 0.2839230,47.6811824,0 0.2819742,47.6818066,0 0.2808272,47.6821706,0 0.2792365,47.6826794,0 0.2784719,47.6829190,0 0.2774524,47.6832444,0 0.2763663,47.6835908,0 0.2756726,47.6838125,0 0.2755415,47.6838544,0 0.2754630,47.6838795,0 0.2754629,47.6838796,0 0.2751916,47.6839663,0 0.2736623,47.6844559,0 0.2720013,47.6849795,0 0.2707307,47.6853874,0 0.2695712,47.6857560,0 0.2680090,47.6862515,0 0.2668072,47.6866317,0 0.2656845,47.6869852,0 0.2649542,47.6872215,0 0.2648372,47.6872593,0 0.2646650,47.6873150,0 0.2631380,47.6878046,0 0.2626818,47.6879484,0 0.2626817,47.6879484,0 0.2613539,47.6883666,0 0.2602620,47.6887201,0 0.2590316,47.6891106,0 0.2577770,47.6895070,0 0.2566762,47.6898649,0 0.2563862,47.6899684,0 0.2561488,47.6900527,0 0.2557951,47.6901976,0 0.2555755,47.6902894,0 0.2549493,47.6905733,0 0.2546680,47.6907183,0 0.2542462,47.6909415,0 0.2535782,47.6913364,0 0.2530179,47.6917076,0 0.2527675,47.6918866,0 0.2523830,47.6921987,0 0.2517327,47.6927636,0 0.2513964,47.6931303,0 0.2510426,47.6935312,0 0.2507856,47.6938639,0 0.2505506,47.6941878,0 0.2501859,47.6948103,0 0.2500281,47.6951427,0 0.2498672,47.6954817,0 0.2496322,47.6961457,0 0.2494674,47.6969148,0 0.2493904,47.6976896,0 0.2494124,47.6984704,0 0.2494959,47.6990220,0 0.2496343,47.6995883,0 0.2496907,47.6998038,0 0.2497069,47.6998656,0 0.2498112,47.7001333,0 0.2499222,47.7004053,0 0.2500419,47.7006604,0 0.2502825,47.7011096,0 0.2507867,47.7020267,0 0.2510273,47.7024710,0 0.2512822,47.7029435,0 0.2515030,47.7033464,0 0.2517952,47.7038809,0 0.2520907,47.7044228,0 0.2524993,47.7051709,0 0.2529235,47.7059546,0 0.2531825,47.7064282,0 0.2533189,47.7066776,0 0.2537408,47.7074627,0 0.2540066,47.7079490,0 0.2543824,47.7086499,0 0.2549273,47.7096508,0 0.2551733,47.7101120,0 0.2557556,47.7111987,0 0.2559314,47.7115284,0 0.2561291,47.7118861,0 0.2564280,47.7124420,0 0.2566102,47.7127716,0 0.2568387,47.7131930,0 0.2571991,47.7138523,0 0.2576210,47.7146388,0 0.2578714,47.7151399,0 0.2579637,47.7153306,0 0.2581087,47.7156337,0 0.2585042,47.7165679,0 0.2586382,47.7169138,0 0.2586998,47.7170764,0 0.2588271,47.7174467,0 0.2589690,47.7178702,0 0.2590886,47.7182494,0 0.2592040,47.7186736,0 0.2592985,47.7190240,0 0.2594249,47.7195479,0 0.2594893,47.7198827,0 0.2595313,47.7201008,0 0.2596753,47.7209034,0 0.2597466,47.7213379,0 0.2597774,47.7217016,0 0.2598072,47.7220733,0 0.2598434,47.7224398,0 0.2598598,47.7228508,0 0.2598697,47.7232676,0 0.2598730,47.7236836,0 0.2598620,47.7241285,0 0.2598478,47.7245779,0 0.2598246,47.7249037,0 0.2597918,47.7252777,0 0.2597620,47.7255858,0 0.2597181,47.7259236,0 0.2596786,47.7262539,0 0.2596292,47.7265391,0 0.2595676,47.7269027,0 0.2595050,47.7272227,0 0.2594325,47.7275441,0 0.2593545,47.7278819,0 0.2592996,47.7281368,0 0.2592304,47.7284730,0 0.2591402,47.7289045,0 0.2590491,47.7293161,0 0.2589480,47.7297758,0 0.2588579,47.7301962,0 0.2587766,47.7306159,0 0.2586931,47.7310120,0 0.2586229,47.7313408,0 0.2585525,47.7316785,0 0.2584866,47.7320051,0 0.2584361,47.7322319,0 0.2583768,47.7325194,0 0.2583042,47.7329412,0 0.2582714,47.7331961,0 0.2581987,47.7336757,0 0.2581406,47.7342321,0 0.2580802,47.7350027,0 0.2580615,47.7355753,0 0.2580582,47.7360858,0 0.2580680,47.7366629,0 0.2580978,47.7371453,0 0.2581317,47.7375672,0 0.2581790,47.7380260,0 0.2581903,47.7381279,0 0.2582219,47.7384109,0 0.2582662,47.7387964,0 0.2583624,47.7393300,0 0.2584581,47.7397962,0 0.2585801,47.7402867,0 0.2586723,47.7406421,0 0.2587964,47.7410861,0 0.2589271,47.7415227,0 0.2590623,47.7419372,0 0.2592435,47.7424543,0 0.2594028,47.7428665,0 0.2596039,47.7433570,0 0.2598522,47.7439126,0 0.2600983,47.7444363,0 0.2602751,47.7447916,0 0.2605453,47.7452881,0 0.2608189,47.7457734,0 0.2611298,47.7462942,0 0.2614265,47.7467618,0 0.2617614,47.7472684,0 0.2621558,47.7478484,0 0.2625151,47.7483839,0 0.2625826,47.7484873,0 0.2628095,47.7488352,0 0.2631160,47.7492939,0 0.2634159,47.7497459,0 0.2636740,47.7502054,0 0.2638707,47.7506013,0 0.2641751,47.7512994,0 0.2643662,47.7517891,0 0.2645442,47.7524294,0 0.2649221,47.7544015,0 0.2650814,47.7553328,0 0.2652044,47.7559923,0 0.2653186,47.7566401,0 0.2653956,47.7571172,0 0.2654823,47.7575869,0 0.2655779,47.7580839,0 0.2656724,47.7586230,0 0.2657757,47.7591835,0 0.2657961,47.7593032,0 0.2658613,47.7596857,0 0.2659481,47.7601872,0 0.2660739,47.7608664,0 0.2661536,47.7612971,0 0.2662393,47.7617764,0 0.2663195,47.7622358,0 0.2663897,47.7626308,0 0.2664765,47.7631101,0 0.2665534,47.7635214,0 0.2666501,47.7640442,0 0.2667249,47.7644710,0 0.2668281,47.7650500,0 0.2669105,47.7654812,0 0.2670027,47.7659715,0 0.2670284,47.7661343,0 0.2670874,47.7665077,0 0.2672026,47.7671013,0 0.2673071,47.7676913,0 0.2673971,47.7682052,0 0.2674994,47.7687080,0 0.2676015,47.7692965,0 0.2677081,47.7698702,0 0.2677959,47.7704026,0 0.2678247,47.7705562,0 0.2679103,47.7710110,0 0.2680017,47.7715345,0 0.2680135,47.7716017,0 0.2681101,47.7720956,0 0.2681981,47.7725814,0 0.2683354,47.7731625,0 0.2684748,47.7737140,0 0.2686824,47.7744973,0 0.2688374,47.7750599,0 0.2689847,47.7756033,0 0.2689931,47.7756373,0 0.2691220,47.7761585,0 0.2694368,47.7773336,0 0.2695174,47.7776343,0 0.2696776,47.7782377,0 0.2697086,47.7783540,0 0.2699349,47.7792370,0 0.2702051,47.7802483,0 0.2704841,47.7813099,0 0.2705826,47.7816703,0 0.2707210,47.7821693,0 0.2708463,47.7826366,0 0.2709617,47.7830787,0 0.2710714,47.7834944,0 0.2711836,47.7839181,0 0.2712912,47.7843432,0 0.2714230,47.7848319,0 0.2714346,47.7848754,0 0.2715340,47.7852504,0 0.2716768,47.7858003,0 0.2718427,47.7864358,0 0.2721040,47.7873895,0 0.2723260,47.7882309,0 0.2726205,47.7893736,0 0.2728643,47.7902430,0 0.2730709,47.7911006,0 0.2731145,47.7912741,0 0.2731796,47.7915332,0 0.2733290,47.7920963,0 0.2734499,47.7925294,0 0.2735751,47.7929944,0 0.2736861,47.7934233,0 0.2737849,47.7938055,0 0.2738981,47.7942564,0 0.2740365,47.7947679,0 0.2741397,47.7951554,0 0.2742529,47.7955768,0 0.2743650,47.7960100,0 0.2744705,47.7964055,0 0.2745891,47.7968483,0 0.2747044,47.7972808,0 0.2748011,47.7976719,0 0.2749154,47.7981058,0 0.2750330,47.7985272,0 0.2751406,47.7989264,0 0.2752003,47.7991524,0 0.2752394,47.7992999,0 0.2753449,47.7997537,0 0.2754888,47.8002828,0 0.2756129,47.8007573,0 0.2757525,47.8012841,0 0.2758788,47.8017904,0 0.2760271,47.8023512,0 0.2761854,47.8029297,0 0.2763292,47.8034926,0 0.2764666,47.8040151,0 0.2765351,47.8042721,0 0.2765874,47.8044681,0 0.2766851,47.8048275,0 0.2768170,47.8053329,0 0.2769059,47.8056686,0 0.2770005,47.8060744,0 0.2770817,47.8064382,0 0.2771598,47.8068669,0 0.2772674,47.8074638,0 0.2773684,47.8083418,0 0.2774014,47.8089379,0 0.2774147,47.8097835,0 0.2773927,47.8101656,0 0.2773739,47.8106467,0 0.2773245,47.8111086,0 0.2772191,47.8120130,0 0.2770917,47.8126401,0 0.2769862,47.8131270,0 0.2767642,47.8139120,0 0.2764940,47.8147087,0 0.2764193,47.8149050,0 0.2763981,47.8149626,0 0.2763138,47.8151898,0 0.2759557,47.8160470,0 0.2756964,47.8165855,0 0.2755009,47.8169780,0 0.2752878,47.8173749,0 0.2751076,47.8176832,0 0.2748813,47.8180668,0 0.2746682,47.8184076,0 0.2744265,47.8187749,0 0.2740354,47.8193504,0 0.2734883,47.8200688,0 0.2730401,47.8206132,0 0.2728777,47.8207995,0 0.2726337,47.8210794,0 0.2720514,47.8217167,0 0.2717723,47.8220014,0 0.2713131,47.8224499,0 0.2711093,47.8226396,0 0.2707595,47.8229559,0 0.2703926,47.8232937,0 0.2699751,47.8236463,0 0.2695971,47.8239517,0 0.2692368,47.8242371,0 0.2689621,47.8244399,0 0.2686689,47.8246605,0 0.2682976,47.8249312,0 0.2681382,47.8250450,0 0.2679877,47.8251524,0 0.2675890,47.8254438,0 0.2672451,47.8256938,0 0.2668365,47.8259874,0 0.2668293,47.8259924,0 0.2667161,47.8260704,0 0.2663773,47.8263045,0 0.2658026,47.8267050,0 0.2653435,47.8270155,0 0.2649766,47.8272567,0 0.2646229,47.8274750,0 0.2643954,47.8276144,0 0.2641263,47.8277663,0 0.2639033,47.8278969,0 0.2635441,47.8280872,0 0.2631310,47.8283129,0 0.2626905,47.8285437,0 0.2622412,47.8287694,0 0.2619478,47.8289147,0 0.2615974,47.8290703,0 0.2612755,47.8292178,0 0.2608536,47.8293918,0 0.2605252,47.8295231,0 0.2601219,47.8296846,0 0.2598396,47.8297960,0 0.2595332,47.8299110,0 0.2591871,47.8300372,0 0.2588311,47.8301567,0 0.2585730,47.8302452,0 0.2581918,47.8303705,0 0.2578534,47.8304767,0 0.2575107,47.8305881,0 0.2572316,47.8306780,0 0.2571670,47.8306984,0 0.2569329,47.8307724,0 0.2564374,47.8309303,0 0.2556409,47.8311891,0 0.2548928,47.8314288,0 0.2541897,47.8316486,0 0.2534997,47.8318713,0 0.2528055,47.8320962,0 0.2522211,47.8322781,0 0.2519596,47.8323595,0 0.2504919,47.8328345,0 0.2495010,47.8331575,0 0.2484354,47.8334945,0 0.2477400,47.8337209,0 0.2468314,47.8340085,0 0.2461470,47.8342283,0 0.2453034,47.8345210,0 0.2447288,47.8347349,0 0.2441564,47.8349664,0 0.2436258,47.8351987,0 0.2431172,47.8354376,0 0.2426294,47.8356773,0 0.2421383,47.8359391,0 0.2417802,47.8361411,0 0.2416572,47.8362149,0 0.2412803,47.8364376,0 0.2409563,47.8366360,0 0.2405257,47.8369125,0 0.2401290,47.8371964,0 0.2398204,47.8374191,0 0.2395051,47.8376625,0 0.2394596,47.8376966,0 0.2392875,47.8378254,0 0.2390238,47.8380377,0 0.2387426,47.8382811,0 0.2384230,47.8385731,0 0.2380868,47.8389131,0 0.2376804,47.8393348,0 0.2373717,47.8396865,0 0.2371552,47.8399491,0 0.2369355,47.8402233,0 0.2367092,47.8405323,0 0.2364763,47.8408796,0 0.2362335,47.8412431,0 0.2360709,47.8415189,0 0.2358885,47.8418463,0 0.2357205,47.8421729,0 0.2355667,47.8425039,0 0.2354008,47.8428859,0 0.2352833,47.8431521,0 0.2351745,47.8434227,0 0.2350109,47.8438186,0 0.2348362,47.8442551,0 0.2346868,47.8446016,0 0.2345087,47.8450359,0 0.2343700,47.8453655,0 0.2343417,47.8454325,0 0.2341685,47.8458226,0 0.2340737,47.8460615,0 0.2339243,47.8464478,0 0.2337299,47.8469373,0 0.2335760,47.8473148,0 0.2334036,47.8477513,0 0.2332223,47.8481818,0 0.2330443,47.8486064,0 0.2328686,47.8490260,0 0.2327224,47.8493946,0 0.2325478,47.8498251,0 0.2323809,47.8502188,0 0.2322314,47.8505785,0 0.2320634,47.8509715,0 0.2318887,47.8513999,0 0.2316832,47.8518974,0 0.2316801,47.8519053,0 0.2314788,47.8524172,0 0.2312383,47.8529811,0 0.2310593,47.8534337,0 0.2307120,47.8542889,0 0.2303276,47.8552383,0 0.2299826,47.8560919,0 0.2295937,47.8570148,0 0.2292896,47.8577404,0 0.2292180,47.8579111,0 0.2290357,47.8583136,0 0.2289104,47.8585760,0 0.2287478,47.8589062,0 0.2285523,47.8592719,0 0.2283875,47.8595755,0 0.2282161,47.8598822,0 0.2279569,47.8603258,0 0.2275811,47.8609082,0 0.2272120,47.8614477,0 0.2270077,47.8617322,0 0.2266892,47.8621686,0 0.2264474,47.8625032,0 0.2260322,47.8630073,0 0.2257685,47.8633360,0 0.2254696,47.8637060,0 0.2250456,47.8642323,0 0.2245886,47.8647879,0 0.2243447,47.8650915,0 0.2239398,47.8655750,0 0.2238570,47.8656738,0 0.2233956,47.8662413,0 0.2228617,47.8668839,0 0.2225014,47.8673261,0 0.2220816,47.8678405,0 0.2217192,47.8682886,0 0.2213895,47.8686910,0 0.2208689,47.8693204,0 0.2205196,47.8697552,0 0.2199659,47.8704273,0 0.2195638,47.8709195,0 0.2191024,47.8714796,0 0.2188347,47.8718090,0 0.2186497,47.8720367,0 0.2181774,47.8726189,0 0.2175534,47.8733808,0 0.2169690,47.8740838,0 0.2164483,47.8747204,0 0.2164402,47.8747304,0 0.2157978,47.8755310,0 0.2154133,47.8759997,0 0.2151146,47.8763607,0 0.2147455,47.8767910,0 0.2145445,47.8770377,0 0.2143456,47.8772817,0 0.2136952,47.8780672,0 0.2129108,47.8790280,0 0.2124318,47.8796307,0 0.2118913,47.8802894,0 0.2113421,47.8809732,0 0.2107752,47.8816569,0 0.2102346,47.8823244,0 0.2097974,47.8828696,0 0.2093075,47.8834560,0 0.2089617,47.8838775,0 0.2088747,47.8839835,0 0.2081474,47.8848633,0 0.2076420,47.8854614,0 0.2069543,47.8863013,0 0.2063457,47.8870409,0 0.2058337,47.8876642,0 0.2053395,47.8882683,0 0.2050318,47.8886469,0 0.2047672,47.8889595,0 0.2045726,47.8891892,0 0.2041003,47.8897873,0 0.2035048,47.8904989,0 0.2030632,47.8910381,0 0.2025798,47.8916172,0 0.2025661,47.8916345,0 0.2020987,47.8922226,0 0.2015603,47.8928826,0 0.2011275,47.8934454,0 0.2006617,47.8941143,0 0.2003321,47.8946137,0 0.1998861,47.8953311,0 0.1994862,47.8960294,0 0.1989831,47.8970016,0 0.1985261,47.8980269,0 0.1981393,47.8990168,0 0.1978625,47.8998741,0 0.1975769,47.9008758,0 0.1973507,47.9017492,0 0.1970716,47.9027317,0 0.1968808,47.9034383,0 0.1968299,47.9036273,0 0.1965860,47.9045198,0 0.1963443,47.9054094,0 0.1960916,47.9063565,0 0.1958918,47.9070738,0 0.1956698,47.9078573,0 0.1954742,47.9085701,0 0.1951733,47.9096820,0 0.1950370,47.9102785,0 0.1947712,47.9111784,0 0.1946050,47.9117942,0 0.1945602,47.9119603,0 0.1943482,47.9127460,0 0.1940582,47.9138152,0 0.1938297,47.9146751,0 0.1935616,47.9156456,0 0.1933639,47.9163407,0 0.1931618,47.9171197,0 0.1929310,47.9179663,0 0.1927531,47.9186452,0 0.1925532,47.9193623,0 0.1924539,47.9197247,0 0.1922939,47.9203090,0 0.1921290,47.9209098,0 0.1918984,47.9217329,0 0.1918642,47.9218915,0 0.1917310,47.9223787,0 0.1917310,47.9223788,0 0.1909564,47.9252105,0 0.1905509,47.9267231,0 0.1904001,47.9272684,0 0.1903164,47.9275707,0 0.1900703,47.9284731,0 0.1898924,47.9291386,0 0.1898480,47.9293004,0 0.1896837,47.9298982,0 0.1894749,47.9306549,0 0.1892376,47.9315368,0 0.1890466,47.9322449,0 0.1888686,47.9329353,0 0.1887236,47.9335152,0 0.1885851,47.9342292,0 0.1884643,47.9351330,0 0.1884551,47.9352260,0 0.1884005,47.9357792,0 0.1883456,47.9366816,0 0.1883456,47.9375633,0 0.1883808,47.9384420,0 0.1884489,47.9391780,0 0.1885237,47.9397490,0 0.1885609,47.9400567,0 0.1887016,47.9408721,0 0.1888509,47.9415742,0 0.1889906,47.9420867,0 0.1890355,47.9422512,0 0.1892992,47.9431255,0 0.1895629,47.9439335,0 0.1898089,47.9447283,0 0.1898210,47.9447662,0 0.1901011,47.9456466,0 0.1904087,47.9465959,0 0.1906131,47.9472331,0 0.1908768,47.9480675,0 0.1910548,47.9486298,0 0.1911646,47.9489726,0 0.1912283,47.9491728,0 0.1913602,47.9495775,0 0.1915074,47.9500528,0 0.1916238,47.9504207,0 0.1918039,47.9509578,0 0.1921269,47.9519849,0 0.1923313,47.9526177,0 0.1925993,47.9534624,0 0.1929530,47.9545660,0 0.1932145,47.9553900,0 0.1935330,47.9563891,0 0.1937407,47.9570410,0 0.1938493,47.9573766,0 0.1938831,47.9574844,0 0.1938831,47.9574845,0 0.1940097,47.9578876,0 0.1942272,47.9585624,0 0.1943710,47.9590064,0 0.1945183,47.9594761,0 0.1947073,47.9600697,0 0.1948154,47.9604163,0 0.1949913,47.9609638,0 0.1951648,47.9615201,0 0.1953644,47.9621368,0 0.1955637,47.9627806,0 0.1956599,47.9630719,0 0.1956745,47.9631166,0 0.1958119,47.9635401,0 0.1960069,47.9641504,0 0.1962005,47.9647623,0 0.1964073,47.9654029,0 0.1965963,47.9660029,0 0.1968113,47.9666713,0 0.1970027,47.9672744,0 0.1972083,47.9679221,0 0.1974056,47.9685419,0 0.1976099,47.9691793,0 0.1977085,47.9694928,0 0.1978251,47.9698087,0 0.1979796,47.9702861,0 0.1981074,47.9706922,0 0.1982190,47.9710416,0 0.1983461,47.9714417,0 0.1984579,47.9717911,0 0.1985327,47.9720261,0 0.1986160,47.9722875,0 0.1987312,47.9726558,0 0.1988668,47.9730744,0 0.1990164,47.9735549,0 0.1991507,47.9739774,0 0.1992755,47.9743768,0 0.1993920,47.9747403,0 0.1995536,47.9752344,0 0.1997199,47.9757571,0 0.1998281,47.9761039,0 0.2000206,47.9766703,0 0.2000375,47.9767240,0 0.2001930,47.9772177,0 0.2002231,47.9773174,0 0.2002685,47.9774671,0 0.2003831,47.9779878,0 0.2004499,47.9782032,0 0.2005206,47.9784311,0 0.2005403,47.9784883,0 0.2005911,47.9786362,0 0.2006386,47.9788088,0 0.2007361,47.9791031,0 0.2007703,47.9792083,0 0.2007861,47.9792570,0 0.2007861,47.9792571,0 0.2008537,47.9794643,0 0.2010094,47.9799567,0 0.2011651,47.9804753,0 0.2013242,47.9810751,0 0.2014681,47.9816924,0 0.2015703,47.9822182,0 0.2016666,47.9827862,0 0.2017426,47.9833422,0 0.2017984,47.9838656,0 0.2018389,47.9843715,0 0.2018698,47.9848910,0 0.2018805,47.9854628,0 0.2018745,47.9859942,0 0.2018683,47.9862217,0 0.2018566,47.9867303,0 0.2018566,47.9867307,0 0.2018566,47.9867331,0 0.2018460,47.9874076,0 0.2018342,47.9880272,0 0.2018235,47.9886794,0 0.2018091,47.9892203,0 0.2018074,47.9896185,0 0.2018046,47.9897027,0 0.2018015,47.9897966,0 0.2017895,47.9900304,0 0.2017887,47.9900438,0 0.2017824,47.9901378,0 0.2017575,47.9902850,0 0.2017385,47.9904027,0 0.2017052,47.9905243,0 0.2016624,47.9906770,0 0.2016220,47.9907900,0 0.2015649,47.9909411,0 0.2015067,47.9910699,0 0.2014247,47.9912330,0 0.2013438,47.9913778,0 0.2011834,47.9916235,0 0.2009565,47.9919066,0 0.2007402,47.9921516,0 0.2004812,47.9924053,0 0.2002422,47.9926089,0 0.1999357,47.9928427,0 0.1995957,47.9930590,0 0.1993621,47.9931871,0 0.1993524,47.9931922,0 0.1990057,47.9933736,0 0.1986241,47.9935550,0 0.1985215,47.9935950,0 0.1978681,47.9938471,0 0.1974619,47.9939888,0 0.1970674,47.9941288,0 0.1966775,47.9942704,0 0.1966333,47.9942819,0 0.1958261,47.9944903,0 0.1958249,47.9944906,0 0.1958245,47.9944907,0 0.1954753,47.9945804,0 0.1951012,47.9946764,0 0.1943310,47.9948553,0 0.1937611,47.9950035,0</coordinates>
      </LineString>
    </Placemark>
    <Placemark>
      <name>P31 - Tours ↔ Loches</name>
      <styleUrl>#REMI_P31</styleUrl>
      <LineString>
        <tessellate>1</tessellate>
        <coordinates>0.6938082,47.3893150,0 0.6939291,47.3892121,0 0.6940649,47.3890964,0 0.6941065,47.3890610,0 0.6941719,47.3890054,0 0.6942274,47.3889581,0 0.6942279,47.3889576,0 0.6942583,47.3889319,0 0.6943866,47.3888227,0 0.6946453,47.3886026,0 0.6948987,47.3883871,0 0.6950445,47.3882641,0 0.6956435,47.3877154,0 0.6961062,47.3872682,0 0.6961789,47.3871979,0 0.6962329,47.3871457,0 0.6963049,47.3870748,0 0.6964351,47.3869467,0 0.6966940,47.3866919,0 0.6970510,47.3863630,0 0.6970511,47.3863629,0 0.6971064,47.3863121,0 0.6971064,47.3863120,0 0.6972478,47.3861818,0 0.6973627,47.3860803,0 0.6975211,47.3859404,0 0.6975535,47.3859116,0 0.6975797,47.3858883,0 0.6976763,47.3858026,0 0.6976764,47.3858026,0 0.6979970,47.3855180,0 0.6981724,47.3853997,0 0.6983539,47.3852664,0 0.6987437,47.3849848,0 0.6991477,47.3846323,0 0.6995518,47.3842912,0 0.6998869,47.3840095,0 0.7002672,47.3836941,0 0.7007164,47.3833112,0 0.7010277,47.3830488,0 0.7013249,47.3827833,0 0.7016600,47.3824485,0 0.7019119,47.3821766,0 0.7022162,47.3818160,0 0.7025605,47.3813697,0 0.7026321,47.3812770,0 0.7028912,47.3808842,0 0.7030410,47.3806042,0 0.7031764,47.3803017,0 0.7032928,47.3799717,0 0.7033499,47.3797834,0 0.7034117,47.3795050,0 0.7034640,47.3792378,0 0.7035330,47.3789031,0 0.7035648,47.3787422,0 0.7035670,47.3787306,0 0.7035726,47.3787023,0 0.7036303,47.3784106,0 0.7036969,47.3779760,0 0.7037136,47.3776332,0 0.7037087,47.3772228,0 0.7036683,47.3767914,0 0.7036351,47.3764679,0 0.7035875,47.3759787,0 0.7035638,47.3756262,0 0.7035709,47.3752254,0 0.7036042,47.3747731,0 0.7036303,47.3744962,0 0.7036690,47.3738283,0 0.7036703,47.3737914,0 0.7036874,47.3732158,0 0.7037255,47.3718812,0 0.7037266,47.3718342,0 0.7037123,47.3709067,0 0.7036773,47.3705317,0 0.7035916,47.3700905,0 0.7035370,47.3698091,0 0.7033500,47.3691695,0 0.7031038,47.3686178,0 0.7028456,47.3681045,0 0.7026062,47.3677257,0 0.7024573,47.3674903,0 0.7019669,47.3668582,0 0.7015361,47.3663788,0 0.7010197,47.3658846,0 0.7005224,47.3654660,0 0.6999546,47.3650365,0 0.6992504,47.3646068,0 0.6988572,47.3643668,0 0.6980567,47.3639632,0 0.6975143,47.3637194,0 0.6971191,47.3635543,0 0.6962357,47.3632270,0 0.6954265,47.3629906,0 0.6945714,47.3627892,0 0.6935638,47.3625907,0 0.6930614,47.3624918,0 0.6908943,47.3620974,0 0.6902887,47.3619783,0 0.6896756,47.3618377,0 0.6891887,47.3617064,0 0.6889272,47.3616359,0 0.6882054,47.3614196,0 0.6874826,47.3611805,0 0.6867791,47.3608994,0 0.6863141,47.3606991,0 0.6857370,47.3604277,0 0.6852475,47.3601669,0 0.6848852,47.3599650,0 0.6848038,47.3599161,0 0.6842428,47.3595800,0 0.6838564,47.3593239,0 0.6834250,47.3590167,0 0.6829257,47.3586321,0 0.6823840,47.3581815,0 0.6820346,47.3578466,0 0.6815376,47.3573493,0 0.6813838,47.3571964,0 0.6808185,47.3566830,0 0.6804477,47.3563659,0 0.6800247,47.3560100,0 0.6795636,47.3556526,0 0.6792308,47.3554271,0 0.6788790,47.3552243,0 0.6785344,47.3550503,0 0.6781992,47.3549184,0 0.6778999,47.3548202,0 0.6775909,47.3547332,0 0.6771511,47.3546381,0 0.6750951,47.3542612,0 0.6740232,47.3541051,0 0.6735645,47.3540391,0 0.6734130,47.3540211,0 0.6730892,47.3539828,0 0.6728277,47.3539603,0 0.6725852,47.3539474,0 0.6723623,47.3539385,0 0.6720915,47.3539400,0 0.6717593,47.3539542,0 0.6715020,47.3539658,0 0.6677641,47.3542846,0 0.6665815,47.3543855,0 0.6660562,47.3544303,0 0.6649815,47.3544874,0 0.6640668,47.3545701,0 0.6630794,47.3546582,0 0.6622594,47.3547291,0 0.6616891,47.3547742,0 0.6611519,47.3548079,0 0.6608002,47.3548192,0 0.6605398,47.3548153,0 0.6605132,47.3548150,0 0.6602582,47.3548112,0 0.6599778,47.3547919,0 0.6595690,47.3547452,0 0.6590722,47.3546711,0 0.6587196,47.3545965,0 0.6583901,47.3545198,0 0.6580645,47.3544280,0 0.6573543,47.3541904,0 0.6567500,47.3539884,0 0.6554809,47.3535616,0 0.6546467,47.3532734,0 0.6542046,47.3531124,0 0.6537196,47.3529063,0 0.6534732,47.3527830,0 0.6532515,47.3526599,0 0.6529680,47.3524930,0 0.6527547,47.3523523,0 0.6526254,47.3522660,0 0.6524100,47.3520947,0 0.6522041,47.3519284,0 0.6519894,47.3517244,0 0.6517956,47.3515215,0 0.6516115,47.3513009,0 0.6514292,47.3510316,0 0.6512928,47.3508021,0 0.6512927,47.3508017,0 0.6512922,47.3508010,0 0.6509436,47.3502140,0 0.6498146,47.3482992,0 0.6488865,47.3467366,0 0.6488737,47.3467151,0 0.6487213,47.3464585,0 0.6485594,47.3461751,0 0.6484002,47.3458530,0 0.6483122,47.3455809,0 0.6482386,47.3452926,0 0.6481720,47.3448497,0 0.6481624,47.3445389,0 0.6482005,47.3441620,0 0.6482550,47.3438013,0 0.6483597,47.3434759,0 0.6485261,47.3430636,0 0.6487139,47.3427335,0 0.6489919,47.3423405,0 0.6491940,47.3420957,0 0.6495546,47.3417291,0 0.6496693,47.3416125,0 0.6507508,47.3406639,0 0.6521294,47.3394431,0 0.6530170,47.3386695,0 0.6534513,47.3382909,0 0.6535578,47.3381980,0 0.6548650,47.3370287,0 0.6557637,47.3362391,0 0.6563030,47.3357755,0 0.6570184,47.3352117,0 0.6575287,47.3348505,0 0.6581973,47.3344208,0 0.6589579,47.3339778,0 0.6595925,47.3336395,0 0.6602485,47.3333303,0 0.6608379,47.3330677,0 0.6614644,47.3328165,0 0.6620905,47.3325813,0 0.6627298,47.3323637,0 0.6633193,47.3321817,0 0.6642740,47.3319221,0 0.6645100,47.3318580,0 0.6651660,47.3317081,0 0.6657870,47.3315811,0 0.6665274,47.3314536,0 0.6671483,47.3313683,0 0.6678081,47.3312904,0 0.6678323,47.3312876,0 0.6678563,47.3312847,0 0.6685126,47.3312072,0 0.6694894,47.3311138,0 0.6733905,47.3308006,0 0.6737034,47.3307754,0 0.6765461,47.3305499,0 0.6797357,47.3303034,0 0.6823954,47.3300860,0 0.6838358,47.3299684,0 0.6844727,47.3299072,0 0.6849481,47.3298492,0 0.6855256,47.3297606,0 0.6860581,47.3296639,0 0.6865452,47.3295640,0 0.6869707,47.3294658,0 0.6874318,47.3293434,0 0.6878834,47.3292112,0 0.6884942,47.3290115,0 0.6889340,47.3288456,0 0.6894711,47.3286217,0 0.6899251,47.3284171,0 0.6904480,47.3281593,0 0.6909471,47.3278935,0 0.6913844,47.3276293,0 0.6918716,47.3273022,0 0.6920009,47.3272045,0 0.6923803,47.3269172,0 0.6927487,47.3266304,0 0.6930648,47.3263485,0 0.6939514,47.3254528,0 0.6950946,47.3243153,0 0.6961385,47.3232772,0 0.6961709,47.3232450,0 0.6963923,47.3230248,0 0.6976924,47.3217214,0 0.6983309,47.3210827,0 0.6986622,47.3207515,0 0.6991185,47.3203148,0 0.6994845,47.3200103,0 0.6997531,47.3198008,0 0.7000051,47.3196220,0 0.7003093,47.3194464,0 0.7006659,47.3192692,0 0.7010294,47.3191048,0 0.7013908,47.3189581,0 0.7017829,47.3188260,0 0.7021275,47.3187326,0 0.7024556,47.3186552,0 0.7028833,47.3185763,0 0.7034419,47.3184973,0 0.7042669,47.3183986,0 0.7044520,47.3183765,0 0.7048965,47.3183298,0 0.7052435,47.3182782,0 0.7057260,47.3181912,0 0.7061444,47.3180833,0 0.7065841,47.3179624,0 0.7069553,47.3178375,0 0.7072328,47.3177304,0 0.7075063,47.3175983,0 0.7079128,47.3173846,0 0.7082646,47.3171763,0 0.7086162,47.3169376,0 0.7087967,47.3167974,0 0.7089869,47.3166298,0 0.7092389,47.3163946,0 0.7094766,47.3161287,0 0.7096549,47.3158854,0 0.7098330,47.3156179,0 0.7099425,47.3154245,0 0.7100351,47.3152376,0 0.7101278,47.3150120,0 0.7102062,47.3147864,0 0.7102871,47.3144673,0 0.7103227,47.3142337,0 0.7103441,47.3139437,0 0.7103298,47.3136826,0 0.7102942,47.3133812,0 0.7102324,47.3130364,0 0.7100328,47.3119906,0 0.7099757,47.3117166,0 0.7099376,47.3114861,0 0.7099021,47.3112896,0 0.7098758,47.3110817,0 0.7098497,47.3108158,0 0.7098331,47.3105435,0 0.7098330,47.3103001,0 0.7098355,47.3100971,0 0.7098521,47.3098166,0 0.7098783,47.3095991,0 0.7099092,47.3094026,0 0.7099401,47.3092058,0 0.7099995,47.3089319,0 0.7100589,47.3086934,0 0.7101326,47.3084484,0 0.7102490,47.3081358,0 0.7103845,47.3077925,0 0.7105747,47.3073848,0 0.7107934,47.3070076,0 0.7108812,47.3068255,0 0.7112259,47.3062567,0 0.7113506,47.3060349,0 0.7113787,47.3059857,0 0.7114469,47.3058650,0 0.7118219,47.3052283,0 0.7123068,47.3043983,0 0.7126299,47.3038390,0 0.7130626,47.3030976,0 0.7132860,47.3026801,0 0.7134927,47.3022676,0 0.7136639,47.3018984,0 0.7137237,47.3017587,0 0.7138397,47.3014874,0 0.7140275,47.3010087,0 0.7142248,47.3004445,0 0.7143793,47.3000030,0 0.7145695,47.2994694,0 0.7147358,47.2990181,0 0.7148285,47.2988166,0 0.7149568,47.2985748,0 0.7151470,47.2982863,0 0.7153157,47.2980574,0 0.7155487,47.2978027,0 0.7157507,47.2976013,0 0.7160216,47.2973723,0 0.7162616,47.2971853,0 0.7165255,47.2970177,0 0.7168963,47.2967969,0 0.7171857,47.2966378,0 0.7174477,47.2964938,0 0.7180086,47.2961989,0 0.7182107,47.2960909,0 0.7184293,47.2959699,0 0.7186337,47.2958394,0 0.7189023,47.2956524,0 0.7191044,47.2954895,0 0.7193491,47.2952913,0 0.7195868,47.2950559,0 0.7198174,47.2947996,0 0.7199861,47.2945837,0 0.7201073,47.2943983,0 0.7202095,47.2942354,0 0.7203260,47.2940210,0 0.7206089,47.2933908,0 0.7209035,47.2927201,0 0.7209894,47.2925321,0 0.7210390,47.2924235,0 0.7212173,47.2921043,0 0.7213955,47.2918351,0 0.7214835,47.2917198,0 0.7216047,47.2915610,0 0.7217545,47.2913805,0 0.7220063,47.2911161,0 0.7222583,47.2908840,0 0.7225721,47.2906228,0 0.7230831,47.2902601,0 0.7233850,47.2900730,0 0.7236463,47.2899215,0 0.7239815,47.2897619,0 0.7241860,47.2896635,0 0.7245020,47.2895362,0 0.7248586,47.2894088,0 0.7249342,47.2893862,0 0.7251557,47.2893201,0 0.7253790,47.2892589,0 0.7256715,47.2891896,0 0.7259803,47.2891251,0 0.7264350,47.2890565,0 0.7269835,47.2889857,0 0.7274208,47.2889590,0 0.7277820,47.2889553,0 0.7282186,47.2889725,0 0.7286877,47.2889983,0 0.7290560,47.2890315,0 0.7293787,47.2890844,0 0.7297826,47.2891749,0 0.7301958,47.2892812,0 0.7305984,47.2894039,0 0.7310335,47.2895587,0 0.7312996,47.2896668,0 0.7315897,47.2897974,0 0.7320222,47.2900118,0 0.7329015,47.2904809,0 0.7341757,47.2911521,0 0.7343491,47.2912434,0 0.7345945,47.2913754,0 0.7359201,47.2920882,0 0.7367259,47.2925105,0 0.7371014,47.2927056,0 0.7374342,47.2928765,0 0.7377408,47.2930200,0 0.7380925,47.2931651,0 0.7384158,47.2932811,0 0.7386939,47.2933762,0 0.7389956,47.2934713,0 0.7393428,47.2935681,0 0.7396921,47.2936551,0 0.7401746,47.2937519,0 0.7406358,47.2938243,0 0.7410848,47.2938792,0 0.7415341,47.2939146,0 0.7418574,47.2939356,0 0.7422946,47.2939453,0 0.7427106,47.2939388,0 0.7430553,47.2939259,0 0.7433904,47.2939033,0 0.7437279,47.2938663,0 0.7440986,47.2938227,0 0.7441939,47.2938081,0 0.7444552,47.2937680,0 0.7447903,47.2937067,0 0.7451516,47.2936326,0 0.7455104,47.2935390,0 0.7459336,47.2934197,0 0.7462948,47.2933021,0 0.7466371,47.2931763,0 0.7470292,47.2930167,0 0.7482058,47.2925493,0 0.7499574,47.2918496,0 0.7518779,47.2910790,0 0.7522206,47.2909396,0 0.7524887,47.2908307,0 0.7529427,47.2906582,0 0.7534752,47.2904826,0 0.7540098,47.2903261,0 0.7563510,47.2896603,0 0.7585924,47.2890187,0 0.7603869,47.2885076,0 0.7614896,47.2881948,0 0.7621789,47.2880320,0 0.7626542,47.2879288,0 0.7632699,47.2878289,0 0.7638641,47.2877466,0 0.7647339,47.2876354,0 0.7650067,47.2876006,0 0.7672105,47.2873194,0 0.7691216,47.2870696,0 0.7696659,47.2869921,0 0.7701412,47.2869212,0 0.7709659,47.2867809,0 0.7711416,47.2867487,0 0.7717931,47.2866294,0 0.7722803,47.2865375,0 0.7729411,47.2864020,0 0.7736256,47.2862553,0 0.7740605,47.2861602,0 0.7747284,47.2859957,0 0.7753274,47.2858410,0 0.7760641,47.2856426,0 0.7770809,47.2853597,0 0.7780017,47.2851098,0 0.7788551,47.2848753,0 0.7798884,47.2845915,0 0.7815782,47.2841291,0 0.7816448,47.2841109,0 0.7819918,47.2840045,0 0.7822985,47.2839013,0 0.7825196,47.2838111,0 0.7827239,47.2837224,0 0.7830044,47.2835854,0 0.7832919,47.2834241,0 0.7834774,47.2833048,0 0.7837602,47.2830952,0 0.7839538,47.2829173,0 0.7839883,47.2828856,0 0.7841952,47.2826760,0 0.7843877,47.2824438,0 0.7845137,47.2822713,0 0.7845968,47.2821520,0 0.7849391,47.2815860,0 0.7851364,47.2812684,0 0.7852457,47.2811023,0 0.7853836,47.2809136,0 0.7854905,47.2807798,0 0.7855880,47.2806637,0 0.7857306,47.2805121,0 0.7858494,47.2803928,0 0.7860230,47.2802381,0 0.7862011,47.2800865,0 0.7863533,47.2799688,0 0.7865601,47.2798172,0 0.7868238,47.2796479,0 0.7872066,47.2794318,0 0.7875465,47.2792609,0 0.7877082,47.2791862,0 0.7884544,47.2788416,0 0.7897188,47.2782515,0 0.7905720,47.2778532,0 0.7923333,47.2770372,0 0.7937383,47.2763831,0 0.7940065,47.2762584,0 0.7956775,47.2754795,0 0.7961291,47.2752714,0 0.7965973,47.2750473,0 0.7966959,47.2750010,0 0.7971748,47.2747764,0 0.7977861,47.2744996,0 0.7981920,47.2743374,0 0.7989361,47.2740959,0 0.7997803,47.2738419,0 0.8002927,47.2737047,0 0.8003978,47.2736766,0 0.8015699,47.2733435,0 0.8022249,47.2731691,0 0.8026927,47.2730770,0 0.8035357,47.2729347,0 0.8042600,47.2728315,0 0.8057480,47.2726463,0 0.8061330,47.2726025,0 0.8065087,47.2725711,0 0.8070005,47.2725541,0 0.8075160,47.2725697,0 0.8079275,47.2726105,0 0.8086047,47.2726850,0 0.8097166,47.2727876,0 0.8104682,47.2728589,0 0.8110839,47.2728928,0 0.8115259,47.2728976,0 0.8117707,47.2728993,0 0.8122604,47.2728654,0 0.8127048,47.2728138,0 0.8130685,47.2727542,0 0.8134938,47.2726686,0 0.8136559,47.2726306,0 0.8138171,47.2725928,0 0.8141249,47.2725010,0 0.8144746,47.2723817,0 0.8148317,47.2722434,0 0.8152732,47.2720396,0 0.8155925,47.2718720,0 0.8158921,47.2716897,0 0.8161654,47.2715091,0 0.8163865,47.2713430,0 0.8166764,47.2710915,0 0.8167886,47.2709820,0 0.8169093,47.2708640,0 0.8170187,47.2707415,0 0.8171375,47.2706044,0 0.8172325,47.2704738,0 0.8173895,47.2702576,0 0.8175107,47.2700690,0 0.8177364,47.2696480,0 0.8181501,47.2688529,0 0.8187893,47.2676127,0 0.8194050,47.2664095,0 0.8196351,47.2659708,0 0.8196664,47.2659111,0 0.8198019,47.2656853,0 0.8199636,47.2654498,0 0.8201133,47.2652562,0 0.8203295,47.2649966,0 0.8205291,47.2647885,0 0.8208096,47.2645337,0 0.8210877,47.2643014,0 0.8213444,47.2641111,0 0.8215203,47.2639869,0 0.8218721,47.2637643,0 0.8221264,47.2636207,0 0.8223973,47.2634772,0 0.8227183,47.2633239,0 0.8230795,47.2631739,0 0.8234336,47.2630368,0 0.8238567,47.2629014,0 0.8242774,47.2627837,0 0.8246339,47.2626981,0 0.8249286,47.2626352,0 0.8253018,47.2625675,0 0.8256845,47.2625127,0 0.8260552,47.2624787,0 0.8263928,47.2624545,0 0.8267968,47.2624352,0 0.8272389,47.2624272,0 0.8277974,47.2624272,0 0.8286388,47.2624303,0 0.8294207,47.2624320,0 0.8325867,47.2624191,0 0.8338301,47.2624155,0 0.8347734,47.2624127,0 0.8355933,47.2624159,0 0.8359831,47.2624046,0 0.8361785,47.2623926,0 0.8363253,47.2623836,0 0.8367721,47.2623352,0 0.8371786,47.2622772,0 0.8374781,47.2622191,0 0.8377395,47.2621626,0 0.8380509,47.2620787,0 0.8383099,47.2620029,0 0.8386000,47.2619094,0 0.8388495,47.2618159,0 0.8391299,47.2617029,0 0.8394009,47.2615755,0 0.8395934,47.2614771,0 0.8397955,47.2613674,0 0.8399975,47.2612545,0 0.8401972,47.2611254,0 0.8404324,47.2609625,0 0.8406487,47.2607964,0 0.8408412,47.2606302,0 0.8410789,47.2604045,0 0.8412358,47.2602335,0 0.8414046,47.2600351,0 0.8415733,47.2598043,0 0.8417111,47.2595898,0 0.8418371,47.2593672,0 0.8419631,47.2591317,0 0.8420772,47.2589075,0 0.8422982,47.2584800,0 0.8424512,47.2581973,0 0.8424955,47.2581155,0 0.8426595,47.2578541,0 0.8428235,47.2576170,0 0.8430469,47.2573202,0 0.8433417,47.2569798,0 0.8436458,47.2566717,0 0.8440927,47.2562813,0 0.8446299,47.2558441,0 0.8461368,47.2546294,0 0.8467687,47.2541193,0 0.8474179,47.2535953,0 0.8485326,47.2527016,0 0.8500465,47.2514819,0 0.8516343,47.2501993,0 0.8532030,47.2489377,0 0.8544769,47.2479083,0 0.8559553,47.2467207,0 0.8573129,47.2456257,0 0.8574075,47.2455493,0 0.8587124,47.2445022,0 0.8603238,47.2432001,0 0.8619614,47.2418850,0 0.8629201,47.2411065,0 0.8634041,47.2407135,0 0.8640482,47.2401987,0 0.8646520,47.2397468,0 0.8651535,47.2393854,0 0.8657025,47.2390207,0 0.8660376,47.2388077,0 0.8663134,47.2386350,0 0.8666674,47.2384236,0 0.8673591,47.2380122,0 0.8676419,47.2378450,0 0.8676705,47.2378281,0 0.8681838,47.2375248,0 0.8693508,47.2368293,0 0.8698690,47.2365243,0 0.8703183,47.2362580,0 0.8708911,47.2359175,0 0.8722304,47.2351230,0 0.8724526,47.2349912,0 0.8738478,47.2341649,0 0.8743826,47.2338485,0 0.8751479,47.2333934,0 0.8758134,47.2329916,0 0.8773417,47.2320878,0 0.8776734,47.2318904,0 0.8787796,47.2312324,0 0.8804552,47.2302350,0 0.8825697,47.2289782,0 0.8826847,47.2289099,0 0.8844935,47.2278366,0 0.8865779,47.2266018,0 0.8879086,47.2258129,0 0.8883747,47.2255365,0 0.8905757,47.2242307,0 0.8926790,47.2229797,0 0.8930360,47.2227675,0 0.8933089,47.2226052,0 0.8942311,47.2220580,0 0.8954290,47.2213526,0 0.8964368,47.2207489,0 0.8966678,47.2206126,0 0.8976500,47.2200333,0 0.8981734,47.2196669,0 0.8993351,47.2189869,0 0.8998242,47.2186964,0 0.9013182,47.2178091,0 0.9016585,47.2176070,0 0.9023423,47.2172091,0 0.9027657,47.2169975,0 0.9028943,47.2169212,0 0.9029841,47.2168680,0 0.9040533,47.2162372,0 0.9059713,47.2151039,0 0.9070884,47.2144355,0 0.9088711,47.2133941,0 0.9093701,47.2130987,0 0.9107630,47.2122640,0 0.9118141,47.2116452,0 0.9121699,47.2114358,0 0.9132918,47.2107689,0 0.9151268,47.2096791,0 0.9169355,47.2086119,0 0.9186515,47.2075995,0 0.9200847,47.2067453,0 0.9220527,47.2055795,0 0.9231035,47.2049576,0 0.9240634,47.2043894,0 0.9260362,47.2032220,0 0.9278045,47.2021740,0 0.9292615,47.2013051,0 0.9299568,47.2008456,0 0.9301337,47.2007287,0 0.9309039,47.2001909,0 0.9321731,47.1992413,0 0.9339319,47.1979139,0 0.9355576,47.1966962,0 0.9373117,47.1953864,0 0.9381258,47.1947728,0 0.9384859,47.1945014,0 0.9401805,47.1932368,0 0.9418941,47.1919446,0 0.9426903,47.1913486,0 0.9430776,47.1910588,0 0.9432038,47.1909643,0 0.9435651,47.1907091,0 0.9440712,47.1903796,0 0.9444967,47.1901259,0 0.9449721,47.1898643,0 0.9454023,47.1896446,0 0.9459181,47.1894088,0 0.9463981,47.1891892,0 0.9471065,47.1889081,0 0.9476128,47.1887240,0 0.9480268,47.1885782,0 0.9484707,47.1884219,0 0.9498801,47.1879196,0 0.9521437,47.1871116,0 0.9525549,47.1869645,0 0.9529346,47.1868345,0 0.9533660,47.1867035,0 0.9539199,47.1865553,0 0.9542358,47.1864907,0 0.9545986,47.1864279,0 0.9549442,47.1863858,0 0.9553530,47.1863511,0 0.9558531,47.1863251,0 0.9563880,47.1863075,0 0.9569250,47.1862874,0 0.9573504,47.1862619,0 0.9577338,47.1862330,0 0.9581183,47.1861754,0 0.9586213,47.1860736,0 0.9589587,47.1859909,0 0.9593260,47.1858972,0 0.9596556,47.1858015,0 0.9599191,47.1857037,0 0.9602942,47.1855461,0 0.9606946,47.1853528,0 0.9609180,47.1852301,0 0.9611057,47.1851154,0 0.9613006,47.1849927,0 0.9615099,47.1848457,0 0.9616595,47.1847342,0 0.9619614,47.1844871,0 0.9625461,47.1840170,0 0.9634953,47.1832538,0 0.9636110,47.1831608,0 0.9637392,47.1830526,0 0.9640007,47.1828426,0 0.9643525,47.1825583,0 0.9646971,47.1822820,0 0.9649681,47.1820671,0 0.9653270,47.1817748,0 0.9654577,47.1816699,0 0.9656550,47.1815115,0 0.9661280,47.1811270,0 0.9663927,47.1809134,0 0.9665106,47.1808184,0 0.9668338,47.1805632,0 0.9671143,47.1803580,0 0.9673234,47.1802061,0 0.9675113,47.1800802,0 0.9677965,47.1798944,0 0.9680579,47.1797360,0 0.9683288,47.1795809,0 0.9685356,47.1794711,0 0.9687947,47.1793370,0 0.9691536,47.1791561,0 0.9694673,47.1790058,0 0.9705767,47.1784654,0 0.9708102,47.1783516,0 0.9726118,47.1774743,0 0.9746368,47.1764840,0 0.9747500,47.1764288,0 0.9763861,47.1756325,0 0.9773463,47.1751640,0 0.9779549,47.1748553,0 0.9785087,47.1745468,0 0.9791331,47.1741854,0 0.9792930,47.1740928,0 0.9800583,47.1736097,0 0.9806715,47.1731912,0 0.9811088,47.1728762,0 0.9815247,47.1725579,0 0.9822045,47.1720149,0 0.9825919,47.1716886,0 0.9837448,47.1706157,0 0.9848689,47.1695590,0 0.9860954,47.1683827,0 0.9874502,47.1671078,0 0.9888074,47.1658263,0 0.9892660,47.1653933,0 0.9896819,47.1649877,0 0.9900504,47.1646079,0 0.9903664,47.1642491,0 0.9905063,47.1640783,0 0.9907302,47.1638048,0 0.9912007,47.1632052,0 0.9917878,47.1624683,0 0.9923178,47.1617863,0 0.9924717,47.1615943,0 0.9930808,47.1608345,0 0.9937083,47.1600184,0 0.9946114,47.1588095,0 0.9948158,47.1585218,0 0.9950653,47.1581388,0 0.9953554,47.1576685,0 0.9957047,47.1570980,0 0.9958721,47.1568218,0 0.9962680,47.1561687,0 0.9968242,47.1553088,0 0.9971974,47.1547124,0 0.9975562,47.1541370,0 0.9981267,47.1532287,0 0.9987826,47.1521748,0 0.9993578,47.1512292,0 0.9996622,47.1506635,0 0.9997597,47.1504626,0 0.9998356,47.1503063,0 0.9999592,47.1500590,0 1.0001684,47.1495902,0 1.0004203,47.1489178,0 1.0008885,47.1476553,0 1.0013497,47.1464025,0 1.0015089,47.1459676,0 1.0016015,47.1456977,0 1.0016729,47.1454795,0 1.0017237,47.1452868,0 1.0017441,47.1452095,0 1.0018107,47.1448992,0 1.0018701,47.1445274,0 1.0018987,47.1442412,0 1.0019153,47.1439971,0 1.0019225,47.1437287,0 1.0019153,47.1434700,0 1.0019010,47.1432405,0 1.0018607,47.1428396,0 1.0017988,47.1423514,0 1.0017323,47.1417468,0 1.0016324,47.1408511,0 1.0015383,47.1400295,0 1.0015184,47.1398552,0 1.0013663,47.1385230,0 1.0012283,47.1373249,0 1.0011136,47.1363125,0 1.0010834,47.1360461,0 1.0009456,47.1348286,0 1.0009255,47.1346555,0 1.0008743,47.1342125,0 1.0008248,47.1337912,0 1.0008179,47.1333294,0 1.0008139,47.1332141,0 1.0008057,47.1330685,0 1.0007008,47.1321758,0 1.0006524,47.1317748,0 1.0006443,47.1316183,0 1.0006423,47.1314026,0 1.0006604,47.1310964,0 1.0006726,47.1308519,0 1.0006968,47.1306266,0 1.0007510,47.1303811,0</coordinates>
      </LineString>
    </Placemark>
    <Placemark>
      <name>P33 - Chartres ↔ Tours</name>
      <styleUrl>#REMI_P33</styleUrl>
      <LineString>
        <tessellate>1</tessellate>
        <coordinates>0.6938082,47.3893150,0 0.6939291,47.3892121,0 0.6940649,47.3890964,0 0.6941065,47.3890610,0 0.6941719,47.3890054,0 0.6942274,47.3889581,0 0.6942279,47.3889576,0 0.6942583,47.3889319,0 0.6943866,47.3888227,0 0.6946453,47.3886026,0 0.6948987,47.3883871,0 0.6950445,47.3882641,0 0.6956435,47.3877154,0 0.6961062,47.3872682,0 0.6961789,47.3871979,0 0.6962329,47.3871457,0 0.6963049,47.3870748,0 0.6964351,47.3869467,0 0.6966940,47.3866919,0 0.6970510,47.3863630,0 0.6970511,47.3863629,0 0.6971064,47.3863121,0 0.6971064,47.3863120,0 0.6972478,47.3861818,0 0.6973627,47.3860803,0 0.6975211,47.3859404,0 0.6975535,47.3859116,0 0.6975797,47.3858883,0 0.6976763,47.3858026,0 0.6976764,47.3858026,0 0.6979970,47.3855180,0 0.6983043,47.3852432,0 0.6986810,47.3848896,0 0.6988451,47.3847383,0 0.6990352,47.3845790,0 0.6994463,47.3842459,0 0.6998053,47.3839497,0 0.7001690,47.3836440,0 0.7006252,47.3832577,0 0.7009223,47.3830083,0 0.7012409,47.3827234,0 0.7015522,47.3824112,0 0.7018161,47.3821264,0 0.7021036,47.3817853,0 0.7024126,47.3813926,0 0.7025196,47.3812477,0 0.7027715,47.3808872,0 0.7029213,47.3805975,0 0.7030044,47.3804044,0 0.7030425,47.3802627,0 0.7030710,47.3801067,0 0.7030781,47.3799361,0 0.7030734,47.3797461,0 0.7030401,47.3795836,0 0.7029902,47.3794114,0 0.7029189,47.3792392,0 0.7028309,47.3790670,0 0.7026908,47.3788658,0 0.7024816,47.3786389,0 0.7022582,47.3784473,0 0.7020679,47.3783138,0 0.7018968,47.3782075,0 0.7016568,47.3780788,0 0.7013896,47.3779640,0 0.7011886,47.3778776,0 0.7005849,47.3776313,0 0.6999764,47.3773786,0 0.6990470,47.3769988,0 0.6985051,47.3767735,0 0.6980085,47.3765545,0 0.6967573,47.3759211,0 0.6962153,47.3756296,0 0.6962152,47.3756296,0 0.6962128,47.3756283,0 0.6958467,47.3754416,0 0.6953143,47.3751615,0 0.6947106,47.3748589,0 0.6944729,47.3747495,0 0.6942424,47.3746497,0 0.6938787,47.3745000,0 0.6935864,47.3743889,0 0.6933250,47.3742988,0 0.6930630,47.3742195,0 0.6930629,47.3742195,0 0.6928520,47.3741556,0 0.6922982,47.3740172,0 0.6920005,47.3739512,0 0.6916761,47.3738889,0 0.6911843,47.3738077,0 0.6907705,47.3737588,0 0.6902998,47.3737242,0 0.6896898,47.3736965,0 0.6892473,47.3736844,0 0.6885433,47.3736645,0 0.6880203,47.3736598,0 0.6875477,47.3736701,0 0.6872219,47.3736849,0 0.6867665,47.3737181,0 0.6864300,47.3737531,0 0.6860672,47.3737969,0 0.6855690,47.3738743,0 0.6849246,47.3739980,0 0.6842341,47.3741645,0 0.6837373,47.3742947,0 0.6831957,47.3744450,0 0.6825991,47.3746106,0 0.6814226,47.3749316,0 0.6807520,47.3751193,0 0.6795475,47.3754545,0 0.6787339,47.3756800,0 0.6776593,47.3759657,0 0.6770181,47.3761413,0 0.6764419,47.3762965,0 0.6758313,47.3764622,0 0.6751332,47.3766556,0 0.6746110,47.3767990,0 0.6732578,47.3771737,0 0.6721030,47.3774903,0 0.6701044,47.3780095,0 0.6690554,47.3782785,0 0.6686114,47.3783884,0 0.6684193,47.3784360,0 0.6673639,47.3787192,0 0.6663009,47.3790165,0 0.6657524,47.3791699,0 0.6636158,47.3797493,0 0.6615670,47.3803142,0 0.6598771,47.3807793,0 0.6586198,47.3811270,0 0.6580996,47.3812695,0 0.6575715,47.3814199,0 0.6572792,47.3815099,0 0.6569274,47.3816258,0 0.6565615,47.3817610,0 0.6562809,47.3818672,0 0.6560076,47.3819767,0 0.6553707,47.3822519,0 0.6548168,47.3825238,0 0.6544844,47.3827035,0 0.6543938,47.3827524,0 0.6538138,47.3831000,0 0.6532696,47.3834605,0 0.6527182,47.3838885,0 0.6522998,47.3842410,0 0.6522305,47.3843077,0 0.6519838,47.3845452,0 0.6515274,47.3850182,0 0.6511281,47.3855316,0 0.6509570,47.3857618,0 0.6507002,47.3861213,0 0.6505851,47.3863377,0 0.6505848,47.3863385,0 0.6505078,47.3864682,0 0.6502463,47.3869767,0 0.6500752,47.3873822,0 0.6498256,47.3880660,0 0.6496307,47.3886534,0 0.6493716,47.3894354,0 0.6492456,47.3898072,0 0.6490009,47.3905795,0 0.6488654,47.3909544,0 0.6486158,47.3916608,0 0.6485547,47.3918385,0 0.6482902,47.3926069,0 0.6481357,47.3930574,0 0.6478149,47.3939006,0 0.6475344,47.3947292,0 0.6473870,47.3951346,0 0.6470329,47.3961547,0 0.6467165,47.3970784,0 0.6466360,47.3973131,0 0.6464197,47.3979631,0 0.6462604,47.3984152,0 0.6461757,47.3986665,0 0.6458920,47.3995076,0 0.6455332,47.4004922,0 0.6453073,47.4010520,0 0.6452122,47.4012788,0 0.6450792,47.4015330,0 0.6449461,47.4017535,0 0.6447487,47.4020671,0 0.6445443,47.4023503,0 0.6442877,47.4026640,0 0.6440287,47.4029407,0 0.6436685,47.4033004,0 0.6434065,47.4035318,0 0.6432214,47.4036844,0 0.6428399,47.4039712,0 0.6424071,47.4042569,0 0.6419210,47.4045470,0 0.6410933,47.4049950,0 0.6404064,47.4053569,0 0.6393558,47.4059086,0 0.6387165,47.4062738,0 0.6382768,47.4065376,0 0.6378062,47.4068673,0 0.6373831,47.4072019,0 0.6369125,47.4076266,0 0.6367034,47.4078325,0 0.6364792,47.4080761,0 0.6362297,47.4083881,0 0.6360181,47.4087002,0 0.6358256,47.4090186,0 0.6356450,47.4093773,0 0.6354620,47.4097585,0 0.6353407,47.4101012,0 0.6352505,47.4104357,0 0.6351744,47.4108394,0 0.6351221,47.4111740,0 0.6350840,47.4115439,0 0.6350627,47.4120506,0 0.6350223,47.4127374,0 0.6350080,47.4131668,0 0.6349699,47.4138552,0 0.6349689,47.4138779,0 0.6349486,47.4143297,0 0.6349153,47.4153333,0 0.6348987,47.4155987,0 0.6348536,47.4163562,0 0.6348416,47.4166489,0 0.6347917,47.4174305,0 0.6347775,47.4176540,0 0.6347537,47.4183488,0 0.6347419,47.4186737,0 0.6346800,47.4196032,0 0.6346749,47.4196799,0 0.6346634,47.4198509,0 0.6346325,47.4206727,0 0.6345992,47.4213368,0 0.6345754,47.4218192,0 0.6345612,47.4221313,0 0.6345493,47.4225123,0 0.6345612,47.4228742,0 0.6346017,47.4232199,0 0.6346397,47.4234772,0 0.6347157,47.4238551,0 0.6347870,47.4241365,0 0.6349390,47.4246045,0 0.6350674,47.4249405,0 0.6351958,47.4252252,0 0.6353194,47.4254937,0 0.6354477,47.4257317,0 0.6356593,47.4260758,0 0.6359231,47.4264263,0 0.6362915,47.4268911,0 0.6365411,47.4271628,0 0.6373635,47.4279523,0 0.6377485,47.4283157,0 0.6383118,47.4288319,0 0.6386968,47.4291791,0 0.6388802,47.4293472,0 0.6393005,47.4297323,0 0.6393265,47.4297563,0 0.6393266,47.4297563,0 0.6394899,47.4299071,0 0.6396927,47.4300941,0 0.6400580,47.4304265,0 0.6403606,47.4307018,0 0.6408478,47.4311584,0 0.6414573,47.4317700,0 0.6417845,47.4320892,0 0.6420161,47.4323151,0 0.6421730,47.4324582,0 0.6423513,47.4326126,0 0.6425033,47.4327459,0 0.6426293,47.4328457,0 0.6427814,47.4329663,0 0.6429430,47.4330901,0 0.6431094,47.4332058,0 0.6432758,47.4333071,0 0.6436038,47.4335081,0 0.6438178,47.4336222,0 0.6440292,47.4337251,0 0.6443073,47.4338650,0 0.6446234,47.4340065,0 0.6448873,47.4341286,0 0.6449588,47.4341594,0 0.6465844,47.4348602,0 0.6475279,47.4352927,0 0.6480603,47.4355225,0 0.6495411,47.4361753,0 0.6498951,47.4363425,0 0.6502279,47.4364839,0 0.6505226,47.4365900,0 0.6507223,47.4366496,0 0.6510123,47.4367251,0 0.6512952,47.4368007,0 0.6515685,47.4368634,0 0.6518917,47.4369293,0 0.6521579,47.4369791,0 0.6525311,47.4370338,0 0.6527830,47.4370580,0 0.6533248,47.4371029,0 0.6539405,47.4371624,0 0.6547319,47.4372364,0 0.6554307,47.4373119,0 0.6559489,47.4373666,0 0.6563791,47.4374261,0 0.6568615,47.4375097,0 0.6572537,47.4375965,0 0.6575342,47.4376752,0 0.6577482,47.4377444,0 0.6581142,47.4378617,0 0.6587130,47.4380691,0 0.6593381,47.4382926,0 0.6605218,47.4387073,0 0.6615248,47.4390691,0 0.6620857,47.4392668,0 0.6627537,47.4395047,0 0.6642962,47.4400497,0 0.6650473,47.4403182,0 0.6657674,47.4405914,0 0.6661905,47.4407763,0 0.6668465,47.4410721,0 0.6673765,47.4413100,0 0.6678708,47.4415335,0 0.6683320,47.4417505,0 0.6689071,47.4420141,0 0.6696582,47.4423485,0 0.6701882,47.4425944,0 0.6706589,47.4428098,0 0.6708220,47.4428858,0 0.6710795,47.4430060,0 0.6715596,47.4432230,0 0.6720588,47.4434480,0 0.6724866,47.4436506,0 0.6729216,47.4438595,0 0.6733708,47.4441102,0 0.6736179,47.4442581,0 0.6739031,47.4444349,0 0.6742240,47.4446455,0 0.6745163,47.4448529,0 0.6747707,47.4450426,0 0.6749656,47.4451905,0 0.6752175,47.4454090,0 0.6754101,47.4455698,0 0.6755598,47.4457110,0 0.6757357,47.4458768,0 0.6760185,47.4461356,0 0.6763608,47.4464587,0 0.6773828,47.4474071,0 0.6778653,47.4478523,0 0.6786211,47.4485643,0 0.6790893,47.4489934,0 0.6799140,47.4497681,0 0.6808910,47.4506714,0 0.6812213,47.4509784,0 0.6816397,47.4513577,0 0.6819105,47.4516181,0 0.6821577,47.4518511,0 0.6825118,47.4521822,0 0.6827876,47.4524330,0 0.6832202,47.4528363,0 0.6834626,47.4530485,0 0.6837430,47.4532960,0 0.6837764,47.4533224,0 0.6841519,47.4536191,0 0.6845345,47.4539099,0 0.6850051,47.4542313,0 0.6853380,47.4544435,0 0.6858275,47.4547376,0 0.6861673,47.4549305,0 0.6865786,47.4551394,0 0.6869684,47.4553355,0 0.6872655,47.4554720,0 0.6875935,47.4556167,0 0.6881211,47.4558288,0 0.6886297,47.4560153,0 0.6891622,47.4562001,0 0.6896019,47.4563463,0 0.6900701,47.4564813,0 0.6905502,47.4566067,0 0.6910898,47.4567320,0 0.6917267,47.4568654,0 0.6938611,47.4572575,0 0.6940667,47.4572948,0 0.6962165,47.4576850,0 0.6988523,47.4581655,0 0.7005895,47.4584816,0 0.7011222,47.4585785,0 0.7029167,47.4589047,0 0.7044900,47.4591875,0 0.7048105,47.4592481,0 0.7055812,47.4593913,0 0.7057157,47.4594156,0 0.7070027,47.4596474,0 0.7080125,47.4598293,0 0.7098685,47.4601667,0 0.7104649,47.4602773,0 0.7123287,47.4606225,0 0.7123959,47.4606346,0 0.7137950,47.4608872,0 0.7176837,47.4615948,0 0.7183919,47.4617217,0 0.7190551,47.4618502,0 0.7195732,47.4619466,0 0.7199868,47.4620431,0 0.7206191,47.4621973,0 0.7211443,47.4623339,0 0.7216173,47.4624689,0 0.7221901,47.4626537,0 0.7227914,47.4628642,0 0.7231764,47.4629991,0 0.7234474,47.4631068,0 0.7239157,47.4633029,0 0.7243600,47.4634925,0 0.7246215,47.4636210,0 0.7251586,47.4638846,0 0.7252428,47.4639294,0 0.7255842,47.4641111,0 0.7260785,47.4643843,0 0.7264992,47.4646333,0 0.7267891,47.4648133,0 0.7271766,47.4650672,0 0.7274618,47.4652664,0 0.7277612,47.4654849,0 0.7280228,47.4656906,0 0.7283721,47.4659654,0 0.7286930,47.4662305,0 0.7290234,47.4665374,0 0.7292705,47.4667687,0 0.7294488,47.4669455,0 0.7296186,47.4671140,0 0.7297222,47.4672170,0 0.7301428,47.4676396,0 0.7311625,47.4686551,0 0.7322796,47.4697685,0 0.7330901,47.4705702,0 0.7331636,47.4706436,0 0.7340217,47.4715005,0 0.7350913,47.4725672,0 0.7360871,47.4735665,0 0.7371092,47.4745802,0 0.7377604,47.4752324,0 0.7380789,47.4755553,0 0.7383808,47.4758461,0 0.7387088,47.4761610,0 0.7387948,47.4762463,0 0.7388656,47.4763168,0 0.7390510,47.4764566,0 0.7391983,47.4765626,0 0.7394147,47.4767104,0 0.7396785,47.4768904,0 0.7399447,47.4770702,0 0.7402133,47.4772405,0 0.7407623,47.4775474,0 0.7410428,47.4776952,0 0.7412947,47.4778205,0 0.7415585,47.4779490,0 0.7417891,47.4780550,0 0.7420315,47.4781626,0 0.7422858,47.4782719,0 0.7424093,47.4783211,0 0.7427493,47.4784566,0 0.7430464,47.4785642,0 0.7433174,47.4786558,0 0.7437215,47.4787827,0 0.7440375,47.4788758,0 0.7442895,47.4789417,0 0.7445842,47.4790188,0 0.7448884,47.4790911,0 0.7451832,47.4791538,0 0.7454660,47.4792132,0 0.7458320,47.4792822,0 0.7461838,47.4793417,0 0.7478856,47.4796116,0 0.7497265,47.4799039,0 0.7505761,47.4800389,0 0.7528650,47.4804067,0 0.7530580,47.4804374,0 0.7557765,47.4808693,0 0.7591326,47.4813978,0 0.7609675,47.4816934,0 0.7630710,47.4820307,0 0.7660823,47.4825142,0 0.7663293,47.4825515,0 0.7668048,47.4826234,0 0.7675488,47.4827422,0 0.7682286,47.4828531,0 0.7686707,47.4829303,0 0.7690248,47.4829945,0 0.7693623,47.4830635,0 0.7697520,47.4831567,0 0.7701942,47.4832659,0 0.7705959,47.4833784,0 0.7710166,47.4835036,0 0.7714943,47.4836691,0 0.7720291,47.4838682,0 0.7726161,47.4841172,0 0.7731556,47.4843694,0 0.7734123,47.4845027,0 0.7738258,47.4847228,0 0.7738978,47.4847667,0 0.7741919,47.4849460,0 0.7745721,47.4851870,0 0.7749169,47.4854424,0 0.7751665,47.4856287,0 0.7755633,47.4859258,0 0.7758913,47.4862037,0 0.7762835,47.4865570,0 0.7769562,47.4871738,0 0.7781374,47.4882483,0 0.7788694,47.4889116,0 0.7790962,47.4891195,0 0.7794565,47.4894496,0 0.7806686,47.4905530,0 0.7820186,47.4917800,0 0.7833117,47.4929378,0 0.7836397,47.4932173,0 0.7840009,47.4935048,0 0.7843480,47.4937504,0 0.7846594,47.4939705,0 0.7847894,47.4940495,0 0.7850872,47.4942306,0 0.7852892,47.4943447,0 0.7866107,47.4950817,0 0.7881769,47.4959730,0 0.7894153,47.4966812,0 0.7894528,47.4967018,0 0.7897405,47.4968372,0 0.7900435,47.4969865,0 0.7904263,47.4971836,0 0.7908068,47.4973945,0 0.7908670,47.4974264,0 0.7916659,47.4978626,0 0.7923951,47.4982567,0 0.7933030,47.4987665,0 0.7934206,47.4988325,0 0.7940971,47.4992148,0 0.7948152,47.4996207,0 0.7955306,47.5000117,0 0.7959660,47.5002473,0 0.7964034,47.5005121,0 0.7966113,47.5006588,0 0.7987839,47.5018312,0 0.7987893,47.5018341,0 0.7996284,47.5022820,0 0.8017247,47.5034414,0 0.8035406,47.5044497,0 0.8044351,47.5049447,0 0.8054610,47.5055126,0 0.8073814,47.5065755,0 0.8095753,47.5077828,0 0.8104998,47.5083014,0 0.8124107,47.5093594,0 0.8137878,47.5101169,0 0.8143050,47.5104013,0 0.8165962,47.5116712,0 0.8182458,47.5125895,0 0.8199594,47.5135334,0 0.8205608,47.5138673,0 0.8210670,47.5141499,0 0.8216090,47.5144452,0 0.8219488,47.5146250,0 0.8222840,47.5148031,0 0.8226238,47.5149765,0 0.8230635,47.5151837,0 0.8234510,47.5153651,0 0.8237861,47.5155191,0 0.8239452,47.5155890,0 0.8240167,47.5156203,0 0.8243351,47.5157583,0 0.8247653,47.5159397,0 0.8252930,47.5161435,0 0.8257066,47.5162993,0 0.8262436,47.5164967,0 0.8273203,47.5168628,0 0.8299609,47.5177488,0 0.8301923,47.5178265,0 0.8324852,47.5185963,0 0.8358791,47.5197280,0 0.8372339,47.5201855,0 0.8397129,47.5210169,0 0.8418830,47.5217423,0 0.8443833,47.5225786,0 0.8449371,47.5227664,0 0.8450602,47.5228078,0 0.8479248,47.5237711,0 0.8499902,47.5244613,0 0.8518346,47.5250792,0 0.8536077,47.5256731,0 0.8540172,47.5258174,0 0.8543682,47.5259411,0 0.8570112,47.5268238,0 0.8573049,47.5269232,0 0.8580072,47.5271608,0 0.8601771,47.5278798,0 0.8622426,47.5285715,0 0.8645082,47.5293363,0 0.8646716,47.5293906,0 0.8666207,47.5300383,0 0.8683652,47.5306209,0 0.8688335,47.5307910,0 0.8692161,47.5309595,0 0.8695607,47.5311119,0 0.8699434,47.5313013,0 0.8702548,47.5314779,0 0.8706208,47.5316897,0 0.8708564,47.5318393,0 0.8709013,47.5318678,0 0.8711675,47.5320540,0 0.8713742,47.5322032,0 0.8716951,47.5324615,0 0.8719113,47.5326477,0 0.8721871,47.5328981,0 0.8724223,47.5331211,0 0.8725697,47.5332992,0 0.8727552,47.5335175,0 0.8728787,47.5336715,0 0.8730523,47.5339042,0 0.8732567,47.5342171,0 0.8734681,47.5345942,0 0.8735846,47.5348237,0 0.8737463,47.5351831,0 0.8739507,47.5356565,0 0.8743381,47.5365551,0 0.8747160,47.5374280,0 0.8749323,47.5379046,0 0.8751224,47.5382864,0 0.8754670,47.5390198,0 0.8756715,47.5395075,0 0.8758805,47.5399680,0 0.8759306,47.5400782,0 0.8763417,47.5409837,0 0.8767886,47.5420619,0 0.8770762,47.5427342,0 0.8773091,47.5432572,0 0.8776656,47.5440145,0 0.8781195,47.5450059,0 0.8785212,47.5458434,0 0.8789538,47.5468365,0 0.8792937,47.5474862,0 0.8795919,47.5479801,0 0.8796764,47.5481200,0 0.8803134,47.5491515,0 0.8808053,47.5499536,0 0.8815089,47.5510653,0 0.8820342,47.5519026,0 0.8826165,47.5528426,0 0.8831773,47.5537009,0 0.8832671,47.5538430,0 0.8834578,47.5541452,0 0.8836266,47.5544468,0 0.8837098,47.5546553,0 0.8837620,47.5547804,0 0.8838167,47.5549408,0 0.8838761,47.5551365,0 0.8839403,47.5553610,0 0.8839760,47.5555680,0 0.8840021,47.5557364,0 0.8840258,47.5559273,0 0.8840307,47.5561583,0 0.8840330,47.5563716,0 0.8840116,47.5566154,0 0.8839855,47.5569395,0 0.8839284,47.5573998,0 0.8838381,47.5581921,0 0.8837905,47.5584664,0 0.8837645,47.5586685,0 0.8837359,47.5590230,0 0.8837193,47.5592716,0 0.8837359,47.5595619,0 0.8837549,47.5598041,0 0.8837787,47.5600094,0 0.8838358,47.5603270,0 0.8839165,47.5606541,0 0.8839831,47.5608562,0 0.8840163,47.5609430,0 0.8840401,47.5610054,0 0.8841305,47.5612364,0 0.8842516,47.5615171,0 0.8843823,47.5617737,0 0.8845535,47.5620575,0 0.8847176,47.5623045,0 0.8848934,47.5625451,0 0.8850431,47.5627311,0 0.8852023,47.5629172,0 0.8853450,47.5630712,0 0.8854567,47.5631834,0 0.8855684,47.5632973,0 0.8857681,47.5634897,0 0.8860509,47.5637704,0 0.8865096,47.5642082,0 0.8871228,47.5647984,0 0.8877194,47.5653822,0 0.8879832,47.5656323,0 0.8884230,47.5660589,0 0.8887675,47.5663893,0 0.8888506,47.5664690,0 0.8893927,47.5669891,0 0.8900986,47.5676707,0 0.8905620,47.5681181,0 0.8909281,47.5684773,0 0.8917243,47.5692551,0 0.8922782,47.5697891,0 0.8927273,47.5702333,0 0.8930553,47.5705491,0 0.8942485,47.5717053,0 0.8948973,47.5723451,0 0.8952800,47.5727732,0 0.8955177,47.5730732,0 0.8957909,47.5734564,0 0.8960287,47.5738251,0 0.8961832,47.5740929,0 0.8964090,47.5745628,0 0.8965421,47.5748914,0 0.8966966,47.5753420,0 0.8967631,47.5755521,0 0.8968273,47.5758407,0 0.8968676,47.5760395,0 0.8968986,47.5762256,0 0.8969627,47.5766873,0 0.8970745,47.5776605,0 0.8971434,47.5781961,0 0.8972575,47.5791629,0 0.8973335,47.5797289,0 0.8974120,47.5803878,0 0.8975308,47.5813354,0 0.8975407,47.5814150,0 0.8975855,47.5817746,0 0.8976426,47.5823839,0 0.8976900,47.5826724,0 0.8977780,47.5830588,0 0.8978327,47.5832239,0 0.8979192,47.5834437,0 0.8979254,47.5834596,0 0.8979896,47.5836038,0 0.8980799,47.5837915,0 0.8981677,47.5839630,0 0.8982534,47.5840992,0 0.8983555,47.5842468,0 0.8984672,47.5844055,0 0.8986123,47.5845914,0 0.8988261,47.5848495,0 0.8989054,47.5849411,0 0.8994204,47.5855357,0 0.8997531,47.5859285,0 0.9001714,47.5864141,0 0.9005731,47.5868759,0 0.9009130,47.5872702,0 0.9012243,47.5876390,0 0.9014598,47.5879085,0 0.9015380,47.5879980,0 0.9017687,47.5882625,0 0.9020587,47.5885959,0 0.9024484,47.5890176,0 0.9027383,47.5893702,0 0.9027449,47.5893797,0 0.9028283,47.5895002,0 0.9029523,47.5896796,0 0.9030507,47.5898420,0 0.9030639,47.5898640,0 0.9031852,47.5901204,0 0.9032731,47.5903240,0 0.9033611,47.5905596,0 0.9034157,47.5907360,0 0.9034490,47.5908946,0 0.9034871,47.5911655,0 0.9035061,47.5913226,0 0.9035133,47.5915262,0 0.9034870,47.5917266,0 0.9034713,47.5918994,0 0.9034657,47.5919606,0 0.9034277,47.5921369,0 0.9033159,47.5924943,0 0.9031590,47.5929111,0 0.9029214,47.5934946,0 0.9026980,47.5941084,0 0.9026025,47.5943308,0 0.9024627,47.5946566,0 0.9020064,47.5958155,0 0.9016165,47.5968252,0 0.9012956,47.5976523,0 0.9009558,47.5985450,0 0.9005065,47.5996220,0 0.8995463,47.6020100,0 0.8995054,47.6021159,0 0.8991684,47.6029875,0 0.8989260,47.6036381,0 0.8988618,47.6038081,0 0.8987049,47.6042295,0 0.8986051,47.6044827,0 0.8984150,47.6049827,0 0.8982866,47.6052968,0 0.8981535,47.6056542,0 0.8980870,47.6058625,0 0.8980347,47.6060324,0 0.8979967,47.6062567,0 0.8979610,47.6065163,0 0.8979372,47.6068577,0 0.8979206,47.6070740,0 0.8979277,47.6072583,0 0.8979539,47.6074473,0 0.8979966,47.6077022,0 0.8980299,47.6078448,0 0.8981013,47.6080498,0 0.8981678,47.6082262,0 0.8982581,47.6084216,0 0.8983650,47.6086363,0 0.8984792,47.6088719,0 0.8986313,47.6091507,0 0.8987359,47.6093110,0 0.8988927,47.6095465,0 0.8993324,47.6102243,0 0.8996818,47.6107099,0 0.8998339,47.6109437,0 0.9001358,47.6114100,0 0.9004400,47.6118603,0 0.9008251,47.6124259,0 0.9013860,47.6132671,0 0.9021465,47.6143870,0 0.9022132,47.6144848,0 0.9025434,47.6149687,0 0.9030212,47.6157025,0 0.9038578,47.6169442,0 0.9046279,47.6180898,0 0.9046824,47.6181693,0 0.9048585,47.6184262,0 0.9050795,47.6187530,0 0.9052412,47.6189708,0 0.9057355,47.6196534,0 0.9059708,47.6199530,0 0.9061252,47.6201404,0 0.9064984,47.6205441,0 0.9066839,47.6207396,0 0.9068740,47.6209622,0 0.9070593,47.6211593,0 0.9073018,47.6214124,0 0.9075443,47.6216447,0 0.9079482,47.6220212,0 0.9083714,47.6223809,0 0.9086897,47.6226535,0 0.9091996,47.6230662,0 0.9093408,47.6231806,0 0.9099496,47.6236367,0 0.9102800,47.6238690,0 0.9109050,47.6242872,0 0.9116323,47.6247677,0 0.9120887,47.6250834,0 0.9123407,47.6252675,0 0.9126686,47.6255319,0 0.9130251,47.6258394,0 0.9132437,47.6260396,0 0.9134862,47.6262767,0 0.9138261,47.6266484,0 0.9140352,47.6268967,0 0.9143728,47.6273515,0 0.9145938,47.6276655,0 0.9147412,47.6278882,0 0.9149147,47.6282358,0 0.9149972,47.6283877,0 0.9151025,47.6285818,0 0.9152213,47.6288701,0 0.9153449,47.6292081,0 0.9154542,47.6295653,0 0.9155398,47.6298568,0 0.9156634,47.6304535,0 0.9158559,47.6313424,0 0.9159795,47.6318886,0 0.9160001,47.6319799,0 0.9161316,47.6325661,0 0.9162266,47.6329329,0 0.9163194,47.6332692,0 0.9163765,47.6334038,0 0.9164668,47.6336424,0 0.9165475,47.6338266,0 0.9166260,47.6339900,0 0.9167329,47.6341869,0 0.9168970,47.6344529,0 0.9170729,47.6347251,0 0.9172130,47.6349398,0 0.9174484,47.6352264,0 0.9176812,47.6354795,0 0.9179213,47.6357325,0 0.9181163,47.6359215,0 0.9181753,47.6359742,0 0.9183444,47.6361249,0 0.9187531,47.6364517,0 0.9190693,47.6366823,0 0.9194686,47.6369369,0 0.9197443,47.6371035,0 0.9201223,47.6373149,0 0.9212013,47.6379250,0 0.9222589,47.6385208,0 0.9231527,47.6390349,0 0.9241081,47.6395874,0 0.9252728,47.6402344,0 0.9256127,47.6404263,0 0.9262568,47.6407901,0 0.9276352,47.6415843,0 0.9286834,47.6421801,0 0.9298434,47.6428382,0 0.9302070,47.6430304,0 0.9303661,47.6431137,0 0.9309676,47.6434051,0 0.9314975,47.6436101,0 0.9318826,47.6437431,0 0.9327121,47.6440393,0 0.9334632,47.6443067,0 0.9343022,47.6446094,0 0.9348322,47.6448320,0 0.9354097,47.6450833,0 0.9359635,47.6453636,0 0.9363533,47.6455717,0 0.9365089,47.6456554,0 0.9382025,47.6465661,0 0.9398948,47.6474772,0 0.9406031,47.6478615,0 0.9414385,47.6483146,0 0.9416333,47.6484211,0 0.9434873,47.6494339,0 0.9453270,47.6504330,0 0.9462610,47.6509325,0 0.9470810,47.6513744,0 0.9476181,47.6516546,0 0.9482599,47.6519620,0 0.9499380,47.6526985,0 0.9501856,47.6528076,0 0.9517752,47.6535071,0 0.9536124,47.6543204,0 0.9565620,47.6555628,0 0.9574652,47.6559566,0 0.9579477,47.6561727,0 0.9582051,47.6562846,0 0.9586987,47.6564993,0 0.9600512,47.6570965,0 0.9617910,47.6578505,0 0.9644863,47.6590320,0 0.9659416,47.6596680,0 0.9665707,47.6599428,0 0.9691305,47.6610666,0 0.9716880,47.6621952,0 0.9737819,47.6630964,0 0.9745001,47.6634122,0 0.9749323,47.6636022,0 0.9776156,47.6647771,0 0.9794215,47.6655692,0 0.9799331,47.6657936,0 0.9842992,47.6677015,0 0.9844121,47.6677511,0 0.9864407,47.6686427,0 0.9871822,47.6689692,0 0.9896469,47.6700416,0 0.9904241,47.6703793,0 0.9909210,47.6706114,0 0.9912917,47.6707954,0 0.9916934,47.6710131,0 0.9919667,47.6711715,0 0.9923590,47.6714099,0 0.9926797,47.6716244,0 0.9929364,47.6718101,0 0.9932074,47.6720086,0 0.9934689,47.6722150,0 0.9936638,47.6723783,0 0.9939205,47.6726072,0 0.9942152,47.6728904,0 0.9944006,47.6730793,0 0.9944741,47.6731630,0 0.9958598,47.6747405,0 0.9967726,47.6757871,0 0.9976925,47.6768242,0 0.9983555,47.6775827,0 0.9991090,47.6784357,0 1.0002404,47.6798167,0 1.0004746,47.6800847,0 1.0005193,47.6801357,0 1.0027550,47.6826890,0 1.0039220,47.6840107,0 1.0049131,47.6851244,0 1.0058021,47.6861404,0 1.0058717,47.6862206,0 1.0063596,47.6867830,0 1.0063914,47.6868184,0 1.0069800,47.6874743,0 1.0074968,47.6880226,0 1.0079064,47.6884699,0 1.0095446,47.6903220,0 1.0096683,47.6904561,0 1.0097238,47.6905163,0 1.0108623,47.6918139,0 1.0114383,47.6924685,0 1.0119223,47.6930185,0 1.0119469,47.6930466,0 1.0129729,47.6942207,0 1.0141707,47.6955797,0 1.0141881,47.6955996,0 1.0144847,47.6959366,0 1.0149099,47.6964196,0 1.0153636,47.6969345,0 1.0156515,47.6972611,0 1.0159865,47.6976402,0 1.0165499,47.6982753,0 1.0171298,47.6989471,0 1.0178881,47.6998061,0 1.0182612,47.7002300,0 1.0189719,47.7010474,0 1.0196088,47.7017624,0 1.0198917,47.7020983,0 1.0201293,47.7024070,0 1.0203409,47.7027046,0 1.0204859,47.7029189,0 1.0207212,47.7033220,0 1.0213059,47.7044608,0 1.0219904,47.7057979,0 1.0226559,47.7070919,0 1.0233546,47.7084433,0 1.0240462,47.7098108,0 1.0241459,47.7100019,0 1.0246976,47.7110598,0 1.0252324,47.7120898,0 1.0258859,47.7133899,0 1.0265015,47.7145909,0 1.0269626,47.7154976,0 1.0271836,47.7159886,0 1.0273358,47.7163835,0 1.0274783,47.7167817,0 1.0275711,47.7170935,0 1.0276781,47.7175013,0 1.0277660,47.7179026,0 1.0278325,47.7182624,0 1.0278895,47.7186878,0 1.0279276,47.7191771,0 1.0279443,47.7196520,0 1.0279348,47.7201253,0 1.0279109,47.7205970,0 1.0278634,47.7210479,0 1.0278132,47.7213738,0 1.0277993,47.7214637,0 1.0277114,47.7219033,0 1.0275401,47.7225749,0 1.0274784,47.7227780,0 1.0273001,47.7232928,0 1.0271337,47.7237069,0 1.0268812,47.7243048,0 1.0264421,47.7250804,0 1.0261967,47.7255036,0 1.0255911,47.7266008,0 1.0252560,47.7272419,0 1.0249810,47.7277326,0 1.0245478,47.7285050,0 1.0240154,47.7294450,0 1.0234854,47.7303850,0 1.0229767,47.7312803,0 1.0227415,47.7316944,0 1.0224373,47.7322299,0 1.0220545,47.7329237,0 1.0217527,47.7334671,0 1.0215602,47.7338717,0 1.0214009,47.7342761,0 1.0212441,47.7347716,0 1.0211680,47.7351169,0 1.0211134,47.7353806,0 1.0210681,47.7357404,0 1.0210444,47.7360616,0 1.0210349,47.7363014,0 1.0210396,47.7365572,0 1.0210681,47.7369536,0 1.0211371,47.7374427,0 1.0212179,47.7378008,0 1.0213129,47.7381492,0 1.0214152,47.7384609,0 1.0215459,47.7387934,0 1.0217978,47.7393848,0 1.0223611,47.7406811,0 1.0228045,47.7417113,0 1.0229304,47.7420660,0 1.0230493,47.7424800,0 1.0231301,47.7428892,0 1.0231870,47.7432744,0 1.0232155,47.7436068,0 1.0232227,47.7439104,0 1.0232108,47.7443308,0 1.0231705,47.7447480,0 1.0231392,47.7449356,0 1.0231229,47.7450341,0 1.0230777,47.7452450,0 1.0229850,47.7456206,0 1.0227926,47.7462199,0 1.0223458,47.7475464,0 1.0220985,47.7482688,0 1.0219273,47.7487730,0 1.0216825,47.7494873,0 1.0215400,47.7499029,0 1.0214656,47.7501204,0 1.0212976,47.7506108,0 1.0211098,47.7511413,0 1.0208601,47.7518844,0 1.0207081,47.7523335,0 1.0205132,47.7529103,0 1.0203611,47.7533705,0 1.0202399,47.7536933,0 1.0200734,47.7541887,0 1.0198857,47.7547608,0 1.0197170,47.7552465,0 1.0194864,47.7559304,0 1.0194765,47.7559585,0 1.0191774,47.7568093,0 1.0190610,47.7571672,0 1.0188400,47.7577936,0 1.0186877,47.7582569,0 1.0184952,47.7588305,0 1.0181744,47.7597509,0 1.0180841,47.7600097,0 1.0179819,47.7603213,0 1.0178465,47.7607734,0 1.0177775,47.7610594,0 1.0177347,47.7612832,0 1.0176848,47.7616074,0 1.0176682,47.7617592,0 1.0176515,47.7619654,0 1.0176397,47.7621459,0 1.0176159,47.7628888,0 1.0175802,47.7636845,0 1.0175588,47.7641445,0 1.0175561,47.7642225,0 1.0175185,47.7652997,0 1.0174994,47.7659731,0 1.0174875,47.7665513,0 1.0174543,47.7671264,0 1.0174447,47.7674444,0 1.0174281,47.7678470,0 1.0174091,47.7682192,0 1.0173877,47.7689445,0 1.0173687,47.7693310,0 1.0173568,47.7697799,0 1.0173331,47.7701522,0 1.0173236,47.7704893,0 1.0173068,47.7708774,0 1.0172998,47.7712528,0 1.0172998,47.7714245,0 1.0172998,47.7716505,0 1.0173188,47.7718758,0 1.0173569,47.7721729,0 1.0174044,47.7724317,0 1.0174566,47.7726457,0 1.0175469,47.7729541,0 1.0176397,47.7732032,0 1.0177347,47.7734237,0 1.0178322,47.7736217,0 1.0179082,47.7737686,0 1.0180363,47.7740007,0 1.0181541,47.7742062,0 1.0183170,47.7744523,0 1.0185252,47.7747023,0 1.0190419,47.7753196,0 1.0192250,47.7755146,0 1.0194674,47.7757398,0 1.0197122,47.7759458,0 1.0198619,47.7760608,0 1.0201186,47.7762572,0 1.0204015,47.7764474,0 1.0207913,47.7766885,0 1.0211953,47.7769105,0 1.0218503,47.7772388,0 1.0221170,47.7773720,0 1.0225763,47.7775846,0 1.0228306,47.7776852,0 1.0231942,47.7778034,0 1.0237029,47.7779535,0 1.0241972,47.7780925,0 1.0244563,47.7781692,0 1.0275913,47.7790620,0 1.0281212,47.7792265,0 1.0285253,47.7793622,0 1.0289009,47.7794996,0 1.0292360,47.7796482,0 1.0294736,47.7797568,0 1.0298231,47.7799261,0 1.0299485,47.7799956,0 1.0304648,47.7802822,0 1.0309473,47.7806064,0 1.0318648,47.7812102,0 1.0331149,47.7820151,0 1.0343699,47.7828424,0 1.0348238,47.7831506,0 1.0352825,47.7834429,0 1.0356724,47.7836824,0 1.0358340,47.7837719,0 1.0366778,47.7842254,0 1.0378281,47.7847972,0 1.0385103,47.7851310,0 1.0390389,47.7853880,0 1.0396891,47.7857043,0 1.0402786,47.7860221,0 1.0407302,47.7863031,0 1.0411342,47.7865794,0 1.0414718,47.7868237,0 1.0416999,47.7870074,0 1.0418853,47.7871623,0 1.0420708,47.7873476,0 1.0423892,47.7876797,0 1.0425334,47.7878297,0 1.0435800,47.7889189,0 1.0445045,47.7898738,0 1.0456264,47.7910459,0 1.0463822,47.7918315,0 1.0475135,47.7930067,0 1.0480508,47.7935561,0 1.0484810,47.7940190,0 1.0486734,47.7942618,0 1.0488374,47.7945076,0 1.0489670,47.7947312,0 1.0491975,47.7951288,0 1.0498512,47.7963391,0 1.0501459,47.7968899,0 1.0503289,47.7971933,0 1.0503319,47.7971983,0 1.0504858,47.7974519,0 1.0506925,47.7977154,0 1.0508826,47.7979373,0 1.0510467,47.7981241,0 1.0512178,47.7982965,0 1.0513509,47.7984147,0 1.0515007,47.7985440,0 1.0516647,47.7986701,0 1.0518785,47.7988378,0 1.0521376,47.7990118,0 1.0521938,47.7990459,0 1.0524562,47.7992050,0 1.0527984,47.7993982,0 1.0530883,47.7995435,0 1.0534662,47.7997111,0 1.0536968,47.7998037,0 1.0540295,47.7999282,0 1.0542815,47.8000097,0 1.0545714,47.8000975,0 1.0548781,47.8001789,0 1.0551609,47.8002508,0 1.0555126,47.8003194,0 1.0558716,47.8003832,0 1.0563327,47.8004567,0 1.0569981,47.8005557,0 1.0572690,47.8005957,0 1.0582279,47.8007376,0 1.0591446,47.8008681,0 1.0600236,47.8009993,0 1.0607823,47.8011080,0 1.0619400,47.8012794,0 1.0634257,47.8015006,0 1.0643418,47.8016276,0 1.0666068,47.8019590,0 1.0671390,47.8020387,0 1.0680584,47.8021764,0 1.0693504,47.8023677,0 1.0702384,47.8024988,0 1.0709446,47.8026031,0 1.0712832,47.8026501,0 1.0714720,47.8026762,0 1.0715887,47.8026949,0 1.0724889,47.8028394,0 1.0747445,47.8031731,0 1.0758603,47.8033351,0 1.0765674,47.8034437,0 1.0775847,47.8035922,0 1.0784189,47.8037151,0 1.0791938,47.8038396,0 1.0797131,47.8039417,0 1.0803098,47.8040822,0 1.0810157,47.8042739,0 1.0814458,47.8044111,0 1.0818261,47.8045388,0 1.0821541,47.8046538,0 1.0825367,47.8048054,0 1.0828292,47.8049300,0 1.0831785,47.8050816,0 1.0836514,47.8053147,0 1.0838179,47.8053945,0 1.0842718,47.8056547,0 1.0846189,47.8058510,0 1.0847591,47.8059436,0 1.0848978,47.8060318,0 1.0849801,47.8060841,0 1.0853058,47.8063076,0 1.0856052,47.8065247,0 1.0859474,47.8067913,0 1.0861781,47.8069893,0 1.0863516,47.8071361,0 1.0864799,47.8072574,0 1.0866581,47.8074299,0 1.0868507,47.8076198,0 1.0869315,47.8077076,0 1.0871359,47.8079311,0 1.0873473,47.8081833,0 1.0875613,47.8084579,0 1.0877824,47.8087627,0 1.0879226,47.8089814,0 1.0880367,47.8091682,0 1.0881317,47.8093278,0 1.0882768,47.8095976,0 1.0883741,47.8098035,0 1.0884882,47.8100653,0 1.0885904,47.8103111,0 1.0886546,47.8104819,0 1.0887045,47.8106431,0 1.0887783,47.8108666,0 1.0888068,47.8110071,0 1.0888638,47.8112130,0 1.0888947,47.8113837,0 1.0889351,47.8116024,0 1.0889803,47.8119360,0 1.0889841,47.8120130,0 1.0889922,47.8121787,0 1.0890016,47.8124245,0 1.0890041,47.8125873,0 1.0889969,47.8127644,0 1.0889755,47.8130294,0 1.0889684,47.8131922,0 1.0889422,47.8133821,0 1.0889042,47.8136072,0 1.0888614,47.8138243,0 1.0887901,47.8141244,0 1.0886737,47.8145106,0 1.0885881,47.8147452,0 1.0885191,47.8149271,0 1.0883410,47.8153293,0 1.0882292,47.8155831,0 1.0879725,47.8161418,0 1.0878418,47.8164306,0 1.0876730,47.8167962,0 1.0874852,47.8172255,0 1.0873830,47.8174441,0 1.0872238,47.8178000,0 1.0870550,47.8181799,0 1.0869481,47.8184161,0 1.0868173,47.8187001,0 1.0866890,47.8189747,0 1.0866011,47.8191757,0 1.0864680,47.8194774,0 1.0862945,47.8198652,0 1.0862361,47.8199930,0 1.0860972,47.8202977,0 1.0859664,47.8206041,0 1.0858263,47.8209057,0 1.0856861,47.8211994,0 1.0855055,47.8215904,0 1.0853675,47.8219095,0 1.0852987,47.8220579,0 1.0850039,47.8227074,0 1.0848043,47.8231575,0 1.0846283,47.8235453,0 1.0844144,47.8240240,0 1.0843123,47.8242475,0 1.0841577,47.8245857,0 1.0840080,47.8249161,0 1.0838369,47.8252959,0 1.0836372,47.8257379,0 1.0834851,47.8260842,0 1.0832974,47.8264719,0 1.0831167,47.8268837,0 1.0830050,47.8271358,0 1.0828695,47.8274294,0 1.0826747,47.8278650,0 1.0824750,47.8283054,0 1.0823347,47.8286309,0 1.0822563,47.8288351,0 1.0821565,47.8290937,0 1.0821065,47.8292532,0 1.0820423,47.8294319,0 1.0819712,47.8297111,0 1.0819511,47.8298078,0 1.0818855,47.8301244,0 1.0818570,47.8302920,0 1.0817953,47.8308105,0 1.0817904,47.8310291,0 1.0817905,47.8311903,0 1.0817857,47.8314009,0 1.0818071,47.8316243,0 1.0818213,47.8318302,0 1.0818570,47.8320679,0 1.0818830,47.8322277,0 1.0818975,47.8323167,0 1.0819592,47.8326072,0 1.0820472,47.8329326,0 1.0821351,47.8331975,0 1.0822491,47.8335054,0 1.0823895,47.8338262,0 1.0825083,47.8340654,0 1.0826723,47.8343878,0 1.0828148,47.8346287,0 1.0830715,47.8350195,0 1.0833235,47.8353594,0 1.0836610,47.8357630,0 1.0840627,47.8362018,0 1.0850063,47.8372308,0 1.0854745,47.8377302,0 1.0858666,47.8381434,0 1.0862897,47.8386044,0 1.0867294,47.8390814,0 1.0873331,47.8397403,0 1.0877300,47.8401710,0 1.0881674,47.8406321,0 1.0886522,47.8411618,0 1.0891181,47.8416690,0 1.0895983,47.8421907,0 1.0900189,47.8426437,0 1.0905395,47.8432021,0 1.0909697,47.8436455,0 1.0912643,47.8439262,0 1.0915639,47.8442133,0 1.0918206,47.8444431,0 1.0921058,47.8446967,0 1.0923339,47.8448850,0 1.0926334,47.8451306,0 1.0928805,47.8453189,0 1.0933393,47.8456745,0 1.0937195,47.8459537,0 1.0942116,47.8462919,0 1.0949651,47.8467768,0 1.0955354,47.8471245,0 1.0960917,47.8474371,0 1.0964836,47.8476505,0 1.0974499,47.8481389,0 1.0977424,47.8482794,0 1.0980680,47.8484341,0 1.0985218,47.8486366,0 1.0988689,47.8487850,0 1.0991160,47.8488918,0 1.0996675,47.8491120,0 1.1003401,47.8493687,0 1.1007680,47.8495203,0 1.1011626,47.8496591,0 1.1017804,47.8498585,0 1.1030663,47.8502380,0 1.1038293,47.8504342,0 1.1054193,47.8507899,0 1.1058571,47.8508755,0 1.1064723,47.8509956,0 1.1092578,47.8515650,0 1.1103675,47.8517881,0 1.1112971,47.8519749,0 1.1124760,47.8521999,0 1.1137096,47.8524550,0 1.1147292,47.8526512,0 1.1154185,47.8528442,0 1.1156455,47.8529110,0 1.1158036,47.8529575,0 1.1165878,47.8532237,0 1.1172059,47.8534774,0 1.1178072,47.8537549,0 1.1184228,47.8541026,0 1.1190645,47.8545092,0 1.1196373,47.8549622,0 1.1202886,47.8554981,0 1.1208661,47.8559829,0 1.1214960,47.8565204,0 1.1223231,47.8572173,0 1.1228150,47.8576287,0 1.1233214,47.8580593,0 1.1238039,47.8584596,0 1.1242198,47.8588073,0 1.1247593,47.8592586,0 1.1251101,47.8595507,0 1.1255674,47.8599315,0 1.1260855,47.8603334,0 1.1264040,47.8605582,0 1.1267392,47.8607783,0 1.1271789,47.8610446,0 1.1276400,47.8613109,0 1.1282270,47.8616107,0 1.1303448,47.8625803,0 1.1322843,47.8634588,0 1.1338078,47.8641461,0 1.1342743,47.8643554,0 1.1355356,47.8649210,0 1.1369478,47.8655630,0 1.1371353,47.8656482,0 1.1386065,47.8663099,0 1.1389310,47.8664576,0 1.1397735,47.8668409,0 1.1399403,47.8669175,0 1.1409791,47.8673938,0 1.1416963,47.8677226,0 1.1428801,47.8682556,0 1.1428802,47.8682556,0 1.1438498,47.8686921,0 1.1448639,47.8691551,0 1.1458057,47.8695846,0 1.1464357,47.8698719,0 1.1475907,47.8703901,0 1.1487554,47.8709114,0 1.1499652,47.8714504,0 1.1508827,47.8718904,0 1.1516242,47.8722571,0 1.1524560,47.8726716,0 1.1532666,47.8730941,0 1.1544026,47.8737238,0 1.1551727,47.8741702,0 1.1558977,47.8746087,0 1.1564443,47.8749482,0 1.1572881,47.8754935,0 1.1579513,47.8759254,0 1.1593535,47.8768517,0 1.1606845,47.8777333,0 1.1621486,47.8786977,0 1.1634701,47.8795745,0 1.1642640,47.8800973,0 1.1652836,47.8807652,0 1.1663507,47.8814778,0 1.1669878,47.8818906,0 1.1681619,47.8826653,0 1.1688298,47.8831069,0 1.1696070,47.8836217,0 1.1704888,47.8841972,0 1.1708226,47.8844141,0 1.1711781,47.8846451,0 1.1717247,47.8850132,0 1.1722880,47.8853783,0 1.1729441,47.8858086,0 1.1737925,47.8863553,0 1.1744057,47.8867299,0 1.1750333,47.8870566,0 1.1756749,47.8873403,0 1.1763428,47.8876145,0 1.1765805,47.8876941,0 1.1773363,47.8879317,0 1.1779187,47.8880894,0 1.1783108,47.8881915,0 1.1790048,47.8883348,0 1.1795729,47.8884401,0 1.1801838,47.8885261,0 1.1812390,47.8886313,0 1.1819545,47.8886744,0 1.1824749,47.8886871,0 1.1828010,47.8886871,0 1.1831072,47.8886871,0 1.1838986,47.8886664,0 1.1867816,47.8885452,0 1.1894176,47.8884512,0 1.1908959,47.8883858,0 1.1930683,47.8883058,0 1.1956376,47.8882102,0 1.1982260,47.8881049,0 1.1991909,47.8880636,0 1.1996449,47.8880523,0 1.1999492,47.8880523,0 1.2005647,47.8880715,0 1.2011828,47.8881081,0 1.2017032,47.8881639,0 1.2022475,47.8882340,0 1.2027348,47.8883202,0 1.2031483,47.8884046,0 1.2037140,47.8885369,0 1.2042511,47.8886867,0 1.2046956,47.8888285,0 1.2053635,47.8890804,0 1.2057818,47.8892605,0 1.2059082,47.8893181,0 1.2077593,47.8901609,0 1.2091663,47.8908017,0 1.2099341,47.8911571,0 1.2111510,47.8917212,0 1.2116015,47.8919253,0 1.2119567,47.8920862,0 1.2125461,47.8923571,0 1.2127383,47.8924485,0 1.2133139,47.8927221,0 1.2136751,47.8929070,0 1.2140554,47.8931269,0 1.2144049,47.8933516,0 1.2147660,47.8935970,0 1.2149966,47.8937787,0 1.2153269,47.8940448,0 1.2156693,47.8943413,0 1.2159997,47.8946345,0 1.2164537,47.8950185,0 1.2170953,47.8955815,0 1.2176229,47.8960340,0 1.2176778,47.8960822,0 1.2189517,47.8972005,0 1.2198096,47.8979431,0 1.2201377,47.8982300,0 1.2206154,47.8986475,0 1.2209885,47.8989805,0 1.2211834,47.8991685,0 1.2213902,47.8993853,0 1.2215970,47.8996418,0 1.2217823,47.8999000,0 1.2219725,47.9001980,0 1.2220485,47.9003541,0 1.2221484,47.9005692,0 1.2222458,47.9007859,0 1.2223362,47.9010616,0 1.2224003,47.9012942,0 1.2224165,47.9013816,0 1.2224597,47.9016145,0 1.2224954,47.9019316,0 1.2225026,47.9021132,0 1.2224954,47.9023586,0 1.2224716,47.9025626,0 1.2224336,47.9028175,0 1.2223385,47.9032207,0 1.2221436,47.9037273,0 1.2220557,47.9038962,0 1.2218585,47.9042372,0 1.2215803,47.9046371,0 1.2213166,47.9049877,0 1.2208317,47.9055867,0 1.2204799,47.9060425,0 1.2200164,47.9066478,0 1.2197265,47.9070000,0 1.2190894,47.9077918,0 1.2186854,47.9082284,0 1.2182504,47.9086346,0 1.2178963,47.9089405,0 1.2174946,47.9092623,0 1.2171357,47.9095172,0 1.2167482,47.9097769,0 1.2160757,47.9101625,0 1.2154577,47.9105257,0 1.2145236,47.9110721,0 1.2140388,47.9113669,0 1.2135586,47.9116855,0 1.2132092,47.9119531,0 1.2127910,47.9123084,0 1.2125177,47.9125728,0 1.2120732,47.9130507,0 1.2112984,47.9138999,0 1.2109822,47.9142376,0 1.2106376,47.9146407,0 1.2101789,47.9151520,0 1.2097367,47.9156219,0 1.2093470,47.9160632,0 1.2091212,47.9163451,0 1.2088788,47.9166701,0 1.2086506,47.9170158,0 1.2084367,47.9173757,0 1.2082560,47.9177358,0 1.2080897,47.9181324,0 1.2078947,47.9186469,0 1.2076618,47.9192904,0 1.2074670,47.9198176,0 1.2072731,47.9203585,0 1.2071152,47.9207989,0 1.2068657,47.9214869,0 1.2065542,47.9223614,0 1.2063118,47.9230160,0 1.2061121,47.9235687,0 1.2058365,47.9243380,0 1.2056202,47.9249353,0 1.2053848,47.9255755,0 1.2052964,47.9258338,0 1.2052185,47.9260613,0 1.2051234,47.9263671,0 1.2050046,47.9267668,0 1.2048834,47.9274214,0 1.2048334,47.9277208,0 1.2047836,47.9281891,0 1.2047645,47.9284948,0 1.2047526,47.9289137,0 1.2047645,47.9293835,0 1.2047906,47.9297816,0 1.2048263,47.9301065,0 1.2048882,47.9304824,0 1.2049975,47.9310318,0 1.2050664,47.9313295,0 1.2051734,47.9316878,0 1.2053279,47.9321496,0 1.2054823,47.9325494,0 1.2057082,47.9330606,0 1.2058745,47.9333934,0 1.2060884,47.9337755,0 1.2063807,47.9342549,0 1.2069464,47.9350591,0 1.2076261,47.9359730,0 1.2077683,47.9361657,0 1.2084343,47.9370686,0 1.2088859,47.9376594,0 1.2091520,47.9380128,0 1.2094729,47.9384555,0 1.2098223,47.9389236,0 1.2101409,47.9393536,0 1.2104641,47.9397834,0 1.2108183,47.9402532,0 1.2110060,47.9405095,0 1.2112247,47.9408311,0 1.2113720,47.9410731,0 1.2114956,47.9412977,0 1.2116359,47.9415524,0 1.2117190,47.9417068,0 1.2117981,47.9418955,0 1.2118545,47.9420300,0 1.2119210,47.9421988,0 1.2120067,47.9424361,0 1.2120755,47.9426430,0 1.2121634,47.9429726,0 1.2122442,47.9433579,0 1.2123370,47.9438196,0 1.2124511,47.9444517,0 1.2125129,47.9447956,0 1.2125913,47.9451061,0 1.2126983,47.9454722,0 1.2129265,47.9461042,0 1.2130286,47.9463271,0 1.2132259,47.9467044,0 1.2134921,47.9471009,0 1.2137322,47.9474113,0 1.2140648,47.9478380,0 1.2142907,47.9480943,0 1.2147114,47.9484715,0 1.2156098,47.9492055,0 1.2158903,47.9494426,0 1.2163467,47.9498215,0 1.2167197,47.9501033,0 1.2170573,47.9503484,0 1.2178154,47.9508642,0 1.2187448,47.9514421,0 1.2192653,47.9517254,0 1.2198810,47.9520454,0 1.2215923,47.9529368,0 1.2232037,47.9537567,0 1.2242709,47.9543026,0 1.2263553,47.9553723,0 1.2279644,47.9561969,0 1.2282742,47.9563564,0 1.2299063,47.9571964,0 1.2319765,47.9582581,0 1.2333431,47.9589616,0 1.2336881,47.9591391,0 1.2343913,47.9595011,0 1.2352302,47.9599484,0 1.2358079,47.9602524,0 1.2364591,47.9605978,0 1.2373455,47.9610768,0 1.2377786,47.9613223,0 1.2380277,47.9614636,0 1.2383462,47.9616562,0 1.2389047,47.9620127,0 1.2396060,47.9624838,0 1.2400599,47.9628164,0 1.2406113,47.9632271,0 1.2411295,47.9636504,0 1.2415644,47.9640212,0 1.2422988,47.9646991,0 1.2429335,47.9652960,0 1.2435633,47.9658927,0 1.2445092,47.9667951,0 1.2454338,47.9676497,0 1.2456954,47.9678968,0 1.2465105,47.9686665,0 1.2475563,47.9696516,0 1.2485398,47.9705784,0 1.2485950,47.9706302,0 1.2499545,47.9719081,0 1.2511168,47.9730060,0 1.2521649,47.9740021,0 1.2522589,47.9740981,0 1.2525547,47.9743999,0 1.2528993,47.9747865,0 1.2532226,47.9752098,0 1.2534246,47.9755042,0 1.2536075,47.9758096,0 1.2537787,47.9761040,0 1.2539751,47.9764938,0 1.2539760,47.9764954,0 1.2540544,47.9766991,0 1.2541661,47.9769664,0 1.2542137,47.9770984,0 1.2543017,47.9773896,0 1.2543516,47.9775917,0 1.2544276,47.9779369,0 1.2544751,47.9782344,0 1.2545037,47.9784731,0 1.2545203,47.9787340,0 1.2544894,47.9793370,0 1.2544823,47.9795582,0 1.2544371,47.9799607,0 1.2543943,47.9802598,0 1.2543135,47.9806480,0 1.2542351,47.9809423,0 1.2540595,47.9814257,0 1.2539431,47.9816978,0 1.2538362,47.9819079,0 1.2537149,47.9821496,0 1.2535509,47.9824407,0 1.2533584,47.9827478,0 1.2531159,47.9830883,0 1.2529163,47.9833476,0 1.2526787,47.9836340,0 1.2524672,47.9838567,0 1.2521961,47.9841303,0 1.2520115,47.9843051,0 1.2517778,47.9845265,0 1.2508390,47.9853823,0 1.2498241,47.9863098,0 1.2489138,47.9871450,0 1.2481389,47.9878592,0 1.2470503,47.9888582,0 1.2458382,47.9899749,0 1.2443503,47.9913348,0 1.2442804,47.9913987,0 1.2434044,47.9922018,0 1.2433467,47.9922546,0 1.2422825,47.9932277,0 1.2421166,47.9933927,0 1.2419593,47.9935490,0 1.2417121,47.9938306,0 1.2414958,47.9941041,0 1.2412629,47.9944557,0 1.2410775,47.9947801,0 1.2408992,47.9951698,0 1.2407661,47.9955515,0 1.2406735,47.9959778,0 1.2406378,47.9962402,0 1.2406259,47.9965361,0 1.2406298,47.9967757,0 1.2406306,47.9968239,0 1.2406474,47.9969910,0 1.2406877,47.9972343,0 1.2407400,47.9974712,0 1.2407852,47.9976430,0 1.2408826,47.9979150,0 1.2410228,47.9982251,0 1.2411678,47.9985003,0 1.2414174,47.9988963,0 1.2416908,47.9992414,0 1.2419830,47.9995722,0 1.2428720,48.0005900,0 1.2433711,48.0011514,0 1.2439510,48.0018146,0 1.2444288,48.0023538,0 1.2449541,48.0028865,0 1.2451157,48.0030328,0 1.2454366,48.0032809,0 1.2456409,48.0034447,0 1.2458881,48.0036196,0 1.2462090,48.0038295,0 1.2463103,48.0039003,0 1.2465773,48.0040871,0 1.2471478,48.0044227,0 1.2477943,48.0047852,0 1.2483837,48.0050715,0 1.2498871,48.0057919,0 1.2500362,48.0058637,0 1.2506979,48.0061828,0 1.2511626,48.0064022,0 1.2518329,48.0067059,0 1.2524151,48.0069620,0 1.2562080,48.0085062,0 1.2568425,48.0087479,0 1.2573321,48.0090007,0 1.2577278,48.0091891,0 1.2579668,48.0093259,0 1.2583423,48.0095564,0 1.2586418,48.0097266,0 1.2590363,48.0100152,0 1.2594082,48.0102664,0 1.2597398,48.0105088,0 1.2600976,48.0107482,0 1.2606276,48.0111457,0 1.2616183,48.0118753,0 1.2632012,48.0129760,0 1.2645322,48.0139157,0 1.2648004,48.0141065,0 1.2656993,48.0147456,0 1.2659631,48.0149364,0 1.2674747,48.0160080,0 1.2682756,48.0165740,0 1.2685918,48.0167854,0 1.2688651,48.0169492,0 1.2691455,48.0171113,0 1.2693999,48.0172545,0 1.2695900,48.0173531,0 1.2698182,48.0174739,0 1.2701486,48.0176312,0 1.2703697,48.0177346,0 1.2706002,48.0178332,0 1.2708403,48.0179285,0 1.2711159,48.0180383,0 1.2713750,48.0181368,0 1.2718884,48.0183165,0 1.2721950,48.0184103,0 1.2726180,48.0185343,0 1.2729509,48.0186249,0 1.2732479,48.0186996,0 1.2735901,48.0187791,0 1.2740086,48.0188618,0 1.2743793,48.0189365,0 1.2747595,48.0190097,0 1.2752919,48.0191066,0 1.2759243,48.0192258,0 1.2766563,48.0193626,0 1.2774430,48.0195120,0 1.2781822,48.0196455,0 1.2788167,48.0197679,0 1.2796106,48.0199158,0 1.2805733,48.0200970,0 1.2810747,48.0201909,0 1.2823093,48.0204227,0 1.2835132,48.0206487,0 1.2842287,48.0207806,0 1.2850914,48.0209396,0 1.2860065,48.0211129,0 1.2873019,48.0213513,0 1.2877630,48.0214388,0 1.2898664,48.0218362,0 1.2904036,48.0219380,0 1.2907531,48.0220063,0 1.2910191,48.0220635,0 1.2913781,48.0221414,0 1.2916824,48.0222130,0 1.2921339,48.0223291,0 1.2923788,48.0223990,0 1.2927828,48.0225230,0 1.2931036,48.0226311,0 1.2934815,48.0227662,0 1.2937668,48.0228743,0 1.2940662,48.0229951,0 1.2943443,48.0231096,0 1.2944674,48.0231669,0 1.2946818,48.0232669,0 1.2950075,48.0234148,0 1.2952190,48.0235260,0 1.2954900,48.0236786,0 1.2957751,48.0238361,0 1.2960200,48.0239870,0 1.2964026,48.0242271,0 1.2966404,48.0243892,0 1.2972915,48.0248439,0 1.2977408,48.0251554,0 1.2985369,48.0257182,0 1.2986345,48.0257849,0 1.3027492,48.0286715,0 1.3030778,48.0288996,0 1.3038265,48.0294257,0 1.3044541,48.0298676,0 1.3054286,48.0305511,0 1.3057731,48.0307910,0 1.3062129,48.0310978,0 1.3064576,48.0312711,0 1.3066407,48.0314030,0 1.3068522,48.0315540,0 1.3070732,48.0317050,0 1.3074673,48.0319857,0 1.3076175,48.0320928,0 1.3079883,48.0323439,0 1.3089033,48.0329892,0 1.3094595,48.0333818,0 1.3103509,48.0340032,0 1.3108381,48.0343417,0 1.3115179,48.0348202,0 1.3121216,48.0352445,0 1.3128132,48.0357277,0 1.3132030,48.0360042,0 1.3135595,48.0362537,0 1.3141038,48.0366367,0 1.3146029,48.0369911,0 1.3150831,48.0373248,0 1.3155774,48.0376681,0 1.3159364,48.0379240,0 1.3163189,48.0381925,0 1.3167207,48.0384723,0 1.3171247,48.0387567,0 1.3174550,48.0389903,0 1.3177212,48.0391747,0 1.3180993,48.0394384,0 1.3181884,48.0395006,0 1.3185840,48.0397769,0 1.3190880,48.0401329,0 1.3194706,48.0403999,0 1.3200173,48.0407813,0 1.3205046,48.0411261,0 1.3218379,48.0420573,0 1.3226555,48.0426278,0 1.3230952,48.0429329,0 1.3234707,48.0431983,0 1.3241410,48.0436735,0 1.3248184,48.0441502,0 1.3252890,48.0444727,0 1.3255884,48.0446809,0 1.3261780,48.0450924,0 1.3265582,48.0453609,0 1.3269280,48.0456211,0 1.3278725,48.0462857,0 1.3286592,48.0468307,0 1.3293081,48.0472852,0 1.3304775,48.0481146,0 1.3309530,48.0484673,0 1.3312357,48.0486834,0 1.3315708,48.0489583,0 1.3318324,48.0491823,0 1.3321675,48.0494747,0 1.3324598,48.0497464,0 1.3331871,48.0504613,0 1.3334533,48.0507347,0 1.3337693,48.0510794,0 1.3340047,48.0513511,0 1.3342994,48.0517038,0 1.3347296,48.0522551,0 1.3349959,48.0526221,0 1.3352810,48.0530415,0 1.3355116,48.0534133,0 1.3357445,48.0538010,0 1.3359513,48.0541838,0 1.3360844,48.0544253,0 1.3363483,48.0549719,0 1.3365074,48.0553293,0 1.3366285,48.0556190,0 1.3366881,48.0557614,0 1.3368164,48.0561093,0 1.3369448,48.0564747,0 1.3370351,48.0567623,0 1.3371111,48.0570308,0 1.3371873,48.0573167,0 1.3372515,48.0575851,0 1.3373131,48.0578616,0 1.3373679,48.0581475,0 1.3374130,48.0584001,0 1.3374558,48.0587036,0 1.3374985,48.0590720,0 1.3375247,48.0594089,0 1.3375865,48.0603604,0 1.3376460,48.0613580,0 1.3377030,48.0622491,0 1.3377600,48.0632292,0 1.3378266,48.0642585,0 1.3378788,48.0651369,0 1.3379288,48.0660963,0 1.3379437,48.0663271,0 1.3380120,48.0673812,0 1.3380714,48.0682706,0 1.3381332,48.0692776,0 1.3381498,48.0695822,0 1.3381784,48.0701019,0 1.3381831,48.0702496,0 1.3381807,48.0703941,0 1.3381874,48.0705107,0 1.3382533,48.0710130,0 1.3382889,48.0715006,0 1.3382891,48.0715038,0 1.3383246,48.0720961,0 1.3383983,48.0731618,0 1.3383996,48.0731832,0 1.3384458,48.0739368,0 1.3384744,48.0744386,0 1.3385004,48.0748610,0 1.3385089,48.0752732,0 1.3384706,48.0755021,0 1.3384829,48.0757261,0 1.3385614,48.0768805,0 1.3386279,48.0778858,0 1.3386778,48.0787369,0 1.3386847,48.0792453,0 1.3386873,48.0794356,0 1.3387206,48.0802724,0 1.3387539,48.0808536,0 1.3387551,48.0808699,0 1.3387871,48.0813014,0 1.3388608,48.0820811,0 1.3389392,48.0829337,0 1.3389701,48.0833704,0 1.3389797,48.0837149,0 1.3389780,48.0838187,0 1.3389749,48.0840309,0 1.3389678,48.0844818,0 1.3389393,48.0848613,0 1.3389059,48.0851185,0 1.3388728,48.0853155,0 1.3388109,48.0855710,0 1.3386588,48.0860585,0 1.3383664,48.0868857,0 1.3382143,48.0873080,0 1.3380504,48.0877779,0 1.3377936,48.0885368,0 1.3375060,48.0893307,0 1.3373444,48.0898086,0 1.3372232,48.0902404,0 1.3371519,48.0905626,0 1.3370877,48.0909706,0 1.3370354,48.0914168,0 1.3369522,48.0921392,0 1.3368596,48.0929742,0 1.3367716,48.0937060,0 1.3366884,48.0944076,0 1.3366053,48.0951188,0 1.3365818,48.0953663,0 1.3365173,48.0960443,0 1.3364341,48.0967460,0 1.3363580,48.0974571,0 1.3363382,48.0976255,0 1.3362249,48.0985857,0 1.3361418,48.0993889,0 1.3360585,48.1001206,0 1.3359587,48.1009953,0 1.3358613,48.1018334,0 1.3357757,48.1025809,0 1.3356902,48.1033332,0 1.3355999,48.1041189,0 1.3355737,48.1047061,0 1.3355880,48.1051617,0 1.3356474,48.1056997,0 1.3357663,48.1063123,0 1.3358375,48.1065568,0 1.3359920,48.1069980,0 1.3360540,48.1071489,0 1.3361061,48.1072757,0 1.3362654,48.1076201,0 1.3364365,48.1079517,0 1.3365648,48.1081787,0 1.3367621,48.1084596,0 1.3370093,48.1088310,0 1.3372708,48.1091786,0 1.3374443,48.1093737,0 1.3378364,48.1097896,0 1.3380052,48.1099610,0 1.3383236,48.1102498,0 1.3385923,48.1104767,0 1.3388964,48.1107116,0 1.3392554,48.1109734,0 1.3395690,48.1111797,0 1.3399446,48.1114098,0 1.3409144,48.1119542,0 1.3416045,48.1123030,0 1.3421075,48.1125572,0 1.3436643,48.1133411,0 1.3454065,48.1142250,0 1.3466235,48.1148296,0 1.3467551,48.1148962,0 1.3480043,48.1155278,0 1.3489741,48.1160007,0 1.3495350,48.1162577,0 1.3498891,48.1164545,0 1.3503573,48.1167021,0 1.3507329,48.1169210,0 1.3509135,48.1170321,0 1.3512036,48.1172273,0 1.3514222,48.1173875,0 1.3517407,48.1176398,0 1.3522160,48.1180318,0 1.3525963,48.1183713,0 1.3528577,48.1186347,0 1.3530313,48.1188330,0 1.3532309,48.1191250,0 1.3534234,48.1194630,0 1.3536706,48.1198787,0 1.3538655,48.1202675,0 1.3539605,48.1205197,0 1.3540533,48.1208006,0 1.3541459,48.1211449,0 1.3542339,48.1215669,0 1.3542506,48.1218287,0 1.3542862,48.1221270,0 1.3542838,48.1224364,0 1.3542386,48.1229203,0 1.3541769,48.1234820,0 1.3541079,48.1240848,0 1.3540953,48.1242132,0 1.3540795,48.1243752,0 1.3540058,48.1249114,0 1.3539606,48.1253081,0 1.3538964,48.1257443,0 1.3538465,48.1261362,0 1.3537990,48.1265185,0 1.3537562,48.1269167,0 1.3537039,48.1273134,0 1.3536706,48.1276957,0 1.3536183,48.1281922,0 1.3535874,48.1285904,0 1.3535446,48.1289696,0 1.3535066,48.1292615,0 1.3534377,48.1297311,0 1.3533759,48.1300610,0 1.3533070,48.1307432,0 1.3532333,48.1313650,0 1.3531453,48.1322406,0 1.3531048,48.1326219,0 1.3530978,48.1326880,0 1.3530407,48.1332464,0 1.3529647,48.1338381,0 1.3529148,48.1343742,0 1.3528982,48.1348136,0 1.3529196,48.1351276,0 1.3529481,48.1354163,0 1.3529861,48.1357161,0 1.3530265,48.1360318,0 1.3531121,48.1364045,0 1.3531858,48.1366679,0 1.3532879,48.1369946,0 1.3534234,48.1373277,0 1.3536564,48.1378289,0 1.3539011,48.1382476,0 1.3543290,48.1389788,0 1.3546023,48.1394102,0 1.3547506,48.1396419,0 1.3548591,48.1398115,0 1.3551038,48.1402002,0 1.3555032,48.1408742,0 1.3560070,48.1416576,0 1.3563967,48.1422746,0 1.3569054,48.1430851,0 1.3572097,48.1435672,0 1.3573927,48.1438352,0 1.3574822,48.1439657,0 1.3579773,48.1446868,0 1.3585430,48.1456289,0 1.3589447,48.1462664,0 1.3593107,48.1468896,0 1.3599025,48.1478586,0 1.3604397,48.1487038,0 1.3609792,48.1495427,0 1.3615069,48.1503816,0 1.3616325,48.1505820,0 1.3618587,48.1509429,0 1.3622889,48.1516423,0 1.3628665,48.1525699,0 1.3633204,48.1532945,0 1.3637648,48.1539890,0 1.3642378,48.1547438,0 1.3646776,48.1554319,0 1.3650650,48.1560535,0 1.3654167,48.1566005,0 1.3658326,48.1572791,0 1.3662818,48.1579942,0 1.3666954,48.1586538,0 1.3670662,48.1592340,0 1.3674252,48.1597937,0 1.3678030,48.1603994,0 1.3682570,48.1611144,0 1.3686848,48.1617929,0 1.3691269,48.1624794,0 1.3694549,48.1630580,0 1.3698091,48.1637477,0 1.3701371,48.1644801,0 1.3705245,48.1654011,0 1.3707360,48.1659290,0 1.3708202,48.1661377,0 1.3710212,48.1666360,0 1.3711971,48.1670086,0 1.3713730,48.1674224,0 1.3715559,48.1678630,0 1.3718388,48.1685193,0 1.3721241,48.1692168,0 1.3723855,48.1698715,0 1.3726089,48.1704357,0 1.3728299,48.1709287,0 1.3729061,48.1711054,0 1.3729939,48.1713092,0 1.3731651,48.1716309,0 1.3733362,48.1719067,0 1.3735192,48.1721826,0 1.3736618,48.1723600,0 1.3738709,48.1726438,0 1.3740778,48.1728530,0 1.3742608,48.1730321,0 1.3745365,48.1732873,0 1.3748311,48.1735472,0 1.3753256,48.1739419,0 1.3762763,48.1746488,0 1.3771058,48.1752844,0 1.3777475,48.1757837,0 1.3783608,48.1763384,0 1.3788266,48.1768155,0 1.3792378,48.1773052,0 1.3793812,48.1774935,0 1.3797108,48.1779265,0 1.3803858,48.1788029,0 1.3808611,48.1794162,0 1.3813650,48.1800724,0 1.3816383,48.1804258,0 1.3822302,48.1811833,0 1.3827055,48.1817887,0 1.3832284,48.1824781,0 1.3838558,48.1833069,0 1.3844809,48.1841040,0 1.3849082,48.1846626,0 1.3857233,48.1857127,0 1.3861358,48.1862475,0 1.3866621,48.1869298,0 1.3868969,48.1872304,0 1.3875124,48.1880370,0 1.3883277,48.1890923,0 1.3888815,48.1898228,0 1.3890753,48.1900736,0 1.3893200,48.1903993,0 1.3915248,48.1932536,0 1.3917891,48.1935974,0 1.3918229,48.1936414,0 1.3923339,48.1943037,0 1.3926167,48.1946697,0 1.3929566,48.1951292,0 1.3934083,48.1957106,0 1.3938716,48.1963332,0 1.3942091,48.1967658,0 1.3945585,48.1972189,0 1.3949032,48.1976514,0 1.3952004,48.1979984,0 1.3954903,48.1983279,0 1.3958563,48.1987176,0 1.3961272,48.1989854,0 1.3964932,48.1993450,0 1.3969996,48.1998044,0 1.3976770,48.2003906,0 1.3980429,48.2006631,0 1.3982146,48.2007971,0 1.3987227,48.2011937,0 1.3998018,48.2019146,0 1.4004316,48.2022963,0 1.4010235,48.2026448,0 1.4014085,48.2028603,0 1.4016984,48.2030202,0 1.4022024,48.2032817,0 1.4026183,48.2034923,0 1.4035049,48.2039105,0 1.4050498,48.2045965,0 1.4063570,48.2051683,0 1.4080112,48.2059032,0 1.4092305,48.2064324,0 1.4108135,48.2071372,0 1.4119757,48.2076536,0 1.4127066,48.2079764,0 1.4128219,48.2080274,0 1.4139508,48.2085232,0 1.4147399,48.2088780,0 1.4155195,48.2092185,0 1.4167032,48.2097413,0 1.4182171,48.2104160,0 1.4199214,48.2111556,0 1.4214116,48.2118193,0 1.4228875,48.2124718,0 1.4242614,48.2130753,0 1.4258515,48.2137768,0 1.4272324,48.2143945,0 1.4287559,48.2150582,0 1.4303650,48.2157724,0 1.4315367,48.2162792,0 1.4325160,48.2167163,0 1.4330104,48.2169332,0 1.4335047,48.2171550,0 1.4341536,48.2174384,0 1.4347787,48.2177077,0 1.4356177,48.2180561,0 1.4365565,48.2184140,0 1.4370961,48.2186135,0 1.4376878,48.2188178,0 1.4377546,48.2188413,0 1.4383034,48.2190348,0 1.4390711,48.2192913,0 1.4398578,48.2195289,0 1.4411604,48.2199058,0 1.4426814,48.2203096,0 1.4444403,48.2207831,0 1.4458200,48.2211454,0 1.4460684,48.2212106,0 1.4480079,48.2217380,0 1.4497833,48.2222146,0 1.4515255,48.2226770,0 1.4533628,48.2231741,0 1.4551882,48.2236619,0 1.4571205,48.2241892,0 1.4595805,48.2248448,0 1.4614819,48.2253609,0 1.4629698,48.2257568,0 1.4647904,48.2262445,0 1.4661713,48.2266119,0 1.4682154,48.2271629,0 1.4698221,48.2275967,0 1.4717259,48.2281018,0 1.4734110,48.2285578,0 1.4747872,48.2289267,0 1.4764058,48.2293637,0 1.4777938,48.2297326,0 1.4795883,48.2302107,0 1.4811380,48.2306287,0 1.4826021,48.2310213,0 1.4850455,48.2316768,0 1.4867068,48.2321170,0 1.4883944,48.2325698,0 1.4897372,48.2329260,0 1.4908828,48.2332394,0 1.4927511,48.2337413,0 1.4946881,48.2342542,0 1.4955580,48.2344823,0 1.4969318,48.2348575,0 1.4980251,48.2351471,0 1.4997340,48.2356063,0 1.5015332,48.2360875,0 1.5035630,48.2365846,0 1.5049131,48.2369091,0 1.5064746,48.2372875,0 1.5084854,48.2377608,0 1.5098544,48.2380965,0 1.5109786,48.2383782,0 1.5117915,48.2385904,0 1.5123167,48.2387312,0 1.5139757,48.2391824,0 1.5158368,48.2397111,0 1.5172628,48.2401337,0 1.5186866,48.2405437,0 1.5198345,48.2408856,0 1.5220355,48.2415394,0 1.5235353,48.2419700,0 1.5248828,48.2423404,0 1.5261520,48.2426886,0 1.5281272,48.2432141,0 1.5299454,48.2436953,0 1.5322104,48.2443062,0 1.5337055,48.2447099,0 1.5355166,48.2451926,0 1.5367478,48.2455172,0 1.5385779,48.2460109,0 1.5405721,48.2465475,0 1.5426613,48.2471031,0 1.5443131,48.2475399,0 1.5453517,48.2478201,0 1.5474244,48.2483740,0 1.5492640,48.2488662,0 1.5516122,48.2494914,0 1.5535779,48.2500200,0 1.5551204,48.2504331,0 1.5564918,48.2508003,0 1.5579560,48.2511975,0 1.5595651,48.2516232,0 1.5609032,48.2519714,0 1.5622770,48.2523243,0 1.5643590,48.2528260,0 1.5662319,48.2532659,0 1.5676152,48.2535856,0 1.5693051,48.2540018,0 1.5705479,48.2543226,0 1.5706480,48.2543484,0 1.5726588,48.2549039,0 1.5741918,48.2553470,0 1.5758508,48.2558470,0 1.5773126,48.2562869,0 1.5782989,48.2565813,0 1.5793660,48.2568868,0 1.5810583,48.2573551,0 1.5827269,48.2578061,0 1.5839414,48.2581384,0 1.5856313,48.2585863,0 1.5868387,48.2589106,0 1.5885262,48.2593584,0 1.5899071,48.2597177,0 1.5912904,48.2600942,0 1.5922816,48.2603917,0 1.5931872,48.2606828,0 1.5939381,48.2609598,0 1.5945443,48.2611924,0 1.5952288,48.2614725,0 1.5959394,48.2617826,0 1.5968616,48.2622146,0 1.5986894,48.2631386,0 1.6003698,48.2639978,0 1.6022665,48.2649645,0 1.6046243,48.2661653,0 1.6058910,48.2668093,0 1.6061718,48.2669526,0 1.6067990,48.2672728,0 1.6087551,48.2682648,0 1.6169581,48.2724395,0 1.6169906,48.2724576,0 1.6172639,48.2725945,0 1.6175377,48.2727317,0 1.6177862,48.2728567,0 1.6177939,48.2728605,0 1.6177942,48.2728607,0 1.6181227,48.2730301,0 1.6181973,48.2730686,0 1.6183876,48.2731604,0 1.6192550,48.2736017,0 1.6199847,48.2739798,0 1.6203223,48.2741476,0 1.6207667,48.2743832,0 1.6217459,48.2748768,0 1.6221792,48.2750967,0 1.6223041,48.2753237,0 1.6225276,48.2754170,0 1.6227462,48.2755024,0 1.6229816,48.2755989,0 1.6232311,48.2757144,0 1.6240321,48.2761209,0 1.6246359,48.2764216,0 1.6247395,48.2764717,0 1.6251184,48.2766714,0 1.6256079,48.2769261,0 1.6265087,48.2773816,0 1.6273930,48.2778373,0 1.6276591,48.2779860,0 1.6279015,48.2781568,0 1.6281606,48.2783545,0 1.6281664,48.2783602,0 1.6282782,48.2784725,0 1.6284220,48.2786171,0 1.6286478,48.2788828,0 1.6287596,48.2790331,0 1.6288878,48.2792340,0 1.6289925,48.2794444,0 1.6290922,48.2796896,0 1.6291731,48.2799648,0 1.6292016,48.2801435,0 1.6292253,48.2804140,0 1.6292088,48.2807651,0 1.6291778,48.2810071,0 1.6291422,48.2811226,0 1.6290946,48.2812760,0 1.6290447,48.2814168,0 1.6289782,48.2815749,0 1.6289093,48.2817157,0 1.6288332,48.2818470,0 1.6286216,48.2821997,0 1.6280036,48.2832388,0 1.6273001,48.2844140,0 1.6272028,48.2845819,0 1.6271846,48.2846106,0 1.6266560,48.2854957,0 1.6259953,48.2865982,0 1.6253631,48.2876482,0 1.6250636,48.2881480,0 1.6246738,48.2888043,0 1.6240202,48.2898939,0 1.6234094,48.2909156,0 1.6227462,48.2920209,0 1.6220546,48.2931737,0 1.6213154,48.2944151,0 1.6206309,48.2955520,0 1.6200106,48.2965955,0 1.6198180,48.2969157,0 1.6192809,48.2978083,0 1.6186463,48.2988645,0 1.6180734,48.2998212,0 1.6172820,48.3011366,0 1.6165618,48.3023335,0 1.6160105,48.3032552,0 1.6152879,48.3044473,0 1.6146081,48.3055651,0 1.6140163,48.3065452,0 1.6134529,48.3074827,0 1.6126354,48.3088390,0 1.6119698,48.3099488,0 1.6112972,48.3110601,0 1.6106008,48.3122188,0 1.6103584,48.3126187,0 1.6099092,48.3133632,0 1.6092033,48.3145298,0 1.6085402,48.3156299,0 1.6079412,48.3166304,0 1.6072781,48.3177163,0 1.6065721,48.3188875,0 1.6062441,48.3194296,0 1.6059066,48.3199938,0 1.6053766,48.3208774,0 1.6050653,48.3213925,0 1.6046470,48.3220817,0 1.6040551,48.3230568,0 1.6033778,48.3241741,0 1.6030449,48.3247225,0 1.6025981,48.3254573,0 1.6019540,48.3265272,0 1.6013004,48.3276065,0 1.6006254,48.3287253,0 1.5998743,48.3299626,0 1.5993895,48.3307638,0 1.5988523,48.3316534,0 1.5982368,48.3326694,0 1.5977163,48.3335271,0 1.5974976,48.3338876,0 1.5971600,48.3344502,0 1.5967869,48.3350664,0 1.5961547,48.3361123,0 1.5959588,48.3364385,0 1.5958053,48.3366938,0 1.5951041,48.3378424,0 1.5945004,48.3388520,0 1.5939680,48.3397304,0 1.5934713,48.3405488,0 1.5931765,48.3410290,0 1.5927131,48.3418016,0 1.5920690,48.3428632,0 1.5914700,48.3438553,0 1.5908473,48.3448837,0 1.5901675,48.3460069,0 1.5895282,48.3470700,0 1.5888199,48.3482405,0 1.5880806,48.3494632,0 1.5873035,48.3507536,0 1.5870222,48.3512117,0 1.5867117,48.3517171,0 1.5859939,48.3529081,0 1.5852499,48.3541385,0 1.5845060,48.3553736,0 1.5840069,48.3561949,0 1.5834008,48.3571899,0 1.5830776,48.3577237,0 1.5826189,48.3584833,0 1.5820128,48.3594846,0 1.5817371,48.3599394,0 1.5813686,48.3605506,0 1.5810193,48.3611317,0 1.5807174,48.3616165,0 1.5804227,48.3621140,0 1.5800733,48.3626936,0 1.5796716,48.3633616,0 1.5793080,48.3639569,0 1.5789348,48.3645696,0 1.5785617,48.3651791,0 1.5780436,48.3660429,0 1.5774683,48.3669966,0 1.5771997,48.3674356,0 1.5769170,48.3679046,0 1.5765818,48.3684588,0 1.5762800,48.3689514,0 1.5760518,48.3693336,0 1.5756121,48.3700567,0 1.5753458,48.3704846,0 1.5748229,48.3712457,0 1.5743096,48.3719625,0 1.5739768,48.3724204,0 1.5734776,48.3731040,0 1.5731045,48.3736265,0 1.5725935,48.3743292,0 1.5719328,48.3752338,0 1.5716285,48.3756616,0 1.5711942,48.3762586,0 1.5711104,48.3763737,0 1.5708371,48.3767494,0 1.5704188,48.3773146,0 1.5696915,48.3783408,0 1.5688881,48.3794537,0 1.5680657,48.3805920,0 1.5673717,48.3815439,0 1.5667252,48.3824325,0 1.5664644,48.3827927,0 1.5663045,48.3830135,0 1.5655439,48.3840553,0 1.5646859,48.3852345,0 1.5639420,48.3862573,0 1.5633335,48.3870859,0 1.5628986,48.3876762,0 1.5621737,48.3886675,0 1.5621000,48.3887697,0 1.5614322,48.3896950,0 1.5606145,48.3908029,0 1.5597873,48.3919283,0 1.5589437,48.3930899,0 1.5582306,48.3940684,0 1.5572775,48.3953703,0 1.5566452,48.3962337,0 1.5558562,48.3973146,0 1.5551241,48.3983136,0 1.5547628,48.3988027,0 1.5542661,48.3994892,0 1.5540427,48.3997953,0 1.5536196,48.4003761,0 1.5535008,48.4005386,0 1.5532392,48.4008810,0 1.5530848,48.4010672,0 1.5529423,48.4012282,0 1.5528257,48.4013575,0 1.5526380,48.4015422,0 1.5524645,48.4017015,0 1.5522576,48.4018830,0 1.5520913,48.4020108,0 1.5518726,48.4021781,0 1.5515423,48.4024101,0 1.5511715,48.4026515,0 1.5503206,48.4032163,0 1.5486901,48.4042373,0 1.5484985,48.4043602,0 1.5477655,48.4048305,0 1.5464796,48.4056511,0 1.5447970,48.4067303,0 1.5434612,48.4075838,0 1.5422062,48.4083838,0 1.5407350,48.4093241,0 1.5392567,48.4102723,0 1.5376190,48.4113120,0 1.5359695,48.4123674,0 1.5343604,48.4133945,0 1.5337924,48.4137558,0 1.5325969,48.4145240,0 1.5324725,48.4146033,0 1.5313443,48.4153223,0 1.5297923,48.4163098,0 1.5285349,48.4171127,0 1.5272610,48.4179252,0 1.5260915,48.4186744,0 1.5241188,48.4199333,0 1.5220344,48.4212582,0 1.5204847,48.4222519,0 1.5199476,48.4225958,0 1.5188947,48.4232662,0 1.5182173,48.4236999,0 1.5171334,48.4243829,0 1.5164534,48.4248189,0 1.5157958,48.4252282,0 1.5145659,48.4260116,0 1.5142168,48.4262324,0 1.5140847,48.4263200,0 1.5106461,48.4285004,0 1.5100439,48.4288312,0 1.5092049,48.4292102,0 1.5086979,48.4293998,0 1.5084814,48.4294746,0 1.5084636,48.4294808,0 1.5081404,48.4295774,0 1.5077178,48.4296907,0 1.5072219,48.4298079,0 1.5065975,48.4299229,0 1.5061515,48.4299875,0 1.5050982,48.4301224,0 1.5048435,48.4301525,0 1.5037619,48.4302809,0 1.5030746,48.4303799,0 1.5025468,48.4304736,0 1.5016058,48.4306810,0 1.5009323,48.4308576,0 1.4947463,48.4324793,0 1.4929211,48.4329428,0 1.4920547,48.4331744,0 1.4891189,48.4339635,0 1.4865222,48.4346528,0 1.4850517,48.4350340,0 1.4795430,48.4364618,0 1.4767866,48.4371862,0 1.4731894,48.4381167,0 1.4730292,48.4381590,0 1.4717700,48.4384915,0 1.4708259,48.4387574,0 1.4702772,48.4389543,0 1.4696785,48.4392372,0 1.4692532,48.4394710,0 1.4686068,48.4399049,0 1.4680596,48.4402715,0 1.4680526,48.4402761,0 1.4673283,48.4407340,0 1.4668525,48.4410965,0 1.4665048,48.4414295,0 1.4663636,48.4416099,0 1.4661544,48.4418926,0 1.4659217,48.4423366,0 1.4657701,48.4428552,0 1.4657440,48.4430772,0 1.4657492,48.4436582,0 1.4657530,48.4437362,0 1.4657580,48.4438391,0 1.4657586,48.4438516,0 1.4664908,48.4437998,0 1.4664909,48.4437998,0 1.4669795,48.4437653,0 1.4676406,48.4437610,0 1.4678191,48.4437646,0 1.4683237,48.4437751,0 1.4690245,48.4438034,0 1.4696762,48.4438562,0 1.4704502,48.4439369,0 1.4713465,48.4440659,0 1.4722393,48.4442271,0 1.4730040,48.4443949,0 1.4737021,48.4445775,0 1.4741876,48.4447260,0 1.4745961,48.4448509,0 1.4750337,48.4450044,0 1.4753840,48.4451114,0 1.4757821,48.4452540,0 1.4761474,48.4453848,0 1.4764849,48.4455169,0 1.4771636,48.4458436,0 1.4776554,48.4461040,0 1.4781181,48.4463683,0 1.4785866,48.4466792,0 1.4787159,48.4467651,0 1.4787160,48.4467651,0 1.4788920,48.4468820,0 1.4788921,48.4468820,0 1.4789521,48.4469219,0 1.4789749,48.4469379,0 1.4789897,48.4469484,0 1.4790848,48.4470157,0 1.4795547,48.4473480,0 1.4796213,48.4473969,0 1.4796215,48.4473971,0 1.4803167,48.4479092,0 1.4811031,48.4484894,0 1.4815805,48.4488396,0 1.4818489,48.4490562,0 1.4818997,48.4490971,0 1.4819083,48.4491040,0 1.4820694,48.4492341,0 1.4821307,48.4492894,0</coordinates>
      </LineString>
    </Placemark>
    <Placemark>
      <name>P65 - Tours ↔ Saumur ↔ Bressuire ↔ La Roche-sur-Yon</name>
      <styleUrl>#REMI_P65</styleUrl>
      <LineString>
        <tessellate>1</tessellate>
        <coordinates>0.6938082,47.3893150,0 0.6939291,47.3892121,0 0.6940649,47.3890964,0 0.6941065,47.3890610,0 0.6941719,47.3890054,0 0.6942274,47.3889581,0 0.6942279,47.3889576,0 0.6942583,47.3889319,0 0.6943866,47.3888227,0 0.6946453,47.3886026,0 0.6948987,47.3883871,0 0.6950445,47.3882641,0 0.6956435,47.3877154,0 0.6961062,47.3872682,0 0.6961789,47.3871979,0 0.6962329,47.3871457,0 0.6963049,47.3870748,0 0.6964351,47.3869467,0 0.6966940,47.3866919,0 0.6970510,47.3863630,0 0.6970511,47.3863629,0 0.6971064,47.3863121,0 0.6971064,47.3863120,0 0.6972478,47.3861818,0 0.6973627,47.3860803,0 0.6975211,47.3859404,0 0.6975535,47.3859116,0 0.6975797,47.3858883,0 0.6976763,47.3858026,0 0.6976764,47.3858026,0 0.6979970,47.3855180,0 0.6983043,47.3852432,0 0.6986810,47.3848896,0 0.6988451,47.3847383,0 0.6990352,47.3845790,0 0.6994463,47.3842459,0 0.6998053,47.3839497,0 0.7001690,47.3836440,0 0.7006252,47.3832577,0 0.7009223,47.3830083,0 0.7012409,47.3827234,0 0.7015522,47.3824112,0 0.7018161,47.3821264,0 0.7021036,47.3817853,0 0.7024126,47.3813926,0 0.7025196,47.3812477,0 0.7027715,47.3808872,0 0.7029213,47.3805975,0 0.7030044,47.3804044,0 0.7030425,47.3802627,0 0.7030710,47.3801067,0 0.7030781,47.3799361,0 0.7030734,47.3797461,0 0.7030401,47.3795836,0 0.7029902,47.3794114,0 0.7029189,47.3792392,0 0.7028309,47.3790670,0 0.7026908,47.3788658,0 0.7024816,47.3786389,0 0.7022582,47.3784473,0 0.7020679,47.3783138,0 0.7018968,47.3782075,0 0.7016568,47.3780788,0 0.7013896,47.3779640,0 0.7011886,47.3778776,0 0.7005849,47.3776313,0 0.6999764,47.3773786,0 0.6990470,47.3769988,0 0.6985051,47.3767735,0 0.6980085,47.3765545,0 0.6967573,47.3759211,0 0.6962413,47.3756073,0 0.6959254,47.3754019,0 0.6958632,47.3753615,0 0.6953692,47.3750855,0 0.6950395,47.3749113,0 0.6948675,47.3748203,0 0.6945656,47.3746787,0 0.6943489,47.3745795,0 0.6941353,47.3744839,0 0.6940815,47.3744643,0 0.6934791,47.3742450,0 0.6933651,47.3742071,0 0.6930423,47.3741139,0 0.6926719,47.3740118,0 0.6923634,47.3739369,0 0.6921635,47.3738951,0 0.6919138,47.3738444,0 0.6916973,47.3738072,0 0.6914220,47.3737652,0 0.6911639,47.3737298,0 0.6909653,47.3737086,0 0.6907278,47.3736865,0 0.6902849,47.3736572,0 0.6897494,47.3736337,0 0.6888791,47.3736044,0 0.6885814,47.3735953,0 0.6882525,47.3735897,0 0.6877537,47.3735910,0 0.6873201,47.3736043,0 0.6870148,47.3736234,0 0.6867164,47.3736464,0 0.6861703,47.3737060,0 0.6857265,47.3737688,0 0.6853011,47.3738405,0 0.6848694,47.3739292,0 0.6844549,47.3740261,0 0.6838044,47.3742042,0 0.6824712,47.3745614,0 0.6813135,47.3748797,0 0.6805956,47.3750782,0 0.6794151,47.3753999,0 0.6790688,47.3754966,0 0.6782865,47.3757152,0 0.6767650,47.3761274,0 0.6756785,47.3764268,0 0.6744330,47.3767632,0 0.6723988,47.3773200,0 0.6712790,47.3776325,0 0.6709463,47.3777199,0 0.6705555,47.3778226,0 0.6688720,47.3782363,0 0.6681440,47.3784216,0 0.6678989,47.3784764,0 0.6676453,47.3785331,0 0.6673870,47.3785909,0 0.6672502,47.3786187,0 0.6668665,47.3786964,0 0.6662528,47.3788207,0 0.6662145,47.3788284,0 0.6654395,47.3789584,0 0.6645180,47.3790923,0 0.6638710,47.3791760,0 0.6632072,47.3792614,0 0.6619605,47.3793999,0 0.6611322,47.3794709,0 0.6595930,47.3795885,0 0.6587216,47.3796336,0 0.6577602,47.3796659,0 0.6569653,47.3796835,0 0.6561585,47.3796868,0 0.6551451,47.3796803,0 0.6543049,47.3796610,0 0.6537052,47.3796385,0 0.6529558,47.3796046,0 0.6521940,47.3795595,0 0.6515539,47.3795096,0 0.6510090,47.3794660,0 0.6503542,47.3794032,0 0.6496996,47.3793290,0 0.6493626,47.3792869,0 0.6487583,47.3792115,0 0.6474277,47.3790587,0 0.6454073,47.3788285,0 0.6451954,47.3787689,0 0.6441592,47.3786454,0 0.6437042,47.3785913,0 0.6436736,47.3785877,0 0.6436532,47.3785853,0 0.6424778,47.3784464,0 0.6409401,47.3782758,0 0.6392668,47.3780795,0 0.6382039,47.3779541,0 0.6369993,47.3778074,0 0.6363352,47.3777299,0 0.6352905,47.3776078,0 0.6333866,47.3773793,0 0.6318441,47.3771990,0 0.6289517,47.3768656,0 0.6276133,47.3767113,0 0.6266009,47.3765778,0 0.6256739,47.3764410,0 0.6248610,47.3763058,0 0.6242811,47.3761979,0 0.6229964,47.3759550,0 0.6217582,47.3757135,0 0.6206196,47.3754929,0 0.6197070,47.3753127,0 0.6189249,47.3751646,0 0.6178935,47.3749634,0 0.6171448,47.3748202,0 0.6152053,47.3744403,0 0.6136414,47.3741442,0 0.6123556,47.3738963,0 0.6109651,47.3736274,0 0.6088830,47.3732154,0 0.6078040,47.3730061,0 0.6072741,47.3729032,0 0.6071742,47.3728839,0 0.6067877,47.3728100,0 0.6059816,47.3726559,0 0.6050612,47.3724798,0 0.6021614,47.3719132,0 0.5974696,47.3710005,0 0.5968558,47.3708818,0 0.5966045,47.3708331,0 0.5946009,47.3704403,0 0.5926829,47.3700798,0 0.5907029,47.3696935,0 0.5888824,47.3693377,0 0.5877082,47.3691139,0 0.5873919,47.3690534,0 0.5863962,47.3688629,0 0.5846944,47.3685328,0 0.5827645,47.3681546,0 0.5807679,47.3677650,0 0.5785076,47.3673288,0 0.5766870,47.3669810,0 0.5747737,47.3666092,0 0.5737493,47.3664063,0 0.5719216,47.3660506,0 0.5702483,47.3657270,0 0.5686939,47.3654227,0 0.5673439,47.3651619,0 0.5662199,47.3649434,0 0.5659035,47.3648818,0 0.5641114,47.3645373,0 0.5624120,47.3642105,0 0.5607673,47.3638885,0 0.5587185,47.3634860,0 0.5565390,47.3630610,0 0.5545045,47.3626601,0 0.5522655,47.3622190,0 0.5500670,47.3617940,0 0.5480253,47.3614044,0 0.5463235,47.3610743,0 0.5447070,47.3607622,0 0.5443555,47.3606944,0 0.5440154,47.3606277,0 0.5423397,47.3602991,0 0.5412773,47.3600899,0 0.5406284,47.3599514,0 0.5397467,47.3597501,0 0.5390550,47.3595714,0 0.5383795,47.3593990,0 0.5377144,47.3592124,0 0.5370419,47.3590224,0 0.5363312,47.3588018,0 0.5357417,47.3586070,0 0.5349669,47.3583430,0 0.5344939,47.3581771,0 0.5339377,47.3579790,0 0.5331914,47.3577134,0 0.5324356,47.3574412,0 0.5315419,47.3571257,0 0.5306316,47.3568005,0 0.5298092,47.3565026,0 0.5287991,47.3561436,0 0.5278294,47.3558038,0 0.5265246,47.3553353,0 0.5250985,47.3548232,0 0.5230259,47.3540873,0 0.5213763,47.3534948,0 0.5209626,47.3533483,0 0.5199765,47.3529988,0 0.5177994,47.3522227,0 0.5141176,47.3509023,0 0.5108068,47.3497155,0 0.5087081,47.3489716,0 0.5071293,47.3484062,0 0.5062481,47.3480907,0 0.5041827,47.3473498,0 0.5007910,47.3461372,0 0.4980886,47.3451709,0 0.4960730,47.3444511,0 0.4938294,47.3436539,0 0.4934541,47.3435219,0 0.4930929,47.3434043,0 0.4927221,47.3432997,0 0.4922895,47.3431853,0 0.4918379,47.3430774,0 0.4913816,47.3429807,0 0.4910870,47.3429281,0 0.4909584,47.3429051,0 0.4904475,47.3428245,0 0.4899911,47.3427585,0 0.4895521,47.3427104,0 0.4890404,47.3426667,0 0.4884628,47.3426345,0 0.4877903,47.3426135,0 0.4872578,47.3426200,0 0.4866137,47.3426474,0 0.4858835,47.3426974,0 0.4853163,47.3427613,0 0.4849139,47.3428192,0 0.4847313,47.3428455,0 0.4841110,47.3429502,0 0.4836427,47.3430484,0 0.4831483,47.3431612,0 0.4825066,47.3433270,0 0.4819790,47.3434864,0 0.4813658,47.3436975,0 0.4797634,47.3442666,0 0.4783921,47.3447536,0 0.4773371,47.3451356,0 0.4760774,47.3455978,0 0.4746805,47.3460969,0 0.4734724,47.3465287,0 0.4730599,47.3466687,0 0.4727164,47.3467748,0 0.4722911,47.3468974,0 0.4719418,47.3469893,0 0.4714784,47.3470972,0 0.4710410,47.3471744,0 0.4704895,47.3472534,0 0.4701346,47.3472911,0 0.4698693,47.3473194,0 0.4693867,47.3473516,0 0.4689779,47.3473628,0 0.4684026,47.3473649,0 0.4679607,47.3473491,0 0.4674876,47.3473210,0 0.4669876,47.3472716,0 0.4664595,47.3471987,0 0.4658999,47.3470987,0 0.4654769,47.3470037,0 0.4649254,47.3468669,0 0.4644041,47.3467072,0 0.4640414,47.3465818,0 0.4635326,47.3463868,0 0.4627317,47.3460568,0 0.4627287,47.3460556,0 0.4603564,47.3450291,0 0.4603297,47.3450570,0 0.4590355,47.3444970,0 0.4570652,47.3436370,0 0.4565388,47.3434118,0 0.4553827,47.3429172,0 0.4535881,47.3421457,0 0.4527038,47.3417647,0 0.4508346,47.3409595,0 0.4488951,47.3401236,0 0.4465659,47.3391185,0 0.4440750,47.3380474,0 0.4413796,47.3368829,0 0.4394156,47.3360312,0 0.4390765,47.3358842,0 0.4365928,47.3348130,0 0.4343776,47.3338530,0 0.4322480,47.3329348,0 0.4298238,47.3318878,0 0.4277702,47.3310050,0 0.4249276,47.3297711,0 0.4247765,47.3297063,0 0.4223701,47.3286740,0 0.4214780,47.3282885,0 0.4201741,47.3277252,0 0.4179023,47.3267621,0 0.4176107,47.3266429,0 0.4159936,47.3259818,0 0.4153890,47.3257347,0 0.4134840,47.3250308,0 0.4129662,47.3248395,0 0.4124094,47.3246460,0 0.4116610,47.3243859,0 0.4110893,47.3241872,0 0.4104227,47.3239598,0 0.4089598,47.3234608,0 0.4075109,47.3229721,0 0.4067390,47.3227118,0 0.4065761,47.3226568,0 0.4062856,47.3225592,0 0.4043395,47.3219059,0 0.4018437,47.3210585,0 0.4012413,47.3208529,0 0.4000302,47.3204398,0 0.3983737,47.3198791,0 0.3981450,47.3198021,0 0.3956855,47.3189736,0 0.3935512,47.3182517,0 0.3914006,47.3175235,0 0.3911103,47.3174251,0 0.3886550,47.3166017,0 0.3862425,47.3157815,0 0.3838017,47.3149597,0 0.3812394,47.3140928,0 0.3788055,47.3132694,0 0.3761791,47.3123815,0 0.3735789,47.3115015,0 0.3731446,47.3113544,0 0.3708765,47.3105862,0 0.3684401,47.3097514,0 0.3659472,47.3089006,0 0.3638441,47.3082013,0 0.3630231,47.3079320,0 0.3628169,47.3078643,0 0.3615427,47.3074243,0 0.3599552,47.3068861,0 0.3575928,47.3060883,0 0.3550947,47.3052502,0 0.3526036,47.3043976,0 0.3516190,47.3040555,0 0.3502346,47.3035489,0 0.3497021,47.3033376,0 0.3492707,47.3031665,0 0.3485042,47.3028505,0 0.3477077,47.3025067,0 0.3465138,47.3019696,0 0.3448782,47.3012103,0 0.3423279,47.3000095,0 0.3398727,47.2988651,0 0.3388527,47.2983884,0 0.3373201,47.2976723,0 0.3357538,47.2969453,0 0.3330632,47.2956863,0 0.3306033,47.2945386,0 0.3285521,47.2935843,0 0.3268217,47.2927750,0 0.3251703,47.2920105,0 0.3234965,47.2912193,0 0.3209179,47.2900151,0 0.3193808,47.2893029,0 0.3180748,47.2887408,0 0.3168947,47.2882609,0 0.3162586,47.2880155,0 0.3158044,47.2878403,0 0.3133137,47.2869069,0 0.3111390,47.2860911,0 0.3087431,47.2851946,0 0.3062426,47.2842449,0 0.3054553,47.2839477,0 0.3041631,47.2834598,0 0.3018006,47.2825746,0 0.2994119,47.2816781,0 0.2968198,47.2807014,0 0.2967118,47.2806607,0 0.2942827,47.2797480,0 0.2927171,47.2791581,0 0.2924812,47.2790691,0 0.2919307,47.2788622,0 0.2900496,47.2781549,0 0.2867484,47.2769100,0 0.2842169,47.2759618,0 0.2820801,47.2751458,0 0.2801174,47.2744089,0 0.2787870,47.2739094,0 0.2782491,47.2737074,0 0.2765953,47.2730894,0 0.2742065,47.2721895,0 0.2720245,47.2713686,0 0.2698110,47.2705249,0 0.2695242,47.2704155,0 0.2674019,47.2696236,0 0.2650725,47.2687462,0 0.2623796,47.2677285,0 0.2597984,47.2667544,0 0.2570722,47.2657303,0 0.2544553,47.2647415,0 0.2518766,47.2637657,0 0.2502523,47.2631541,0 0.2491695,47.2627463,0 0.2464954,47.2617414,0 0.2416944,47.2599235,0 0.2388494,47.2588492,0 0.2373783,47.2582941,0 0.2363015,47.2578878,0 0.2337416,47.2569231,0 0.2311295,47.2559374,0 0.2283534,47.2548872,0 0.2275401,47.2545803,0 0.2257580,47.2539080,0 0.2230912,47.2529014,0 0.2205490,47.2519499,0 0.2191456,47.2514679,0 0.2179509,47.2510770,0 0.2176278,47.2509714,0 0.2160472,47.2504834,0 0.2154355,47.2503054,0 0.2135973,47.2497992,0 0.2114597,47.2492704,0 0.2101728,47.2489770,0 0.2099041,47.2489158,0 0.2080968,47.2485401,0 0.2063868,47.2482241,0 0.2050495,47.2480001,0 0.2039889,47.2478365,0 0.2036480,47.2477839,0 0.2022397,47.2475856,0 0.2013685,47.2474777,0 0.1994515,47.2472648,0 0.1980291,47.2471310,0 0.1965849,47.2470214,0 0.1948393,47.2469118,0 0.1932195,47.2468440,0 0.1918347,47.2468021,0 0.1901341,47.2467779,0 0.1889610,47.2467793,0 0.1887115,47.2467795,0 0.1875385,47.2467973,0 0.1858996,47.2468505,0 0.1841170,47.2469392,0 0.1825725,47.2470359,0 0.1792355,47.2472344,0 0.1778346,47.2473221,0 0.1769418,47.2473780,0 0.1745720,47.2475216,0 0.1720647,47.2476749,0 0.1693148,47.2478443,0 0.1688811,47.2478704,0 0.1663364,47.2480234,0 0.1634369,47.2481944,0 0.1628413,47.2482359,0 0.1622577,47.2482766,0 0.1614856,47.2483198,0 0.1614564,47.2483214,0 0.1611315,47.2483396,0 0.1583102,47.2485139,0 0.1561849,47.2486429,0 0.1556528,47.2486752,0 0.1556202,47.2486772,0 0.1548046,47.2487268,0 0.1521259,47.2488897,0 0.1495777,47.2490544,0 0.1473242,47.2491805,0 0.1471841,47.2491883,0 0.1457539,47.2492735,0 0.1457538,47.2492735,0 0.1449335,47.2493232,0 0.1438812,47.2493881,0 0.1425117,47.2494725,0 0.1410197,47.2495646,0 0.1380619,47.2497415,0 0.1352155,47.2499115,0 0.1330143,47.2500477,0 0.1323843,47.2500866,0 0.1295757,47.2502567,0 0.1268936,47.2504164,0 0.1242496,47.2505727,0 0.1211603,47.2507616,0 0.1185551,47.2509210,0 0.1181290,47.2509471,0 0.1156824,47.2510914,0 0.1126891,47.2512786,0 0.1102449,47.2514194,0 0.1077477,47.2515688,0 0.1048683,47.2517492,0 0.1032806,47.2518428,0 0.1020420,47.2519158,0 0.0990388,47.2520943,0 0.0969236,47.2522266,0 0.0941327,47.2523950,0 0.0910900,47.2525752,0 0.0910028,47.2525804,0 0.0881767,47.2527556,0 0.0853073,47.2529256,0 0.0826128,47.2530870,0 0.0797411,47.2532623,0 0.0773210,47.2534097,0 0.0766693,47.2534494,0 0.0743719,47.2535868,0 0.0712750,47.2537705,0 0.0683399,47.2539509,0 0.0653846,47.2541261,0 0.0633216,47.2542515,0 0.0623888,47.2543081,0 0.0592033,47.2544987,0 0.0557268,47.2547083,0 0.0530903,47.2548628,0 0.0514111,47.2549633,0 0.0495607,47.2550740,0 0.0453893,47.2553189,0 0.0453481,47.2553213,0 0.0433677,47.2554467,0 0.0400135,47.2557128,0 0.0383615,47.2558604,0 0.0382173,47.2558728,0 0.0358390,47.2560785,0 0.0325115,47.2563722,0 0.0296549,47.2566040,0 0.0293853,47.2566275,0 0.0267301,47.2568581,0 0.0240753,47.2570884,0 0.0227863,47.2571983,0 0.0215149,47.2573108,0 0.0197984,47.2574593,0 0.0191329,47.2575229,0 0.0173362,47.2576748,0 0.0156991,47.2578165,0 0.0140620,47.2579548,0 0.0136111,47.2579943,0 0.0124124,47.2580990,0 0.0108006,47.2582347,0 0.0091824,47.2583729,0 0.0076632,47.2585009,0 0.0059289,47.2586537,0 0.0042905,47.2588014,0 0.0030292,47.2589096,0 0.0015427,47.2590400,0 0.0000992,47.2591637,0 -0.0014355,47.2592977,0 -0.0015726,47.2593087,0 -0.0033331,47.2594505,0 -0.0045018,47.2595561,0 -0.0061528,47.2596960,0 -0.0076077,47.2598256,0 -0.0087148,47.2599210,0 -0.0093408,47.2599736,0 -0.0100825,47.2600360,0 -0.0115295,47.2601554,0 -0.0132651,47.2603177,0 -0.0149163,47.2604601,0 -0.0163522,47.2605821,0 -0.0178601,47.2607108,0 -0.0188204,47.2607933,0 -0.0198898,47.2608833,0 -0.0201462,47.2609049,0 -0.0213772,47.2610105,0 -0.0230534,47.2611522,0 -0.0247169,47.2612947,0 -0.0262234,47.2614269,0 -0.0272812,47.2615231,0 -0.0288235,47.2616536,0 -0.0306718,47.2618124,0 -0.0320406,47.2619309,0 -0.0331729,47.2620304,0 -0.0343132,47.2621267,0 -0.0343736,47.2621318,0 -0.0357197,47.2622460,0 -0.0369355,47.2623456,0 -0.0384674,47.2624778,0 -0.0395806,47.2625722,0 -0.0407798,47.2626787,0 -0.0419102,47.2627744,0 -0.0422600,47.2628041,0 -0.0435721,47.2629182,0 -0.0448785,47.2630262,0 -0.0449266,47.2630301,0 -0.0459860,47.2631181,0 -0.0477257,47.2632681,0 -0.0489139,47.2633713,0 -0.0502759,47.2634907,0 -0.0503801,47.2634998,0 -0.0510874,47.2635612,0 -0.0511673,47.2635681,0 -0.0522062,47.2636552,0 -0.0527766,47.2637020,0 -0.0542833,47.2638311,0 -0.0561465,47.2639902,0 -0.0563035,47.2640036,0 -0.0576165,47.2641180,0 -0.0590193,47.2642936,0 -0.0599976,47.2644321,0 -0.0606738,47.2645368,0 -0.0617802,47.2647334,0 -0.0626608,47.2648993,0 -0.0634024,47.2650601,0 -0.0642938,47.2652950,0 -0.0649029,47.2654751,0 -0.0655837,47.2656941,0 -0.0660456,47.2658548,0 -0.0667469,47.2661350,0 -0.0673761,47.2663963,0 -0.0675107,47.2664522,0 -0.0679008,47.2666222,0 -0.0680716,47.2666969,0 -0.0682352,47.2667776,0 -0.0684347,47.2668776,0 -0.0689256,47.2671543,0 -0.0692659,47.2673462,0 -0.0694016,47.2674265,0 -0.0696927,47.2675986,0 -0.0696928,47.2675986,0 -0.0699529,47.2677523,0 -0.0702439,47.2679232,0 -0.0708764,47.2683112,0 -0.0714824,47.2686907,0 -0.0717033,47.2688314,0 -0.0714824,47.2686907,0 -0.0708764,47.2683112,0 -0.0702439,47.2679232,0 -0.0699529,47.2677523,0 -0.0696928,47.2675986,0 -0.0696927,47.2675986,0 -0.0694016,47.2674265,0 -0.0692659,47.2673462,0 -0.0689256,47.2671543,0 -0.0684347,47.2668776,0 -0.0682352,47.2667776,0 -0.0680716,47.2666969,0 -0.0679008,47.2666222,0 -0.0677375,47.2665299,0 -0.0675822,47.2664489,0 -0.0674025,47.2663669,0 -0.0667040,47.2660808,0 -0.0660688,47.2658254,0 -0.0656053,47.2656641,0 -0.0649232,47.2654448,0 -0.0643123,47.2652641,0 -0.0634187,47.2650286,0 -0.0626747,47.2648674,0 -0.0617929,47.2647012,0 -0.0606853,47.2645044,0 -0.0600079,47.2643996,0 -0.0590287,47.2642609,0 -0.0576240,47.2640851,0 -0.0563096,47.2639705,0 -0.0561527,47.2639571,0 -0.0542893,47.2637980,0 -0.0527825,47.2636690,0 -0.0522121,47.2636222,0 -0.0511734,47.2635351,0 -0.0510936,47.2635282,0 -0.0503746,47.2634660,0 -0.0503342,47.2632511,0 -0.0503034,47.2629366,0 -0.0503057,47.2625414,0 -0.0503378,47.2622615,0 -0.0503948,47.2619906,0 -0.0504828,47.2617035,0 -0.0505267,47.2615745,0 -0.0505839,47.2614438,0 -0.0506658,47.2612873,0 -0.0508071,47.2610425,0 -0.0508786,47.2609187,0 -0.0509332,47.2608349,0 -0.0510556,47.2606776,0 -0.0512838,47.2603993,0 -0.0516035,47.2600630,0 -0.0520336,47.2596001,0 -0.0524817,47.2591105,0 -0.0528300,47.2587322,0 -0.0531425,47.2583983,0 -0.0535311,47.2579966,0 -0.0539494,47.2575635,0 -0.0543213,47.2571571,0 -0.0546672,47.2567682,0 -0.0553398,47.2560471,0 -0.0559269,47.2554051,0 -0.0581325,47.2530191,0 -0.0590951,47.2519761,0 -0.0593458,47.2517108,0 -0.0595831,47.2514556,0 -0.0596406,47.2513899,0 -0.0596512,47.2513778,0 -0.0597403,47.2512881,0 -0.0600511,47.2509435,0 -0.0602082,47.2507684,0 -0.0603255,47.2506407,0 -0.0604097,47.2505495,0 -0.0606935,47.2502407,0 -0.0609977,47.2499121,0 -0.0614378,47.2494091,0 -0.0624619,47.2483288,0 -0.0627887,47.2479744,0 -0.0631264,47.2476151,0 -0.0632840,47.2474461,0 -0.0634416,47.2472613,0 -0.0641115,47.2465390,0 -0.0646273,47.2459663,0 -0.0648499,47.2457393,0 -0.0659850,47.2444997,0 -0.0671103,47.2432795,0 -0.0672356,47.2431506,0 -0.0674994,47.2429021,0 -0.0677514,47.2427100,0 -0.0680129,47.2425229,0 -0.0683979,47.2422986,0 -0.0684780,47.2422542,0 -0.0686807,47.2421421,0 -0.0687914,47.2420798,0 -0.0696907,47.2415690,0 -0.0703335,47.2411630,0 -0.0705885,47.2409802,0 -0.0708334,47.2407811,0 -0.0710820,47.2405552,0 -0.0713052,47.2403145,0 -0.0715654,47.2399846,0 -0.0717631,47.2396625,0 -0.0719315,47.2393491,0 -0.0721725,47.2388746,0 -0.0724160,47.2383957,0 -0.0725767,47.2380858,0 -0.0727603,47.2377160,0 -0.0729299,47.2373853,0 -0.0731059,47.2370441,0 -0.0733355,47.2365835,0 -0.0735140,47.2362319,0 -0.0737130,47.2358397,0 -0.0739093,47.2354656,0 -0.0740854,47.2351374,0 -0.0742052,47.2349071,0 -0.0744284,47.2344439,0 -0.0746542,47.2340199,0 -0.0747447,47.2338498,0 -0.0748990,47.2335511,0 -0.0750150,47.2333008,0 -0.0751337,47.2329864,0 -0.0752344,47.2326894,0 -0.0753632,47.2322521,0 -0.0754078,47.2320885,0 -0.0754601,47.2318157,0 -0.0755137,47.2314927,0 -0.0755353,47.2312909,0 -0.0755570,47.2310390,0 -0.0755685,47.2307817,0 -0.0755685,47.2305878,0 -0.0755660,47.2303678,0 -0.0755655,47.2303561,0 -0.0755507,47.2300708,0 -0.0755380,47.2298083,0 -0.0755328,47.2296144,0 -0.0755124,47.2291173,0 -0.0755047,47.2289043,0 -0.0754856,47.2287657,0 -0.0754742,47.2286081,0 -0.0754512,47.2284565,0 -0.0754308,47.2283241,0 -0.0754039,47.2282011,0 -0.0753785,47.2280737,0 -0.0753440,47.2279256,0 -0.0753032,47.2277724,0 -0.0752522,47.2276104,0 -0.0752050,47.2274727,0 -0.0751579,47.2273377,0 -0.0750725,47.2271116,0 -0.0749742,47.2268856,0 -0.0748416,47.2266111,0 -0.0746656,47.2262958,0 -0.0745355,47.2260871,0 -0.0744374,47.2259416,0 -0.0742677,47.2257017,0 -0.0741057,47.2254886,0 -0.0739004,47.2252306,0 -0.0737002,47.2249698,0 -0.0735650,47.2248001,0 -0.0733509,47.2245316,0 -0.0729692,47.2240409,0 -0.0727934,47.2238148,0 -0.0719410,47.2226488,0 -0.0714171,47.2219944,0 -0.0710267,47.2214941,0 -0.0706785,47.2210524,0 -0.0704194,47.2207235,0 -0.0701573,47.2203841,0 -0.0699266,47.2200893,0 -0.0695309,47.2195812,0 -0.0692677,47.2192453,0 -0.0689208,47.2187917,0 -0.0686213,47.2184083,0 -0.0683305,47.2180453,0 -0.0682801,47.2179811,0 -0.0681724,47.2178434,0 -0.0671917,47.2166002,0 -0.0669433,47.2162854,0 -0.0667329,47.2160190,0 -0.0663313,47.2154984,0 -0.0660758,47.2151820,0 -0.0657276,47.2147364,0 -0.0654459,47.2143804,0 -0.0652404,47.2141083,0 -0.0651964,47.2140555,0 -0.0649099,47.2137112,0 -0.0645700,47.2133180,0 -0.0643288,47.2130275,0 -0.0640115,47.2126375,0 -0.0636930,47.2122073,0 -0.0634375,47.2118852,0 -0.0631463,47.2115114,0 -0.0629146,47.2112151,0 -0.0626008,47.2108180,0 -0.0623977,47.2105524,0 -0.0620756,47.2101544,0 -0.0617131,47.2096797,0 -0.0614256,47.2093220,0 -0.0611321,47.2089442,0 -0.0608920,47.2086423,0 -0.0606353,47.2083185,0 -0.0604295,47.2080558,0 -0.0603798,47.2079924,0 -0.0600922,47.2076315,0 -0.0598296,47.2072956,0 -0.0595206,47.2069041,0 -0.0591723,47.2064552,0 -0.0588278,47.2060112,0 -0.0586583,47.2057951,0 -0.0585377,47.2056414,0 -0.0582216,47.2052442,0 -0.0579210,47.2048599,0 -0.0576120,47.2044691,0 -0.0572947,47.2040493,0 -0.0571070,47.2037592,0 -0.0570213,47.2036270,0 -0.0568146,47.2032370,0 -0.0566316,47.2028552,0 -0.0564972,47.2025281,0 -0.0563558,47.2021309,0 -0.0562513,47.2017586,0 -0.0561289,47.2012937,0 -0.0560302,47.2009690,0 -0.0559292,47.2006154,0 -0.0558080,47.2001898,0 -0.0557248,47.1998935,0 -0.0556535,47.1996255,0 -0.0555287,47.1991991,0 -0.0554717,47.1990013,0 -0.0554601,47.1989596,0 -0.0554004,47.1987437,0 -0.0552910,47.1983682,0 -0.0551450,47.1978701,0 -0.0550451,47.1974986,0 -0.0549262,47.1970722,0 -0.0547990,47.1965990,0 -0.0546707,47.1961372,0 -0.0545233,47.1956107,0 -0.0544006,47.1951647,0 -0.0543403,47.1949453,0 -0.0542464,47.1945859,0 -0.0541680,47.1941999,0 -0.0541241,47.1938518,0 -0.0541003,47.1934206,0 -0.0540907,47.1930823,0 -0.0540955,47.1928585,0 -0.0541050,47.1927051,0 -0.0541288,47.1924484,0 -0.0541417,47.1923779,0 -0.0541835,47.1921511,0 -0.0542203,47.1919331,0 -0.0542809,47.1916504,0 -0.0543737,47.1913565,0 -0.0544639,47.1911022,0 -0.0545329,47.1909139,0 -0.0546564,47.1906216,0 -0.0547670,47.1903769,0 -0.0549001,47.1901200,0 -0.0550404,47.1898722,0 -0.0552458,47.1895411,0 -0.0554599,47.1892277,0 -0.0556797,47.1889426,0 -0.0559649,47.1885679,0 -0.0561431,47.1883272,0 -0.0564033,47.1880021,0 -0.0564604,47.1879306,0 -0.0567160,47.1875761,0 -0.0570380,47.1871852,0 -0.0573089,47.1868428,0 -0.0575977,47.1864639,0 -0.0578532,47.1861377,0 -0.0580731,47.1858534,0 -0.0582311,47.1856547,0 -0.0583893,47.1854495,0 -0.0585628,47.1852234,0 -0.0587909,47.1849294,0 -0.0591509,47.1844650,0 -0.0594446,47.1841000,0 -0.0597286,47.1837357,0 -0.0597757,47.1836778,0 -0.0600090,47.1833908,0 -0.0603537,47.1829966,0 -0.0605687,47.1827858,0 -0.0607541,47.1826234,0 -0.0609561,47.1824667,0 -0.0611201,47.1823464,0 -0.0613305,47.1822075,0 -0.0614053,47.1821582,0 -0.0616455,47.1820128,0 -0.0618796,47.1818844,0 -0.0620720,47.1817850,0 -0.0622717,47.1816946,0 -0.0625854,47.1815549,0 -0.0628956,47.1814312,0 -0.0633246,47.1812907,0 -0.0637144,47.1811809,0 -0.0641482,47.1810735,0 -0.0646140,47.1809668,0 -0.0650229,47.1808715,0 -0.0654887,47.1807689,0 -0.0658487,47.1806922,0 -0.0665357,47.1805339,0 -0.0670229,47.1804272,0 -0.0682684,47.1801470,0 -0.0690705,47.1799596,0 -0.0698977,47.1797738,0 -0.0706202,47.1796090,0 -0.0711549,47.1794854,0 -0.0713372,47.1794438,0 -0.0716648,47.1793691,0 -0.0721651,47.1792544,0 -0.0726535,47.1791275,0 -0.0730029,47.1790355,0 -0.0734165,47.1789095,0 -0.0737243,47.1788102,0 -0.0740808,47.1786865,0 -0.0743375,47.1785912,0 -0.0747676,47.1784208,0 -0.0751420,47.1782576,0 -0.0753975,47.1781357,0 -0.0757992,47.1779369,0 -0.0761985,47.1777261,0 -0.0764278,47.1775936,0 -0.0768818,47.1773230,0 -0.0772133,47.1771145,0 -0.0775806,47.1768771,0 -0.0778777,47.1766849,0 -0.0781428,47.1765160,0 -0.0786442,47.1761921,0 -0.0791862,47.1758504,0 -0.0797459,47.1754877,0 -0.0801665,47.1752227,0 -0.0808083,47.1748099,0 -0.0813276,47.1744779,0 -0.0820620,47.1740086,0 -0.0826967,47.1736005,0 -0.0831922,47.1732807,0 -0.0838138,47.1728815,0 -0.0842926,47.1725746,0 -0.0848453,47.1722175,0 -0.0853349,47.1719098,0 -0.0859850,47.1714936,0 -0.0866790,47.1710477,0 -0.0873730,47.1706034,0 -0.0880730,47.1701478,0 -0.0889144,47.1696097,0 -0.0894741,47.1692421,0 -0.0900389,47.1688796,0 -0.0901313,47.1688203,0 -0.0906839,47.1684657,0 -0.0913042,47.1680633,0 -0.0918782,47.1676924,0 -0.0924380,47.1673265,0 -0.0929739,47.1669791,0 -0.0935075,47.1666365,0 -0.0941029,47.1662584,0 -0.0948532,47.1657750,0 -0.0949645,47.1657033,0 -0.0954980,47.1653567,0 -0.0960257,47.1650173,0 -0.0967150,47.1645673,0 -0.0972902,47.1641948,0 -0.0978344,47.1638409,0 -0.0984275,47.1634612,0 -0.0990609,47.1630385,0 -0.0996657,47.1626563,0 -0.1003385,47.1622192,0 -0.1010610,47.1617579,0 -0.1022530,47.1609902,0 -0.1027307,47.1606799,0 -0.1030990,47.1604447,0 -0.1033557,47.1602775,0 -0.1038763,47.1599390,0 -0.1045322,47.1595155,0 -0.1052286,47.1590646,0 -0.1058562,47.1586614,0 -0.1065062,47.1582363,0 -0.1072763,47.1577442,0 -0.1077421,47.1574679,0 -0.1079405,47.1573652,0 -0.1083304,47.1571518,0 -0.1086180,47.1570064,0 -0.1091623,47.1567244,0 -0.1092895,47.1566581,0 -0.1098456,47.1563680,0 -0.1104338,47.1560633,0 -0.1108201,47.1558621,0 -0.1113121,47.1556100,0 -0.1117981,47.1553490,0 -0.1121807,47.1551582,0 -0.1127299,47.1548714,0 -0.1132064,47.1546249,0 -0.1136687,47.1543865,0 -0.1140976,47.1541667,0 -0.1144755,47.1539727,0 -0.1150947,47.1536463,0 -0.1157162,47.1533278,0 -0.1164103,47.1529746,0 -0.1170045,47.1526619,0 -0.1176141,47.1523564,0 -0.1180573,47.1521248,0 -0.1181275,47.1520881,0 -0.1187134,47.1517963,0 -0.1191745,47.1515482,0 -0.1196095,47.1513260,0 -0.1201026,47.1510698,0 -0.1206113,47.1508104,0 -0.1211283,47.1505404,0 -0.1215715,47.1503101,0 -0.1219411,47.1501186,0 -0.1224450,47.1498631,0 -0.1229571,47.1495964,0 -0.1232532,47.1494462,0 -0.1234112,47.1493661,0 -0.1240172,47.1490509,0 -0.1245995,47.1487503,0 -0.1250488,47.1485158,0 -0.1255241,47.1482701,0 -0.1259555,47.1480463,0 -0.1264820,47.1477788,0 -0.1269098,47.1475564,0 -0.1273875,47.1473123,0 -0.1280055,47.1469851,0 -0.1288551,47.1465502,0 -0.1294957,47.1462172,0 -0.1302623,47.1458187,0 -0.1310513,47.1454113,0 -0.1315826,47.1451390,0 -0.1320068,47.1449158,0 -0.1322683,47.1447809,0 -0.1327163,47.1445416,0 -0.1328956,47.1444307,0 -0.1331369,47.1442814,0 -0.1334435,47.1440898,0 -0.1337168,47.1439007,0 -0.1340294,47.1436937,0 -0.1343955,47.1434213,0 -0.1350906,47.1429501,0 -0.1354734,47.1426696,0 -0.1358690,47.1423956,0 -0.1363873,47.1420358,0 -0.1367901,47.1417457,0 -0.1372013,47.1414620,0 -0.1376482,47.1411556,0 -0.1381900,47.1407773,0 -0.1386012,47.1404871,0 -0.1391253,47.1401120,0 -0.1398514,47.1396036,0 -0.1405240,47.1391274,0 -0.1409899,47.1388009,0 -0.1414463,47.1384808,0 -0.1421533,47.1379876,0 -0.1427594,47.1375762,0 -0.1431124,47.1373328,0 -0.1434915,47.1370644,0 -0.1441260,47.1366247,0 -0.1443872,47.1364414,0 -0.1446181,47.1362794,0 -0.1451053,47.1359375,0 -0.1454000,47.1357338,0 -0.1456674,47.1355454,0 -0.1458753,47.1353999,0 -0.1463115,47.1350992,0 -0.1466442,47.1348647,0 -0.1471873,47.1344831,0 -0.1477982,47.1340692,0 -0.1481800,47.1337943,0 -0.1482474,47.1337458,0 -0.1485244,47.1335291,0 -0.1487394,47.1333513,0 -0.1489545,47.1331508,0 -0.1492112,47.1328678,0 -0.1493942,47.1326374,0 -0.1495309,47.1324280,0 -0.1496141,47.1322954,0 -0.1496724,47.1321806,0 -0.1497567,47.1320157,0 -0.1498161,47.1318750,0 -0.1499136,47.1316204,0 -0.1500134,47.1312274,0 -0.1500490,47.1310382,0 -0.1500633,47.1308110,0 -0.1500764,47.1305855,0 -0.1500763,47.1302702,0 -0.1500681,47.1300818,0 -0.1500632,47.1299889,0 -0.1500490,47.1297171,0 -0.1500356,47.1295526,0 -0.1499067,47.1285001,0 -0.1498683,47.1282059,0 -0.1498162,47.1279188,0 -0.1497460,47.1276785,0 -0.1496783,47.1274806,0 -0.1495827,47.1272672,0 -0.1493595,47.1268663,0 -0.1492130,47.1266556,0 -0.1491212,47.1265419,0 -0.1489349,47.1263110,0 -0.1487487,47.1261149,0 -0.1485345,47.1259127,0 -0.1484848,47.1258718,0 -0.1482640,47.1256897,0 -0.1479935,47.1254955,0 -0.1479931,47.1254951,0 -0.1479849,47.1254893,0 -0.1477679,47.1253513,0 -0.1475359,47.1252125,0 -0.1472732,47.1250746,0 -0.1470602,47.1249721,0 -0.1467593,47.1248368,0 -0.1463639,47.1246701,0 -0.1443694,47.1238155,0 -0.1431961,47.1233174,0 -0.1412350,47.1224799,0 -0.1412350,47.1224798,0 -0.1411888,47.1224601,0 -0.1411532,47.1224450,0 -0.1411531,47.1224450,0 -0.1402630,47.1220678,0 -0.1394800,47.1217329,0 -0.1387683,47.1214127,0 -0.1384521,47.1212530,0 -0.1382047,47.1211142,0 -0.1379776,47.1209649,0 -0.1377813,47.1208209,0 -0.1376378,47.1207026,0 -0.1374993,47.1205803,0 -0.1372871,47.1203840,0 -0.1371587,47.1202463,0 -0.1370456,47.1201249,0 -0.1369125,47.1199713,0 -0.1367735,47.1197941,0 -0.1366273,47.1195879,0 -0.1365405,47.1194383,0 -0.1364930,47.1193599,0 -0.1364170,47.1192168,0 -0.1363421,47.1190591,0 -0.1363183,47.1190008,0 -0.1362874,47.1189272,0 -0.1362422,47.1188108,0 -0.1361935,47.1186507,0 -0.1361496,47.1184938,0 -0.1361199,47.1183507,0 -0.1360925,47.1181582,0 -0.1360818,47.1180463,0 -0.1360711,47.1179342,0 -0.1360687,47.1177562,0 -0.1360712,47.1175549,0 -0.1360902,47.1174125,0 -0.1361187,47.1172169,0 -0.1361650,47.1169952,0 -0.1362232,47.1168109,0 -0.1363194,47.1165505,0 -0.1364193,47.1163596,0 -0.1365702,47.1160831,0 -0.1367057,47.1158882,0 -0.1369731,47.1155404,0 -0.1370456,47.1154498,0 -0.1371478,47.1153309,0 -0.1373285,47.1151198,0 -0.1375792,47.1148239,0 -0.1378334,47.1145327,0 -0.1380260,47.1143063,0 -0.1382625,47.1140312,0 -0.1384598,47.1138016,0 -0.1388104,47.1133948,0 -0.1391645,47.1129710,0 -0.1394711,47.1126111,0 -0.1395769,47.1124897,0 -0.1398205,47.1122026,0 -0.1401128,47.1118484,0 -0.1405003,47.1113979,0 -0.1408117,47.1110137,0 -0.1411883,47.1105940,0 -0.1416874,47.1100035,0 -0.1421367,47.1094762,0 -0.1425645,47.1089795,0 -0.1426387,47.1088966,0 -0.1429567,47.1085412,0 -0.1433655,47.1080542,0 -0.1437457,47.1076078,0 -0.1445111,47.1067019,0 -0.1454238,47.1056228,0 -0.1461677,47.1047508,0 -0.1472064,47.1035116,0 -0.1483378,47.1022108,0 -0.1490176,47.1013987,0 -0.1496402,47.1006884,0 -0.1504698,47.0996934,0 -0.1512803,47.0987598,0 -0.1516494,47.0983265,0 -0.1517365,47.0982243,0 -0.1527110,47.0970707,0 -0.1535239,47.0961290,0 -0.1543725,47.0951258,0 -0.1554016,47.0939106,0 -0.1563356,47.0928216,0 -0.1571177,47.0918879,0 -0.1579662,47.0909024,0 -0.1586078,47.0901451,0 -0.1593874,47.0892388,0 -0.1602288,47.0882501,0 -0.1606089,47.0877986,0 -0.1610940,47.0872225,0 -0.1615693,47.0866625,0 -0.1622063,47.0859132,0 -0.1628576,47.0851623,0 -0.1634168,47.0844993,0 -0.1635634,47.0843256,0 -0.1642314,47.0835407,0 -0.1648755,47.0827832,0 -0.1649075,47.0827456,0 -0.1653295,47.0822491,0 -0.1660163,47.0814334,0 -0.1667104,47.0806274,0 -0.1673331,47.0798861,0 -0.1677677,47.0793768,0 -0.1679891,47.0791173,0 -0.1684264,47.0785929,0 -0.1692416,47.0776315,0 -0.1698026,47.0769743,0 -0.1705608,47.0760889,0 -0.1712382,47.0752796,0 -0.1720296,47.0743488,0 -0.1726594,47.0735572,0 -0.1734272,47.0724759,0 -0.1735983,47.0722055,0 -0.1736460,47.0721271,0 -0.1737480,47.0719595,0 -0.1739191,47.0716422,0 -0.1743019,47.0708992,0 -0.1746845,47.0701318,0 -0.1751075,47.0692512,0 -0.1755949,47.0682394,0 -0.1760892,47.0672017,0 -0.1765455,47.0662773,0 -0.1769899,47.0653447,0 -0.1773821,47.0645498,0 -0.1778409,47.0635816,0 -0.1783258,47.0625552,0 -0.1788534,47.0614525,0 -0.1790111,47.0611238,0 -0.1792479,47.0606301,0 -0.1800371,47.0590595,0 -0.1806621,47.0577511,0 -0.1811637,47.0566954,0 -0.1815320,47.0559296,0 -0.1820550,47.0548495,0 -0.1825493,47.0538114,0 -0.1826585,47.0535779,0 -0.1829248,47.0530083,0 -0.1835903,47.0516182,0 -0.1840918,47.0505707,0 -0.1843561,47.0500275,0 -0.1845149,47.0497011,0 -0.1848666,47.0489884,0 -0.1852446,47.0481981,0 -0.1856083,47.0474500,0 -0.1860146,47.0465576,0 -0.1866065,47.0453412,0 -0.1869193,47.0446907,0 -0.1870177,47.0444861,0 -0.1873480,47.0437962,0 -0.1877687,47.0429118,0 -0.1881324,47.0422137,0 -0.1885028,47.0414490,0 -0.1885341,47.0413845,0 -0.1889429,47.0405098,0 -0.1891912,47.0399899,0 -0.1893112,47.0397388,0 -0.1899268,47.0384624,0 -0.1902953,47.0377238,0 -0.1908277,47.0365931,0 -0.1914623,47.0352956,0 -0.1918830,47.0343917,0 -0.1919376,47.0342605,0 -0.1920279,47.0340321,0 -0.1921016,47.0338231,0 -0.1921706,47.0335428,0 -0.1922371,47.0332755,0 -0.1922869,47.0330147,0 -0.1923084,47.0328625,0 -0.1923345,47.0325709,0 -0.1923441,47.0323344,0 -0.1923298,47.0319520,0 -0.1922918,47.0316863,0 -0.1922418,47.0313656,0 -0.1921824,47.0310789,0 -0.1921088,47.0307144,0 -0.1920351,47.0303887,0 -0.1920245,47.0303377,0 -0.1919566,47.0300129,0 -0.1918402,47.0294118,0 -0.1916952,47.0287637,0 -0.1915598,47.0281449,0 -0.1914242,47.0274677,0 -0.1912959,47.0268067,0 -0.1912626,47.0266544,0 -0.1911937,47.0263126,0 -0.1911823,47.0262053,0 -0.1911675,47.0260663,0 -0.1911509,47.0257698,0 -0.1911580,47.0255332,0 -0.1911794,47.0253177,0 -0.1912246,47.0250536,0 -0.1913031,47.0247668,0 -0.1914409,47.0243828,0 -0.1915930,47.0240475,0 -0.1918022,47.0236764,0 -0.1919400,47.0234836,0 -0.1921111,47.0232438,0 -0.1924249,47.0228566,0 -0.1929264,47.0222393,0 -0.1933400,47.0217159,0 -0.1942289,47.0206319,0 -0.1948136,47.0199011,0 -0.1955314,47.0190132,0 -0.1958855,47.0185675,0 -0.1961589,47.0181641,0 -0.1963513,47.0178562,0 -0.1965272,47.0175223,0 -0.1966581,47.0172273,0 -0.1967292,47.0170670,0 -0.1967911,47.0168774,0 -0.1969098,47.0164821,0 -0.1969408,47.0163524,0 -0.1969955,47.0160591,0 -0.1970358,47.0158014,0 -0.1970810,47.0152618,0 -0.1971024,47.0149750,0 -0.1971452,47.0143349,0 -0.1971855,47.0137984,0 -0.1972189,47.0133836,0 -0.1972569,47.0129639,0 -0.1972783,47.0125863,0 -0.1973020,47.0122249,0 -0.1973210,47.0119203,0 -0.1973543,47.0115459,0 -0.1973852,47.0110353,0 -0.1974139,47.0106376,0 -0.1974470,47.0101797,0 -0.1975207,47.0092867,0 -0.1975802,47.0084358,0 -0.1976348,47.0076481,0 -0.1977038,47.0066659,0 -0.1977845,47.0056935,0 -0.1978321,47.0049430,0 -0.1978963,47.0041116,0 -0.1979842,47.0029219,0 -0.1980888,47.0015603,0 -0.1981744,47.0003948,0 -0.1982313,46.9994904,0 -0.1982424,46.9993438,0 -0.1983169,46.9983589,0 -0.1983977,46.9975370,0 -0.1984357,46.9967070,0 -0.1984905,46.9960684,0 -0.1985450,46.9952886,0 -0.1986165,46.9942041,0 -0.1986853,46.9933627,0 -0.1987661,46.9923867,0 -0.1987948,46.9919896,0 -0.1988161,46.9916545,0 -0.1988389,46.9913611,0 -0.1988532,46.9910417,0 -0.1988519,46.9907506,0 -0.1988400,46.9903678,0 -0.1988146,46.9899440,0 -0.1987542,46.9891135,0 -0.1987044,46.9882768,0 -0.1986759,46.9878796,0 -0.1986775,46.9876598,0 -0.1986929,46.9874287,0 -0.1987172,46.9872697,0 -0.1987660,46.9870867,0 -0.1988232,46.9869234,0 -0.1989150,46.9867187,0 -0.1990110,46.9865375,0 -0.1991274,46.9863474,0 -0.1992257,46.9862083,0 -0.1993603,46.9860426,0 -0.1995622,46.9858276,0 -0.1997930,46.9856065,0 -0.2000163,46.9854248,0 -0.2002283,46.9852788,0 -0.2004656,46.9851298,0 -0.2007049,46.9849950,0 -0.2009404,46.9848844,0 -0.2011881,46.9847833,0 -0.2014534,46.9846956,0 -0.2016789,46.9846347,0 -0.2020104,46.9845590,0 -0.2023446,46.9845052,0 -0.2026408,46.9844763,0 -0.2028689,46.9844656,0 -0.2031050,46.9844630,0 -0.2033969,46.9844748,0 -0.2036773,46.9844951,0 -0.2041093,46.9845351,0 -0.2044646,46.9845673,0 -0.2049736,46.9846241,0 -0.2051478,46.9846384,0 -0.2053314,46.9846508,0 -0.2055955,46.9846623,0 -0.2058245,46.9846715,0 -0.2060919,46.9846861,0 -0.2063373,46.9847088,0 -0.2066182,46.9847470,0 -0.2076067,46.9848884,0 -0.2089327,46.9850705,0 -0.2091836,46.9851049,0 -0.2106645,46.9853123,0 -0.2117316,46.9854523,0 -0.2125380,46.9855580,0 -0.2131131,46.9856383,0 -0.2141630,46.9857864,0 -0.2153134,46.9859502,0 -0.2167299,46.9861545,0 -0.2174715,46.9862631,0 -0.2185197,46.9864139,0 -0.2194466,46.9865517,0 -0.2197889,46.9866003,0 -0.2202523,46.9866636,0 -0.2204354,46.9866830,0 -0.2206944,46.9867122,0 -0.2209362,46.9867309,0 -0.2211616,46.9867432,0 -0.2213956,46.9867528,0 -0.2216879,46.9867560,0 -0.2219256,46.9867544,0 -0.2222465,46.9867446,0 -0.2226220,46.9867195,0 -0.2229738,46.9866846,0 -0.2233065,46.9866441,0 -0.2236607,46.9865874,0 -0.2240718,46.9865063,0 -0.2245496,46.9863863,0 -0.2249513,46.9862663,0 -0.2253577,46.9861253,0 -0.2257021,46.9859900,0 -0.2259242,46.9858929,0 -0.2263180,46.9857037,0 -0.2267779,46.9854506,0 -0.2268451,46.9854135,0 -0.2270734,46.9852767,0 -0.2272425,46.9851670,0 -0.2274770,46.9850023,0 -0.2277079,46.9848285,0 -0.2279202,46.9846473,0 -0.2280883,46.9844912,0 -0.2283317,46.9842347,0 -0.2285155,46.9840306,0 -0.2287303,46.9837677,0 -0.2288967,46.9835343,0 -0.2291035,46.9832197,0 -0.2293317,46.9827446,0 -0.2295813,46.9820895,0 -0.2299734,46.9809577,0 -0.2302283,46.9801538,0 -0.2303122,46.9799147,0 -0.2304399,46.9795004,0 -0.2305334,46.9792065,0 -0.2306120,46.9789352,0 -0.2306759,46.9786669,0 -0.2307661,46.9782258,0 -0.2308517,46.9774394,0 -0.2309563,46.9762215,0 -0.2310466,46.9751609,0 -0.2311298,46.9741586,0 -0.2311892,46.9735699,0 -0.2312558,46.9731969,0 -0.2314056,46.9725936,0 -0.2315695,46.9721622,0 -0.2318952,46.9714697,0 -0.2322897,46.9708274,0 -0.2327270,46.9702614,0 -0.2332403,46.9697213,0 -0.2338250,46.9692039,0 -0.2346142,46.9685989,0 -0.2353509,46.9681493,0 -0.2354246,46.9681043,0 -0.2366392,46.9673955,0 -0.2383006,46.9664288,0 -0.2397600,46.9655675,0 -0.2413873,46.9646359,0 -0.2414570,46.9645960,0 -0.2428236,46.9637995,0 -0.2441000,46.9630371,0 -0.2451743,46.9623688,0 -0.2461022,46.9617434,0 -0.2465243,46.9614588,0 -0.2465717,46.9614247,0 -0.2473403,46.9608581,0 -0.2479197,46.9604088,0 -0.2484827,46.9599599,0 -0.2488987,46.9596192,0 -0.2495975,46.9589996,0 -0.2500847,46.9585470,0 -0.2506218,46.9580165,0 -0.2510569,46.9575737,0 -0.2517152,46.9568761,0 -0.2522144,46.9563050,0 -0.2526137,46.9558216,0 -0.2528320,46.9555466,0 -0.2531176,46.9551872,0 -0.2533980,46.9547914,0 -0.2539233,46.9540451,0 -0.2547646,46.9527147,0 -0.2555442,46.9514509,0 -0.2557454,46.9511167,0 -0.2562502,46.9502779,0 -0.2571224,46.9488809,0 -0.2577689,46.9478490,0 -0.2585413,46.9465964,0 -0.2592758,46.9453648,0 -0.2599437,46.9442954,0 -0.2606306,46.9431774,0 -0.2613626,46.9420139,0 -0.2618539,46.9412166,0 -0.2620495,46.9408992,0 -0.2628076,46.9396772,0 -0.2635184,46.9385185,0 -0.2643787,46.9371228,0 -0.2651132,46.9359300,0 -0.2658642,46.9347063,0 -0.2667009,46.9333641,0 -0.2674546,46.9321379,0 -0.2675208,46.9320300,0 -0.2682909,46.9307721,0 -0.2690135,46.9295873,0 -0.2697978,46.9282953,0 -0.2704990,46.9271429,0 -0.2711431,46.9261089,0 -0.2717040,46.9251836,0 -0.2720843,46.9246041,0 -0.2724100,46.9242080,0 -0.2727997,46.9237665,0 -0.2732894,46.9233088,0 -0.2737029,46.9229711,0 -0.2742852,46.9225556,0 -0.2747178,46.9222910,0 -0.2752502,46.9220020,0 -0.2757802,46.9217374,0 -0.2763324,46.9215167,0 -0.2766620,46.9213851,0 -0.2772704,46.9211920,0 -0.2781095,46.9209679,0 -0.2786562,46.9208494,0 -0.2790815,46.9207780,0 -0.2795997,46.9207017,0 -0.2802937,46.9206270,0 -0.2815415,46.9205004,0 -0.2823330,46.9204257,0 -0.2831316,46.9203478,0 -0.2835523,46.9202991,0 -0.2845648,46.9201984,0 -0.2848077,46.9201719,0 -0.2856511,46.9200799,0 -0.2869345,46.9199614,0 -0.2878948,46.9198738,0 -0.2887195,46.9197990,0 -0.2894895,46.9197228,0 -0.2903998,46.9196205,0 -0.2907945,46.9195718,0 -0.2916976,46.9193981,0 -0.2923061,46.9192487,0 -0.2928171,46.9191091,0 -0.2934255,46.9189062,0 -0.2940602,46.9186545,0 -0.2945165,46.9184516,0 -0.2954197,46.9180182,0 -0.2958783,46.9177925,0 -0.2964512,46.9175068,0 -0.2976009,46.9169050,0 -0.2976919,46.9168574,0 -0.2990158,46.9161885,0 -0.3008696,46.9152534,0 -0.3027235,46.9143149,0 -0.3045441,46.9134106,0 -0.3060883,46.9126263,0 -0.3064813,46.9124267,0 -0.3085158,46.9114103,0 -0.3102961,46.9104945,0 -0.3123519,46.9094570,0 -0.3139527,46.9086720,0 -0.3146598,46.9083220,0 -0.3169107,46.9071821,0 -0.3191021,46.9060861,0 -0.3206208,46.9053164,0 -0.3211511,46.9050479,0 -0.3227243,46.9042511,0 -0.3247350,46.9032508,0 -0.3267909,46.9022115,0 -0.3288706,46.9011641,0 -0.3310073,46.9000971,0 -0.3319663,46.8996151,0 -0.3329492,46.8991211,0 -0.3353545,46.8979014,0 -0.3376720,46.8967321,0 -0.3396376,46.8957462,0 -0.3404883,46.8953150,0 -0.3412941,46.8949066,0 -0.3430173,46.8940620,0 -0.3451945,46.8929689,0 -0.3467608,46.8921780,0 -0.3490442,46.8910212,0 -0.3491945,46.8909451,0 -0.3509891,46.8900404,0 -0.3526694,46.8891892,0 -0.3541930,46.8884241,0 -0.3549297,46.8880506,0 -0.3555168,46.8877549,0 -0.3556135,46.8877050,0 -0.3561705,46.8874171,0 -0.3566220,46.8871669,0 -0.3571901,46.8868388,0 -0.3577154,46.8865318,0 -0.3584308,46.8861030,0 -0.3592888,46.8855814,0 -0.3612283,46.8844265,0 -0.3631181,46.8832892,0 -0.3631773,46.8832536,0 -0.3643704,46.8825502,0 -0.3659486,46.8815998,0 -0.3674817,46.8806885,0 -0.3693015,46.8796243,0 -0.3693569,46.8795918,0 -0.3709874,46.8785927,0 -0.3731028,46.8773385,0 -0.3745930,46.8764498,0 -0.3763209,46.8754116,0 -0.3778540,46.8745017,0 -0.3795577,46.8734855,0 -0.3796056,46.8734570,0 -0.3801950,46.8731190,0 -0.3806681,46.8728541,0 -0.3809795,46.8727030,0 -0.3814762,46.8724544,0 -0.3824910,46.8720076,0 -0.3831043,46.8717639,0 -0.3836653,46.8715591,0 -0.3846183,46.8712570,0 -0.3852085,46.8710789,0 -0.3855240,46.8709974,0 -0.3858209,46.8709206,0 -0.3863747,46.8707889,0 -0.3870973,46.8706362,0 -0.3878079,46.8705062,0 -0.3884140,46.8704038,0 -0.3892175,46.8702950,0 -0.3902014,46.8701828,0 -0.3904170,46.8701622,0 -0.3920696,46.8700041,0 -0.3941302,46.8698092,0 -0.3957782,46.8696509,0 -0.3961101,46.8696190,0 -0.3972485,46.8695004,0 -0.3986438,46.8693721,0 -0.3997347,46.8692696,0 -0.4003194,46.8692079,0 -0.4020640,46.8690389,0 -0.4039464,46.8688488,0 -0.4054842,46.8686977,0 -0.4066981,46.8685809,0 -0.4067843,46.8685726,0 -0.4079940,46.8684539,0 -0.4097196,46.8682882,0 -0.4113026,46.8681355,0 -0.4124245,46.8680282,0 -0.4128784,46.8679860,0 -0.4135153,46.8679193,0 -0.4146015,46.8678089,0 -0.4155641,46.8677227,0 -0.4166384,46.8676155,0 -0.4181026,46.8674806,0 -0.4190367,46.8673847,0 -0.4196878,46.8673229,0 -0.4200709,46.8672750,0 -0.4204532,46.8672271,0 -0.4214230,46.8671003,0 -0.4222120,46.8669866,0 -0.4232008,46.8668354,0 -0.4240066,46.8667022,0 -0.4249049,46.8665478,0 -0.4256846,46.8663951,0 -0.4265306,46.8662244,0 -0.4279710,46.8659173,0 -0.4296205,46.8655436,0 -0.4317216,46.8650821,0 -0.4330572,46.8647873,0 -0.4333045,46.8647327,0 -0.4349825,46.8643410,0 -0.4369529,46.8639153,0 -0.4381983,46.8636292,0 -0.4387664,46.8635057,0 -0.4399048,46.8632441,0 -0.4405609,46.8631075,0 -0.4413309,46.8629288,0 -0.4418420,46.8628135,0 -0.4438052,46.8623828,0 -0.4453073,46.8620496,0 -0.4471422,46.8616401,0 -0.4484376,46.8613443,0 -0.4503083,46.8609250,0 -0.4504388,46.8608958,0 -0.4522594,46.8604894,0 -0.4543510,46.8600263,0 -0.4549467,46.8598940,0 -0.4559103,46.8596801,0 -0.4578235,46.8592542,0 -0.4588551,46.8590203,0 -0.4599436,46.8587927,0 -0.4608281,46.8585976,0 -0.4609014,46.8585815,0 -0.4621137,46.8583052,0 -0.4638630,46.8579037,0 -0.4648303,46.8576810,0 -0.4650250,46.8576294,0 -0.4654792,46.8575088,0 -0.4659878,46.8573576,0 -0.4666486,46.8571366,0 -0.4670312,46.8570017,0 -0.4674924,46.8568131,0 -0.4679867,46.8566067,0 -0.4684121,46.8564035,0 -0.4687591,46.8562426,0 -0.4690776,46.8560687,0 -0.4694271,46.8558721,0 -0.4697408,46.8556852,0 -0.4700687,46.8554787,0 -0.4703159,46.8553341,0 -0.4706701,46.8550821,0 -0.4710622,46.8547944,0 -0.4714925,46.8544564,0 -0.4718846,46.8541102,0 -0.4726048,46.8534194,0 -0.4735436,46.8524864,0 -0.4744278,46.8516135,0 -0.4748200,46.8512267,0 -0.4752786,46.8508447,0 -0.4754088,46.8507528,0 -0.4756471,46.8505846,0 -0.4761034,46.8503164,0 -0.4765788,46.8500807,0 -0.4769543,46.8499360,0 -0.4773132,46.8498059,0 -0.4777814,46.8496661,0 -0.4782354,46.8495621,0 -0.4786704,46.8494792,0 -0.4791314,46.8494191,0 -0.4794690,46.8493882,0 -0.4798278,46.8493703,0 -0.4801701,46.8493638,0 -0.4806169,46.8493801,0 -0.4807576,46.8493925,0 -0.4812777,46.8494386,0 -0.4818030,46.8495085,0 -0.4821927,46.8495784,0 -0.4826230,46.8496418,0 -0.4829415,46.8497004,0 -0.4840918,46.8498953,0 -0.4847098,46.8499961,0 -0.4855298,46.8501148,0 -0.4859695,46.8501620,0 -0.4862238,46.8501782,0 -0.4867182,46.8502058,0 -0.4869668,46.8502026,0 -0.4873456,46.8501977,0 -0.4880468,46.8501603,0 -0.4885365,46.8501083,0 -0.4889477,46.8500514,0 -0.4893089,46.8499912,0 -0.4898341,46.8498905,0 -0.4902752,46.8497812,0 -0.4903522,46.8497621,0 -0.4906803,46.8496678,0 -0.4910891,46.8495362,0 -0.4917642,46.8492858,0 -0.4921134,46.8491347,0 -0.4925841,46.8489005,0 -0.4926663,46.8488550,0 -0.4929739,46.8486844,0 -0.4934231,46.8484048,0 -0.4936680,46.8482405,0 -0.4939840,46.8480098,0 -0.4942051,46.8478228,0 -0.4944238,46.8476131,0 -0.4945902,46.8474310,0 -0.4948088,46.8471758,0 -0.4950275,46.8468555,0 -0.4951463,46.8466443,0 -0.4953174,46.8462752,0 -0.4954458,46.8458721,0 -0.4954911,46.8456238,0 -0.4955028,46.8455599,0 -0.4955741,46.8450609,0 -0.4957286,46.8438351,0 -0.4958772,46.8426679,0 -0.4959068,46.8424353,0 -0.4960453,46.8413286,0 -0.4960709,46.8411233,0 -0.4961802,46.8402877,0 -0.4962240,46.8399168,0 -0.4962443,46.8397447,0 -0.4962724,46.8395289,0 -0.4962745,46.8392318,0 -0.4962725,46.8389914,0 -0.4962778,46.8388564,0 -0.4962966,46.8386613,0 -0.4963540,46.8382072,0 -0.4963998,46.8378443,0 -0.4964722,46.8372432,0 -0.4965476,46.8366498,0 -0.4966247,46.8360455,0 -0.4966843,46.8355732,0 -0.4967399,46.8351372,0 -0.4968455,46.8342745,0 -0.4968834,46.8339831,0 -0.4969218,46.8336585,0 -0.4969946,46.8331052,0 -0.4970829,46.8324672,0 -0.4971325,46.8321534,0 -0.4971914,46.8318735,0 -0.4972677,46.8316346,0 -0.4973267,46.8314787,0 -0.4973340,46.8314612,0 -0.4973643,46.8313879,0 -0.4974775,46.8311353,0 -0.4975345,46.8310100,0 -0.4976344,46.8308028,0 -0.4977859,46.8305460,0 -0.4980064,46.8302356,0 -0.4980650,46.8301547,0 -0.4982931,46.8298767,0 -0.4986050,46.8295569,0 -0.4987732,46.8294028,0 -0.4989562,46.8292457,0 -0.4992961,46.8289742,0 -0.4996764,46.8287123,0 -0.5014542,46.8274520,0 -0.5020628,46.8269772,0 -0.5024051,46.8267268,0 -0.5032393,46.8261641,0 -0.5037043,46.8258712,0 -0.5043112,46.8255223,0 -0.5047731,46.8252757,0 -0.5049244,46.8251949,0 -0.5059631,46.8247395,0 -0.5064052,46.8245752,0 -0.5070018,46.8243768,0 -0.5074605,46.8242418,0 -0.5078336,46.8241361,0 -0.5082312,46.8240395,0 -0.5087208,46.8239354,0 -0.5091360,46.8238564,0 -0.5095377,46.8237897,0 -0.5099823,46.8237263,0 -0.5104718,46.8236710,0 -0.5109352,46.8236261,0 -0.5112988,46.8236000,0 -0.5119716,46.8235670,0 -0.5123416,46.8235594,0 -0.5130316,46.8235572,0 -0.5135583,46.8235662,0 -0.5141654,46.8235757,0 -0.5152265,46.8235927,0 -0.5162614,46.8236039,0 -0.5169807,46.8236134,0 -0.5177053,46.8236196,0 -0.5183883,46.8236247,0 -0.5191424,46.8236271,0 -0.5198984,46.8236396,0 -0.5200289,46.8236418,0 -0.5208703,46.8236499,0 -0.5220349,46.8236694,0 -0.5230855,46.8236775,0 -0.5237653,46.8236840,0 -0.5242311,46.8236938,0 -0.5250677,46.8237036,0 -0.5258069,46.8236906,0 -0.5263939,46.8236645,0 -0.5267457,46.8236320,0 -0.5273614,46.8235572,0 -0.5279524,46.8234685,0 -0.5286029,46.8233542,0 -0.5292153,46.8232270,0 -0.5297762,46.8230839,0 -0.5302015,46.8229635,0 -0.5307568,46.8227844,0 -0.5308267,46.8227619,0 -0.5311571,46.8226399,0 -0.5315777,46.8224741,0 -0.5324595,46.8221276,0 -0.5331606,46.8218593,0 -0.5339189,46.8215698,0 -0.5352309,46.8210656,0 -0.5361484,46.8207224,0 -0.5372963,46.8202817,0 -0.5379013,46.8200550,0 -0.5384942,46.8198327,0 -0.5389696,46.8196717,0 -0.5392429,46.8195855,0 -0.5399037,46.8193904,0 -0.5408449,46.8191496,0 -0.5414034,46.8190163,0 -0.5418550,46.8189268,0 -0.5425442,46.8188016,0 -0.5431884,46.8187121,0 -0.5437018,46.8186503,0 -0.5440963,46.8186113,0 -0.5446501,46.8185658,0 -0.5450613,46.8185414,0 -0.5456698,46.8185121,0 -0.5461404,46.8185072,0 -0.5465635,46.8185153,0 -0.5472510,46.8185421,0 -0.5477941,46.8185795,0 -0.5479704,46.8185918,0 -0.5485385,46.8186438,0 -0.5489878,46.8186911,0 -0.5494631,46.8187561,0 -0.5502569,46.8188765,0 -0.5506278,46.8189432,0 -0.5511982,46.8190602,0 -0.5516106,46.8191534,0 -0.5517235,46.8191790,0 -0.5524816,46.8193676,0 -0.5532161,46.8195417,0 -0.5539861,46.8197433,0 -0.5548383,46.8199536,0 -0.5549154,46.8199727,0 -0.5562036,46.8202915,0 -0.5577819,46.8206720,0 -0.5584189,46.8208249,0 -0.5593315,46.8210559,0 -0.5606524,46.8213798,0 -0.5610904,46.8214771,0 -0.5628398,46.8219081,0 -0.5639354,46.8221748,0 -0.5657133,46.8226155,0 -0.5666353,46.8228445,0 -0.5667281,46.8228676,0 -0.5676813,46.8231035,0 -0.5688719,46.8233962,0 -0.5696183,46.8235832,0 -0.5708495,46.8238824,0 -0.5719832,46.8241540,0 -0.5733238,46.8244906,0 -0.5743196,46.8247379,0 -0.5752110,46.8249558,0 -0.5761033,46.8251717,0 -0.5761854,46.8251915,0 -0.5770767,46.8254144,0 -0.5785384,46.8257721,0 -0.5796056,46.8260063,0 -0.5803614,46.8261478,0 -0.5808672,46.8262308,0 -0.5814667,46.8263120,0 -0.5820465,46.8263787,0 -0.5824316,46.8264194,0 -0.5829997,46.8264649,0 -0.5833992,46.8264882,0 -0.5838172,46.8265105,0 -0.5845921,46.8265316,0 -0.5853123,46.8265430,0 -0.5858090,46.8265365,0 -0.5865459,46.8265072,0 -0.5873277,46.8264535,0 -0.5880408,46.8263999,0 -0.5894084,46.8262889,0 -0.5895239,46.8262795,0 -0.5910071,46.8261608,0 -0.5915348,46.8261153,0 -0.5922431,46.8260616,0 -0.5928848,46.8260096,0 -0.5936311,46.8259510,0 -0.5942776,46.8259022,0 -0.5948065,46.8258549,0 -0.5951594,46.8258291,0 -0.5956918,46.8257860,0 -0.5962409,46.8257455,0 -0.5966401,46.8257160,0 -0.5970156,46.8256852,0 -0.5973710,46.8256539,0 -0.5976680,46.8256291,0 -0.5980384,46.8256012,0 -0.5984418,46.8255691,0 -0.5989372,46.8255331,0 -0.5996313,46.8254745,0 -0.6007162,46.8253900,0 -0.6015054,46.8253282,0 -0.6024014,46.8252534,0 -0.6029932,46.8252062,0 -0.6038655,46.8251346,0 -0.6045785,46.8250810,0 -0.6053416,46.8250176,0 -0.6067605,46.8249021,0 -0.6081413,46.8247931,0 -0.6088875,46.8247346,0 -0.6090326,46.8247232,0 -0.6104018,46.8246175,0 -0.6113691,46.8245378,0 -0.6122128,46.8244711,0 -0.6131255,46.8243980,0 -0.6136745,46.8243524,0 -0.6147299,46.8242711,0 -0.6159040,46.8241752,0 -0.6167953,46.8241036,0 -0.6174632,46.8240500,0 -0.6180622,46.8239996,0 -0.6187792,46.8239410,0 -0.6191792,46.8239084,0 -0.6203485,46.8238157,0 -0.6217912,46.8237036,0 -0.6231484,46.8235929,0 -0.6238140,46.8235409,0 -0.6248194,46.8234612,0 -0.6253968,46.8234173,0 -0.6259484,46.8233686,0 -0.6277856,46.8232303,0 -0.6280744,46.8232041,0 -0.6285390,46.8231620,0 -0.6296299,46.8230726,0 -0.6304357,46.8230058,0 -0.6309514,46.8229685,0 -0.6319664,46.8228871,0 -0.6332474,46.8227847,0 -0.6356195,46.8225993,0 -0.6377372,46.8224302,0 -0.6386880,46.8223455,0 -0.6396742,46.8222692,0 -0.6403350,46.8222154,0 -0.6411645,46.8221488,0 -0.6420154,46.8220479,0 -0.6429353,46.8219032,0 -0.6436577,46.8217568,0 -0.6443257,46.8216104,0 -0.6450838,46.8214104,0 -0.6455973,46.8212592,0 -0.6459238,46.8211479,0 -0.6462747,46.8210282,0 -0.6468308,46.8208249,0 -0.6474962,46.8205549,0 -0.6479408,46.8203613,0 -0.6482997,46.8201955,0 -0.6487655,46.8199645,0 -0.6491221,46.8197612,0 -0.6495189,46.8195417,0 -0.6500942,46.8191839,0 -0.6507169,46.8188032,0 -0.6513799,46.8183853,0 -0.6524851,46.8177103,0 -0.6531934,46.8173101,0 -0.6536664,46.8170873,0 -0.6540277,46.8169328,0 -0.6544817,46.8167603,0 -0.6548739,46.8166189,0 -0.6553873,46.8164578,0 -0.6558719,46.8163385,0 -0.6562192,46.8162529,0 -0.6568300,46.8161423,0 -0.6575192,46.8160366,0 -0.6581823,46.8159617,0 -0.6587386,46.8159275,0 -0.6599150,46.8159179,0 -0.6604237,46.8159325,0 -0.6608729,46.8159699,0 -0.6613435,46.8160268,0 -0.6616263,46.8160675,0 -0.6621398,46.8161520,0 -0.6625795,46.8162334,0 -0.6635064,46.8164627,0 -0.6648351,46.8168027,0 -0.6656835,46.8170239,0 -0.6664437,46.8172168,0 -0.6666128,46.8172597,0 -0.6671095,46.8173831,0 -0.6674883,46.8174691,0 -0.6678233,46.8175355,0 -0.6682824,46.8176166,0 -0.6686142,46.8176663,0 -0.6689374,46.8177135,0 -0.6697265,46.8177932,0 -0.6702182,46.8178258,0 -0.6707350,46.8178455,0 -0.6711036,46.8178491,0 -0.6712772,46.8178487,0 -0.6714092,46.8178485,0 -0.6717359,46.8178409,0 -0.6721525,46.8178260,0 -0.6727091,46.8177961,0 -0.6732243,46.8177594,0 -0.6738931,46.8176884,0 -0.6755947,46.8174403,0 -0.6764551,46.8173069,0 -0.6774297,46.8171605,0 -0.6781665,46.8170353,0 -0.6789674,46.8169035,0 -0.6797755,46.8167278,0 -0.6805907,46.8165164,0 -0.6814224,46.8162688,0 -0.6821615,46.8159923,0 -0.6829438,46.8156543,0 -0.6835427,46.8153729,0 -0.6840799,46.8150769,0 -0.6847288,46.8146849,0 -0.6852066,46.8143335,0 -0.6857531,46.8138895,0 -0.6867921,46.8130646,0 -0.6868798,46.8129949,0 -0.6872244,46.8127053,0 -0.6878353,46.8122092,0 -0.6883557,46.8117912,0 -0.6888406,46.8113845,0 -0.6892304,46.8110591,0 -0.6902484,46.8102163,0 -0.6904877,46.8100180,0 -0.6918782,46.8088842,0 -0.6928527,46.8080919,0 -0.6932400,46.8078137,0 -0.6937801,46.8074792,0 -0.6938218,46.8074533,0 -0.6943501,46.8071679,0 -0.6948824,46.8069158,0 -0.6963917,46.8063138,0 -0.6970406,46.8060731,0 -0.6975872,46.8059039,0 -0.6980626,46.8057754,0 -0.6986022,46.8056566,0 -0.6991155,46.8055541,0 -0.6996859,46.8054792,0 -0.7002896,46.8054207,0 -0.7024338,46.8052528,0 -0.7025547,46.8052433,0 -0.7047699,46.8050807,0 -0.7072227,46.8048969,0 -0.7093642,46.8047375,0 -0.7096904,46.8047057,0 -0.7099845,46.8046772,0 -0.7105479,46.8046057,0 -0.7112751,46.8044902,0 -0.7119764,46.8043502,0 -0.7125396,46.8042217,0 -0.7130839,46.8040704,0 -0.7135949,46.8039223,0 -0.7140917,46.8037450,0 -0.7144577,46.8036051,0 -0.7148499,46.8034457,0 -0.7153633,46.8032163,0 -0.7159123,46.8029413,0 -0.7162498,46.8027558,0 -0.7168131,46.8024207,0 -0.7172195,46.8021571,0 -0.7175071,46.8019473,0 -0.7180561,46.8015210,0 -0.7185244,46.8011175,0 -0.7187785,46.8008553,0 -0.7188428,46.8007888,0 -0.7190686,46.8005578,0 -0.7193040,46.8002942,0 -0.7195155,46.8000177,0 -0.7197437,46.7997117,0 -0.7199766,46.7993636,0 -0.7202855,46.7988462,0 -0.7205850,46.7983499,0 -0.7211103,46.7974827,0 -0.7214288,46.7969343,0 -0.7216760,46.7965096,0 -0.7219185,46.7961013,0 -0.7221442,46.7957498,0 -0.7223272,46.7954732,0 -0.7225316,46.7952063,0 -0.7227718,46.7949167,0 -0.7229809,46.7946824,0 -0.7232804,46.7943764,0 -0.7238745,46.7938053,0 -0.7242216,46.7935189,0 -0.7247302,46.7931593,0 -0.7251556,46.7928647,0 -0.7255145,46.7926434,0 -0.7259139,46.7924270,0 -0.7263606,46.7921927,0 -0.7268978,46.7919404,0 -0.7275110,46.7916866,0 -0.7282526,46.7914100,0 -0.7286686,46.7912733,0 -0.7294148,46.7910617,0 -0.7306032,46.7907493,0 -0.7315952,46.7904882,0 -0.7323406,46.7902920,0 -0.7338903,46.7898787,0 -0.7347912,46.7896508,0 -0.7355018,46.7894621,0 -0.7360508,46.7892896,0 -0.7369398,46.7889803,0 -0.7376242,46.7886956,0 -0.7380593,46.7884938,0 -0.7386416,46.7881895,0 -0.7391431,46.7879047,0 -0.7395852,46.7876345,0 -0.7400819,46.7872993,0 -0.7404075,46.7870601,0 -0.7408876,46.7866548,0 -0.7411045,46.7864527,0 -0.7413977,46.7861729,0 -0.7416781,46.7858818,0 -0.7419525,46.7855677,0 -0.7422186,46.7852243,0 -0.7426132,46.7846368,0 -0.7432193,46.7836440,0 -0.7436423,46.7829718,0 -0.7437820,46.7827458,0 -0.7441081,46.7822183,0 -0.7443910,46.7817576,0 -0.7446810,46.7812938,0 -0.7449353,46.7808691,0 -0.7450517,46.7806493,0 -0.7451492,46.7804507,0 -0.7452633,46.7802164,0 -0.7454274,46.7797663,0 -0.7455738,46.7793060,0 -0.7456784,46.7787949,0 -0.7457707,46.7781468,0 -0.7457827,46.7777334,0 -0.7457708,46.7772825,0 -0.7456876,46.7765646,0 -0.7455450,46.7757345,0 -0.7454665,46.7752673,0 -0.7454023,46.7748262,0 -0.7453477,46.7743248,0 -0.7453428,46.7739830,0 -0.7453500,46.7737258,0 -0.7453738,46.7733791,0 -0.7454213,46.7730454,0 -0.7454570,46.7728452,0 -0.7454927,46.7726742,0 -0.7455711,46.7723682,0 -0.7456566,46.7720605,0 -0.7457374,46.7718342,0 -0.7458350,46.7715770,0 -0.7459276,46.7713638,0 -0.7461083,46.7710056,0 -0.7462414,46.7707484,0 -0.7463863,46.7705140,0 -0.7466454,46.7701200,0 -0.7468380,46.7698498,0 -0.7472705,46.7693451,0 -0.7475652,46.7690309,0 -0.7483615,46.7682690,0 -0.7488484,46.7678086,0 -0.7494477,46.7672418,0 -0.7505362,46.7662145,0 -0.7509807,46.7658140,0 -0.7515060,46.7653158,0 -0.7517508,46.7650749,0 -0.7521287,46.7647183,0 -0.7530580,46.7638472,0 -0.7540657,46.7628769,0 -0.7545102,46.7625073,0 -0.7548453,46.7622452,0 -0.7553017,46.7619196,0 -0.7561166,46.7614108,0 -0.7561859,46.7613675,0 -0.7568229,46.7610273,0 -0.7575192,46.7607033,0 -0.7579114,46.7605388,0 -0.7586838,46.7602522,0 -0.7593708,46.7600096,0 -0.7601884,46.7597247,0 -0.7612127,46.7593551,0 -0.7625105,46.7588894,0 -0.7632425,46.7586289,0 -0.7646306,46.7581257,0 -0.7663253,46.7575347,0 -0.7668838,46.7573376,0 -0.7674970,46.7571081,0 -0.7680579,46.7568997,0 -0.7699902,46.7562173,0 -0.7702616,46.7561274,0 -0.7707960,46.7559504,0 -0.7713640,46.7557956,0 -0.7718608,46.7556800,0 -0.7724764,46.7555530,0 -0.7730992,46.7554602,0 -0.7736625,46.7553788,0 -0.7743112,46.7553234,0 -0.7748413,46.7552924,0 -0.7754569,46.7552745,0 -0.7762579,46.7552761,0 -0.7770518,46.7552925,0 -0.7776554,46.7553152,0 -0.7783756,46.7553332,0 -0.7791338,46.7553510,0 -0.7796804,46.7553430,0 -0.7800981,46.7553247,0 -0.7804624,46.7553055,0 -0.7811683,46.7552534,0 -0.7817245,46.7551915,0 -0.7820537,46.7551330,0 -0.7822474,46.7550987,0 -0.7829010,46.7549782,0 -0.7835545,46.7548137,0 -0.7841559,46.7546558,0 -0.7848690,46.7544603,0 -0.7853704,46.7543252,0 -0.7858767,46.7542177,0 -0.7863212,46.7541281,0 -0.7869201,46.7540354,0 -0.7874645,46.7539718,0 -0.7879445,46.7539327,0 -0.7883462,46.7539116,0 -0.7888478,46.7539115,0 -0.7891790,46.7539203,0 -0.7894490,46.7539327,0 -0.7897001,46.7539428,0 -0.7899553,46.7539604,0 -0.7903399,46.7539874,0 -0.7906018,46.7540142,0 -0.7915738,46.7540972,0 -0.7926529,46.7541900,0 -0.7937155,46.7542894,0 -0.7948919,46.7543936,0 -0.7960623,46.7545086,0 -0.7961517,46.7545173,0 -0.7970358,46.7546085,0 -0.7980293,46.7546981,0 -0.7989063,46.7547795,0 -0.7996134,46.7548333,0 -0.7996763,46.7548381,0 -0.8001280,46.7548821,0 -0.8006462,46.7549114,0 -0.8011453,46.7549326,0 -0.8016728,46.7549391,0 -0.8023740,46.7549179,0 -0.8027007,46.7549013,0 -0.8030325,46.7548755,0 -0.8032215,46.7548595,0 -0.8034674,46.7548365,0 -0.8037270,46.7548090,0 -0.8039879,46.7547779,0 -0.8043016,46.7547284,0 -0.8046653,46.7546671,0 -0.8050630,46.7545953,0 -0.8054971,46.7545076,0 -0.8056394,46.7544754,0 -0.8063029,46.7543252,0 -0.8073297,46.7540728,0 -0.8096376,46.7535110,0 -0.8102074,46.7533734,0 -0.8103109,46.7533559,0 -0.8106337,46.7533012,0 -0.8108869,46.7532414,0 -0.8119541,46.7529894,0 -0.8130536,46.7527221,0 -0.8141128,46.7524693,0 -0.8141310,46.7524649,0 -0.8155327,46.7521219,0 -0.8158470,46.7520377,0 -0.8160098,46.7519905,0 -0.8164518,46.7518622,0 -0.8169928,46.7517346,0 -0.8178017,46.7515438,0 -0.8201715,46.7509738,0 -0.8208821,46.7508029,0 -0.8218542,46.7505699,0 -0.8228858,46.7503175,0 -0.8234777,46.7501726,0 -0.8241954,46.7500016,0 -0.8251223,46.7497769,0 -0.8267552,46.7493860,0 -0.8282164,46.7490339,0 -0.8286542,46.7489284,0 -0.8305153,46.7484691,0 -0.8327400,46.7479430,0 -0.8345727,46.7474972,0 -0.8346343,46.7474822,0 -0.8354328,46.7472884,0 -0.8362504,46.7470799,0 -0.8372060,46.7468633,0 -0.8380687,46.7467037,0 -0.8388911,46.7465864,0 -0.8395043,46.7465245,0 -0.8402483,46.7464773,0 -0.8407664,46.7464594,0 -0.8413606,46.7464447,0 -0.8422495,46.7464235,0 -0.8430743,46.7464089,0 -0.8439251,46.7463877,0 -0.8449685,46.7463682,0 -0.8459454,46.7463405,0 -0.8468985,46.7463144,0 -0.8475696,46.7462938,0 -0.8476401,46.7462916,0 -0.8481605,46.7462851,0 -0.8488831,46.7462623,0 -0.8493847,46.7462281,0 -0.8497060,46.7462028,0 -0.8500263,46.7461776,0 -0.8503343,46.7461473,0 -0.8506538,46.7461060,0 -0.8510490,46.7460460,0 -0.8513907,46.7459871,0 -0.8517675,46.7459126,0 -0.8521821,46.7458226,0 -0.8524508,46.7457600,0 -0.8527763,46.7456825,0 -0.8531479,46.7455849,0 -0.8539147,46.7453736,0 -0.8548441,46.7451173,0 -0.8568929,46.7445636,0 -0.8583997,46.7441548,0 -0.8590636,46.7439767,0 -0.8593102,46.7439105,0 -0.8600802,46.7437102,0 -0.8607909,46.7435131,0 -0.8610677,46.7434315,0 -0.8613684,46.7433405,0 -0.8617068,46.7432241,0 -0.8620410,46.7431043,0 -0.8623256,46.7429944,0 -0.8623509,46.7429846,0 -0.8626567,46.7428551,0 -0.8629946,46.7427021,0 -0.8632603,46.7425717,0 -0.8635965,46.7424024,0 -0.8640042,46.7421743,0 -0.8642620,46.7420158,0 -0.8645723,46.7418250,0 -0.8647221,46.7417328,0 -0.8655207,46.7411775,0 -0.8668897,46.7401985,0 -0.8683066,46.7392105,0 -0.8685226,46.7390600,0 -0.8691262,46.7386723,0 -0.8696468,46.7383580,0 -0.8699129,46.7382271,0 -0.8702267,46.7380728,0 -0.8706936,46.7378612,0 -0.8710444,46.7377161,0 -0.8719571,46.7373952,0 -0.8722779,46.7372878,0 -0.8725794,46.7371984,0 -0.8728580,46.7371199,0 -0.8732524,46.7370238,0 -0.8741318,46.7368235,0 -0.8759287,46.7364195,0 -0.8767225,46.7362485,0 -0.8772203,46.7361363,0 -0.8778277,46.7359993,0 -0.8788830,46.7357614,0 -0.8797838,46.7355594,0 -0.8822937,46.7349958,0 -0.8833964,46.7347422,0 -0.8845611,46.7344989,0 -0.8854310,46.7343100,0 -0.8864246,46.7340835,0 -0.8875036,46.7338474,0 -0.8879911,46.7337369,0 -0.8889060,46.7335297,0 -0.8906386,46.7331501,0 -0.8917106,46.7329074,0 -0.8935122,46.7325083,0 -0.8947291,46.7322427,0 -0.8957891,46.7320032,0 -0.8964285,46.7318582,0 -0.8969561,46.7317393,0 -0.8982609,46.7314477,0 -0.8989811,46.7312832,0 -0.9008137,46.7308759,0 -0.9018814,46.7306392,0 -0.9025107,46.7304996,0 -0.9043241,46.7300972,0 -0.9057871,46.7297827,0 -0.9061406,46.7297031,0 -0.9062580,46.7296766,0 -0.9066855,46.7295800,0 -0.9077824,46.7293510,0 -0.9085097,46.7292305,0 -0.9097813,46.7290513,0 -0.9106964,46.7289307,0 -0.9114736,46.7288216,0 -0.9134296,46.7285397,0 -0.9143909,46.7284089,0 -0.9155926,46.7282432,0 -0.9163980,46.7281362,0 -0.9165004,46.7281226,0 -0.9179623,46.7279157,0 -0.9203248,46.7275622,0 -0.9225376,46.7272510,0 -0.9243155,46.7269969,0 -0.9249334,46.7269072,0 -0.9258859,46.7267770,0 -0.9259578,46.7267672,0 -0.9269014,46.7266335,0 -0.9285532,46.7264087,0 -0.9293540,46.7262926,0 -0.9295086,46.7262702,0 -0.9301979,46.7261790,0 -0.9310773,46.7260633,0 -0.9314671,46.7260160,0 -0.9318759,46.7259607,0 -0.9323085,46.7258873,0 -0.9331119,46.7257391,0 -0.9336419,46.7256250,0 -0.9342741,46.7254393,0 -0.9349349,46.7252340,0 -0.9356930,46.7249358,0 -0.9363229,46.7246442,0 -0.9367959,46.7244014,0 -0.9383005,46.7235379,0 -0.9398121,46.7227232,0 -0.9410171,46.7220519,0 -0.9421628,46.7214229,0 -0.9423432,46.7213159,0 -0.9424836,46.7212358,0 -0.9426666,46.7211313,0 -0.9428850,46.7209927,0 -0.9431159,46.7208396,0 -0.9436244,46.7204974,0 -0.9439977,46.7201879,0 -0.9442852,46.7199467,0 -0.9446560,46.7196240,0 -0.9449293,46.7193438,0 -0.9454237,46.7188011,0 -0.9459774,46.7180582,0 -0.9463173,46.7175122,0 -0.9469115,46.7163210,0 -0.9473751,46.7153922,0 -0.9477957,46.7145692,0 -0.9481044,46.7139670,0 -0.9483804,46.7134285,0 -0.9488748,46.7124458,0 -0.9494737,46.7112839,0 -0.9499847,46.7102572,0 -0.9501626,46.7099660,0 -0.9503246,46.7097014,0 -0.9506265,46.7092809,0 -0.9509165,46.7089142,0 -0.9517816,46.7078614,0 -0.9525945,46.7069047,0 -0.9533051,46.7060164,0 -0.9538566,46.7053791,0 -0.9545862,46.7045234,0 -0.9553943,46.7035731,0 -0.9561669,46.7026458,0 -0.9570320,46.7016172,0 -0.9575381,46.7010157,0 -0.9582410,46.7001790,0 -0.9584391,46.6999431,0 -0.9592685,46.6989521,0 -0.9607801,46.6971492,0 -0.9611865,46.6966422,0 -0.9612723,46.6965483,0 -0.9614290,46.6963863,0 -0.9615864,46.6962399,0 -0.9617902,46.6960521,0 -0.9620612,46.6958272,0 -0.9623046,46.6956468,0 -0.9625414,46.6954783,0 -0.9628979,46.6952484,0 -0.9630987,46.6951310,0 -0.9633091,46.6950104,0 -0.9636322,46.6948491,0 -0.9638364,46.6947468,0 -0.9641314,46.6946110,0 -0.9643753,46.6945045,0 -0.9647636,46.6943518,0 -0.9651304,46.6942214,0 -0.9652224,46.6941888,0 -0.9672687,46.6935628,0 -0.9684120,46.6931911,0 -0.9692391,46.6929449,0 -0.9697359,46.6927901,0 -0.9701352,46.6926612,0 -0.9706272,46.6924835,0 -0.9711121,46.6922765,0 -0.9716777,46.6920205,0 -0.9720153,46.6918510,0 -0.9724193,46.6916228,0 -0.9725934,46.6915186,0 -0.9728281,46.6913668,0 -0.9729646,46.6912661,0 -0.9730871,46.6911630,0 -0.9733272,46.6909707,0 -0.9734719,46.6908511,0 -0.9736861,46.6906739,0 -0.9740189,46.6903413,0 -0.9741757,46.6901685,0 -0.9743683,46.6899305,0 -0.9745751,46.6896680,0 -0.9747865,46.6893745,0 -0.9749434,46.6891087,0 -0.9751004,46.6888170,0 -0.9751548,46.6886999,0 -0.9752097,46.6885691,0 -0.9752592,46.6884435,0 -0.9753047,46.6883050,0 -0.9753594,46.6881305,0 -0.9756541,46.6871523,0 -0.9758311,46.6866087,0 -0.9759631,46.6862034,0 -0.9760486,46.6859914,0 -0.9761936,46.6856946,0 -0.9763981,46.6853343,0 -0.9767593,46.6848142,0 -0.9771658,46.6843397,0 -0.9776007,46.6839256,0 -0.9778122,46.6837315,0 -0.9780523,46.6835424,0 -0.9782971,46.6833565,0 -0.9785276,46.6832000,0 -0.9787653,46.6830467,0 -0.9790481,46.6828755,0 -0.9792525,46.6827597,0 -0.9795188,46.6826162,0 -0.9797201,46.6825184,0 -0.9799276,46.6824222,0 -0.9806216,46.6821123,0 -0.9814191,46.6817686,0 -0.9817149,46.6816412,0 -0.9832170,46.6809742,0 -0.9845385,46.6804230,0 -0.9851897,46.6801377,0 -0.9856200,46.6799600,0 -0.9862664,46.6796779,0 -0.9870224,46.6793582,0 -0.9895560,46.6782885,0 -0.9906184,46.6778612,0 -0.9909346,46.6777485,0 -0.9914147,46.6775775,0 -0.9918449,46.6774552,0 -0.9924510,46.6773003,0 -0.9928236,46.6772235,0 -0.9932138,46.6771519,0 -0.9938366,46.6770769,0 -0.9943619,46.6770410,0 -0.9948848,46.6770231,0 -0.9955265,46.6770165,0 -0.9959329,46.6770280,0 -0.9964178,46.6770688,0 -0.9969359,46.6771225,0 -0.9973851,46.6771960,0 -0.9978034,46.6772644,0 -0.9982431,46.6773492,0 -0.9986638,46.6774487,0 -0.9990109,46.6775498,0 -0.9993435,46.6776590,0 -0.9997239,46.6778025,0 -1.0001350,46.6779689,0 -1.0007197,46.6782102,0 -1.0013378,46.6784809,0 -1.0022361,46.6788592,0 -1.0025528,46.6789883,0 -1.0028779,46.6791104,0 -1.0035577,46.6793159,0 -1.0040837,46.6794522,0 -1.0041994,46.6794822,0 -1.0050217,46.6796803,0 -1.0056231,46.6798254,0 -1.0065524,46.6800537,0 -1.0075935,46.6803098,0 -1.0082899,46.6804875,0 -1.0092715,46.6807288,0 -1.0100677,46.6809229,0 -1.0108093,46.6811055,0 -1.0121047,46.6814251,0 -1.0125657,46.6815360,0 -1.0138111,46.6818311,0 -1.0148450,46.6820692,0 -1.0153989,46.6822111,0 -1.0158670,46.6823235,0 -1.0162402,46.6824100,0 -1.0165920,46.6824817,0 -1.0169675,46.6825551,0 -1.0173550,46.6826269,0 -1.0177019,46.6826822,0 -1.0181440,46.6827443,0 -1.0185981,46.6827932,0 -1.0190591,46.6828307,0 -1.0194346,46.6828600,0 -1.0200098,46.6828959,0 -1.0204471,46.6829089,0 -1.0209088,46.6829170,0 -1.0210056,46.6829187,0 -1.0212719,46.6829145,0 -1.0216427,46.6829040,0 -1.0219608,46.6828909,0 -1.0223296,46.6828763,0 -1.0229071,46.6828404,0 -1.0235536,46.6827785,0 -1.0240717,46.6827197,0 -1.0244092,46.6826724,0 -1.0249036,46.6825942,0 -1.0253504,46.6825160,0 -1.0257664,46.6824279,0 -1.0260730,46.6823594,0 -1.0267053,46.6821980,0 -1.0274990,46.6819795,0 -1.0286518,46.6816468,0 -1.0305058,46.6811088,0 -1.0324595,46.6805461,0 -1.0343822,46.6799967,0 -1.0359034,46.6795417,0 -1.0372359,46.6791616,0 -1.0372582,46.6791552,0 -1.0376736,46.6790169,0 -1.0381684,46.6788635,0 -1.0390598,46.6786383,0 -1.0393926,46.6785535,0 -1.0400248,46.6784230,0 -1.0406950,46.6783171,0 -1.0411942,46.6782584,0 -1.0416600,46.6782160,0 -1.0425417,46.6781719,0 -1.0432121,46.6781670,0 -1.0436161,46.6781621,0 -1.0441058,46.6781768,0 -1.0444575,46.6782012,0 -1.0448853,46.6782518,0 -1.0452486,46.6783041,0 -1.0456173,46.6783561,0 -1.0462971,46.6784687,0 -1.0466061,46.6785339,0 -1.0470814,46.6786563,0 -1.0473905,46.6787378,0 -1.0478206,46.6788699,0 -1.0482437,46.6790117,0 -1.0488284,46.6792253,0 -1.0491994,46.6793888,0 -1.0495058,46.6795237,0 -1.0500667,46.6797912,0 -1.0505848,46.6800716,0 -1.0512456,46.6804744,0 -1.0517115,46.6808104,0 -1.0522296,46.6812212,0 -1.0527430,46.6817170,0 -1.0530663,46.6820887,0 -1.0533943,46.6824605,0 -1.0536985,46.6829007,0 -1.0539694,46.6832953,0 -1.0542242,46.6837535,0 -1.0542333,46.6837698,0 -1.0543996,46.6841188,0 -1.0545898,46.6845541,0 -1.0547751,46.6849715,0 -1.0548607,46.6853465,0 -1.0549107,46.6857199,0 -1.0549344,46.6860851,0 -1.0549326,46.6862892,0 -1.0549321,46.6863591,0 -1.0549011,46.6866476,0 -1.0548597,46.6870177,0 -1.0548302,46.6872772,0 -1.0548173,46.6877589,0 -1.0547766,46.6881570,0 -1.0547459,46.6883777,0 -1.0547287,46.6885018,0 -1.0546546,46.6890587,0 -1.0546096,46.6893892,0 -1.0545967,46.6895683,0 -1.0545882,46.6897959,0 -1.0545882,46.6899943,0 -1.0545946,46.6902542,0 -1.0545991,46.6903172,0 -1.0546095,46.6904627,0 -1.0546417,46.6907006,0 -1.0546995,46.6909444,0 -1.0548045,46.6912601,0 -1.0550272,46.6918388,0 -1.0552177,46.6922543,0 -1.0553676,46.6925436,0 -1.0555452,46.6928167,0 -1.0557250,46.6930591,0 -1.0560098,46.6933660,0 -1.0563095,46.6936405,0 -1.0566199,46.6938843,0 -1.0569111,46.6940928,0 -1.0572888,46.6943326,0 -1.0577461,46.6946127,0 -1.0580340,46.6947670,0 -1.0583293,46.6949104,0 -1.0585951,46.6950474,0 -1.0591279,46.6952950,0 -1.0596261,46.6955049,0 -1.0599858,46.6956229,0 -1.0603324,46.6957100,0 -1.0606102,46.6957692,0 -1.0609856,46.6958311,0 -1.0612889,46.6958619,0 -1.0616083,46.6958867,0 -1.0618781,46.6958918,0 -1.0618960,46.6958913,0 -1.0621359,46.6958852,0 -1.0627889,46.6958498,0 -1.0638662,46.6957597,0 -1.0647386,46.6956829,0 -1.0652900,46.6956356,0 -1.0661790,46.6955589,0 -1.0665855,46.6955232,0 -1.0672319,46.6954596,0 -1.0678594,46.6953764,0 -1.0682849,46.6953063,0 -1.0690122,46.6951514,0 -1.0696658,46.6949900,0 -1.0703741,46.6947618,0 -1.0708803,46.6945662,0 -1.0713770,46.6943738,0 -1.0721852,46.6939924,0 -1.0727488,46.6937135,0 -1.0731573,46.6935115,0 -1.0744646,46.6928609,0 -1.0752037,46.6924974,0 -1.0762852,46.6919627,0 -1.0769197,46.6916203,0 -1.0773999,46.6913301,0 -1.0778419,46.6910138,0 -1.0783172,46.6906291,0 -1.0786168,46.6903536,0 -1.0790969,46.6898644,0 -1.0794319,46.6894650,0 -1.0796673,46.6891291,0 -1.0798266,46.6888879,0 -1.0799240,46.6887444,0 -1.0800095,46.6885780,0 -1.0801046,46.6884101,0 -1.0803790,46.6877288,0 -1.0804041,46.6876667,0 -1.0807202,46.6866379,0 -1.0810054,46.6857802,0 -1.0812883,46.6848720,0 -1.0816401,46.6837470,0 -1.0819229,46.6828241,0 -1.0822936,46.6816354,0 -1.0825075,46.6809522,0 -1.0828308,46.6799869,0 -1.0829131,46.6797297,0 -1.0831898,46.6788650,0 -1.0835653,46.6776501,0 -1.0840097,46.6764303,0 -1.0842260,46.6759346,0 -1.0844494,46.6755480,0 -1.0848036,46.6750784,0 -1.0851149,46.6746886,0 -1.0854097,46.6743396,0 -1.0858779,46.6738569,0 -1.0861156,46.6736400,0 -1.0865767,46.6732454,0 -1.0869807,46.6729322,0 -1.0878030,46.6723533,0 -1.0890557,46.6714546,0 -1.0901466,46.6707305,0 -1.0913635,46.6698628,0 -1.0924425,46.6690995,0 -1.0937570,46.6681992,0 -1.0942691,46.6678454,0 -1.0948194,46.6674653,0 -1.0953042,46.6671537,0 -1.0957273,46.6669205,0 -1.0963715,46.6665959,0 -1.0977570,46.6660006,0 -1.0988005,46.6655765,0 -1.0994874,46.6652959,0 -1.1001624,46.6650203,0 -1.1009611,46.6646631,0 -1.1014602,46.6643923,0 -1.1022041,46.6639683,0 -1.1028933,46.6635033,0 -1.1034097,46.6631064,0 -1.1035065,46.6630320,0 -1.1039082,46.6626535,0 -1.1041768,46.6623762,0 -1.1044833,46.6620450,0 -1.1048114,46.6616846,0 -1.1051441,46.6613371,0 -1.1055863,46.6608804,0 -1.1059118,46.6605509,0 -1.1059748,46.6604956,0 -1.1068578,46.6597206,0 -1.1071359,46.6595297,0 -1.1075542,46.6592899,0 -1.1081198,46.6590044,0 -1.1085216,46.6588201,0 -1.1089233,46.6586635,0 -1.1092774,46.6585493,0 -1.1099786,46.6583601,0 -1.1105276,46.6582410,0 -1.1108722,46.6581970,0 -1.1113499,46.6581545,0 -1.1118918,46.6581219,0 -1.1124337,46.6580877,0 -1.1129044,46.6580828,0 -1.1133655,46.6580827,0 -1.1142282,46.6580811,0 -1.1146584,46.6580730,0 -1.1150078,46.6580714,0 -1.1155236,46.6580518,0 -1.1159989,46.6580273,0 -1.1163816,46.6579881,0 -1.1166431,46.6579588,0 -1.1170399,46.6578919,0 -1.1174036,46.6578299,0 -1.1176628,46.6577761,0 -1.1180668,46.6576831,0 -1.1183711,46.6576031,0 -1.1186595,46.6575253,0 -1.1187822,46.6574922,0 -1.1191767,46.6573535,0 -1.1193764,46.6572737,0 -1.1198065,46.6571007,0 -1.1201393,46.6569588,0 -1.1204650,46.6568006,0 -1.1207478,46.6566569,0 -1.1209760,46.6565313,0 -1.1211376,46.6564286,0 -1.1214157,46.6562557,0 -1.1216486,46.6561007,0 -1.1218887,46.6559326,0 -1.1220765,46.6557825,0 -1.1222547,46.6556292,0 -1.1223997,46.6555069,0 -1.1226801,46.6552475,0 -1.1227124,46.6552124,0 -1.1228893,46.6550207,0 -1.1231365,46.6547238,0 -1.1233504,46.6544464,0 -1.1241252,46.6534562,0 -1.1247265,46.6526910,0 -1.1250973,46.6522995,0 -1.1256060,46.6518524,0 -1.1262382,46.6513597,0 -1.1265353,46.6511949,0 -1.1270249,46.6509420,0 -1.1274955,46.6507217,0 -1.1281491,46.6504917,0 -1.1285579,46.6503580,0 -1.1289977,46.6502470,0 -1.1293992,46.6501573,0 -1.1297701,46.6500936,0 -1.1302764,46.6500251,0 -1.1307203,46.6499898,0 -1.1308302,46.6499810,0 -1.1310370,46.6499729,0 -1.1314409,46.6499664,0 -1.1319353,46.6499680,0 -1.1325177,46.6499990,0 -1.1330192,46.6500398,0 -1.1339794,46.6501181,0 -1.1358595,46.6502796,0 -1.1368127,46.6503588,0 -1.1369788,46.6503726,0 -1.1382504,46.6504820,0 -1.1390349,46.6505439,0 -1.1397265,46.6506027,0 -1.1404609,46.6506500,0 -1.1411454,46.6506793,0 -1.1417064,46.6506712,0 -1.1423624,46.6506402,0 -1.1426951,46.6506059,0 -1.1431895,46.6505488,0 -1.1436291,46.6504950,0 -1.1441211,46.6504118,0 -1.1447747,46.6502878,0 -1.1455116,46.6501328,0 -1.1463958,46.6499370,0 -1.1471516,46.6497984,0 -1.1476584,46.6497197,0 -1.1480452,46.6496596,0 -1.1487060,46.6496009,0 -1.1491409,46.6495748,0 -1.1497827,46.6495618,0 -1.1502177,46.6495568,0 -1.1509212,46.6495911,0 -1.1517200,46.6496545,0 -1.1527084,46.6497330,0 -1.1536877,46.6497983,0 -1.1544484,46.6498554,0 -1.1552494,46.6499158,0 -1.1560867,46.6499707,0 -1.1561691,46.6499761,0 -1.1571554,46.6500463,0 -1.1587646,46.6501606,0 -1.1597248,46.6502242,0 -1.1608586,46.6503057,0 -1.1622989,46.6504086,0 -1.1644832,46.6505651,0 -1.1654101,46.6506337,0 -1.1665415,46.6507201,0 -1.1676157,46.6507904,0 -1.1684405,46.6508425,0 -1.1692558,46.6508980,0 -1.1703942,46.6509861,0 -1.1713331,46.6510530,0 -1.1720854,46.6511076,0 -1.1722767,46.6511215,0 -1.1731585,46.6511851,0 -1.1740544,46.6512504,0 -1.1747866,46.6513026,0 -1.1756231,46.6513613,0 -1.1763552,46.6514152,0 -1.1776085,46.6515051,0 -1.1776957,46.6515114,0 -1.1785989,46.6515686,0 -1.1792812,46.6516112,0 -1.1793548,46.6516159,0 -1.1807262,46.6517187,0 -1.1823495,46.6518410,0 -1.1833264,46.6519096,0 -1.1842129,46.6519699,0 -1.1851993,46.6520417,0 -1.1859338,46.6520955,0 -1.1865279,46.6521346,0 -1.1870603,46.6521739,0 -1.1877519,46.6522293,0 -1.1889507,46.6523654,0 -1.1893039,46.6524055,0 -1.1899196,46.6524936,0 -1.1905067,46.6525784,0 -1.1911673,46.6526861,0 -1.1917902,46.6527987,0 -1.1923034,46.6528933,0 -1.1928074,46.6529945,0 -1.1932733,46.6530956,0 -1.1938437,46.6532294,0 -1.1943024,46.6533436,0 -1.1947469,46.6534561,0 -1.1952151,46.6535769,0 -1.1956666,46.6536960,0 -1.1961800,46.6538461,0 -1.1969502,46.6540875,0 -1.1987469,46.6546650,0 -1.1993860,46.6548668,0 -1.2003489,46.6551708,0 -1.2019367,46.6556863,0 -1.2037216,46.6562556,0 -1.2051192,46.6567157,0 -1.2064739,46.6571448,0 -1.2076694,46.6575314,0 -1.2082731,46.6577125,0 -1.2087200,46.6578560,0 -1.2091621,46.6580012,0 -1.2109043,46.6585444,0 -1.2124873,46.6590616,0 -1.2133832,46.6593422,0 -1.2148047,46.6598038,0 -1.2157186,46.6601000,0 -1.2164304,46.6603307,0 -1.2171077,46.6605492,0 -1.2185956,46.6610174,0 -1.2201833,46.6615231,0 -1.2216806,46.6620043,0 -1.2218925,46.6620736,0 -1.2235417,46.6626127,0 -1.2258163,46.6633321,0 -1.2275918,46.6639079,0 -1.2291866,46.6644185,0 -1.2309834,46.6649763,0 -1.2312508,46.6650639,0 -1.2321602,46.6653617,0 -1.2323429,46.6654216,0 -1.2339615,46.6659435,0 -1.2360746,46.6666089,0 -1.2382968,46.6673397,0 -1.2389312,46.6675402,0 -1.2398346,46.6678257,0 -1.2420996,46.6685483,0 -1.2440701,46.6691697,0 -1.2454272,46.6696035,0 -1.2467748,46.6700275,0 -1.2483791,46.6705462,0 -1.2494321,46.6708724,0 -1.2507465,46.6713078,0 -1.2528072,46.6719814,0 -1.2544280,46.6724902,0 -1.2561298,46.6730382,0 -1.2574134,46.6734476,0 -1.2579956,46.6736269,0 -1.2586659,46.6738536,0 -1.2591556,46.6740053,0 -1.2596856,46.6741635,0 -1.2600730,46.6742711,0 -1.2604390,46.6743788,0 -1.2607932,46.6744684,0 -1.2616202,46.6746707,0 -1.2622691,46.6748158,0 -1.2626880,46.6748954,0 -1.2634528,46.6750409,0 -1.2641754,46.6751648,0 -1.2650310,46.6752855,0 -1.2660245,46.6754029,0 -1.2670798,46.6754975,0 -1.2675598,46.6755366,0 -1.2690293,46.6756613,0 -1.2705963,46.6757943,0 -1.2710407,46.6758383,0 -1.2729992,46.6760063,0 -1.2748649,46.6761645,0 -1.2766523,46.6763161,0 -1.2790576,46.6765217,0 -1.2817267,46.6767564,0 -1.2822509,46.6768005,0 -1.2835688,46.6769114,0 -1.2841000,46.6769559,0 -1.2859623,46.6771119,0 -1.2876782,46.6772570,0 -1.2890592,46.6773728,0 -1.2910961,46.6775555,0 -1.2923735,46.6776618,0 -1.2932114,46.6777316,0 -1.2943452,46.6778295,0 -1.2964082,46.6780039,0 -1.2971421,46.6780696,0 -1.2974302,46.6780953,0 -1.2988586,46.6782175,0 -1.3000732,46.6783219,0 -1.3024357,46.6785225,0 -1.3049052,46.6787378,0 -1.3063545,46.6788595,0 -1.3070991,46.6789220,0 -1.3093570,46.6791144,0 -1.3112941,46.6792824,0 -1.3133595,46.6794585,0 -1.3150851,46.6796053,0 -1.3170673,46.6797667,0 -1.3191018,46.6799428,0 -1.3211958,46.6801239,0 -1.3234252,46.6803179,0 -1.3240299,46.6803680,0 -1.3253765,46.6804793,0 -1.3275038,46.6806571,0 -1.3300350,46.6808691,0 -1.3311793,46.6809674,0 -1.3325949,46.6810891,0 -1.3356990,46.6813533,0 -1.3377454,46.6815246,0 -1.3403646,46.6817479,0 -1.3426915,46.6819436,0 -1.3442863,46.6820838,0 -1.3470054,46.6823122,0 -1.3489802,46.6824754,0 -1.3492347,46.6824964,0 -1.3512432,46.6826676,0 -1.3539265,46.6829024,0 -1.3565720,46.6831209,0 -1.3588014,46.6833070,0 -1.3589559,46.6833198,0 -1.3613161,46.6835269,0 -1.3637546,46.6837340,0 -1.3662050,46.6839362,0 -1.3683204,46.6841155,0 -1.3705260,46.6842998,0 -1.3723753,46.6844595,0 -1.3743243,46.6846291,0 -1.3766511,46.6848264,0 -1.3780962,46.6849455,0 -1.3798907,46.6850971,0 -1.3811884,46.6851981,0 -1.3828687,46.6853433,0 -1.3833629,46.6853855,0 -1.3850839,46.6855325,0 -1.3867501,46.6856726,0 -1.3875773,46.6857493,0 -1.3880573,46.6857900,0 -1.3886373,46.6858145,0 -1.3894430,46.6858406,0 -1.3903723,46.6858651,0 -1.3927182,46.6858928,0 -1.3930215,46.6858917,0 -1.3950166,46.6858846,0 -1.3972460,46.6859075,0 -1.3997155,46.6859205,0 -1.4022539,46.6859254,0 -1.4048945,46.6859319,0 -1.4071311,46.6859401,0 -1.4081796,46.6859472,0 -1.4097599,46.6859580,0 -1.4116482,46.6859580,0 -1.4118989,46.6859580,0 -1.4130042,46.6859596,0 -1.4143327,46.6859645,0 -1.4165622,46.6859564,0 -1.4186799,46.6859596,0 -1.4208594,46.6859564,0 -1.4226159,46.6859433,0 -1.4241238,46.6859520,0 -1.4248715,46.6859563,0 -1.4261074,46.6859596,0 -1.4270962,46.6859661,0 -1.4280920,46.6859319,0 -1.4288668,46.6858683,0 -1.4294183,46.6857884,0 -1.4298033,46.6857199,0 -1.4300112,46.6856751,0 -1.4301432,46.6856465,0 -1.4303618,46.6855927,0 -1.4308396,46.6854623,0 -1.4312152,46.6853629,0 -1.4317309,46.6851867,0 -1.4320778,46.6850416,0 -1.4325081,46.6848345,0 -1.4331879,46.6844726,0 -1.4337013,46.6841710,0 -1.4338700,46.6840487,0 -1.4343096,46.6837160,0 -1.4345569,46.6835122,0 -1.4347542,46.6833264,0 -1.4349966,46.6830736,0 -1.4352842,46.6827393,0 -1.4354981,46.6824621,0 -1.4357619,46.6820578,0 -1.4359592,46.6817332,0 -1.4360437,46.6815832,0 -1.4362230,46.6812653,0 -1.4363847,46.6809114,0 -1.4364176,46.6808205,0 -1.4364355,46.6807291,0 -1.4364580,46.6805497,0 -1.4364681,46.6803961,0 -1.4364882,46.6801122,0 -1.4364458,46.6796247,0 -1.4364419,46.6789994,0 -1.4363035,46.6771899,0 -1.4362274,46.6762684,0 -1.4361775,46.6756773,0 -1.4361490,46.6753373,0 -1.4361320,46.6751154,0 -1.4361180,46.6749329,0 -1.4360942,46.6746997,0 -1.4360966,46.6744437,0 -1.4361133,46.6742414,0 -1.4361323,46.6740979,0 -1.4361656,46.6738321,0 -1.4361862,46.6736189,0 -1.4362012,46.6734635,0 -1.4362036,46.6733298,0 -1.4361536,46.6727198,0 -1.4361202,46.6723127,0</coordinates>
      </LineString>
    </Placemark>
    <Placemark>
      <name>Alençon</name>
      <description>K39 - Tours ↔ Le Mans ↔ Caen</description>
      <styleUrl>#SNCF_GARE</styleUrl>
      <Point>
        <coordinates>0.0991464,48.4339402,0</coordinates>
      </Point>
    </Placemark>
    <Placemark>
      <name>Amboise</name>
      <description>K1 - Orléans ↔ Nantes ↔ Le Croisic&lt;br/&gt;K16 - Orléans ↔ Tours&lt;br/&gt;K6+ - Paris Austerlitz ↔ Les Aubrais ↔ Tours&lt;br/&gt;P6 - Blois ↔ Tours</description>
      <styleUrl>#SNCF_GARE</styleUrl>
      <Point>
        <coordinates>0.9811901,47.4215276,0</coordinates>
      </Point>
    </Placemark>
    <Placemark>
      <name>Ancenis</name>
      <description>K1 - Orléans ↔ Nantes ↔ Le Croisic</description>
      <styleUrl>#SNCF_GARE</styleUrl>
      <Point>
        <coordinates>-1.1778425,47.3694916,0</coordinates>
      </Point>
    </Placemark>
    <Placemark>
      <name>Angers Saint-Laud</name>
      <description>K1 - Orléans ↔ Nantes ↔ Le Croisic&lt;br/&gt;P1 - Tours ↔ Saumur ↔ Angers</description>
      <styleUrl>#SNCF_GARE</styleUrl>
      <Point>
        <coordinates>-0.5567722,47.4643721,0</coordinates>
      </Point>
    </Placemark>
    <Placemark>
      <name>Argentan</name>
      <description>K39 - Tours ↔ Le Mans ↔ Caen</description>
      <styleUrl>#SNCF_GARE</styleUrl>
      <Point>
        <coordinates>-0.0257906,48.7385816,0</coordinates>
      </Point>
    </Placemark>
    <Placemark>
      <name>Arnage</name>
      <description>P30 - Tours ↔ Château-du-Loir ↔ Le Mans</description>
      <styleUrl>#SNCF_GARE</styleUrl>
      <Point>
        <coordinates>0.1899657,47.9293150,0</coordinates>
      </Point>
    </Placemark>
    <Placemark>
      <name>Aubigné-Racan</name>
      <description>P30 - Tours ↔ Château-du-Loir ↔ Le Mans</description>
      <styleUrl>#SNCF_GARE</styleUrl>
      <Point>
        <coordinates>0.2649026,47.6873506,0</coordinates>
      </Point>
    </Placemark>
    <Placemark>
      <name>Avord</name>
      <description>P7 - Tours ↔ Vierzon ↔ Nevers</description>
      <styleUrl>#SNCF_GARE</styleUrl>
      <Point>
        <coordinates>2.6525505,47.0348135,0</coordinates>
      </Point>
    </Placemark>
    <Placemark>
      <name>Azay-sur-Cher</name>
      <description>P17 - Tours ↔ Bléré ↔ Saint-Aignan-Noyers</description>
      <styleUrl>#SNCF_GARE</styleUrl>
      <Point>
        <coordinates>0.8603496,47.3650868,0</coordinates>
      </Point>
    </Placemark>
    <Placemark>
      <name>Batz-sur-Mer</name>
      <description>K1 - Orléans ↔ Nantes ↔ Le Croisic</description>
      <styleUrl>#SNCF_GARE</styleUrl>
      <Point>
        <coordinates>-2.4790683,47.2809496,0</coordinates>
      </Point>
    </Placemark>
    <Placemark>
      <name>Baule</name>
      <description>P16 - Orléans ↔ Blois</description>
      <styleUrl>#SNCF_GARE</styleUrl>
      <Point>
        <coordinates>1.6678990,47.8114870,0</coordinates>
      </Point>
    </Placemark>
    <Placemark>
      <name>Beaugency</name>
      <description>K1 - Orléans ↔ Nantes ↔ Le Croisic&lt;br/&gt;K16 - Orléans ↔ Tours&lt;br/&gt;K6+ - Paris Austerlitz ↔ Les Aubrais ↔ Tours&lt;br/&gt;P16 - Orléans ↔ Blois</description>
      <styleUrl>#SNCF_GARE</styleUrl>
      <Point>
        <coordinates>1.6259066,47.7784861,0</coordinates>
      </Point>
    </Placemark>
    <Placemark>
      <name>Bengy</name>
      <description>P7 - Tours ↔ Vierzon ↔ Nevers</description>
      <styleUrl>#SNCF_GARE</styleUrl>
      <Point>
        <coordinates>2.7497637,47.0000164,0</coordinates>
      </Point>
    </Placemark>
    <Placemark>
      <name>Blois - Chambord</name>
      <description>K1 - Orléans ↔ Nantes ↔ Le Croisic&lt;br/&gt;K16 - Orléans ↔ Tours&lt;br/&gt;K6+ - Paris Austerlitz ↔ Les Aubrais ↔ Tours&lt;br/&gt;P6 - Blois ↔ Tours&lt;br/&gt;P16 - Orléans ↔ Blois</description>
      <styleUrl>#SNCF_GARE</styleUrl>
      <Point>
        <coordinates>1.3236095,47.5853637,0</coordinates>
      </Point>
    </Placemark>
    <Placemark>
      <name>Bléré - la Croix</name>
      <description>P7 - Tours ↔ Vierzon ↔ Nevers&lt;br/&gt;P17 - Tours ↔ Bléré ↔ Saint-Aignan-Noyers</description>
      <styleUrl>#SNCF_GARE</styleUrl>
      <Point>
        <coordinates>0.9890094,47.3375620,0</coordinates>
      </Point>
    </Placemark>
    <Placemark>
      <name>Bonneval</name>
      <description>P33 - Chartres ↔ Tours</description>
      <styleUrl>#SNCF_GARE</styleUrl>
      <Point>
        <coordinates>1.3861496,48.1862426,0</coordinates>
      </Point>
    </Placemark>
    <Placemark>
      <name>Bourges</name>
      <description>P7 - Tours ↔ Vierzon ↔ Nevers</description>
      <styleUrl>#SNCF_GARE</styleUrl>
      <Point>
        <coordinates>2.3943231,47.0946181,0</coordinates>
      </Point>
    </Placemark>
    <Placemark>
      <name>Bournezeau</name>
      <description>P65 - Tours ↔ Saumur ↔ Bressuire ↔ La Roche-sur-Yon</description>
      <styleUrl>#SNCF_GARE</styleUrl>
      <Point>
        <coordinates>-1.1776111,46.6514888,0</coordinates>
      </Point>
    </Placemark>
    <Placemark>
      <name>Bressuire</name>
      <description>P65 - Tours ↔ Saumur ↔ Bressuire ↔ La Roche-sur-Yon</description>
      <styleUrl>#SNCF_GARE</styleUrl>
      <Point>
        <coordinates>-0.4961895,46.8381978,0</coordinates>
      </Point>
    </Placemark>
    <Placemark>
      <name>Caen</name>
      <description>K39 - Tours ↔ Le Mans ↔ Caen</description>
      <styleUrl>#SNCF_GARE</styleUrl>
      <Point>
        <coordinates>-0.3424576,49.1776477,0</coordinates>
      </Point>
    </Placemark>
    <Placemark>
      <name>Cerizay</name>
      <description>P65 - Tours ↔ Saumur ↔ Bressuire ↔ La Roche-sur-Yon</description>
      <styleUrl>#SNCF_GARE</styleUrl>
      <Point>
        <coordinates>-0.6671290,46.8173477,0</coordinates>
      </Point>
    </Placemark>
    <Placemark>
      <name>Chaingy Fourneaux Plage</name>
      <description>P16 - Orléans ↔ Blois</description>
      <styleUrl>#SNCF_GARE</styleUrl>
      <Point>
        <coordinates>1.7823669,47.8770169,0</coordinates>
      </Point>
    </Placemark>
    <Placemark>
      <name>Chambourg</name>
      <description>P31 - Tours ↔ Loches</description>
      <styleUrl>#SNCF_GARE</styleUrl>
      <Point>
        <coordinates>0.9654244,47.1816512,0</coordinates>
      </Point>
    </Placemark>
    <Placemark>
      <name>Chantonnay</name>
      <description>P65 - Tours ↔ Saumur ↔ Bressuire ↔ La Roche-sur-Yon</description>
      <styleUrl>#SNCF_GARE</styleUrl>
      <Point>
        <coordinates>-1.0546270,46.6899943,0</coordinates>
      </Point>
    </Placemark>
    <Placemark>
      <name>Chartres</name>
      <description>P33 - Chartres ↔ Tours</description>
      <styleUrl>#SNCF_GARE</styleUrl>
      <Point>
        <coordinates>1.4821701,48.4492697,0</coordinates>
      </Point>
    </Placemark>
    <Placemark>
      <name>Chasseneuil-du-Poitou</name>
      <description>P11 - Tours ↔ Port-de-Piles ↔ Poitiers</description>
      <styleUrl>#SNCF_GARE</styleUrl>
      <Point>
        <coordinates>0.3729008,46.6519170,0</coordinates>
      </Point>
    </Placemark>
    <Placemark>
      <name>Chenonceaux</name>
      <description>P7 - Tours ↔ Vierzon ↔ Nevers&lt;br/&gt;P17 - Tours ↔ Bléré ↔ Saint-Aignan-Noyers</description>
      <styleUrl>#SNCF_GARE</styleUrl>
      <Point>
        <coordinates>1.0672176,47.3306291,0</coordinates>
      </Point>
    </Placemark>
    <Placemark>
      <name>Chissay-en-Touraine</name>
      <description>P7 - Tours ↔ Vierzon ↔ Nevers&lt;br/&gt;P17 - Tours ↔ Bléré ↔ Saint-Aignan-Noyers</description>
      <styleUrl>#SNCF_GARE</styleUrl>
      <Point>
        <coordinates>1.1347112,47.3350104,0</coordinates>
      </Point>
    </Placemark>
    <Placemark>
      <name>Château-Renault</name>
      <description>P33 - Chartres ↔ Tours</description>
      <styleUrl>#SNCF_GARE</styleUrl>
      <Point>
        <coordinates>0.9014945,47.5878948,0</coordinates>
      </Point>
    </Placemark>
    <Placemark>
      <name>Château-du-Loir</name>
      <description>K39 - Tours ↔ Le Mans ↔ Caen&lt;br/&gt;P30 - Tours ↔ Château-du-Loir ↔ Le Mans</description>
      <styleUrl>#SNCF_GARE</styleUrl>
      <Point>
        <coordinates>0.4138114,47.6831304,0</coordinates>
      </Point>
    </Placemark>
    <Placemark>
      <name>Châteaudun</name>
      <description>P33 - Chartres ↔ Tours</description>
      <styleUrl>#SNCF_GARE</styleUrl>
      <Point>
        <coordinates>1.3383791,48.0731838,0</coordinates>
      </Point>
    </Placemark>
    <Placemark>
      <name>Châtellerault</name>
      <description>P11 - Tours ↔ Port-de-Piles ↔ Poitiers</description>
      <styleUrl>#SNCF_GARE</styleUrl>
      <Point>
        <coordinates>0.5495114,46.8185340,0</coordinates>
      </Point>
    </Placemark>
    <Placemark>
      <name>Cinq-Mars-la-Pile</name>
      <description>P1 - Tours ↔ Saumur ↔ Angers&lt;br/&gt;P65 - Tours ↔ Saumur ↔ Bressuire ↔ La Roche-sur-Yon</description>
      <styleUrl>#SNCF_GARE</styleUrl>
      <Point>
        <coordinates>0.4603486,47.3450373,0</coordinates>
      </Point>
    </Placemark>
    <Placemark>
      <name>Cloyes</name>
      <description>P33 - Chartres ↔ Tours</description>
      <styleUrl>#SNCF_GARE</styleUrl>
      <Point>
        <coordinates>1.2433878,47.9922749,0</coordinates>
      </Point>
    </Placemark>
    <Placemark>
      <name>Cormery</name>
      <description>P31 - Tours ↔ Loches</description>
      <styleUrl>#SNCF_GARE</styleUrl>
      <Point>
        <coordinates>0.8338298,47.2623556,0</coordinates>
      </Point>
    </Placemark>
    <Placemark>
      <name>Courçay - Tauxigny</name>
      <description>P31 - Tours ↔ Loches</description>
      <styleUrl>#SNCF_GARE</styleUrl>
      <Point>
        <coordinates>0.8676264,47.2378333,0</coordinates>
      </Point>
    </Placemark>
    <Placemark>
      <name>Dangé-Saint-Romain</name>
      <description>P11 - Tours ↔ Port-de-Piles ↔ Poitiers</description>
      <styleUrl>#SNCF_GARE</styleUrl>
      <Point>
        <coordinates>0.6088107,46.9378761,0</coordinates>
      </Point>
    </Placemark>
    <Placemark>
      <name>Dissay</name>
      <description>P11 - Tours ↔ Port-de-Piles ↔ Poitiers</description>
      <styleUrl>#SNCF_GARE</styleUrl>
      <Point>
        <coordinates>0.4215116,46.7040086,0</coordinates>
      </Point>
    </Placemark>
    <Placemark>
      <name>Esvres-sur-Indre</name>
      <description>P31 - Tours ↔ Loches</description>
      <styleUrl>#SNCF_GARE</styleUrl>
      <Point>
        <coordinates>0.7815738,47.2841219,0</coordinates>
      </Point>
    </Placemark>
    <Placemark>
      <name>Fondettes - Saint-Cyr-sur-Loire</name>
      <description>P30 - Tours ↔ Château-du-Loir ↔ Le Mans&lt;br/&gt;P33 - Chartres ↔ Tours</description>
      <styleUrl>#SNCF_GARE</styleUrl>
      <Point>
        <coordinates>0.6461673,47.3986652,0</coordinates>
      </Point>
    </Placemark>
    <Placemark>
      <name>Fougeré</name>
      <description>P65 - Tours ↔ Saumur ↔ Bressuire ↔ La Roche-sur-Yon</description>
      <styleUrl>#SNCF_GARE</styleUrl>
      <Point>
        <coordinates>-1.2312390,46.6650801,0</coordinates>
      </Point>
    </Placemark>
    <Placemark>
      <name>Fréteval - Morée</name>
      <description>P33 - Chartres ↔ Tours</description>
      <styleUrl>#SNCF_GARE</styleUrl>
      <Point>
        <coordinates>1.2116081,47.8919188,0</coordinates>
      </Point>
    </Placemark>
    <Placemark>
      <name>Futuroscope</name>
      <description>P11 - Tours ↔ Port-de-Piles ↔ Poitiers</description>
      <styleUrl>#SNCF_GARE</styleUrl>
      <Point>
        <coordinates>0.3781034,46.6698236,0</coordinates>
      </Point>
    </Placemark>
    <Placemark>
      <name>Gièvres</name>
      <description>P7 - Tours ↔ Vierzon ↔ Nevers</description>
      <styleUrl>#SNCF_GARE</styleUrl>
      <Point>
        <coordinates>1.6680369,47.2790337,0</coordinates>
      </Point>
    </Placemark>
    <Placemark>
      <name>Ingrandes-sur-Vienne</name>
      <description>P11 - Tours ↔ Port-de-Piles ↔ Poitiers</description>
      <styleUrl>#SNCF_GARE</styleUrl>
      <Point>
        <coordinates>0.5692806,46.8746798,0</coordinates>
      </Point>
    </Placemark>
    <Placemark>
      <name>Jaunay-Clan</name>
      <description>P11 - Tours ↔ Port-de-Piles ↔ Poitiers</description>
      <styleUrl>#SNCF_GARE</styleUrl>
      <Point>
        <coordinates>0.3818539,46.6819806,0</coordinates>
      </Point>
    </Placemark>
    <Placemark>
      <name>Joué-lès-Tours</name>
      <description>P31 - Tours ↔ Loches</description>
      <styleUrl>#SNCF_GARE</styleUrl>
      <Point>
        <coordinates>0.6677663,47.3542963,0</coordinates>
      </Point>
    </Placemark>
    <Placemark>
      <name>La Baule-les-Pins</name>
      <description>K1 - Orléans ↔ Nantes ↔ Le Croisic</description>
      <styleUrl>#SNCF_GARE</styleUrl>
      <Point>
        <coordinates>-2.3648225,47.2837063,0</coordinates>
      </Point>
    </Placemark>
    <Placemark>
      <name>La Baule-Escoublac</name>
      <description>K1 - Orléans ↔ Nantes ↔ Le Croisic</description>
      <styleUrl>#SNCF_GARE</styleUrl>
      <Point>
        <coordinates>-2.3892600,47.2886981,0</coordinates>
      </Point>
    </Placemark>
    <Placemark>
      <name>La Bohalle</name>
      <description>P1 - Tours ↔ Saumur ↔ Angers</description>
      <styleUrl>#SNCF_GARE</styleUrl>
      <Point>
        <coordinates>-0.4008015,47.4344417,0</coordinates>
      </Point>
    </Placemark>
    <Placemark>
      <name>La Chaize-le-Vicomte</name>
      <description>P65 - Tours ↔ Saumur ↔ Bressuire ↔ La Roche-sur-Yon</description>
      <styleUrl>#SNCF_GARE</styleUrl>
      <Point>
        <coordinates>-1.2822536,46.6767863,0</coordinates>
      </Point>
    </Placemark>
    <Placemark>
      <name>La Chapelle-Saint-Mesmin</name>
      <description>P16 - Orléans ↔ Blois</description>
      <styleUrl>#SNCF_GARE</styleUrl>
      <Point>
        <coordinates>1.8270043,47.8929889,0</coordinates>
      </Point>
    </Placemark>
    <Placemark>
      <name>La Chapelle-sur-Loire</name>
      <description>P1 - Tours ↔ Saumur ↔ Angers</description>
      <styleUrl>#SNCF_GARE</styleUrl>
      <Point>
        <coordinates>0.2186484,47.2512843,0</coordinates>
      </Point>
    </Placemark>
    <Placemark>
      <name>La Chaussée-Saint-Victor</name>
      <description>P16 - Orléans ↔ Blois</description>
      <styleUrl>#SNCF_GARE</styleUrl>
      <Point>
        <coordinates>1.3544203,47.6131785,0</coordinates>
      </Point>
    </Placemark>
    <Placemark>
      <name>La Douzillère</name>
      <description>P31 - Tours ↔ Loches</description>
      <styleUrl>#SNCF_GARE</styleUrl>
      <Point>
        <coordinates>0.6530014,47.3386614,0</coordinates>
      </Point>
    </Placemark>
    <Placemark>
      <name>La Guerche-sur-l'Aubois</name>
      <description>P7 - Tours ↔ Vierzon ↔ Nevers</description>
      <styleUrl>#SNCF_GARE</styleUrl>
      <Point>
        <coordinates>2.9485523,46.9476294,0</coordinates>
      </Point>
    </Placemark>
    <Placemark>
      <name>La Hutte Coulombiers</name>
      <description>K39 - Tours ↔ Le Mans ↔ Caen</description>
      <styleUrl>#SNCF_GARE</styleUrl>
      <Point>
        <coordinates>0.1057461,48.3033131,0</coordinates>
      </Point>
    </Placemark>
    <Placemark>
      <name>La Membrolle-sur-Choisille</name>
      <description>P30 - Tours ↔ Château-du-Loir ↔ Le Mans</description>
      <styleUrl>#SNCF_GARE</styleUrl>
      <Point>
        <coordinates>0.6414540,47.4317279,0</coordinates>
      </Point>
    </Placemark>
    <Placemark>
      <name>La Ménitré</name>
      <description>P1 - Tours ↔ Saumur ↔ Angers</description>
      <styleUrl>#SNCF_GARE</styleUrl>
      <Point>
        <coordinates>-0.2759761,47.3972995,0</coordinates>
      </Point>
    </Placemark>
    <Placemark>
      <name>La Roche-sur-Yon</name>
      <description>P65 - Tours ↔ Saumur ↔ Bressuire ↔ La Roche-sur-Yon</description>
      <styleUrl>#SNCF_GARE</styleUrl>
      <Point>
        <coordinates>-1.4360717,46.6723145,0</coordinates>
      </Point>
    </Placemark>
    <Placemark>
      <name>La Tricherie</name>
      <description>P11 - Tours ↔ Port-de-Piles ↔ Poitiers</description>
      <styleUrl>#SNCF_GARE</styleUrl>
      <Point>
        <coordinates>0.4406132,46.7286537,0</coordinates>
      </Point>
    </Placemark>
    <Placemark>
      <name>Laigné - Saint-Gervais</name>
      <description>P30 - Tours ↔ Château-du-Loir ↔ Le Mans</description>
      <styleUrl>#SNCF_GARE</styleUrl>
      <Point>
        <coordinates>0.2165536,47.8747715,0</coordinates>
      </Point>
    </Placemark>
    <Placemark>
      <name>Langeais</name>
      <description>P1 - Tours ↔ Saumur ↔ Angers&lt;br/&gt;P65 - Tours ↔ Saumur ↔ Bressuire ↔ La Roche-sur-Yon</description>
      <styleUrl>#SNCF_GARE</styleUrl>
      <Point>
        <coordinates>0.4104350,47.3239435,0</coordinates>
      </Point>
    </Placemark>
    <Placemark>
      <name>Le Croisic</name>
      <description>K1 - Orléans ↔ Nantes ↔ Le Croisic</description>
      <styleUrl>#SNCF_GARE</styleUrl>
      <Point>
        <coordinates>-2.5068953,47.2897622,0</coordinates>
      </Point>
    </Placemark>
    <Placemark>
      <name>Le Mans</name>
      <description>K39 - Tours ↔ Le Mans ↔ Caen&lt;br/&gt;P30 - Tours ↔ Château-du-Loir ↔ Le Mans</description>
      <styleUrl>#SNCF_GARE</styleUrl>
      <Point>
        <coordinates>0.1937377,47.9949628,0</coordinates>
      </Point>
    </Placemark>
    <Placemark>
      <name>Le Pouliguen</name>
      <description>K1 - Orléans ↔ Nantes ↔ Le Croisic</description>
      <styleUrl>#SNCF_GARE</styleUrl>
      <Point>
        <coordinates>-2.4332274,47.2826244,0</coordinates>
      </Point>
    </Placemark>
    <Placemark>
      <name>Les Aubrais</name>
      <description>K6+ - Paris Austerlitz ↔ Les Aubrais ↔ Tours</description>
      <styleUrl>#SNCF_GARE</styleUrl>
      <Point>
        <coordinates>1.9063842,47.9270838,0</coordinates>
      </Point>
    </Placemark>
    <Placemark>
      <name>Les Ormes</name>
      <description>P11 - Tours ↔ Port-de-Piles ↔ Poitiers</description>
      <styleUrl>#SNCF_GARE</styleUrl>
      <Point>
        <coordinates>0.6079104,46.9717564,0</coordinates>
      </Point>
    </Placemark>
    <Placemark>
      <name>Les Rosiers-sur-Loire</name>
      <description>P1 - Tours ↔ Saumur ↔ Angers</description>
      <styleUrl>#SNCF_GARE</styleUrl>
      <Point>
        <coordinates>-0.2202661,47.3623796,0</coordinates>
      </Point>
    </Placemark>
    <Placemark>
      <name>Limeray</name>
      <description>K16 - Orléans ↔ Tours&lt;br/&gt;P6 - Blois ↔ Tours</description>
      <styleUrl>#SNCF_GARE</styleUrl>
      <Point>
        <coordinates>1.0495917,47.4499597,0</coordinates>
      </Point>
    </Placemark>
    <Placemark>
      <name>Loches</name>
      <description>P31 - Tours ↔ Loches</description>
      <styleUrl>#SNCF_GARE</styleUrl>
      <Point>
        <coordinates>1.0009789,47.1304020,0</coordinates>
      </Point>
    </Placemark>
    <Placemark>
      <name>Maillé</name>
      <description>P11 - Tours ↔ Port-de-Piles ↔ Poitiers</description>
      <styleUrl>#SNCF_GARE</styleUrl>
      <Point>
        <coordinates>0.5831654,47.0531664,0</coordinates>
      </Point>
    </Placemark>
    <Placemark>
      <name>Mayet</name>
      <description>P30 - Tours ↔ Château-du-Loir ↔ Le Mans</description>
      <styleUrl>#SNCF_GARE</styleUrl>
      <Point>
        <coordinates>0.2660756,47.7608663,0</coordinates>
      </Point>
    </Placemark>
    <Placemark>
      <name>Mehun-sur-Yèvre</name>
      <description>P7 - Tours ↔ Vierzon ↔ Nevers</description>
      <styleUrl>#SNCF_GARE</styleUrl>
      <Point>
        <coordinates>2.2072207,47.1394094,0</coordinates>
      </Point>
    </Placemark>
    <Placemark>
      <name>Menars</name>
      <description>P16 - Orléans ↔ Blois</description>
      <styleUrl>#SNCF_GARE</styleUrl>
      <Point>
        <coordinates>1.4056410,47.6450296,0</coordinates>
      </Point>
    </Placemark>
    <Placemark>
      <name>Mennetou-sur-Cher</name>
      <description>P7 - Tours ↔ Vierzon ↔ Nevers</description>
      <styleUrl>#SNCF_GARE</styleUrl>
      <Point>
        <coordinates>1.8768810,47.2689284,0</coordinates>
      </Point>
    </Placemark>
    <Placemark>
      <name>Mer</name>
      <description>K1 - Orléans ↔ Nantes ↔ Le Croisic&lt;br/&gt;K16 - Orléans ↔ Tours&lt;br/&gt;K6+ - Paris Austerlitz ↔ Les Aubrais ↔ Tours&lt;br/&gt;P16 - Orléans ↔ Blois</description>
      <styleUrl>#SNCF_GARE</styleUrl>
      <Point>
        <coordinates>1.5062917,47.7059416,0</coordinates>
      </Point>
    </Placemark>
    <Placemark>
      <name>Meung-sur-Loire</name>
      <description>K1 - Orléans ↔ Nantes ↔ Le Croisic&lt;br/&gt;K16 - Orléans ↔ Tours&lt;br/&gt;K6+ - Paris Austerlitz ↔ Les Aubrais ↔ Tours&lt;br/&gt;P16 - Orléans ↔ Blois</description>
      <styleUrl>#SNCF_GARE</styleUrl>
      <Point>
        <coordinates>1.6918391,47.8300061,0</coordinates>
      </Point>
    </Placemark>
    <Placemark>
      <name>Monnaie</name>
      <description>P33 - Chartres ↔ Tours</description>
      <styleUrl>#SNCF_GARE</styleUrl>
      <Point>
        <coordinates>0.7932989,47.4987698,0</coordinates>
      </Point>
    </Placemark>
    <Placemark>
      <name>Montbazon</name>
      <description>P31 - Tours ↔ Loches</description>
      <styleUrl>#SNCF_GARE</styleUrl>
      <Point>
        <coordinates>0.7214631,47.2917128,0</coordinates>
      </Point>
    </Placemark>
    <Placemark>
      <name>Montbizot</name>
      <description>K39 - Tours ↔ Le Mans ↔ Caen</description>
      <styleUrl>#SNCF_GARE</styleUrl>
      <Point>
        <coordinates>0.1909147,48.1513301,0</coordinates>
      </Point>
    </Placemark>
    <Placemark>
      <name>Montlouis</name>
      <description>K16 - Orléans ↔ Tours&lt;br/&gt;P6 - Blois ↔ Tours</description>
      <styleUrl>#SNCF_GARE</styleUrl>
      <Point>
        <coordinates>0.8169287,47.3910356,0</coordinates>
      </Point>
    </Placemark>
    <Placemark>
      <name>Montreuil-Bellay</name>
      <description>P65 - Tours ↔ Saumur ↔ Bressuire ↔ La Roche-sur-Yon</description>
      <styleUrl>#SNCF_GARE</styleUrl>
      <Point>
        <coordinates>-0.1491305,47.1265385,0</coordinates>
      </Point>
    </Placemark>
    <Placemark>
      <name>Montrichard</name>
      <description>P7 - Tours ↔ Vierzon ↔ Nevers&lt;br/&gt;P17 - Tours ↔ Bléré ↔ Saint-Aignan-Noyers</description>
      <styleUrl>#SNCF_GARE</styleUrl>
      <Point>
        <coordinates>1.1727389,47.3440463,0</coordinates>
      </Point>
    </Placemark>
    <Placemark>
      <name>Monts</name>
      <description>P11 - Tours ↔ Port-de-Piles ↔ Poitiers</description>
      <styleUrl>#SNCF_GARE</styleUrl>
      <Point>
        <coordinates>0.6547572,47.2817231,0</coordinates>
      </Point>
    </Placemark>
    <Placemark>
      <name>Mézidon-Canon</name>
      <description>K39 - Tours ↔ Le Mans ↔ Caen</description>
      <styleUrl>#SNCF_GARE</styleUrl>
      <Point>
        <coordinates>-0.0741558,49.0706862,0</coordinates>
      </Point>
    </Placemark>
    <Placemark>
      <name>Naintré-les-Barres</name>
      <description>P11 - Tours ↔ Port-de-Piles ↔ Poitiers</description>
      <styleUrl>#SNCF_GARE</styleUrl>
      <Point>
        <coordinates>0.4961885,46.7594162,0</coordinates>
      </Point>
    </Placemark>
    <Placemark>
      <name>Nantes</name>
      <description>K1 - Orléans ↔ Nantes ↔ Le Croisic</description>
      <styleUrl>#SNCF_GARE</styleUrl>
      <Point>
        <coordinates>-1.5417604,47.2169495,0</coordinates>
      </Point>
    </Placemark>
    <Placemark>
      <name>Nerpuy</name>
      <description>P11 - Tours ↔ Port-de-Piles ↔ Poitiers</description>
      <styleUrl>#SNCF_GARE</styleUrl>
      <Point>
        <coordinates>0.5256711,46.7834598,0</coordinates>
      </Point>
    </Placemark>
    <Placemark>
      <name>Neuillé-Pont-Pierre</name>
      <description>P30 - Tours ↔ Château-du-Loir ↔ Le Mans</description>
      <styleUrl>#SNCF_GARE</styleUrl>
      <Point>
        <coordinates>0.5640429,47.5585337,0</coordinates>
      </Point>
    </Placemark>
    <Placemark>
      <name>Nevers</name>
      <description>P7 - Tours ↔ Vierzon ↔ Nevers</description>
      <styleUrl>#SNCF_GARE</styleUrl>
      <Point>
        <coordinates>3.1505157,46.9873202,0</coordinates>
      </Point>
    </Placemark>
    <Placemark>
      <name>Noizay</name>
      <description>K16 - Orléans ↔ Tours&lt;br/&gt;P6 - Blois ↔ Tours</description>
      <styleUrl>#SNCF_GARE</styleUrl>
      <Point>
        <coordinates>0.8964678,47.4097369,0</coordinates>
      </Point>
    </Placemark>
    <Placemark>
      <name>Notre-Dame-d'Oé</name>
      <description>P33 - Chartres ↔ Tours</description>
      <styleUrl>#SNCF_GARE</styleUrl>
      <Point>
        <coordinates>0.7070117,47.4596249,0</coordinates>
      </Point>
    </Placemark>
    <Placemark>
      <name>Nérondes</name>
      <description>P7 - Tours ↔ Vierzon ↔ Nevers</description>
      <styleUrl>#SNCF_GARE</styleUrl>
      <Point>
        <coordinates>2.8225848,46.9995359,0</coordinates>
      </Point>
    </Placemark>
    <Placemark>
      <name>Onzain - Chaumont-sur-Loire</name>
      <description>K1 - Orléans ↔ Nantes ↔ Le Croisic&lt;br/&gt;K16 - Orléans ↔ Tours&lt;br/&gt;K6+ - Paris Austerlitz ↔ Les Aubrais ↔ Tours&lt;br/&gt;P6 - Blois ↔ Tours</description>
      <styleUrl>#SNCF_GARE</styleUrl>
      <Point>
        <coordinates>1.1861244,47.4918117,0</coordinates>
      </Point>
    </Placemark>
    <Placemark>
      <name>Orléans</name>
      <description>K1 - Orléans ↔ Nantes ↔ Le Croisic&lt;br/&gt;K16 - Orléans ↔ Tours&lt;br/&gt;P16 - Orléans ↔ Blois</description>
      <styleUrl>#SNCF_GARE</styleUrl>
      <Point>
        <coordinates>1.9047597,47.9081542,0</coordinates>
      </Point>
    </Placemark>
    <Placemark>
      <name>Paris Austerlitz</name>
      <description>K6+ - Paris Austerlitz ↔ Les Aubrais ↔ Tours</description>
      <styleUrl>#SNCF_GARE</styleUrl>
      <Point>
        <coordinates>2.3670376,48.8404952,0</coordinates>
      </Point>
    </Placemark>
    <Placemark>
      <name>Pezou</name>
      <description>P33 - Chartres ↔ Tours</description>
      <styleUrl>#SNCF_GARE</styleUrl>
      <Point>
        <coordinates>1.1410136,47.8673597,0</coordinates>
      </Point>
    </Placemark>
    <Placemark>
      <name>Poitiers</name>
      <description>P11 - Tours ↔ Port-de-Piles ↔ Poitiers</description>
      <styleUrl>#SNCF_GARE</styleUrl>
      <Point>
        <coordinates>0.3327869,46.5823643,0</coordinates>
      </Point>
    </Placemark>
    <Placemark>
      <name>Pornichet</name>
      <description>K1 - Orléans ↔ Nantes ↔ Le Croisic</description>
      <styleUrl>#SNCF_GARE</styleUrl>
      <Point>
        <coordinates>-2.3447048,47.2706613,0</coordinates>
      </Point>
    </Placemark>
    <Placemark>
      <name>Port Boulet</name>
      <description>P1 - Tours ↔ Saumur ↔ Angers&lt;br/&gt;P65 - Tours ↔ Saumur ↔ Bressuire ↔ La Roche-sur-Yon</description>
      <styleUrl>#SNCF_GARE</styleUrl>
      <Point>
        <coordinates>0.1556182,47.2486628,0</coordinates>
      </Point>
    </Placemark>
    <Placemark>
      <name>Port-de-Piles</name>
      <description>P11 - Tours ↔ Port-de-Piles ↔ Poitiers</description>
      <styleUrl>#SNCF_GARE</styleUrl>
      <Point>
        <coordinates>0.5986679,47.0102621,0</coordinates>
      </Point>
    </Placemark>
    <Placemark>
      <name>Pouzauges</name>
      <description>P65 - Tours ↔ Saumur ↔ Bressuire ↔ La Roche-sur-Yon</description>
      <styleUrl>#SNCF_GARE</styleUrl>
      <Point>
        <coordinates>-0.8141557,46.7525104,0</coordinates>
      </Point>
    </Placemark>
    <Placemark>
      <name>Reignac</name>
      <description>P31 - Tours ↔ Loches</description>
      <styleUrl>#SNCF_GARE</styleUrl>
      <Point>
        <coordinates>0.9012978,47.2177936,0</coordinates>
      </Point>
    </Placemark>
    <Placemark>
      <name>Saint-Aignan - Noyers</name>
      <description>P7 - Tours ↔ Vierzon ↔ Nevers&lt;br/&gt;P17 - Tours ↔ Bléré ↔ Saint-Aignan-Noyers</description>
      <styleUrl>#SNCF_GARE</styleUrl>
      <Point>
        <coordinates>1.3845390,47.2866186,0</coordinates>
      </Point>
    </Placemark>
    <Placemark>
      <name>Saint-Amand de Vendôme</name>
      <description>P33 - Chartres ↔ Tours</description>
      <styleUrl>#SNCF_GARE</styleUrl>
      <Point>
        <coordinates>1.0119739,47.6930360,0</coordinates>
      </Point>
    </Placemark>
    <Placemark>
      <name>Saint-Antoine-du-Rocher</name>
      <description>P30 - Tours ↔ Château-du-Loir ↔ Le Mans</description>
      <styleUrl>#SNCF_GARE</styleUrl>
      <Point>
        <coordinates>0.6161267,47.5046172,0</coordinates>
      </Point>
    </Placemark>
    <Placemark>
      <name>Saint-Ay</name>
      <description>P16 - Orléans ↔ Blois</description>
      <styleUrl>#SNCF_GARE</styleUrl>
      <Point>
        <coordinates>1.7497662,47.8630471,0</coordinates>
      </Point>
    </Placemark>
    <Placemark>
      <name>Saint-Genouph</name>
      <description>P1 - Tours ↔ Saumur ↔ Angers</description>
      <styleUrl>#SNCF_GARE</styleUrl>
      <Point>
        <coordinates>0.5969812,47.3709195,0</coordinates>
      </Point>
    </Placemark>
    <Placemark>
      <name>Saint-Germain-du-Puy</name>
      <description>P7 - Tours ↔ Vierzon ↔ Nevers</description>
      <styleUrl>#SNCF_GARE</styleUrl>
      <Point>
        <coordinates>2.4846365,47.0964467,0</coordinates>
      </Point>
    </Placemark>
    <Placemark>
      <name>Saint-Martin-le-Beau</name>
      <description>P17 - Tours ↔ Bléré ↔ Saint-Aignan-Noyers</description>
      <styleUrl>#SNCF_GARE</styleUrl>
      <Point>
        <coordinates>0.9059544,47.3550444,0</coordinates>
      </Point>
    </Placemark>
    <Placemark>
      <name>Saint-Mathurin</name>
      <description>P1 - Tours ↔ Saumur ↔ Angers</description>
      <styleUrl>#SNCF_GARE</styleUrl>
      <Point>
        <coordinates>-0.3180800,47.4122169,0</coordinates>
      </Point>
    </Placemark>
    <Placemark>
      <name>Saint-Nazaire</name>
      <description>K1 - Orléans ↔ Nantes ↔ Le Croisic</description>
      <styleUrl>#SNCF_GARE</styleUrl>
      <Point>
        <coordinates>-2.2110295,47.2867460,0</coordinates>
      </Point>
    </Placemark>
    <Placemark>
      <name>Saint-Paterne</name>
      <description>P30 - Tours ↔ Château-du-Loir ↔ Le Mans</description>
      <styleUrl>#SNCF_GARE</styleUrl>
      <Point>
        <coordinates>0.4778508,47.6048638,0</coordinates>
      </Point>
    </Placemark>
    <Placemark>
      <name>Saint-Patrice</name>
      <description>P1 - Tours ↔ Saumur ↔ Angers</description>
      <styleUrl>#SNCF_GARE</styleUrl>
      <Point>
        <coordinates>0.3098354,47.2855656,0</coordinates>
      </Point>
    </Placemark>
    <Placemark>
      <name>Saint-Pierre-des-Corps</name>
      <description>K1 - Orléans ↔ Nantes ↔ Le Croisic&lt;br/&gt;K16 - Orléans ↔ Tours&lt;br/&gt;K39 - Tours ↔ Le Mans ↔ Caen&lt;br/&gt;K6+ - Paris Austerlitz ↔ Les Aubrais ↔ Tours&lt;br/&gt;P6 - Blois ↔ Tours&lt;br/&gt;P7 - Tours ↔ Vierzon ↔ Nevers&lt;br/&gt;P17 - Tours ↔ Bléré ↔ Saint-Aignan-Noyers</description>
      <styleUrl>#SNCF_GARE</styleUrl>
      <Point>
        <coordinates>0.7251293,47.3858578,0</coordinates>
      </Point>
    </Placemark>
    <Placemark>
      <name>Saint-Pierre-sur-Dives</name>
      <description>K39 - Tours ↔ Le Mans ↔ Caen</description>
      <styleUrl>#SNCF_GARE</styleUrl>
      <Point>
        <coordinates>-0.0408026,49.0230621,0</coordinates>
      </Point>
    </Placemark>
    <Placemark>
      <name>Sainte-Maure - Noyant</name>
      <description>P11 - Tours ↔ Port-de-Piles ↔ Poitiers</description>
      <styleUrl>#SNCF_GARE</styleUrl>
      <Point>
        <coordinates>0.5770568,47.1112753,0</coordinates>
      </Point>
    </Placemark>
    <Placemark>
      <name>Saumur</name>
      <description>K1 - Orléans ↔ Nantes ↔ Le Croisic&lt;br/&gt;P1 - Tours ↔ Saumur ↔ Angers&lt;br/&gt;P65 - Tours ↔ Saumur ↔ Bressuire ↔ La Roche-sur-Yon</description>
      <styleUrl>#SNCF_GARE</styleUrl>
      <Point>
        <coordinates>-0.0717182,47.2688209,0</coordinates>
      </Point>
    </Placemark>
    <Placemark>
      <name>Savenay</name>
      <description>K1 - Orléans ↔ Nantes ↔ Le Croisic</description>
      <styleUrl>#SNCF_GARE</styleUrl>
      <Point>
        <coordinates>-1.9513808,47.3585042,0</coordinates>
      </Point>
    </Placemark>
    <Placemark>
      <name>Savonnières</name>
      <description>P1 - Tours ↔ Saumur ↔ Angers</description>
      <styleUrl>#SNCF_GARE</styleUrl>
      <Point>
        <coordinates>0.5440111,47.3606375,0</coordinates>
      </Point>
    </Placemark>
    <Placemark>
      <name>Selles-sur-Cher</name>
      <description>P7 - Tours ↔ Vierzon ↔ Nevers</description>
      <styleUrl>#SNCF_GARE</styleUrl>
      <Point>
        <coordinates>1.5467395,47.2819055,0</coordinates>
      </Point>
    </Placemark>
    <Placemark>
      <name>Surdon</name>
      <description>K39 - Tours ↔ Le Mans ↔ Caen</description>
      <styleUrl>#SNCF_GARE</styleUrl>
      <Point>
        <coordinates>0.1350197,48.6647586,0</coordinates>
      </Point>
    </Placemark>
    <Placemark>
      <name>Suèvres</name>
      <description>P16 - Orléans ↔ Blois</description>
      <styleUrl>#SNCF_GARE</styleUrl>
      <Point>
        <coordinates>1.4546821,47.6806330,0</coordinates>
      </Point>
    </Placemark>
    <Placemark>
      <name>Sées</name>
      <description>K39 - Tours ↔ Le Mans ↔ Caen</description>
      <styleUrl>#SNCF_GARE</styleUrl>
      <Point>
        <coordinates>0.1663841,48.5994281,0</coordinates>
      </Point>
    </Placemark>
    <Placemark>
      <name>Thouars</name>
      <description>P65 - Tours ↔ Saumur ↔ Bressuire ↔ La Roche-sur-Yon</description>
      <styleUrl>#SNCF_GARE</styleUrl>
      <Point>
        <coordinates>-0.2089387,46.9850509,0</coordinates>
      </Point>
    </Placemark>
    <Placemark>
      <name>Thésée</name>
      <description>P17 - Tours ↔ Bléré ↔ Saint-Aignan-Noyers</description>
      <styleUrl>#SNCF_GARE</styleUrl>
      <Point>
        <coordinates>1.3129420,47.3218865,0</coordinates>
      </Point>
    </Placemark>
    <Placemark>
      <name>Tours</name>
      <description>K1 - Orléans ↔ Nantes ↔ Le Croisic&lt;br/&gt;K16 - Orléans ↔ Tours&lt;br/&gt;K39 - Tours ↔ Le Mans ↔ Caen&lt;br/&gt;K6+ - Paris Austerlitz ↔ Les Aubrais ↔ Tours&lt;br/&gt;P1 - Tours ↔ Saumur ↔ Angers&lt;br/&gt;P6 - Blois ↔ Tours&lt;br/&gt;P7 - Tours ↔ Vierzon ↔ Nevers&lt;br/&gt;P11 - Tours ↔ Port-de-Piles ↔ Poitiers&lt;br/&gt;P17 - Tours ↔ Bléré ↔ Saint-Aignan-Noyers&lt;br/&gt;P30 - Tours ↔ Château-du-Loir ↔ Le Mans&lt;br/&gt;P31 - Tours ↔ Loches&lt;br/&gt;P33 - Chartres ↔ Tours&lt;br/&gt;P65 - Tours ↔ Saumur ↔ Bressuire ↔ La Roche-sur-Yon</description>
      <styleUrl>#SNCF_GARE</styleUrl>
      <Point>
        <coordinates>0.6935613,47.3893294,0</coordinates>
      </Point>
    </Placemark>
    <Placemark>
      <name>Trélazé</name>
      <description>P1 - Tours ↔ Saumur ↔ Angers</description>
      <styleUrl>#SNCF_GARE</styleUrl>
      <Point>
        <coordinates>-0.4686570,47.4526049,0</coordinates>
      </Point>
    </Placemark>
    <Placemark>
      <name>Vaas</name>
      <description>P30 - Tours ↔ Château-du-Loir ↔ Le Mans</description>
      <styleUrl>#SNCF_GARE</styleUrl>
      <Point>
        <coordinates>0.3155430,47.6711893,0</coordinates>
      </Point>
    </Placemark>
    <Placemark>
      <name>Veigné</name>
      <description>P31 - Tours ↔ Loches</description>
      <styleUrl>#SNCF_GARE</styleUrl>
      <Point>
        <coordinates>0.7344424,47.2915031,0</coordinates>
      </Point>
    </Placemark>
    <Placemark>
      <name>Vendôme</name>
      <description>P33 - Chartres ↔ Tours</description>
      <styleUrl>#SNCF_GARE</styleUrl>
      <Point>
        <coordinates>1.0671414,47.8020315,0</coordinates>
      </Point>
    </Placemark>
    <Placemark>
      <name>Vierzon</name>
      <description>P7 - Tours ↔ Vierzon ↔ Nevers</description>
      <styleUrl>#SNCF_GARE</styleUrl>
      <Point>
        <coordinates>2.0576351,47.2273086,0</coordinates>
      </Point>
    </Placemark>
    <Placemark>
      <name>Villefranche-sur-Cher</name>
      <description>P7 - Tours ↔ Vierzon ↔ Nevers</description>
      <styleUrl>#SNCF_GARE</styleUrl>
      <Point>
        <coordinates>1.7688719,47.2949452,0</coordinates>
      </Point>
    </Placemark>
    <Placemark>
      <name>Villeperdue</name>
      <description>P11 - Tours ↔ Port-de-Piles ↔ Poitiers</description>
      <styleUrl>#SNCF_GARE</styleUrl>
      <Point>
        <coordinates>0.6336806,47.2019609,0</coordinates>
      </Point>
    </Placemark>
    <Placemark>
      <name>Vivoin - Beaumont</name>
      <description>K39 - Tours ↔ Le Mans ↔ Caen</description>
      <styleUrl>#SNCF_GARE</styleUrl>
      <Point>
        <coordinates>0.1449086,48.2301990,0</coordinates>
      </Point>
    </Placemark>
    <Placemark>
      <name>Voves</name>
      <description>P33 - Chartres ↔ Tours</description>
      <styleUrl>#SNCF_GARE</styleUrl>
      <Point>
        <coordinates>1.6222003,48.2750779,0</coordinates>
      </Point>
    </Placemark>
    <Placemark>
      <name>Véretz - Montlouis</name>
      <description>P17 - Tours ↔ Bléré ↔ Saint-Aignan-Noyers</description>
      <styleUrl>#SNCF_GARE</styleUrl>
      <Point>
        <coordinates>0.8203764,47.3713434,0</coordinates>
      </Point>
    </Placemark>
    <Placemark>
      <name>Écommoy</name>
      <description>K39 - Tours ↔ Le Mans ↔ Caen&lt;br/&gt;P30 - Tours ↔ Château-du-Loir ↔ Le Mans</description>
      <styleUrl>#SNCF_GARE</styleUrl>
      <Point>
        <coordinates>0.2682028,47.8250859,0</coordinates>
      </Point>
    </Placemark>
  </Document>
</kml>