<?xml version='1.0' encoding='UTF-8'?>
<kml xmlns="http://www.opengis.net/kml/2.2">
  <Document>
    <name>Cars régionaux Rémi — SERM Touraine</name>
    <Folder>
      <name>Cars</name>
      <description>Groupes horaires : Ligne forte / Ligne régulière hors dimanche / Ligne de semaine / Ligne faible.</description>
      <Placemark>
        <name>405 — Tours - Chinon — Ligne faible</name>
        <description>Groupe horaire : Ligne faible
Ligne régionale Rémi 405. Tracé issu des shapes GTFS officiels fournis.</description>
        <styleUrl>#route_REMI37_Line_353</styleUrl>
        <MultiGeometry>
          <LineString>
            <tessellate>1</tessellate>
            <coordinates>0.251647,47.163230,0 0.251360,47.163498,0 0.255358,47.166576,0 0.257310,47.166603,0 0.257234,47.169193,0 0.256347,47.169952,0 0.256441,47.170870,0 0.258588,47.171240,0 0.258404,47.172447,0 0.258882,47.174600,0 0.259483,47.175760,0 0.260451,47.176556,0 0.261016,47.177525,0 0.261822,47.177790,0 0.262610,47.177773,0 0.264749,47.178960,0 0.272997,47.182160,0 0.273516,47.182217,0 0.276032,47.183410,0 0.293879,47.190266,0 0.293343,47.190147,0 0.290998,47.189213,0 0.325203,47.202340,0 0.371231,47.219646,0 0.411858,47.235435,0 0.451346,47.250397,0 0.452689,47.251140,0 0.453911,47.252310,0 0.456699,47.258400,0 0.457660,47.261303,0 0.459417,47.262790,0 0.463612,47.261740,0 0.465021,47.262062,0 0.465814,47.261818,0 0.467385,47.264683,0 0.468342,47.265377,0 0.471649,47.266570,0 0.472448,47.267097,0 0.483101,47.271600,0 0.550943,47.299892,0 0.553529,47.300575,0 0.553910,47.301037,0 0.556189,47.301826,0 0.557713,47.302720,0 0.559904,47.303646,0 0.561382,47.303963,0 0.564324,47.303787,0 0.565624,47.304108,0 0.570313,47.307420,0 0.571541,47.308083,0 0.590442,47.315810,0 0.596146,47.318590,0 0.598728,47.318966,0 0.598109,47.320774,0 0.598262,47.321247,0 0.599062,47.322132,0 0.598605,47.322796,0 0.598782,47.323166,0 0.604164,47.327270,0 0.604223,47.327488,0 0.611742,47.333720,0 0.612971,47.334244,0 0.612970,47.334743,0 0.615739,47.337030,0 0.616443,47.336517,0 0.619130,47.337128,0 0.618960,47.337303,0 0.618088,47.336887,0 0.616443,47.336517,0 0.615739,47.337030,0 0.621314,47.341656,0 0.622891,47.342610,0 0.626014,47.343437,0 0.643650,47.346010,0 0.644207,47.345886,0 0.647233,47.346573,0 0.650623,47.346825,0 0.652327,47.347225,0 0.665268,47.348940,0 0.665127,47.349422,0 0.665298,47.352722,0 0.666399,47.354073,0 0.667977,47.353973,0 0.666468,47.354195,0 0.668584,47.359320,0 0.669251,47.359780,0 0.671232,47.360508,0 0.673789,47.362255,0 0.674889,47.364986,0 0.675332,47.365242,0 0.675172,47.365650,0 0.677188,47.370170,0 0.677488,47.370340,0 0.677401,47.370716,0 0.678710,47.373566,0 0.684130,47.373657,0 0.688904,47.373110,0 0.694397,47.373947,0 0.704020,47.374268,0 0.725362,47.380090,0 0.726654,47.380030,0 0.732133,47.380684,0 0.731100,47.382170,0 0.731072,47.382492,0 0.730403,47.382732,0 0.728220,47.386290,0 0.724784,47.385500,0 0.728220,47.386290,0 0.726804,47.388615,0 0.726546,47.388557,0 0.726852,47.388027,0 0.726786,47.387703,0 0.718604,47.387123,0 0.710285,47.384983,0 0.706875,47.390827,0 0.706343,47.392790,0 0.704640,47.394863,0 0.702300,47.393406,0 0.699130,47.391790,0 0.693566,47.391010,0 0.693570,47.390720,0 0.694070,47.390266,0 0.693312,47.389893,0 0.692325,47.390470,0</coordinates>
          </LineString>
          <LineString>
            <tessellate>1</tessellate>
            <coordinates>0.692325,47.390470,0 0.692025,47.390540,0 0.691922,47.390785,0 0.688201,47.390182,0 0.688348,47.389850,0 0.688930,47.389675,0 0.689787,47.387905,0 0.692772,47.380560,0 0.692944,47.379600,0 0.693461,47.378708,0 0.695243,47.374195,0 0.689747,47.373370,0 0.687498,47.373356,0 0.684179,47.373737,0 0.678474,47.373825,0 0.678498,47.373444,0 0.677306,47.370747,0 0.676975,47.370420,0 0.677038,47.370150,0 0.676104,47.367710,0 0.674901,47.365307,0 0.673789,47.362255,0 0.671232,47.360508,0 0.669251,47.359780,0 0.668584,47.359320,0 0.666399,47.354073,0 0.667977,47.353973,0 0.666468,47.354195,0 0.665392,47.352900,0 0.665172,47.351933,0 0.665127,47.349422,0 0.664957,47.349087,0 0.654196,47.347480,0 0.650524,47.347115,0 0.648880,47.346730,0 0.647982,47.346714,0 0.647344,47.346947,0 0.646482,47.346440,0 0.644680,47.346195,0 0.644066,47.346306,0 0.642610,47.345848,0 0.625542,47.343365,0 0.622891,47.342610,0 0.621314,47.341656,0 0.615739,47.337030,0 0.616443,47.336517,0 0.619130,47.337128,0 0.618960,47.337303,0 0.618088,47.336887,0 0.616443,47.336517,0 0.615739,47.337030,0 0.600047,47.324047,0 0.598671,47.323196,0 0.598184,47.322586,0 0.598360,47.322174,0 0.597197,47.319670,0 0.595637,47.318560,0 0.592362,47.316803,0 0.566510,47.306168,0 0.559449,47.304430,0 0.556151,47.301870,0 0.554071,47.301186,0 0.553013,47.301180,0 0.552696,47.300602,0 0.551978,47.300194,0 0.485409,47.272522,0 0.483467,47.271760,0 0.482626,47.271690,0 0.482028,47.271145,0 0.473388,47.267513,0 0.472407,47.267160,0 0.471867,47.267162,0 0.471721,47.266605,0 0.467599,47.264977,0 0.465814,47.261818,0 0.465021,47.262062,0 0.463612,47.261740,0 0.460004,47.262703,0 0.457513,47.263046,0 0.457057,47.261772,0 0.457660,47.261303,0 0.457299,47.260120,0 0.454403,47.253155,0 0.453306,47.251637,0 0.451346,47.250397,0 0.411858,47.235435,0 0.371231,47.219646,0 0.325203,47.202340,0 0.276032,47.183410,0 0.273234,47.182487,0 0.272774,47.182156,0 0.264515,47.178930,0 0.263342,47.178288,0 0.262130,47.178390,0 0.261815,47.177902,0 0.261016,47.177525,0 0.260451,47.176556,0 0.259483,47.175760,0 0.258946,47.174740,0 0.258404,47.172447,0 0.258588,47.171240,0 0.256441,47.170870,0 0.256347,47.169952,0 0.257234,47.169193,0 0.257310,47.166603,0 0.255358,47.166576,0 0.251026,47.163240,0 0.251383,47.163025,0 0.251647,47.163230,0</coordinates>
          </LineString>
          <LineString>
            <tessellate>1</tessellate>
            <coordinates>0.692325,47.390470,0 0.692025,47.390540,0 0.699245,47.391525,0 0.701870,47.392840,0 0.704284,47.394577,0 0.704576,47.394604,0 0.706223,47.392754,0 0.706765,47.390812,0 0.710211,47.384926,0 0.718057,47.386990,0 0.726970,47.387615,0 0.727083,47.387768,0 0.726551,47.388447,0 0.726804,47.388615,0 0.728220,47.386290,0 0.724784,47.385500,0 0.728220,47.386290,0 0.730624,47.382256,0 0.730445,47.381554,0 0.730764,47.380460,0 0.728002,47.380220,0 0.726571,47.380318,0 0.725362,47.380090,0 0.718166,47.378310,0 0.715369,47.377390,0 0.704155,47.374363,0 0.694431,47.374004,0 0.690843,47.373430,0 0.688223,47.373340,0 0.684397,47.373726,0 0.680661,47.373676,0 0.678562,47.373880,0 0.677306,47.370747,0 0.676975,47.370420,0 0.677038,47.370150,0 0.676104,47.367710,0 0.674901,47.365307,0 0.673789,47.362255,0 0.671232,47.360508,0 0.669251,47.359780,0 0.668584,47.359320,0 0.666399,47.354073,0 0.667977,47.353973,0 0.666468,47.354195,0 0.665392,47.352900,0 0.665172,47.351933,0 0.665127,47.349422,0 0.664957,47.349087,0 0.654196,47.347480,0 0.650524,47.347115,0 0.648880,47.346730,0 0.647982,47.346714,0 0.647344,47.346947,0 0.646482,47.346440,0 0.644680,47.346195,0 0.644066,47.346306,0 0.642610,47.345848,0 0.625542,47.343365,0 0.622891,47.342610,0 0.621314,47.341656,0 0.615739,47.337030,0 0.616443,47.336517,0 0.619130,47.337128,0 0.618960,47.337303,0 0.618088,47.336887,0 0.616443,47.336517,0 0.615739,47.337030,0 0.600047,47.324047,0 0.598671,47.323196,0 0.598184,47.322586,0 0.598360,47.322174,0 0.597197,47.319670,0 0.595637,47.318560,0 0.592362,47.316803,0 0.566510,47.306168,0 0.559449,47.304430,0 0.556151,47.301870,0 0.554071,47.301186,0 0.553013,47.301180,0 0.552696,47.300602,0 0.551978,47.300194,0 0.485409,47.272522,0 0.483467,47.271760,0 0.482626,47.271690,0 0.482028,47.271145,0 0.473388,47.267513,0 0.472407,47.267160,0 0.471867,47.267162,0 0.471721,47.266605,0 0.467599,47.264977,0 0.465814,47.261818,0 0.465021,47.262062,0 0.463612,47.261740,0 0.460004,47.262703,0 0.457513,47.263046,0 0.457057,47.261772,0 0.457660,47.261303,0 0.457299,47.260120,0 0.454403,47.253155,0 0.453306,47.251637,0 0.451346,47.250397,0 0.411858,47.235435,0 0.371231,47.219646,0 0.325203,47.202340,0 0.276032,47.183410,0 0.273234,47.182487,0 0.272774,47.182156,0 0.264515,47.178930,0 0.263342,47.178288,0 0.262130,47.178390,0 0.261815,47.177902,0 0.261016,47.177525,0 0.260451,47.176556,0 0.259483,47.175760,0 0.258946,47.174740,0 0.258404,47.172447,0 0.258588,47.171240,0 0.256441,47.170870,0 0.256347,47.169952,0 0.257234,47.169193,0 0.257310,47.166603,0 0.255358,47.166576,0 0.251026,47.163240,0 0.251383,47.163025,0 0.251647,47.163230,0</coordinates>
          </LineString>
          <LineString>
            <tessellate>1</tessellate>
            <coordinates>0.692325,47.390470,0 0.692025,47.390540,0 0.691922,47.390785,0 0.688201,47.390182,0 0.688348,47.389850,0 0.688930,47.389675,0 0.689787,47.387905,0 0.692772,47.380560,0 0.692944,47.379600,0 0.693461,47.378708,0 0.695243,47.374195,0 0.689747,47.373370,0 0.687498,47.373356,0 0.684179,47.373737,0 0.678474,47.373825,0 0.678498,47.373444,0 0.677306,47.370747,0 0.676975,47.370420,0 0.677038,47.370150,0 0.676104,47.367710,0 0.674901,47.365307,0 0.673789,47.362255,0 0.671232,47.360508,0 0.669251,47.359780,0 0.668584,47.359320,0 0.666399,47.354073,0 0.667977,47.353973,0 0.666468,47.354195,0 0.665392,47.352900,0 0.665172,47.351933,0 0.665127,47.349422,0 0.664957,47.349087,0 0.654196,47.347480,0 0.650524,47.347115,0 0.648880,47.346730,0 0.647982,47.346714,0 0.647344,47.346947,0 0.646482,47.346440,0 0.644680,47.346195,0 0.644066,47.346306,0 0.642610,47.345848,0 0.625542,47.343365,0 0.623027,47.342670,0 0.621314,47.341656,0 0.615739,47.337030,0 0.616443,47.336517,0 0.619130,47.337128,0 0.618960,47.337303,0 0.618088,47.336887,0 0.616443,47.336517,0 0.615739,47.337030,0 0.600047,47.324047,0 0.598671,47.323196,0 0.598184,47.322586,0 0.598360,47.322174,0 0.597364,47.319847,0 0.596290,47.318966,0 0.593471,47.317360,0 0.590359,47.315903,0 0.566510,47.306168,0 0.559449,47.304430,0 0.556151,47.301870,0 0.554071,47.301186,0 0.553013,47.301180,0 0.552696,47.300602,0 0.551978,47.300194,0 0.485409,47.272522,0 0.483467,47.271760,0 0.482626,47.271690,0 0.482028,47.271145,0 0.473388,47.267513,0 0.472407,47.267160,0 0.471867,47.267162,0 0.471721,47.266605,0 0.467599,47.264977,0 0.465814,47.261818,0 0.465021,47.262062,0 0.463612,47.261740,0 0.459921,47.262720,0 0.449035,47.264507,0 0.447024,47.265000,0 0.447694,47.266056,0 0.448032,47.266273,0 0.447853,47.266340,0 0.447024,47.265000,0 0.457513,47.263046,0 0.457057,47.261772,0 0.457660,47.261303,0 0.457299,47.260120,0 0.454403,47.253155,0 0.453554,47.251877,0 0.451953,47.250680,0 0.411858,47.235435,0 0.371231,47.219646,0 0.325203,47.202340,0 0.276032,47.183410,0 0.273234,47.182487,0 0.272774,47.182156,0 0.264515,47.178930,0 0.263342,47.178288,0 0.262130,47.178390,0 0.261815,47.177902,0 0.261016,47.177525,0 0.260451,47.176556,0 0.259483,47.175760,0 0.258946,47.174740,0 0.258404,47.172447,0 0.258588,47.171240,0 0.256441,47.170870,0 0.256347,47.169952,0 0.257234,47.169193,0 0.257310,47.166603,0 0.255358,47.166576,0 0.251026,47.163240,0 0.251383,47.163025,0 0.251647,47.163230,0</coordinates>
          </LineString>
        </MultiGeometry>
      </Placemark>
      <Placemark>
        <name>434 — Tours - Châteaudun - Chartres — Ligne forte</name>
        <description>Groupe horaire : Ligne forte
Ligne régionale Rémi 434. Tracé issu des shapes GTFS officiels fournis.</description>
        <styleUrl>#route_REMI28_Line_89</styleUrl>
        <MultiGeometry>
          <LineString>
            <tessellate>1</tessellate>
            <coordinates>0.692876,47.390160,0 0.692540,47.390460,0 0.692030,47.390540,0 0.699180,47.391550,0 0.701780,47.392780,0 0.704190,47.394370,0 0.704690,47.394440,0 0.705960,47.394190,0 0.706730,47.394350,0 0.706940,47.394510,0 0.707180,47.395530,0 0.707690,47.396420,0 0.715100,47.405400,0 0.716360,47.406240,0 0.717780,47.406860,0 0.722600,47.408350,0 0.724710,47.409270,0 0.727210,47.410980,0 0.728700,47.412690,0 0.729580,47.414370,0 0.734490,47.428320,0 0.736250,47.434190,0 0.738150,47.442060,0 0.738780,47.443790,0 0.740470,47.446380,0 0.741920,47.447660,0 0.743120,47.448230,0 0.745290,47.448480,0 0.745740,47.448700,0 0.745920,47.449070,0 0.745370,47.449700,0 0.742600,47.451250,0 0.736320,47.453330,0 0.735000,47.453940,0 0.734700,47.454230,0 0.734580,47.454730,0 0.735150,47.455640,0 0.744230,47.463630,0 0.744680,47.463660,0 0.744690,47.463990,0 0.753360,47.471370,0 0.757170,47.474220,0 0.760510,47.477540,0 0.786110,47.499550,0 0.860470,47.545100,0 0.861690,47.546070,0 0.863430,47.548470,0 0.863650,47.549400,0 0.864280,47.550640,0 0.863930,47.551800,0 0.863950,47.552450,0 0.865070,47.554270,0 0.865770,47.554980,0 0.890770,47.569100,0 0.891960,47.569920,0 0.894520,47.572390,0 0.895650,47.573850,0 0.896280,47.575260,0 0.897950,47.586480,0 0.898520,47.587120,0 0.901460,47.588670,0 0.902530,47.589620,0 0.903080,47.589450,0 0.902220,47.587920,0 0.901640,47.587700,0 0.901940,47.587590,0 0.903080,47.589450,0 0.899950,47.590200,0 0.899710,47.590540,0 0.901160,47.592970,0 0.902250,47.594060,0 0.904520,47.595420,0 0.910860,47.597250,0 0.913110,47.598160,0 0.914980,47.599310,0 0.916730,47.600930,0 0.919670,47.604830,0 0.920200,47.604920,0 0.920240,47.605210,0 0.920030,47.605340,0 0.962950,47.662570,0 0.976590,47.675710,0 0.980450,47.679160,0 0.998850,47.697060,0 0.999570,47.697410,0 0.999730,47.698030,0 1.007670,47.705730,0 1.058560,47.770670,0 1.059140,47.771380,0 1.059970,47.771750,0 1.059970,47.772450,0 1.062570,47.775730,0 1.063600,47.776630,0 1.065380,47.777610,0 1.079840,47.783390,0 1.080950,47.784110,0 1.081860,47.785040,0 1.082420,47.786190,0 1.082550,47.787350,0 1.082230,47.788420,0 1.081710,47.789260,0 1.075490,47.794330,0 1.074830,47.795290,0 1.073330,47.798710,0 1.072790,47.798520,0 1.068850,47.798540,0 1.070010,47.801770,0 1.068510,47.801640,0 1.068200,47.801880,0 1.069054,47.801994,0</coordinates>
          </LineString>
          <LineString>
            <tessellate>1</tessellate>
            <coordinates>0.692876,47.390160,0 0.692540,47.390460,0 0.692030,47.390540,0 0.699180,47.391550,0 0.701780,47.392780,0 0.704190,47.394370,0 0.704690,47.394440,0 0.705960,47.394190,0 0.706730,47.394350,0 0.706940,47.394510,0 0.707180,47.395530,0 0.707690,47.396420,0 0.715100,47.405400,0 0.716360,47.406240,0 0.717780,47.406860,0 0.722600,47.408350,0 0.724710,47.409270,0 0.727210,47.410980,0 0.728700,47.412690,0 0.729580,47.414370,0 0.734490,47.428320,0 0.736250,47.434190,0 0.738150,47.442060,0 0.738780,47.443790,0 0.740470,47.446380,0 0.741920,47.447660,0 0.743120,47.448230,0 0.745290,47.448480,0 0.745740,47.448700,0 0.745920,47.449070,0 0.745370,47.449700,0 0.742600,47.451250,0 0.736320,47.453330,0 0.735000,47.453940,0 0.734700,47.454230,0 0.734580,47.454730,0 0.735150,47.455640,0 0.744230,47.463630,0 0.744680,47.463660,0 0.744690,47.463990,0 0.753360,47.471370,0 0.757170,47.474220,0 0.760510,47.477540,0 0.786110,47.499550,0 0.860470,47.545100,0 0.861690,47.546070,0 0.863430,47.548470,0 0.863650,47.549400,0 0.864280,47.550640,0 0.863930,47.551800,0 0.863950,47.552450,0 0.865070,47.554270,0 0.865770,47.554980,0 0.890770,47.569100,0 0.892170,47.570110,0 0.894990,47.572920,0 0.895910,47.574310,0 0.896280,47.575260,0 0.897950,47.586480,0 0.898520,47.587120,0 0.901460,47.588670,0 0.902530,47.589620,0 0.903080,47.589450,0 0.902220,47.587920,0 0.901640,47.587700,0 0.901940,47.587590,0 0.903080,47.589450,0 0.899950,47.590200,0 0.899710,47.590540,0 0.901160,47.592970,0 0.902250,47.594060,0 0.904520,47.595420,0 0.910860,47.597250,0 0.913110,47.598160,0 0.914980,47.599310,0 0.916730,47.600930,0 0.919670,47.604830,0 0.920200,47.604920,0 0.920240,47.605210,0 0.920030,47.605340,0 0.962950,47.662570,0 0.976590,47.675710,0 0.980450,47.679160,0 0.998850,47.697060,0 0.999570,47.697410,0 0.999730,47.698030,0 1.007670,47.705730,0 1.058560,47.770670,0 1.059140,47.771380,0 1.059970,47.771750,0 1.059970,47.772450,0 1.062570,47.775730,0 1.063600,47.776630,0 1.065380,47.777610,0 1.079840,47.783390,0 1.080950,47.784110,0 1.081860,47.785040,0 1.082420,47.786190,0 1.082550,47.787350,0 1.082230,47.788420,0 1.081710,47.789260,0 1.075490,47.794330,0 1.074830,47.795290,0 1.073330,47.798710,0 1.072790,47.798520,0 1.068850,47.798540,0 1.070010,47.801770,0 1.068510,47.801640,0 1.068200,47.801880,0 1.070110,47.802000,0 1.070530,47.802990,0 1.070020,47.803950,0 1.071210,47.804270,0 1.075650,47.815180,0 1.075920,47.817450,0 1.076280,47.818190,0 1.076070,47.818540,0 1.076140,47.819620,0 1.076420,47.823140,0 1.076730,47.824110,0 1.077290,47.824440,0 1.077300,47.824990,0 1.078050,47.825960,0 1.093070,47.843570,0 1.095290,47.845040,0 1.101430,47.847100,0 1.103710,47.848280,0 1.105460,47.850020,0 1.107170,47.853540,0 1.108050,47.854910,0 1.110080,47.856990,0 1.113480,47.859150,0 1.124550,47.865010,0 1.131650,47.870680,0 1.133520,47.871900,0 1.135400,47.872810,0 1.138210,47.873680,0 1.139040,47.873680,0 1.139510,47.873410,0 1.139680,47.873080,0 1.139610,47.872750,0 1.139290,47.872550,0 1.139400,47.872340,0 1.141400,47.872460,0 1.142380,47.872240,0 1.143610,47.871360,0 1.144340,47.870420,0 1.146880,47.868990,0 1.143620,47.867010,0 1.142450,47.867600,0 1.140370,47.866630,0 1.137780,47.868670,0 1.137920,47.869050,0 1.138960,47.869850,0 1.139460,47.872320,0 1.139780,47.872410,0 1.139940,47.873490,0 1.140490,47.874070,0 1.141890,47.874430,0 1.143520,47.874560,0 1.151880,47.874400,0 1.153720,47.874610,0 1.155810,47.875180,0 1.157610,47.876050,0 1.160660,47.878010,0 1.166950,47.883490,0 1.169050,47.884950,0 1.171540,47.886160,0 1.177810,47.888560,0 1.181050,47.890840,0 1.182620,47.891100,0 1.183280,47.890980,0 1.183220,47.890620,0 1.182380,47.889660,0 1.182330,47.889250,0 1.183000,47.888570,0 1.183700,47.888380,0 1.207360,47.887630,0 1.209780,47.888270,0 1.208970,47.890140,0 1.210250,47.890850,0 1.221500,47.895940,0 1.226340,47.897170,0 1.232440,47.899330,0 1.234220,47.901240,0 1.233930,47.901990,0 1.232090,47.901980,0 1.232140,47.902920,0 1.231300,47.905990,0 1.229910,47.908900,0 1.230070,47.909110,0 1.229770,47.909220,0 1.227670,47.912670,0 1.226540,47.913830,0 1.223900,47.915920,0 1.222790,47.916380,0 1.218990,47.917480,0 1.214550,47.918080,0 1.210390,47.921680,0 1.208210,47.922940,0 1.207600,47.923540,0 1.207130,47.924570,0 1.207460,47.927740,0 1.207310,47.930290,0 1.207980,47.933330,0 1.207830,47.935990,0 1.207230,47.937410,0 1.205130,47.939190,0 1.205250,47.939400,0 1.205050,47.939570,0 1.220560,47.958120,0 1.221480,47.959650,0 1.228880,47.974920,0 1.231130,47.977600,0 1.230790,47.978840,0 1.233580,47.984610,0 1.233800,47.985410,0 1.231810,47.995740,0 1.234190,47.996310,0 1.235100,47.995870,0 1.236560,47.994710,0 1.238840,47.992300,0 1.239650,47.991890,0 1.241750,47.991560,0 1.243228,47.991947,0 1.243133,47.992065,0 1.242720,47.991790,0 1.241370,47.993050,0 1.242690,47.993480,0 1.252660,47.990930,0 1.255100,47.990600,0 1.256490,47.992670,0 1.268420,48.005850,0 1.269920,48.008050,0 1.272010,48.012140,0 1.273820,48.014100,0 1.275240,48.015120,0 1.276850,48.015940,0 1.292660,48.021950,0 1.293840,48.022560,0 1.329880,48.060350,0 1.330630,48.060740,0 1.333690,48.061280,0 1.334220,48.061090,0 1.334380,48.061460,0 1.335670,48.062100,0 1.336290,48.062620,0 1.336900,48.063540,0 1.337630,48.066220,0 1.337710,48.067910,0 1.337280,48.073310,0 1.337713,48.073425,0</coordinates>
          </LineString>
          <LineString>
            <tessellate>1</tessellate>
            <coordinates>1.479832,48.448612,0 1.480342,48.449074,0 1.480186,48.449207,0 1.479479,48.448700,0 1.477621,48.447876,0 1.477320,48.447170,0 1.480840,48.446420,0 1.482480,48.445790,0 1.483010,48.445400,0 1.483590,48.443740,0 1.482350,48.440030,0 1.466840,48.419520,0 1.466360,48.419290,0 1.466250,48.418820,0 1.464690,48.416720,0 1.463850,48.416180,0 1.464010,48.415830,0 1.463450,48.414510,0 1.461530,48.410880,0 1.460750,48.410010,0 1.460620,48.409140,0 1.446790,48.382730,0 1.446910,48.381410,0 1.448910,48.379310,0 1.449210,48.378660,0 1.449180,48.378100,0 1.444060,48.363390,0 1.442190,48.357210,0 1.441640,48.356740,0 1.441900,48.356250,0 1.440810,48.352770,0 1.429890,48.319890,0 1.426360,48.314650,0 1.412400,48.255960,0 1.402170,48.216400,0 1.399110,48.209130,0 1.397860,48.206700,0 1.394090,48.198020,0 1.392960,48.196380,0 1.391300,48.195020,0 1.391990,48.193130,0 1.391990,48.192620,0 1.388850,48.185330,0 1.386803,48.186060,0 1.386742,48.186220,0 1.386499,48.186153,0 1.386744,48.186207,0 1.388850,48.185330,0 1.391990,48.192620,0 1.391990,48.193130,0 1.391633,48.193913,0 1.391990,48.193130,0 1.391990,48.192620,0 1.388160,48.183740,0 1.386200,48.181160,0 1.382280,48.179460,0 1.380600,48.178480,0 1.379970,48.177660,0 1.379570,48.177510,0 1.378950,48.177460,0 1.373530,48.181430,0 1.372390,48.181670,0 1.370740,48.181550,0 1.370850,48.180970,0 1.371200,48.180530,0 1.373740,48.178940,0 1.371350,48.174230,0 1.349250,48.145340,0 1.330560,48.120510,0 1.330220,48.116380,0 1.329890,48.102430,0 1.330120,48.099070,0 1.330780,48.096410,0 1.330540,48.095850,0 1.331090,48.095340,0 1.332690,48.090770,0 1.333680,48.089040,0 1.333610,48.088490,0 1.334210,48.088080,0 1.336880,48.083310,0 1.337590,48.080440,0 1.337010,48.076560,0 1.337280,48.073590,0 1.337130,48.073380,0 1.338130,48.073450,0 1.337140,48.073450,0 1.337280,48.073310,0 1.337720,48.067500,0 1.337580,48.065950,0 1.336630,48.063030,0 1.335670,48.062100,0 1.334380,48.061460,0 1.333900,48.061540,0 1.333690,48.061280,0 1.332840,48.061060,0 1.330630,48.060740,0 1.329880,48.060350,0 1.293840,48.022560,0 1.292660,48.021950,0 1.276850,48.015940,0 1.275240,48.015120,0 1.273820,48.014100,0 1.272010,48.012140,0 1.269920,48.008050,0 1.267850,48.005150,0 1.256490,47.992670,0 1.253900,47.990710,0 1.242690,47.993480,0 1.241370,47.993050,0 1.242720,47.991790,0 1.243228,47.991947,0 1.243133,47.992065,0 1.242780,47.991730,0 1.241750,47.991560,0 1.239650,47.991890,0 1.238840,47.992300,0 1.236560,47.994710,0 1.235100,47.995870,0 1.234190,47.996310,0 1.231810,47.995740,0 1.233800,47.985410,0 1.233580,47.984610,0 1.230790,47.978840,0 1.230990,47.978120,0 1.230850,47.977500,0 1.228950,47.975150,0 1.220680,47.958310,0 1.208420,47.943900,0 1.205240,47.939790,0 1.204610,47.939440,0 1.204740,47.939180,0 1.194130,47.926370,0 1.193450,47.924390,0 1.187300,47.900620,0 1.186490,47.899370,0 1.182880,47.896780,0 1.181670,47.895620,0 1.181150,47.894350,0 1.180800,47.891990,0 1.179930,47.890350,0 1.179150,47.889560,0 1.177750,47.888640,0 1.171310,47.886190,0 1.168260,47.884600,0 1.166170,47.883000,0 1.160400,47.877950,0 1.157440,47.876070,0 1.155960,47.875340,0 1.153670,47.874700,0 1.151830,47.874480,0 1.144320,47.874680,0 1.140590,47.874370,0 1.136560,47.873360,0 1.133480,47.871990,0 1.131330,47.870570,0 1.125000,47.865420,0 1.112200,47.858570,0 1.109980,47.857050,0 1.107970,47.854990,0 1.107070,47.853620,0 1.105240,47.849920,0 1.103650,47.848380,0 1.101900,47.847390,0 1.095190,47.845120,0 1.093760,47.844300,0 1.092500,47.843200,0 1.077870,47.825990,0 1.076490,47.824710,0 1.075940,47.818750,0 1.075660,47.818240,0 1.075920,47.817450,0 1.075650,47.815180,0 1.071210,47.804270,0 1.070020,47.803950,0 1.070530,47.802990,0 1.070010,47.801770,0 1.068510,47.801640,0 1.068200,47.801880,0 1.070110,47.802000,0 1.068850,47.798540,0 1.072790,47.798520,0 1.073500,47.798290,0 1.074830,47.795290,0 1.075490,47.794330,0 1.081710,47.789260,0 1.082230,47.788420,0 1.082550,47.787350,0 1.082420,47.786190,0 1.081860,47.785040,0 1.080950,47.784110,0 1.079840,47.783390,0 1.065380,47.777610,0 1.063600,47.776630,0 1.062570,47.775730,0 1.059970,47.772450,0 1.059140,47.772000,0 1.059140,47.771380,0 1.007670,47.705730,0 1.000070,47.698370,0 0.998890,47.697850,0 0.998720,47.697630,0 0.998760,47.697220,0 0.997850,47.696220,0 0.962950,47.662570,0 0.920030,47.605340,0 0.919480,47.605220,0 0.919450,47.604990,0 0.919670,47.604830,0 0.917060,47.601310,0 0.914980,47.599310,0 0.912260,47.597790,0 0.912830,47.597240,0 0.913720,47.596850,0 0.913040,47.595890,0 0.912990,47.595430,0 0.914780,47.592980,0 0.916610,47.592750,0 0.916989,47.592360,0 0.916610,47.592750,0 0.914780,47.592980,0 0.912990,47.595430,0 0.913040,47.595890,0 0.913720,47.596850,0 0.912830,47.597240,0 0.912260,47.597790,0 0.905060,47.595640,0 0.903570,47.594940,0 0.902250,47.594060,0 0.901160,47.592970,0 0.899710,47.590540,0 0.899300,47.590510,0 0.899160,47.590250,0 0.899420,47.590030,0 0.899950,47.590200,0 0.903080,47.589450,0 0.901940,47.587590,0 0.901640,47.587700,0 0.901940,47.587590,0 0.902220,47.587920,0 0.903080,47.589450,0 0.899950,47.590200,0 0.899710,47.590540,0 0.899170,47.590390,0 0.899420,47.590030,0 0.898350,47.587990,0 0.898020,47.586940,0 0.896210,47.575000,0 0.894990,47.572920,0 0.891960,47.569920,0 0.890770,47.569100,0 0.865770,47.554980,0 0.865070,47.554270,0 0.863950,47.552450,0 0.863930,47.551800,0 0.864280,47.550640,0 0.863650,47.549400,0 0.863430,47.548470,0 0.861690,47.546070,0 0.860470,47.545100,0 0.786110,47.499550,0 0.760510,47.477540,0 0.757170,47.474220,0 0.753360,47.471370,0 0.744690,47.463990,0 0.744150,47.463940,0 0.744230,47.463630,0 0.743230,47.462640,0 0.732530,47.453390,0 0.731820,47.452980,0 0.731230,47.452930,0 0.730710,47.453250,0 0.730880,47.453790,0 0.731960,47.454060,0 0.735480,47.453600,0 0.742380,47.451230,0 0.743330,47.450550,0 0.743540,47.449960,0 0.743470,47.449570,0 0.742850,47.448680,0 0.741250,47.447380,0 0.739800,47.445790,0 0.738380,47.443270,0 0.736520,47.435800,0 0.734520,47.428920,0 0.729700,47.415230,0 0.728780,47.413110,0 0.727210,47.411180,0 0.724530,47.409320,0 0.722500,47.408450,0 0.717620,47.406940,0 0.716220,47.406320,0 0.715050,47.405550,0 0.707640,47.396640,0 0.705190,47.395610,0 0.704380,47.394970,0 0.704150,47.394560,0 0.702960,47.393770,0 0.699320,47.391850,0 0.693590,47.390980,0 0.693610,47.390700,0 0.694110,47.390290,0 0.693210,47.389860,0 0.692876,47.390160,0</coordinates>
          </LineString>
          <LineString>
            <tessellate>1</tessellate>
            <coordinates>1.337717,48.073425,0 1.337280,48.073520,0 1.337020,48.075740,0 1.337160,48.078040,0 1.337590,48.080440,0 1.336930,48.083160,0 1.334370,48.088080,0 1.334410,48.088710,0 1.333770,48.089190,0 1.332310,48.091840,0 1.331090,48.095340,0 1.331340,48.095910,0 1.330780,48.096410,0 1.330120,48.099070,0 1.329900,48.103070,0 1.330220,48.116380,0 1.330560,48.120510,0 1.331880,48.122460,0 1.371060,48.173820,0 1.376770,48.184590,0 1.377870,48.186170,0 1.380000,48.188010,0 1.390500,48.194460,0 1.391220,48.194620,0 1.391500,48.194420,0 1.391990,48.193130,0 1.391990,48.192620,0 1.388850,48.185330,0 1.386495,48.186100,0 1.388850,48.185330,0 1.391990,48.192620,0 1.391990,48.193130,0 1.391530,48.194190,0 1.391610,48.194830,0 1.393460,48.196710,0 1.394340,48.198120,0 1.402170,48.216400,0 1.412400,48.255960,0 1.426490,48.314650,0 1.429640,48.319350,0 1.430330,48.321120,0 1.440670,48.352380,0 1.442010,48.356170,0 1.442560,48.356660,0 1.442320,48.357150,0 1.449180,48.378100,0 1.449210,48.378660,0 1.448910,48.379310,0 1.446910,48.381410,0 1.446790,48.382730,0 1.460620,48.409140,0 1.461460,48.409810,0 1.461530,48.410880,0 1.463450,48.414510,0 1.464220,48.415770,0 1.464720,48.415950,0 1.464590,48.416330,0 1.464720,48.416610,0 1.482350,48.440030,0 1.483490,48.443610,0 1.483940,48.443800,0 1.483520,48.444170,0 1.483400,48.444630,0 1.483780,48.446640,0 1.481820,48.447830,0 1.479880,48.446650,0 1.477390,48.447250,0 1.477621,48.447876,0 1.478053,48.448160,0 1.478945,48.448494,0 1.479336,48.448350,0 1.479832,48.448612,0</coordinates>
          </LineString>
          <LineString>
            <tessellate>1</tessellate>
            <coordinates>1.479792,48.448643,0 1.480173,48.448860,0 1.480329,48.449093,0 1.480216,48.449230,0 1.477796,48.447900,0 1.477320,48.447170,0 1.480840,48.446420,0 1.482480,48.445790,0 1.483010,48.445400,0 1.483590,48.443740,0 1.482350,48.440030,0 1.466840,48.419520,0 1.466340,48.419350,0 1.466250,48.418820,0 1.464690,48.416720,0 1.464370,48.416380,0 1.463840,48.416200,0 1.464010,48.415830,0 1.463450,48.414510,0 1.461530,48.410880,0 1.460750,48.410010,0 1.460780,48.409600,0 1.460480,48.408860,0 1.446790,48.382730,0 1.446910,48.381410,0 1.448910,48.379310,0 1.449210,48.378700,0 1.449190,48.378130,0 1.444060,48.363390,0 1.442190,48.357210,0 1.441640,48.356740,0 1.441900,48.356250,0 1.440810,48.352770,0 1.429890,48.319890,0 1.426360,48.314650,0 1.412400,48.255960,0 1.402170,48.216400,0 1.399110,48.209130,0 1.397860,48.206700,0 1.394090,48.198020,0 1.392960,48.196380,0 1.391300,48.195020,0 1.391990,48.193130,0 1.391990,48.192620,0 1.388850,48.185330,0 1.386517,48.186140,0 1.386744,48.186207,0 1.388850,48.185330,0 1.391990,48.192620,0 1.391990,48.193130,0 1.391633,48.193913,0 1.391990,48.193130,0 1.391990,48.192620,0 1.388160,48.183740,0 1.386200,48.181160,0 1.382280,48.179460,0 1.380600,48.178480,0 1.379970,48.177660,0 1.379570,48.177510,0 1.378950,48.177460,0 1.373530,48.181430,0 1.372390,48.181670,0 1.370740,48.181550,0 1.370850,48.180970,0 1.371200,48.180530,0 1.373740,48.178940,0 1.371350,48.174230,0 1.349250,48.145340,0 1.330560,48.120510,0 1.330220,48.116380,0 1.329890,48.102430,0 1.330120,48.099070,0 1.330780,48.096410,0 1.330540,48.095850,0 1.331090,48.095340,0 1.332690,48.090770,0 1.333680,48.089040,0 1.333610,48.088490,0 1.334210,48.088080,0 1.336880,48.083310,0 1.337590,48.080440,0 1.337010,48.076560,0 1.337280,48.073590,0 1.337130,48.073380,0 1.338130,48.073450,0 1.337140,48.073450,0 1.337280,48.073310,0 1.337720,48.067500,0 1.337580,48.065950,0 1.336630,48.063030,0 1.335670,48.062100,0 1.334380,48.061460,0 1.333900,48.061540,0 1.333690,48.061280,0 1.332840,48.061060,0 1.330630,48.060740,0 1.329880,48.060350,0 1.293840,48.022560,0 1.292660,48.021950,0 1.276850,48.015940,0 1.275240,48.015120,0 1.273820,48.014100,0 1.272010,48.012140,0 1.269920,48.008050,0 1.267850,48.005150,0 1.256490,47.992670,0 1.253900,47.990710,0 1.242690,47.993480,0 1.241370,47.993050,0 1.242720,47.991790,0 1.243228,47.991947,0 1.243133,47.992065,0 1.242780,47.991730,0 1.241750,47.991560,0 1.239650,47.991890,0 1.238840,47.992300,0 1.236560,47.994710,0 1.235100,47.995870,0 1.234190,47.996310,0 1.231810,47.995740,0 1.233800,47.985410,0 1.233580,47.984610,0 1.230790,47.978840,0 1.230990,47.978120,0 1.230850,47.977500,0 1.228950,47.975150,0 1.220680,47.958310,0 1.208420,47.943900,0 1.205240,47.939790,0 1.204610,47.939440,0 1.204740,47.939180,0 1.194130,47.926370,0 1.193450,47.924390,0 1.187300,47.900620,0 1.186490,47.899370,0 1.182880,47.896780,0 1.181670,47.895620,0 1.181260,47.894790,0 1.180630,47.891500,0 1.179740,47.890130,0 1.177750,47.888640,0 1.171310,47.886190,0 1.168260,47.884600,0 1.166170,47.883000,0 1.160400,47.877950,0 1.157440,47.876070,0 1.155960,47.875340,0 1.153670,47.874700,0 1.151830,47.874480,0 1.144320,47.874680,0 1.140590,47.874370,0 1.136560,47.873360,0 1.133480,47.871990,0 1.131330,47.870570,0 1.125000,47.865420,0 1.112200,47.858570,0 1.109980,47.857050,0 1.107970,47.854990,0 1.107070,47.853620,0 1.105240,47.849920,0 1.103650,47.848380,0 1.101900,47.847390,0 1.095190,47.845120,0 1.093760,47.844300,0 1.092500,47.843200,0 1.077870,47.825990,0 1.076490,47.824710,0 1.075940,47.818750,0 1.075660,47.818240,0 1.075920,47.817450,0 1.075650,47.815180,0 1.071210,47.804270,0 1.070020,47.803950,0 1.070530,47.802990,0 1.070010,47.801770,0 1.068510,47.801640,0 1.068200,47.801880,0 1.070110,47.802000,0 1.068850,47.798540,0 1.072790,47.798520,0 1.073500,47.798290,0 1.074830,47.795290,0 1.075490,47.794330,0 1.081710,47.789260,0 1.082230,47.788420,0 1.082550,47.787350,0 1.082420,47.786190,0 1.081860,47.785040,0 1.080950,47.784110,0 1.079840,47.783390,0 1.065380,47.777610,0 1.063600,47.776630,0 1.062570,47.775730,0 1.059970,47.772450,0 1.059140,47.772000,0 1.059140,47.771380,0 1.007670,47.705730,0 1.000070,47.698370,0 0.998890,47.697850,0 0.998720,47.697630,0 0.998760,47.697220,0 0.997850,47.696220,0 0.962950,47.662570,0 0.920030,47.605340,0 0.919480,47.605220,0 0.919450,47.604990,0 0.919670,47.604830,0 0.916730,47.600930,0 0.914980,47.599310,0 0.913110,47.598160,0 0.910860,47.597250,0 0.904520,47.595420,0 0.902250,47.594060,0 0.901160,47.592970,0 0.899710,47.590540,0 0.899220,47.590460,0 0.899200,47.590170,0 0.899620,47.590020,0 0.899950,47.590200,0 0.903080,47.589450,0 0.902220,47.587920,0 0.901640,47.587700,0 0.901940,47.587590,0 0.903080,47.589450,0 0.899950,47.590200,0 0.899710,47.590540,0 0.899170,47.590390,0 0.899420,47.590030,0 0.898350,47.587990,0 0.898020,47.586940,0 0.896280,47.575260,0 0.895910,47.574310,0 0.894990,47.572920,0 0.892170,47.570110,0 0.890770,47.569100,0 0.865770,47.554980,0 0.865070,47.554270,0 0.863950,47.552450,0 0.863930,47.551800,0 0.864280,47.550640,0 0.863650,47.549400,0 0.863430,47.548470,0 0.861690,47.546070,0 0.860470,47.545100,0 0.786110,47.499550,0 0.760510,47.477540,0 0.757170,47.474220,0 0.753360,47.471370,0 0.744690,47.463990,0 0.744150,47.463940,0 0.744230,47.463630,0 0.743230,47.462640,0 0.732530,47.453390,0 0.731820,47.452980,0 0.731230,47.452930,0 0.730710,47.453250,0 0.730880,47.453790,0 0.731960,47.454060,0 0.735480,47.453600,0 0.742380,47.451230,0 0.743330,47.450550,0 0.743540,47.449960,0 0.743470,47.449570,0 0.742850,47.448680,0 0.741250,47.447380,0 0.739800,47.445790,0 0.738380,47.443270,0 0.736520,47.435800,0 0.734520,47.428920,0 0.729700,47.415230,0 0.728780,47.413110,0 0.727210,47.411180,0 0.724530,47.409320,0 0.722500,47.408450,0 0.717620,47.406940,0 0.716220,47.406320,0 0.715050,47.405550,0 0.707640,47.396640,0 0.705190,47.395610,0 0.704380,47.394970,0 0.704150,47.394560,0 0.702960,47.393770,0 0.699320,47.391850,0 0.693590,47.390980,0 0.693610,47.390700,0 0.694110,47.390290,0 0.693210,47.389860,0 0.692876,47.390160,0</coordinates>
          </LineString>
          <LineString>
            <tessellate>1</tessellate>
            <coordinates>1.337717,48.073425,0 1.337280,48.073520,0 1.337130,48.073380,0 1.337280,48.073310,0 1.337690,48.068280,0 1.337630,48.066220,0 1.336900,48.063540,0 1.336230,48.062560,0 1.334380,48.061460,0 1.333900,48.061540,0 1.333690,48.061280,0 1.332840,48.061060,0 1.330630,48.060740,0 1.329880,48.060350,0 1.293840,48.022560,0 1.292660,48.021950,0 1.276850,48.015940,0 1.275240,48.015120,0 1.273820,48.014100,0 1.272010,48.012140,0 1.269920,48.008050,0 1.267850,48.005150,0 1.256490,47.992670,0 1.253900,47.990710,0 1.242690,47.993480,0 1.241370,47.993050,0 1.242720,47.991790,0 1.243228,47.991947,0 1.243133,47.992065,0 1.242780,47.991730,0 1.241750,47.991560,0 1.239650,47.991890,0 1.238840,47.992300,0 1.236560,47.994710,0 1.235100,47.995870,0 1.234190,47.996310,0 1.231810,47.995740,0 1.233800,47.985410,0 1.233580,47.984610,0 1.230790,47.978840,0 1.230990,47.978120,0 1.230850,47.977500,0 1.228950,47.975150,0 1.220680,47.958310,0 1.208420,47.943900,0 1.205240,47.939790,0 1.204590,47.939330,0 1.205130,47.939190,0 1.207140,47.937510,0 1.207830,47.935990,0 1.207980,47.933330,0 1.207310,47.930290,0 1.207460,47.927740,0 1.207130,47.924570,0 1.207600,47.923540,0 1.208210,47.922940,0 1.210390,47.921680,0 1.214550,47.918080,0 1.218990,47.917480,0 1.222790,47.916380,0 1.223900,47.915920,0 1.226540,47.913830,0 1.228360,47.911670,0 1.229770,47.909220,0 1.229600,47.909000,0 1.229910,47.908900,0 1.230880,47.907050,0 1.232140,47.902920,0 1.232090,47.901980,0 1.233930,47.901990,0 1.234220,47.901240,0 1.232440,47.899330,0 1.226340,47.897170,0 1.221500,47.895940,0 1.212120,47.891690,0 1.213990,47.889900,0 1.210680,47.888740,0 1.210220,47.888400,0 1.207360,47.887630,0 1.183350,47.888440,0 1.182490,47.888970,0 1.182340,47.889530,0 1.183490,47.890940,0 1.183930,47.891090,0 1.183910,47.891400,0 1.182170,47.891900,0 1.179210,47.892340,0 1.178690,47.892710,0 1.179140,47.893010,0 1.180300,47.893090,0 1.180670,47.892900,0 1.180890,47.892470,0 1.180250,47.890800,0 1.179150,47.889560,0 1.177750,47.888640,0 1.171310,47.886190,0 1.168260,47.884600,0 1.166170,47.883000,0 1.160400,47.877950,0 1.156480,47.875560,0 1.154290,47.874830,0 1.151830,47.874480,0 1.144320,47.874680,0 1.140030,47.874430,0 1.136600,47.874910,0 1.136530,47.874710,0 1.136840,47.874600,0 1.137300,47.873860,0 1.138280,47.872980,0 1.139460,47.872320,0 1.141400,47.872460,0 1.142380,47.872240,0 1.143610,47.871360,0 1.144340,47.870420,0 1.146880,47.868990,0 1.143620,47.867010,0 1.142450,47.867600,0 1.140370,47.866630,0 1.137770,47.868740,0 1.137920,47.869050,0 1.138960,47.869850,0 1.139460,47.872320,0 1.139730,47.872360,0 1.139780,47.872570,0 1.138890,47.872690,0 1.138100,47.873110,0 1.137050,47.874160,0 1.136840,47.874600,0 1.137040,47.874770,0 1.138000,47.874740,0 1.138300,47.874450,0 1.138300,47.874170,0 1.132770,47.871580,0 1.125000,47.865420,0 1.112200,47.858570,0 1.109980,47.857050,0 1.107970,47.854990,0 1.107070,47.853620,0 1.105240,47.849920,0 1.103650,47.848380,0 1.101900,47.847390,0 1.095460,47.845240,0 1.093270,47.843920,0 1.092010,47.842640,0 1.077390,47.825440,0 1.076490,47.824710,0 1.075940,47.818750,0 1.075660,47.818240,0 1.075920,47.817450,0 1.075730,47.815410,0 1.071210,47.804270,0 1.070020,47.803950,0 1.070530,47.802990,0 1.070010,47.801770,0 1.069089,47.801712,0</coordinates>
          </LineString>
          <LineString>
            <tessellate>1</tessellate>
            <coordinates>1.069054,47.801994,0 1.070110,47.802000,0 1.070530,47.802990,0 1.070020,47.803950,0 1.071210,47.804270,0 1.075730,47.815410,0 1.075920,47.817450,0 1.076280,47.818190,0 1.076070,47.818540,0 1.076140,47.819620,0 1.076420,47.823140,0 1.076730,47.824110,0 1.077290,47.824440,0 1.077300,47.824990,0 1.078050,47.825960,0 1.092700,47.843210,0 1.093660,47.844060,0 1.095090,47.844950,0 1.101430,47.847100,0 1.103710,47.848280,0 1.105460,47.850020,0 1.107170,47.853540,0 1.108050,47.854910,0 1.110080,47.856990,0 1.113480,47.859150,0 1.124630,47.865060,0 1.131650,47.870680,0 1.133520,47.871900,0 1.136160,47.873100,0 1.138650,47.873730,0 1.139240,47.873600,0 1.139590,47.873300,0 1.139680,47.872960,0 1.139290,47.872550,0 1.139400,47.872340,0 1.141400,47.872460,0 1.142380,47.872240,0 1.143610,47.871360,0 1.144340,47.870420,0 1.146880,47.868990,0 1.143620,47.867010,0 1.142450,47.867600,0 1.140370,47.866630,0 1.137780,47.868670,0 1.137920,47.869050,0 1.138960,47.869850,0 1.139460,47.872320,0 1.139780,47.872410,0 1.139940,47.873490,0 1.140490,47.874070,0 1.141890,47.874430,0 1.143520,47.874560,0 1.151880,47.874400,0 1.153720,47.874610,0 1.155810,47.875180,0 1.157610,47.876050,0 1.160660,47.878010,0 1.166950,47.883490,0 1.169050,47.884950,0 1.171540,47.886160,0 1.177810,47.888560,0 1.181050,47.890840,0 1.182620,47.891100,0 1.183280,47.890980,0 1.183220,47.890620,0 1.182380,47.889660,0 1.182330,47.889250,0 1.183000,47.888570,0 1.183700,47.888380,0 1.207360,47.887630,0 1.209780,47.888270,0 1.208970,47.890140,0 1.210250,47.890850,0 1.221500,47.895940,0 1.226340,47.897170,0 1.232440,47.899330,0 1.234220,47.901240,0 1.233930,47.901990,0 1.232090,47.901980,0 1.232140,47.902920,0 1.231300,47.905990,0 1.229910,47.908900,0 1.230070,47.909110,0 1.229770,47.909220,0 1.227670,47.912670,0 1.226540,47.913830,0 1.223900,47.915920,0 1.222790,47.916380,0 1.218990,47.917480,0 1.214550,47.918080,0 1.210390,47.921680,0 1.208210,47.922940,0 1.207600,47.923540,0 1.207130,47.924570,0 1.207460,47.927740,0 1.207310,47.930290,0 1.207980,47.933330,0 1.207830,47.935990,0 1.207230,47.937410,0 1.205130,47.939190,0 1.205250,47.939400,0 1.205050,47.939570,0 1.220560,47.958120,0 1.221480,47.959650,0 1.228880,47.974920,0 1.231130,47.977600,0 1.230790,47.978840,0 1.233580,47.984610,0 1.233800,47.985410,0 1.231810,47.995740,0 1.234190,47.996310,0 1.235100,47.995870,0 1.236560,47.994710,0 1.238840,47.992300,0 1.239650,47.991890,0 1.241750,47.991560,0 1.243228,47.991947,0 1.243133,47.992065,0 1.242720,47.991790,0 1.241370,47.993050,0 1.242690,47.993480,0 1.252660,47.990930,0 1.255100,47.990600,0 1.256490,47.992670,0 1.268420,48.005850,0 1.269920,48.008050,0 1.272010,48.012140,0 1.273820,48.014100,0 1.275240,48.015120,0 1.276850,48.015940,0 1.292660,48.021950,0 1.293840,48.022560,0 1.329880,48.060350,0 1.330630,48.060740,0 1.333690,48.061280,0 1.334220,48.061090,0 1.334380,48.061460,0 1.335670,48.062100,0 1.336290,48.062620,0 1.336900,48.063540,0 1.337630,48.066220,0 1.337710,48.067910,0 1.337280,48.073310,0 1.337713,48.073425,0</coordinates>
          </LineString>
          <LineString>
            <tessellate>1</tessellate>
            <coordinates>1.479832,48.448612,0 1.480342,48.449074,0 1.480186,48.449207,0 1.479479,48.448700,0 1.477621,48.447876,0 1.477320,48.447170,0 1.480840,48.446420,0 1.482480,48.445790,0 1.483010,48.445400,0 1.483590,48.443740,0 1.482350,48.440030,0 1.466840,48.419520,0 1.466360,48.419290,0 1.466250,48.418820,0 1.464690,48.416720,0 1.463850,48.416180,0 1.464010,48.415830,0 1.463450,48.414510,0 1.461530,48.410880,0 1.460750,48.410010,0 1.460620,48.409140,0 1.446790,48.382730,0 1.446910,48.381410,0 1.448910,48.379310,0 1.449210,48.378660,0 1.449180,48.378100,0 1.444060,48.363390,0 1.442190,48.357210,0 1.441640,48.356740,0 1.441900,48.356250,0 1.440810,48.352770,0 1.429890,48.319890,0 1.426360,48.314650,0 1.412400,48.255960,0 1.402170,48.216400,0 1.399110,48.209130,0 1.397860,48.206700,0 1.394090,48.198020,0 1.392960,48.196380,0 1.391300,48.195020,0 1.391990,48.193130,0 1.391990,48.192620,0 1.388850,48.185330,0 1.386803,48.186060,0 1.386742,48.186220,0 1.386499,48.186153,0 1.386744,48.186207,0 1.388850,48.185330,0 1.391990,48.192620,0 1.391990,48.193130,0 1.391633,48.193913,0 1.391990,48.193130,0 1.391990,48.192620,0 1.388160,48.183740,0 1.386200,48.181160,0 1.382280,48.179460,0 1.380600,48.178480,0 1.379970,48.177660,0 1.379570,48.177510,0 1.378950,48.177460,0 1.373530,48.181430,0 1.372390,48.181670,0 1.370740,48.181550,0 1.370850,48.180970,0 1.371200,48.180530,0 1.373740,48.178940,0 1.371350,48.174230,0 1.349250,48.145340,0 1.330560,48.120510,0 1.330220,48.116380,0 1.329890,48.102430,0 1.330120,48.099070,0 1.330780,48.096410,0 1.330540,48.095850,0 1.331090,48.095340,0 1.332690,48.090770,0 1.333680,48.089040,0 1.333610,48.088490,0 1.334210,48.088080,0 1.336930,48.083160,0 1.337590,48.080440,0 1.337010,48.076560,0 1.337280,48.073590,0 1.337130,48.073380,0 1.337713,48.073425,0</coordinates>
          </LineString>
          <LineString>
            <tessellate>1</tessellate>
            <coordinates>0.692876,47.390160,0 0.692540,47.390460,0 0.692030,47.390540,0 0.699180,47.391550,0 0.701780,47.392780,0 0.704190,47.394370,0 0.704690,47.394440,0 0.705960,47.394190,0 0.706730,47.394350,0 0.706940,47.394510,0 0.707180,47.395530,0 0.707690,47.396420,0 0.715100,47.405400,0 0.716360,47.406240,0 0.717780,47.406860,0 0.722600,47.408350,0 0.724710,47.409270,0 0.727210,47.410980,0 0.728700,47.412690,0 0.729580,47.414370,0 0.734490,47.428320,0 0.736250,47.434190,0 0.738150,47.442060,0 0.738780,47.443790,0 0.740470,47.446380,0 0.741920,47.447660,0 0.743120,47.448230,0 0.745290,47.448480,0 0.745740,47.448700,0 0.745920,47.449070,0 0.745370,47.449700,0 0.742600,47.451250,0 0.736320,47.453330,0 0.735000,47.453940,0 0.734700,47.454230,0 0.734580,47.454730,0 0.735150,47.455640,0 0.744230,47.463630,0 0.744680,47.463660,0 0.744690,47.463990,0 0.753360,47.471370,0 0.757170,47.474220,0 0.760510,47.477540,0 0.786110,47.499550,0 0.860470,47.545100,0 0.861690,47.546070,0 0.863430,47.548470,0 0.863650,47.549400,0 0.864280,47.550640,0 0.863930,47.551800,0 0.863950,47.552450,0 0.865070,47.554270,0 0.865770,47.554980,0 0.890770,47.569100,0 0.891960,47.569920,0 0.894990,47.572920,0 0.896210,47.575000,0 0.897950,47.586480,0 0.898520,47.587120,0 0.901460,47.588670,0 0.902530,47.589620,0 0.903080,47.589450,0 0.902220,47.587920,0 0.901640,47.587700,0 0.901940,47.587590,0 0.903080,47.589450,0 0.899950,47.590200,0 0.899710,47.590540,0 0.901160,47.592970,0 0.902250,47.594060,0 0.903570,47.594940,0 0.905060,47.595640,0 0.911760,47.597570,0 0.913740,47.598500,0 0.915250,47.599530,0 0.918540,47.598160,0 0.917630,47.596830,0 0.915250,47.595770,0 0.912990,47.595430,0 0.913100,47.596000,0 0.915600,47.599340,0 0.915250,47.599530,0 0.917060,47.601310,0 0.919670,47.604830,0 0.920200,47.604920,0 0.920240,47.605210,0 0.920030,47.605340,0 0.962950,47.662570,0 0.976590,47.675710,0 0.980450,47.679160,0 0.998850,47.697060,0 0.999570,47.697410,0 0.999730,47.698030,0 1.007670,47.705730,0 1.058560,47.770670,0 1.059140,47.771380,0 1.059970,47.771750,0 1.059970,47.772450,0 1.062570,47.775730,0 1.063600,47.776630,0 1.065380,47.777610,0 1.079840,47.783390,0 1.080950,47.784110,0 1.081860,47.785040,0 1.082390,47.786100,0 1.082560,47.786970,0 1.082110,47.788670,0 1.080930,47.790020,0 1.075490,47.794330,0 1.074830,47.795290,0 1.073700,47.797790,0 1.073330,47.798710,0 1.073720,47.798940,0 1.075220,47.800780,0 1.073310,47.801440,0 1.070110,47.802000,0 1.070010,47.801770,0 1.068510,47.801640,0 1.068200,47.801880,0 1.070110,47.802000,0 1.070530,47.802990,0 1.070020,47.803950,0 1.071210,47.804270,0 1.075650,47.815180,0 1.075920,47.817450,0 1.076280,47.818190,0 1.076070,47.818540,0 1.076140,47.819620,0 1.076420,47.823140,0 1.076730,47.824110,0 1.077290,47.824440,0 1.077300,47.824990,0 1.078050,47.825960,0 1.092700,47.843210,0 1.093660,47.844060,0 1.095090,47.844950,0 1.101430,47.847100,0 1.103710,47.848280,0 1.105460,47.850020,0 1.107170,47.853540,0 1.108050,47.854910,0 1.110080,47.856990,0 1.113480,47.859150,0 1.124630,47.865060,0 1.131650,47.870680,0 1.133520,47.871900,0 1.136680,47.873290,0 1.140590,47.874270,0 1.144300,47.874580,0 1.151880,47.874400,0 1.153720,47.874610,0 1.155810,47.875180,0 1.157610,47.876050,0 1.160660,47.878010,0 1.166950,47.883490,0 1.169050,47.884950,0 1.171540,47.886160,0 1.177810,47.888560,0 1.178700,47.889080,0 1.179930,47.890160,0 1.180790,47.891560,0 1.181450,47.894490,0 1.182050,47.895680,0 1.182970,47.896530,0 1.186540,47.898970,0 1.187310,47.899780,0 1.187710,47.900510,0 1.189150,47.907670,0 1.193450,47.924390,0 1.194130,47.926370,0 1.203720,47.938010,0 1.204740,47.939180,0 1.205190,47.939230,0 1.205230,47.939460,0 1.205050,47.939570,0 1.220310,47.957760,0 1.221480,47.959650,0 1.228880,47.974920,0 1.231130,47.977600,0 1.230790,47.978840,0 1.233580,47.984610,0 1.233800,47.985410,0 1.231810,47.995740,0 1.234190,47.996310,0 1.235100,47.995870,0 1.236560,47.994710,0 1.238840,47.992300,0 1.239650,47.991890,0 1.241750,47.991560,0 1.243228,47.991947,0 1.243133,47.992065,0 1.242720,47.991790,0 1.241370,47.993050,0 1.242690,47.993480,0 1.252660,47.990930,0 1.255100,47.990600,0 1.256490,47.992670,0 1.268420,48.005850,0 1.269920,48.008050,0 1.272010,48.012140,0 1.273820,48.014100,0 1.275240,48.015120,0 1.276850,48.015940,0 1.292660,48.021950,0 1.293840,48.022560,0 1.329880,48.060350,0 1.330630,48.060740,0 1.333690,48.061280,0 1.333930,48.061070,0 1.334300,48.061120,0 1.334380,48.061460,0 1.335670,48.062100,0 1.336630,48.063030,0 1.337580,48.065950,0 1.337710,48.067340,0 1.337280,48.073310,0 1.338130,48.073450,0 1.337280,48.073520,0 1.337020,48.075740,0 1.337160,48.078040,0 1.337590,48.080440,0 1.336880,48.083310,0 1.334370,48.088080,0 1.334410,48.088710,0 1.333770,48.089190,0 1.332310,48.091840,0 1.331090,48.095340,0 1.331340,48.095910,0 1.330780,48.096410,0 1.330120,48.099070,0 1.329900,48.103070,0 1.330220,48.116380,0 1.330560,48.120510,0 1.331880,48.122460,0 1.371060,48.173820,0 1.376770,48.184590,0 1.377870,48.186170,0 1.380000,48.188010,0 1.390500,48.194460,0 1.391220,48.194620,0 1.391500,48.194420,0 1.391990,48.193130,0 1.391990,48.192620,0 1.388850,48.185330,0 1.386517,48.186140,0 1.386744,48.186207,0 1.388850,48.185330,0 1.391990,48.192620,0 1.391990,48.193130,0 1.391530,48.194190,0 1.391610,48.194830,0 1.393460,48.196710,0 1.394340,48.198120,0 1.402170,48.216400,0 1.412400,48.255960,0 1.426490,48.314650,0 1.429640,48.319350,0 1.430330,48.321120,0 1.440670,48.352380,0 1.442010,48.356170,0 1.442560,48.356660,0 1.442320,48.357150,0 1.449190,48.378130,0 1.449210,48.378700,0 1.448910,48.379310,0 1.446910,48.381410,0 1.446790,48.382730,0 1.460620,48.409140,0 1.461460,48.409810,0 1.461530,48.410880,0 1.463990,48.415500,0 1.464750,48.415950,0 1.464620,48.416450,0 1.465420,48.417590,0 1.482350,48.440030,0 1.483490,48.443610,0 1.483940,48.443800,0 1.483520,48.444170,0 1.483400,48.444630,0 1.483780,48.446640,0 1.481820,48.447830,0 1.479880,48.446650,0 1.477390,48.447250,0 1.477796,48.447900,0 1.478319,48.448230,0 1.478937,48.448470,0 1.479313,48.448364,0 1.479792,48.448643,0</coordinates>
          </LineString>
          <LineString>
            <tessellate>1</tessellate>
            <coordinates>0.692876,47.390160,0 0.692540,47.390460,0 0.692030,47.390540,0 0.699180,47.391550,0 0.701780,47.392780,0 0.704190,47.394370,0 0.704690,47.394440,0 0.705960,47.394190,0 0.706730,47.394350,0 0.706940,47.394510,0 0.707180,47.395530,0 0.707690,47.396420,0 0.715100,47.405400,0 0.716360,47.406240,0 0.717780,47.406860,0 0.722600,47.408350,0 0.724710,47.409270,0 0.727210,47.410980,0 0.728700,47.412690,0 0.729580,47.414370,0 0.734490,47.428320,0 0.736250,47.434190,0 0.738150,47.442060,0 0.738780,47.443790,0 0.740470,47.446380,0 0.741920,47.447660,0 0.743120,47.448230,0 0.745290,47.448480,0 0.745740,47.448700,0 0.745920,47.449070,0 0.745370,47.449700,0 0.742600,47.451250,0 0.736320,47.453330,0 0.735000,47.453940,0 0.734700,47.454230,0 0.734580,47.454730,0 0.735150,47.455640,0 0.744230,47.463630,0 0.744680,47.463660,0 0.744690,47.463990,0 0.753360,47.471370,0 0.757170,47.474220,0 0.760510,47.477540,0 0.786110,47.499550,0 0.860470,47.545100,0 0.861690,47.546070,0 0.863430,47.548470,0 0.863650,47.549400,0 0.864280,47.550640,0 0.863930,47.551800,0 0.863950,47.552450,0 0.865070,47.554270,0 0.865770,47.554980,0 0.890770,47.569100,0 0.892170,47.570110,0 0.894990,47.572920,0 0.895910,47.574310,0 0.896280,47.575260,0 0.897950,47.586480,0 0.898520,47.587120,0 0.901460,47.588670,0 0.902530,47.589620,0 0.903080,47.589450,0 0.902220,47.587920,0 0.901640,47.587700,0 0.901940,47.587590,0 0.903080,47.589450,0 0.899950,47.590200,0 0.899710,47.590540,0 0.901160,47.592970,0 0.902250,47.594060,0 0.904520,47.595420,0 0.910860,47.597250,0 0.913110,47.598160,0 0.914980,47.599310,0 0.916730,47.600930,0 0.919670,47.604830,0 0.920200,47.604920,0 0.920240,47.605210,0 0.920030,47.605340,0 0.962950,47.662570,0 0.976590,47.675710,0 0.980450,47.679160,0 0.998850,47.697060,0 0.999570,47.697410,0 0.999730,47.698030,0 1.007670,47.705730,0 1.058560,47.770670,0 1.059140,47.771380,0 1.059970,47.771750,0 1.059970,47.772450,0 1.062570,47.775730,0 1.063600,47.776630,0 1.065380,47.777610,0 1.079840,47.783390,0 1.080950,47.784110,0 1.081860,47.785040,0 1.082420,47.786190,0 1.082550,47.787350,0 1.082230,47.788420,0 1.081710,47.789260,0 1.075490,47.794330,0 1.074830,47.795290,0 1.073330,47.798710,0 1.072790,47.798520,0 1.068850,47.798540,0 1.070010,47.801770,0 1.068510,47.801640,0 1.068200,47.801880,0 1.070110,47.802000,0 1.070530,47.802990,0 1.070020,47.803950,0 1.071210,47.804270,0 1.075650,47.815180,0 1.075920,47.817450,0 1.076280,47.818190,0 1.076070,47.818540,0 1.076140,47.819620,0 1.076420,47.823140,0 1.076730,47.824110,0 1.077290,47.824440,0 1.077300,47.824990,0 1.078050,47.825960,0 1.092700,47.843210,0 1.093660,47.844060,0 1.095090,47.844950,0 1.101430,47.847100,0 1.103710,47.848280,0 1.105460,47.850020,0 1.107170,47.853540,0 1.108050,47.854910,0 1.110080,47.856990,0 1.113480,47.859150,0 1.124630,47.865060,0 1.131650,47.870680,0 1.133520,47.871900,0 1.136680,47.873290,0 1.140590,47.874270,0 1.144300,47.874580,0 1.151880,47.874400,0 1.153720,47.874610,0 1.155810,47.875180,0 1.157610,47.876050,0 1.160660,47.878010,0 1.166950,47.883490,0 1.169050,47.884950,0 1.171540,47.886160,0 1.177810,47.888560,0 1.178700,47.889080,0 1.179930,47.890160,0 1.180790,47.891560,0 1.181450,47.894490,0 1.182050,47.895680,0 1.182970,47.896530,0 1.186540,47.898970,0 1.187310,47.899780,0 1.187710,47.900510,0 1.189150,47.907670,0 1.193450,47.924390,0 1.194130,47.926370,0 1.203720,47.938010,0 1.204740,47.939180,0 1.205190,47.939230,0 1.205230,47.939460,0 1.205050,47.939570,0 1.220310,47.957760,0 1.221480,47.959650,0 1.228880,47.974920,0 1.231130,47.977600,0 1.230790,47.978840,0 1.233580,47.984610,0 1.233800,47.985410,0 1.231810,47.995740,0 1.234190,47.996310,0 1.235100,47.995870,0 1.236560,47.994710,0 1.238840,47.992300,0 1.239650,47.991890,0 1.241750,47.991560,0 1.243228,47.991947,0 1.243133,47.992065,0 1.242720,47.991790,0 1.241370,47.993050,0 1.242690,47.993480,0 1.252660,47.990930,0 1.255100,47.990600,0 1.256490,47.992670,0 1.268420,48.005850,0 1.269920,48.008050,0 1.272010,48.012140,0 1.273820,48.014100,0 1.275240,48.015120,0 1.276850,48.015940,0 1.292660,48.021950,0 1.293840,48.022560,0 1.329880,48.060350,0 1.330630,48.060740,0 1.333690,48.061280,0 1.333930,48.061070,0 1.334300,48.061120,0 1.334380,48.061460,0 1.335670,48.062100,0 1.336630,48.063030,0 1.337580,48.065950,0 1.337710,48.067340,0 1.337280,48.073310,0 1.338130,48.073450,0 1.337280,48.073520,0 1.337020,48.075740,0 1.337160,48.078040,0 1.337590,48.080440,0 1.336880,48.083310,0 1.334370,48.088080,0 1.334410,48.088710,0 1.333770,48.089190,0 1.332310,48.091840,0 1.331090,48.095340,0 1.331340,48.095910,0 1.330780,48.096410,0 1.330120,48.099070,0 1.329900,48.103070,0 1.330220,48.116380,0 1.330560,48.120510,0 1.331880,48.122460,0 1.371060,48.173820,0 1.376770,48.184590,0 1.377870,48.186170,0 1.380000,48.188010,0 1.390500,48.194460,0 1.391220,48.194620,0 1.391500,48.194420,0 1.391990,48.193130,0 1.391990,48.192620,0 1.388850,48.185330,0 1.386517,48.186140,0 1.386744,48.186207,0 1.388850,48.185330,0 1.391990,48.192620,0 1.391990,48.193130,0 1.391530,48.194190,0 1.391610,48.194830,0 1.393460,48.196710,0 1.394340,48.198120,0 1.402170,48.216400,0 1.412400,48.255960,0 1.426490,48.314650,0 1.429640,48.319350,0 1.430330,48.321120,0 1.440670,48.352380,0 1.442010,48.356170,0 1.442560,48.356660,0 1.442320,48.357150,0 1.449190,48.378130,0 1.449210,48.378700,0 1.448910,48.379310,0 1.446910,48.381410,0 1.446790,48.382730,0 1.460620,48.409140,0 1.461460,48.409810,0 1.461530,48.410880,0 1.463990,48.415500,0 1.464750,48.415950,0 1.464620,48.416450,0 1.465420,48.417590,0 1.482350,48.440030,0 1.483490,48.443610,0 1.483940,48.443800,0 1.483520,48.444170,0 1.483400,48.444630,0 1.483780,48.446640,0 1.481820,48.447830,0 1.479880,48.446650,0 1.477390,48.447250,0 1.477796,48.447900,0 1.478319,48.448230,0 1.478937,48.448470,0 1.479313,48.448364,0 1.479792,48.448643,0</coordinates>
          </LineString>
          <LineString>
            <tessellate>1</tessellate>
            <coordinates>1.479832,48.448612,0 1.480342,48.449074,0 1.480186,48.449207,0 1.479479,48.448700,0 1.477621,48.447876,0 1.477320,48.447170,0 1.480840,48.446420,0 1.482480,48.445790,0 1.483010,48.445400,0 1.483590,48.443740,0 1.482350,48.440030,0 1.466840,48.419520,0 1.466360,48.419290,0 1.466250,48.418820,0 1.464690,48.416720,0 1.463850,48.416180,0 1.464010,48.415830,0 1.463450,48.414510,0 1.461530,48.410880,0 1.460750,48.410010,0 1.460620,48.409140,0 1.446790,48.382730,0 1.446910,48.381410,0 1.448910,48.379310,0 1.449210,48.378660,0 1.449180,48.378100,0 1.444060,48.363390,0 1.442190,48.357210,0 1.441640,48.356740,0 1.441900,48.356250,0 1.440810,48.352770,0 1.429890,48.319890,0 1.426360,48.314650,0 1.412400,48.255960,0 1.402170,48.216400,0 1.399110,48.209130,0 1.397860,48.206700,0 1.394090,48.198020,0 1.392960,48.196380,0 1.391300,48.195020,0 1.391990,48.193130,0 1.391990,48.192620,0 1.388850,48.185330,0 1.386803,48.186060,0 1.386742,48.186220,0 1.386499,48.186153,0 1.386744,48.186207,0 1.388850,48.185330,0 1.391990,48.192620,0 1.391990,48.193130,0 1.391633,48.193913,0 1.391990,48.193130,0 1.391990,48.192620,0 1.388160,48.183740,0 1.386200,48.181160,0 1.382280,48.179460,0 1.380600,48.178480,0 1.379970,48.177660,0 1.379570,48.177510,0 1.378950,48.177460,0 1.373530,48.181430,0 1.372390,48.181670,0 1.370740,48.181550,0 1.370850,48.180970,0 1.371200,48.180530,0 1.373740,48.178940,0 1.371350,48.174230,0 1.349250,48.145340,0 1.330560,48.120510,0 1.330220,48.116380,0 1.329890,48.102430,0 1.330120,48.099070,0 1.330780,48.096410,0 1.330540,48.095850,0 1.331090,48.095340,0 1.332690,48.090770,0 1.333680,48.089040,0 1.333610,48.088490,0 1.334210,48.088080,0 1.336880,48.083310,0 1.337590,48.080440,0 1.337010,48.076560,0 1.337280,48.073590,0 1.337130,48.073380,0 1.338130,48.073450,0 1.337280,48.073520,0 1.337130,48.073380,0 1.337280,48.073310,0 1.337720,48.067500,0 1.337580,48.065950,0 1.336690,48.063120,0 1.335670,48.062100,0 1.334380,48.061460,0 1.333900,48.061540,0 1.333690,48.061280,0 1.332840,48.061060,0 1.330630,48.060740,0 1.329880,48.060350,0 1.293840,48.022560,0 1.292660,48.021950,0 1.276850,48.015940,0 1.275240,48.015120,0 1.273820,48.014100,0 1.272010,48.012140,0 1.269920,48.008050,0 1.267850,48.005150,0 1.256490,47.992670,0 1.253900,47.990710,0 1.242690,47.993480,0 1.241370,47.993050,0 1.242720,47.991790,0 1.243228,47.991947,0 1.243133,47.992065,0 1.242780,47.991730,0 1.241750,47.991560,0 1.239650,47.991890,0 1.238840,47.992300,0 1.236560,47.994710,0 1.235100,47.995870,0 1.234190,47.996310,0 1.231810,47.995740,0 1.233800,47.985410,0 1.233580,47.984610,0 1.230790,47.978840,0 1.230990,47.978120,0 1.230850,47.977500,0 1.228950,47.975150,0 1.220680,47.958310,0 1.208420,47.943900,0 1.205240,47.939790,0 1.204610,47.939440,0 1.204740,47.939180,0 1.194130,47.926370,0 1.193450,47.924390,0 1.187300,47.900620,0 1.186490,47.899370,0 1.182880,47.896780,0 1.181670,47.895620,0 1.181150,47.894350,0 1.180800,47.891990,0 1.179930,47.890350,0 1.179150,47.889560,0 1.177750,47.888640,0 1.171310,47.886190,0 1.168260,47.884600,0 1.166170,47.883000,0 1.160400,47.877950,0 1.157440,47.876070,0 1.155960,47.875340,0 1.153670,47.874700,0 1.151830,47.874480,0 1.144320,47.874680,0 1.140590,47.874370,0 1.136560,47.873360,0 1.133480,47.871990,0 1.131330,47.870570,0 1.125000,47.865420,0 1.112200,47.858570,0 1.109980,47.857050,0 1.107970,47.854990,0 1.107070,47.853620,0 1.105240,47.849920,0 1.103650,47.848380,0 1.101900,47.847390,0 1.095740,47.845360,0 1.093480,47.844090,0 1.092010,47.842640,0 1.077390,47.825440,0 1.076490,47.824710,0 1.075940,47.818750,0 1.075660,47.818240,0 1.075920,47.817450,0 1.075730,47.815410,0 1.071210,47.804270,0 1.070020,47.803950,0 1.070530,47.802990,0 1.070010,47.801770,0 1.068510,47.801640,0 1.068200,47.801880,0 1.069054,47.801994,0</coordinates>
          </LineString>
          <LineString>
            <tessellate>1</tessellate>
            <coordinates>0.901748,47.587660,0 0.901940,47.587590,0 0.902310,47.588040,0 0.903080,47.589450,0 0.899950,47.590200,0 0.899710,47.590540,0 0.899220,47.590460,0 0.899160,47.590250,0 0.899420,47.590030,0 0.898350,47.587990,0 0.898020,47.586940,0 0.896210,47.575000,0 0.895440,47.573520,0 0.894070,47.571920,0 0.891960,47.569920,0 0.890770,47.569100,0 0.865770,47.554980,0 0.865070,47.554270,0 0.863950,47.552450,0 0.863930,47.551800,0 0.864280,47.550640,0 0.863650,47.549400,0 0.863430,47.548470,0 0.861690,47.546070,0 0.861100,47.545540,0 0.847300,47.536900,0 0.786110,47.499550,0 0.760510,47.477540,0 0.757170,47.474220,0 0.753360,47.471370,0 0.744690,47.463990,0 0.744150,47.463940,0 0.744230,47.463630,0 0.743230,47.462640,0 0.732530,47.453390,0 0.731820,47.452980,0 0.731230,47.452930,0 0.730780,47.453130,0 0.730770,47.453690,0 0.731370,47.454010,0 0.731960,47.454060,0 0.735480,47.453600,0 0.742380,47.451230,0 0.743330,47.450550,0 0.743540,47.449960,0 0.743470,47.449570,0 0.742850,47.448680,0 0.741250,47.447380,0 0.739800,47.445790,0 0.738380,47.443270,0 0.736520,47.435800,0 0.734520,47.428920,0 0.729700,47.415230,0 0.728780,47.413110,0 0.727210,47.411180,0 0.724530,47.409320,0 0.722500,47.408450,0 0.717620,47.406940,0 0.716220,47.406320,0 0.715050,47.405550,0 0.707640,47.396640,0 0.705190,47.395610,0 0.704380,47.394970,0 0.704150,47.394560,0 0.702960,47.393770,0 0.699320,47.391850,0 0.693590,47.390980,0 0.693610,47.390700,0 0.694110,47.390290,0 0.693210,47.389860,0 0.692876,47.390160,0</coordinates>
          </LineString>
          <LineString>
            <tessellate>1</tessellate>
            <coordinates>1.069054,47.801994,0 1.070110,47.802000,0 1.068850,47.798540,0 1.072790,47.798520,0 1.073500,47.798290,0 1.074830,47.795290,0 1.075490,47.794330,0 1.081710,47.789260,0 1.082230,47.788420,0 1.082550,47.787350,0 1.082420,47.786190,0 1.081860,47.785040,0 1.080950,47.784110,0 1.079840,47.783390,0 1.065380,47.777610,0 1.063600,47.776630,0 1.062570,47.775730,0 1.059970,47.772450,0 1.059140,47.772000,0 1.059140,47.771380,0 1.007670,47.705730,0 1.000070,47.698370,0 0.998890,47.697850,0 0.998720,47.697630,0 0.998760,47.697220,0 0.997850,47.696220,0 0.962950,47.662570,0 0.920030,47.605340,0 0.919480,47.605220,0 0.919450,47.604990,0 0.919670,47.604830,0 0.916730,47.600930,0 0.914980,47.599310,0 0.913110,47.598160,0 0.910860,47.597250,0 0.904520,47.595420,0 0.902250,47.594060,0 0.901160,47.592970,0 0.899710,47.590540,0 0.899220,47.590460,0 0.899200,47.590170,0 0.899620,47.590020,0 0.899950,47.590200,0 0.903080,47.589450,0 0.901940,47.587590,0 0.901640,47.587700,0 0.901940,47.587590,0 0.902220,47.587920,0 0.903080,47.589450,0 0.899950,47.590200,0 0.899710,47.590540,0 0.899170,47.590390,0 0.899420,47.590030,0 0.898350,47.587990,0 0.898020,47.586940,0 0.896280,47.575260,0 0.895650,47.573850,0 0.894520,47.572390,0 0.891960,47.569920,0 0.890770,47.569100,0 0.865770,47.554980,0 0.865070,47.554270,0 0.863950,47.552450,0 0.863930,47.551800,0 0.864280,47.550640,0 0.863650,47.549400,0 0.863430,47.548470,0 0.861690,47.546070,0 0.860470,47.545100,0 0.786110,47.499550,0 0.760510,47.477540,0 0.757170,47.474220,0 0.753360,47.471370,0 0.744690,47.463990,0 0.744150,47.463940,0 0.744230,47.463630,0 0.743230,47.462640,0 0.732530,47.453390,0 0.731820,47.452980,0 0.731230,47.452930,0 0.730710,47.453250,0 0.730880,47.453790,0 0.731960,47.454060,0 0.735480,47.453600,0 0.742380,47.451230,0 0.743330,47.450550,0 0.743540,47.449960,0 0.743470,47.449570,0 0.742850,47.448680,0 0.741250,47.447380,0 0.739800,47.445790,0 0.738380,47.443270,0 0.736520,47.435800,0 0.734520,47.428920,0 0.729700,47.415230,0 0.728780,47.413110,0 0.727210,47.411180,0 0.724530,47.409320,0 0.722500,47.408450,0 0.717620,47.406940,0 0.716220,47.406320,0 0.715050,47.405550,0 0.707640,47.396640,0 0.705190,47.395610,0 0.704380,47.394970,0 0.704150,47.394560,0 0.702960,47.393770,0 0.699320,47.391850,0 0.693590,47.390980,0 0.693610,47.390700,0 0.694110,47.390290,0 0.693210,47.389860,0 0.692876,47.390160,0</coordinates>
          </LineString>
        </MultiGeometry>
      </Placemark>
      <Placemark>
        <name>492 — Château-Renault - Vendôme — Ligne faible</name>
        <description>Groupe horaire : Ligne faible
Ligne régionale Rémi 492. Tracé issu des shapes GTFS officiels fournis.</description>
        <styleUrl>#route_REMI41_Line_492</styleUrl>
        <MultiGeometry>
          <LineString>
            <tessellate>1</tessellate>
            <coordinates>0.901746,47.587660,0 0.901940,47.587590,0 0.902310,47.588040,0 0.903080,47.589450,0 0.906430,47.590080,0 0.907760,47.590820,0 0.911080,47.592020,0 0.912610,47.592190,0 0.916290,47.591850,0 0.916920,47.592110,0 0.916960,47.592480,0 0.916610,47.592750,0 0.914780,47.592980,0 0.913050,47.595290,0 0.913100,47.596000,0 0.915600,47.599340,0 0.919470,47.597790,0 0.920530,47.599330,0 0.922380,47.602990,0 0.922680,47.603420,0 0.923060,47.603590,0 0.921730,47.604560,0 0.920260,47.605010,0 0.920030,47.605340,0 0.962520,47.662020,0 0.964690,47.664300,0 0.976590,47.675710,0 0.980450,47.679160,0 0.998850,47.697060,0 0.999630,47.697480,0 1.005790,47.694830,0 1.005880,47.694600,0 1.006230,47.694670,0 1.011880,47.692300,0 1.012720,47.693170,0 1.012900,47.693760,0 1.013360,47.694180,0 1.013650,47.693070,0 1.012630,47.691980,0 1.006230,47.694670,0 1.006140,47.694900,0 1.005790,47.694830,0 1.000130,47.697230,0 0.999630,47.697480,0 0.999650,47.697880,0 1.008090,47.706210,0 1.058560,47.770670,0 1.059140,47.771380,0 1.059970,47.771750,0 1.059770,47.772160,0 1.058870,47.772330,0 1.055760,47.773950,0 1.053840,47.774470,0 1.052310,47.774640,0 1.048970,47.774400,0 1.040080,47.772530,0 1.037640,47.772550,0 1.035780,47.772910,0 1.032780,47.773760,0 1.031510,47.774370,0 1.030420,47.775230,0 1.029270,47.776830,0 1.028050,47.777950,0 1.025720,47.779110,0 1.022540,47.779920,0 1.021010,47.781030,0 1.020660,47.781640,0 1.019830,47.781380,0 1.011830,47.780710,0 1.007210,47.779960,0 1.006730,47.780340,0 1.005750,47.782300,0 1.005400,47.783620,0 1.005350,47.784800,0 1.005710,47.786700,0 1.007900,47.791790,0 1.010980,47.796300,0 1.011290,47.796400,0 1.011110,47.796630,0 1.011650,47.799380,0 1.014460,47.806400,0 1.015360,47.807830,0 1.016410,47.808910,0 1.023230,47.813620,0 1.023210,47.814280,0 1.022750,47.815230,0 1.021700,47.820970,0 1.022190,47.821200,0 1.022630,47.822500,0 1.022020,47.822620,0 1.021644,47.822163,0</coordinates>
          </LineString>
          <LineString>
            <tessellate>1</tessellate>
            <coordinates>1.021644,47.822163,0 1.021260,47.821300,0 1.021710,47.821010,0 1.022750,47.815230,0 1.023210,47.814280,0 1.023230,47.813620,0 1.022140,47.812880,0 1.021270,47.812640,0 1.021310,47.812380,0 1.016410,47.808910,0 1.015360,47.807830,0 1.014460,47.806400,0 1.011650,47.799380,0 1.011110,47.796630,0 1.010820,47.796480,0 1.010980,47.796300,0 1.007790,47.791590,0 1.005710,47.786700,0 1.005350,47.784800,0 1.005380,47.783750,0 1.005750,47.782300,0 1.006730,47.780340,0 1.006680,47.779820,0 1.007030,47.779730,0 1.007210,47.779960,0 1.012360,47.780770,0 1.020250,47.781330,0 1.021010,47.781030,0 1.022790,47.779810,0 1.025430,47.779210,0 1.027360,47.778360,0 1.028880,47.777270,0 1.030290,47.775370,0 1.031240,47.774540,0 1.032780,47.773760,0 1.035780,47.772910,0 1.037640,47.772550,0 1.040080,47.772530,0 1.049450,47.774470,0 1.052830,47.774610,0 1.054920,47.774220,0 1.056940,47.773440,0 1.059020,47.772190,0 1.059140,47.771380,0 1.008090,47.706210,0 1.000380,47.698650,0 0.998720,47.697630,0 0.998820,47.697390,0 0.999140,47.697290,0 0.999630,47.697480,0 1.005790,47.694830,0 1.005880,47.694600,0 1.006230,47.694670,0 1.011880,47.692300,0 1.012720,47.693170,0 1.012900,47.693760,0 1.013360,47.694180,0 1.013650,47.693070,0 1.012630,47.691980,0 1.006230,47.694670,0 1.006140,47.694900,0 1.005790,47.694830,0 1.000130,47.697230,0 0.999630,47.697480,0 0.999470,47.697860,0 0.998890,47.697850,0 0.998720,47.697630,0 0.998760,47.697220,0 0.997850,47.696220,0 0.963550,47.663200,0 0.962520,47.662020,0 0.920030,47.605340,0 0.919480,47.605220,0 0.919450,47.604990,0 0.919670,47.604830,0 0.920260,47.605010,0 0.921370,47.604730,0 0.922870,47.603750,0 0.920530,47.599330,0 0.919090,47.597270,0 0.918170,47.596290,0 0.918010,47.595800,0 0.915410,47.594240,0 0.914800,47.593420,0 0.914690,47.593170,0 0.914860,47.592940,0 0.916790,47.592660,0 0.916990,47.592370,0 0.916920,47.592110,0 0.916290,47.591850,0 0.912610,47.592190,0 0.911080,47.592020,0 0.907760,47.590820,0 0.906430,47.590080,0 0.903080,47.589450,0 0.902310,47.588040,0 0.901940,47.587590,0 0.901745,47.587660,0</coordinates>
          </LineString>
        </MultiGeometry>
      </Placemark>
      <Placemark>
        <name>800 — Tours-Châteauroux — Ligne forte</name>
        <description>Groupe horaire : Ligne forte
Ligne régionale Rémi 800. Tracé issu des shapes GTFS officiels fournis.</description>
        <styleUrl>#route_REMI36_Line_800</styleUrl>
        <MultiGeometry>
          <LineString>
            <tessellate>1</tessellate>
            <coordinates>0.692656,47.390420,0 0.692210,47.390560,0 0.699220,47.391550,0 0.701830,47.392800,0 0.704070,47.394320,0 0.704600,47.394310,0 0.705250,47.393360,0 0.706140,47.391110,0 0.713630,47.378360,0 0.714320,47.377000,0 0.715210,47.374250,0 0.715430,47.372670,0 0.715330,47.370040,0 0.714570,47.367140,0 0.713730,47.365230,0 0.712380,47.362780,0 0.706600,47.353630,0 0.702590,47.348480,0 0.745100,47.332850,0 0.746040,47.332240,0 0.746450,47.332280,0 0.747570,47.331930,0 0.761620,47.326660,0 0.763720,47.325510,0 0.765300,47.324170,0 0.765580,47.324200,0 0.766530,47.325050,0 0.766950,47.325140,0 0.766940,47.325320,0 0.765850,47.324610,0 0.765220,47.324480,0 0.765160,47.324260,0 0.765520,47.324180,0 0.788870,47.306820,0 0.789360,47.306280,0 0.789730,47.306180,0 0.792030,47.304450,0 0.792850,47.303560,0 0.798510,47.299300,0 0.798860,47.298510,0 0.799990,47.298330,0 0.800680,47.297970,0 0.805540,47.294360,0 0.805760,47.293980,0 0.806500,47.293640,0 0.829240,47.276530,0 0.830450,47.275590,0 0.830493,47.275253,0 0.830820,47.275000,0 0.832320,47.274180,0 0.832740,47.273710,0 0.835500,47.268170,0 0.835290,47.267250,0 0.836030,47.262980,0 0.835420,47.262680,0 0.834377,47.262590,0 0.835420,47.262680,0 0.836020,47.262980,0 0.836340,47.262010,0 0.841640,47.257600,0 0.841640,47.257410,0 0.839988,47.257164,0 0.841540,47.257340,0 0.842720,47.256880,0 0.865860,47.238320,0 0.866870,47.237480,0 0.867040,47.237140,0 0.867340,47.237120,0 0.867550,47.237710,0 0.869400,47.239540,0 0.869770,47.240160,0 0.870210,47.240300,0 0.871270,47.240190,0 0.872220,47.241200,0 0.873180,47.241550,0 0.877590,47.246270,0 0.879310,47.246330,0 0.880200,47.247040,0 0.880120,47.247260,0 0.876000,47.247930,0 0.876130,47.249690,0 0.876549,47.249695,0 0.876128,47.249847,0 0.875950,47.248070,0 0.884020,47.247470,0 0.885570,47.247210,0 0.886630,47.246590,0 0.887210,47.245790,0 0.887350,47.241410,0 0.887810,47.240130,0 0.888630,47.239060,0 0.891710,47.236340,0 0.892220,47.235190,0 0.892880,47.234650,0 0.896170,47.232980,0 0.902360,47.230620,0 0.905460,47.229800,0 0.907870,47.228450,0 0.909110,47.228170,0 0.912200,47.227950,0 0.915430,47.227080,0 0.916810,47.226380,0 0.920782,47.225704,0 0.925810,47.224150,0 0.929670,47.222700,0 0.931250,47.221870,0 0.935060,47.219240,0 0.938110,47.216970,0 0.938920,47.216260,0 0.938820,47.215940,0 0.939540,47.215520,0 0.940120,47.214880,0 0.940650,47.214840,0 0.943400,47.212380,0 0.943850,47.211170,0 0.945480,47.210170,0 0.946230,47.209020,0 0.947520,47.207800,0 0.949740,47.204410,0 0.951710,47.200520,0 0.953400,47.198440,0 0.954320,47.196730,0 0.955970,47.194560,0 0.957440,47.193080,0 0.958380,47.190870,0 0.960570,47.188260,0 0.961130,47.186710,0 0.963250,47.184700,0 0.964620,47.183960,0 0.960260,47.181640,0 0.959200,47.181540,0 0.958950,47.181340,0 0.967840,47.178840,0 0.969740,47.177950,0 0.997150,47.154440,0 0.999010,47.151260,0 1.000980,47.145670,0 1.001290,47.144070,0 1.001230,47.142640,0 1.000750,47.141110,0 1.000260,47.140640,0 1.000460,47.140120,0 0.999440,47.136490,0 0.999240,47.134390,0 0.998470,47.132610,0 0.997990,47.132100,0 0.998120,47.131210,0 0.998940,47.129480,0 1.000209,47.130295,0</coordinates>
          </LineString>
          <LineString>
            <tessellate>1</tessellate>
            <coordinates>1.000209,47.130295,0 1.000258,47.130653,0 1.000031,47.130676,0 0.999990,47.130170,0 0.998920,47.129590,0 0.998120,47.131210,0 0.997990,47.132100,0 0.998470,47.132610,0 0.999240,47.134390,0 0.999440,47.136490,0 1.000460,47.140120,0 1.001050,47.140570,0 1.000750,47.141110,0 1.001280,47.142900,0 1.001290,47.144070,0 1.000980,47.145670,0 0.999010,47.151260,0 0.997340,47.154190,0 0.996470,47.155160,0 0.969740,47.177950,0 0.968060,47.178770,0 0.959290,47.181300,0 0.959420,47.181590,0 0.960260,47.181640,0 0.964620,47.183960,0 0.963250,47.184700,0 0.961130,47.186710,0 0.960570,47.188260,0 0.958380,47.190870,0 0.957440,47.193080,0 0.955970,47.194560,0 0.954320,47.196730,0 0.953400,47.198440,0 0.951710,47.200520,0 0.949740,47.204410,0 0.947520,47.207800,0 0.946230,47.209020,0 0.945480,47.210170,0 0.943850,47.211170,0 0.943270,47.212540,0 0.940526,47.214996,0 0.935060,47.219240,0 0.931250,47.221870,0 0.929670,47.222700,0 0.927730,47.223560,0 0.922790,47.225130,0 0.920639,47.225727,0 0.916810,47.226380,0 0.914980,47.227180,0 0.913330,47.225410,0 0.910210,47.222780,0 0.902999,47.217120,0 0.898220,47.213030,0 0.897980,47.212860,0 0.897640,47.212980,0 0.872540,47.232900,0 0.867810,47.236720,0 0.867380,47.237330,0 0.866870,47.237480,0 0.842650,47.256930,0 0.842340,47.257560,0 0.841860,47.257650,0 0.841300,47.257330,0 0.839992,47.257160,0 0.841608,47.257336,0 0.842343,47.257217,0 0.842442,47.257477,0 0.841466,47.257930,0 0.836340,47.262010,0 0.836020,47.262980,0 0.835420,47.262680,0 0.834391,47.262590,0 0.835420,47.262680,0 0.836030,47.262980,0 0.835290,47.267250,0 0.835580,47.268240,0 0.832820,47.273740,0 0.832230,47.274340,0 0.831100,47.275000,0 0.830770,47.275460,0 0.806330,47.293760,0 0.806160,47.294220,0 0.805540,47.294360,0 0.804620,47.295020,0 0.800270,47.298320,0 0.800090,47.298700,0 0.799480,47.298870,0 0.790040,47.306110,0 0.789750,47.306500,0 0.789180,47.306730,0 0.780850,47.312810,0 0.768230,47.322280,0 0.765860,47.324100,0 0.765620,47.324460,0 0.765160,47.324600,0 0.762980,47.326100,0 0.761100,47.326960,0 0.747680,47.331930,0 0.746360,47.332710,0 0.745670,47.332750,0 0.744170,47.333260,0 0.738710,47.335280,0 0.738350,47.335600,0 0.738070,47.335530,0 0.736740,47.335960,0 0.703610,47.348230,0 0.706640,47.353400,0 0.712330,47.362330,0 0.714460,47.366350,0 0.715200,47.368450,0 0.715580,47.370350,0 0.715620,47.372610,0 0.715290,47.374720,0 0.714550,47.376880,0 0.713650,47.378660,0 0.706360,47.391220,0 0.706030,47.392740,0 0.706320,47.394140,0 0.706880,47.395090,0 0.706600,47.395620,0 0.706170,47.395790,0 0.705540,47.395560,0 0.702260,47.393350,0 0.699110,47.391790,0 0.693590,47.391030,0 0.693560,47.390730,0 0.694040,47.390290,0 0.693230,47.389880,0 0.692656,47.390420,0</coordinates>
          </LineString>
          <LineString>
            <tessellate>1</tessellate>
            <coordinates>1.000209,47.130295,0 1.000257,47.130657,0 1.000032,47.130676,0 0.999990,47.130170,0 0.998920,47.129590,0 0.998380,47.130620,0 0.996780,47.129500,0 0.995160,47.128270,0 0.995410,47.128090,0 0.994710,47.127420,0 0.993260,47.125120,0 0.990800,47.126430,0 0.987670,47.125320,0 0.984430,47.124620,0 0.983220,47.127220,0 0.981870,47.127190,0 0.981371,47.127350,0 0.981197,47.127660,0 0.980735,47.127724,0 0.980000,47.126220,0 0.979370,47.125550,0 0.979230,47.125040,0 0.979620,47.123600,0 0.977720,47.123250,0 0.977530,47.123050,0 0.978250,47.120890,0 0.978850,47.117360,0 0.979200,47.116290,0 0.981580,47.112770,0 0.983250,47.110810,0 0.984480,47.109950,0 0.986620,47.109020,0 0.988320,47.108660,0 0.990040,47.108560,0 0.992480,47.108800,0 1.002020,47.111220,0 1.003540,47.111240,0 1.004420,47.111010,0 1.004750,47.110580,0 1.005680,47.110310,0 1.006480,47.109670,0 1.012040,47.100840,0 1.016220,47.097210,0 1.024590,47.086830,0 1.025410,47.085930,0 1.026190,47.085390,0 1.027370,47.084870,0 1.035645,47.082540,0 1.070730,47.072990,0 1.076680,47.069950,0 1.077780,47.069010,0 1.079760,47.066360,0 1.083293,47.060090,0 1.088850,47.054120,0 1.094920,47.045880,0 1.095350,47.044390,0 1.095532,47.033295,0 1.095930,47.032170,0 1.110230,47.017520,0 1.119040,47.013420,0 1.162360,46.994330,0 1.170960,46.989750,0 1.171520,46.989180,0 1.172050,46.987480,0 1.173260,46.985140,0 1.173330,46.984370,0 1.174020,46.984090,0 1.175910,46.982700,0 1.176880,46.980860,0 1.182810,46.975370,0 1.196500,46.969840,0 1.203620,46.965360,0 1.206630,46.963180,0 1.210210,46.961570,0 1.214080,46.959210,0 1.214780,46.958380,0 1.215540,46.956900,0 1.215920,46.955050,0 1.215880,46.953690,0 1.214890,46.950750,0 1.214800,46.949650,0 1.216900,46.945230,0 1.217520,46.944540,0 1.218690,46.943960,0 1.228560,46.941470,0 1.232375,46.941654,0</coordinates>
          </LineString>
          <LineString>
            <tessellate>1</tessellate>
            <coordinates>1.000209,47.130295,0 1.000257,47.130657,0 1.000032,47.130676,0 0.999990,47.130170,0 0.998920,47.129590,0 0.998380,47.130620,0 0.996180,47.129050,0 0.995160,47.128270,0 0.995360,47.128010,0 0.994710,47.127420,0 0.993860,47.125940,0 0.992900,47.124740,0 0.989720,47.122590,0 0.986360,47.120940,0 0.985720,47.120460,0 0.985080,47.119590,0 0.984870,47.117850,0 0.984400,47.116930,0 0.981250,47.115450,0 0.978840,47.114060,0 0.980380,47.113140,0 0.981470,47.112750,0 0.983030,47.111010,0 0.984480,47.109950,0 0.986620,47.109020,0 0.988320,47.108660,0 0.990530,47.108570,0 0.992340,47.108770,0 1.002020,47.111220,0 1.003540,47.111240,0 1.004470,47.110990,0 1.004750,47.110580,0 1.005680,47.110310,0 1.006480,47.109670,0 1.012040,47.100840,0 1.016220,47.097210,0 1.024590,47.086830,0 1.025410,47.085930,0 1.026190,47.085390,0 1.027370,47.084870,0 1.035645,47.082540,0 1.070730,47.072990,0 1.077010,47.069720,0 1.077780,47.069010,0 1.079760,47.066360,0 1.083293,47.060090,0 1.088850,47.054120,0 1.094920,47.045880,0 1.095350,47.044390,0 1.095532,47.033295,0 1.095930,47.032170,0 1.110230,47.017520,0 1.119040,47.013420,0 1.162360,46.994330,0 1.170960,46.989750,0 1.171520,46.989180,0 1.172050,46.987480,0 1.173260,46.985140,0 1.173330,46.984370,0 1.174020,46.984090,0 1.175910,46.982700,0 1.176880,46.980860,0 1.182810,46.975370,0 1.196500,46.969840,0 1.203620,46.965360,0 1.206630,46.963180,0 1.210210,46.961570,0 1.214080,46.959210,0 1.214780,46.958380,0 1.215540,46.956900,0 1.215920,46.955050,0 1.215880,46.953690,0 1.214890,46.950750,0 1.214800,46.949650,0 1.216900,46.945230,0 1.217520,46.944540,0 1.218170,46.944150,0 1.228560,46.941470,0 1.232920,46.941720,0 1.233330,46.942330,0 1.234290,46.942710,0 1.236130,46.944260,0 1.241400,46.949390,0 1.241590,46.950140,0 1.241510,46.950670,0 1.240060,46.952730,0 1.239320,46.954500,0 1.239410,46.954990,0 1.240590,46.957230,0 1.241530,46.957160,0 1.247560,46.955740,0 1.250550,46.954700,0 1.255430,46.954040,0 1.258110,46.953080,0 1.261170,46.952440,0 1.262100,46.951980,0 1.265280,46.949560,0 1.267230,46.948350,0 1.269390,46.947830,0 1.271980,46.946820,0 1.276370,46.946170,0 1.278940,46.945180,0 1.281030,46.944050,0 1.282730,46.943630,0 1.284770,46.943460,0 1.287360,46.943580,0 1.291960,46.943130,0 1.294000,46.943290,0 1.296150,46.943150,0 1.300570,46.943560,0 1.302260,46.944270,0 1.308530,46.943850,0 1.311980,46.943420,0 1.313480,46.943460,0 1.315124,46.943890,0 1.315041,46.944016,0 1.313790,46.943520,0 1.312660,46.942630,0 1.313000,46.939820,0 1.312680,46.938900,0 1.313190,46.938480,0 1.314950,46.938220,0 1.316240,46.937330,0 1.316370,46.935450,0 1.316160,46.933390,0 1.316570,46.930580,0 1.320700,46.930100,0 1.322590,46.930170,0 1.325490,46.930650,0 1.327650,46.930560,0 1.327640,46.928993,0 1.335110,46.929450,0 1.335640,46.929750,0 1.338000,46.929970,0 1.338030,46.926330,0 1.338410,46.924280,0 1.339260,46.922790,0 1.339890,46.920950,0 1.341190,46.919710,0 1.342080,46.918020,0 1.343140,46.914540,0 1.343220,46.913250,0 1.343670,46.911730,0 1.343750,46.910660,0 1.343420,46.909790,0 1.344940,46.908580,0 1.345600,46.907690,0 1.400420,46.891110,0 1.401790,46.890490,0 1.402170,46.889930,0 1.402580,46.889930,0 1.402880,46.890220,0 1.403310,46.890280,0 1.415830,46.886780,0 1.416590,46.886810,0 1.417430,46.887140,0 1.417795,46.886456,0 1.417820,46.886890,0 1.417430,46.887140,0 1.419420,46.888280,0 1.420760,46.888780,0 1.420980,46.888730,0 1.422210,46.887030,0 1.425160,46.887950,0 1.426790,46.887960,0 1.431540,46.887380,0 1.432300,46.887600,0 1.433160,46.888310,0 1.450440,46.881700,0 1.450960,46.881370,0 1.451110,46.880900,0 1.453540,46.880450,0 1.455710,46.879670,0 1.500950,46.862130,0 1.503280,46.861730,0 1.510750,46.861980,0 1.513460,46.861630,0 1.514390,46.861190,0 1.526180,46.851780,0 1.527900,46.850720,0 1.537390,46.847630,0 1.538710,46.847420,0 1.540770,46.846760,0 1.544930,46.846090,0 1.540450,46.846850,0 1.538640,46.844670,0 1.532810,46.841310,0 1.530840,46.840880,0 1.529470,46.840260,0 1.524950,46.835920,0 1.531920,46.833420,0 1.536290,46.830650,0 1.539900,46.829000,0 1.545210,46.827420,0 1.549800,46.827060,0 1.554330,46.827750,0 1.557700,46.827630,0 1.560280,46.828440,0 1.563600,46.828800,0 1.564020,46.829080,0 1.563930,46.831010,0 1.563530,46.832570,0 1.563570,46.834160,0 1.563800,46.834290,0 1.564850,46.834110,0 1.565580,46.834960,0 1.566250,46.838080,0 1.566070,46.838200,0 1.566000,46.838790,0 1.566400,46.840830,0 1.566370,46.841610,0 1.576700,46.839440,0 1.576970,46.839110,0 1.577500,46.839270,0 1.631580,46.827990,0 1.632500,46.827690,0 1.632780,46.827380,0 1.634100,46.827490,0 1.684102,46.817013,0 1.684518,46.816723,0 1.684680,46.816166,0 1.684810,46.811270,0 1.685840,46.811130,0 1.687280,46.810470,0 1.687330,46.810190,0 1.687550,46.810090,0 1.688030,46.810320,0 1.691170,46.810830,0 1.692310,46.810000,0 1.693920,46.809590,0 1.694390,46.810070,0 1.696990,46.809420,0 1.697559,46.809070,0 1.698520,46.809700,0 1.701370,46.810800,0 1.703060,46.809560,0 1.717920,46.802500,0 1.718110,46.802120,0 1.716550,46.800910,0 1.714590,46.799600,0 1.712930,46.798980,0 1.713610,46.797990,0 1.715110,46.798320,0 1.714480,46.799410,0 1.716757,46.801018,0</coordinates>
          </LineString>
          <LineString>
            <tessellate>1</tessellate>
            <coordinates>0.834923,47.262596,0 0.836030,47.262980,0 0.835290,47.267250,0 0.835580,47.268240,0 0.832820,47.273740,0 0.832230,47.274340,0 0.831100,47.275000,0 0.830770,47.275460,0 0.806330,47.293760,0 0.806160,47.294220,0 0.805540,47.294360,0 0.804620,47.295020,0 0.800270,47.298320,0 0.800090,47.298700,0 0.799480,47.298870,0 0.790040,47.306110,0 0.789750,47.306500,0 0.789180,47.306730,0 0.780850,47.312810,0 0.768230,47.322280,0 0.765860,47.324100,0 0.765620,47.324460,0 0.765160,47.324600,0 0.762980,47.326100,0 0.761100,47.326960,0 0.747680,47.331930,0 0.746360,47.332710,0 0.745670,47.332750,0 0.744170,47.333260,0 0.738710,47.335280,0 0.738350,47.335600,0 0.738070,47.335530,0 0.736740,47.335960,0 0.714640,47.344120,0 0.714930,47.345260,0 0.715870,47.345980,0 0.716030,47.346710,0 0.713680,47.347220,0 0.712710,47.347920,0 0.712457,47.347910,0 0.711377,47.346573,0 0.709073,47.346110,0 0.703610,47.348230,0 0.705130,47.350930,0 0.711400,47.360820,0 0.714460,47.366350,0 0.715460,47.369630,0 0.715640,47.371160,0 0.715420,47.374170,0 0.714510,47.376970,0 0.713610,47.378730,0 0.706360,47.391220,0 0.706060,47.393130,0 0.706320,47.394140,0 0.706870,47.395040,0 0.706730,47.395470,0 0.706300,47.395780,0 0.705660,47.395620,0 0.702260,47.393350,0 0.699110,47.391790,0 0.693590,47.391030,0 0.693560,47.390730,0 0.694040,47.390290,0 0.693230,47.389880,0 0.692656,47.390420,0</coordinates>
          </LineString>
          <LineString>
            <tessellate>1</tessellate>
            <coordinates>0.700203,47.360283,0 0.699190,47.360040,0 0.698450,47.359570,0 0.697460,47.359760,0 0.700820,47.349030,0 0.745100,47.332850,0 0.746040,47.332240,0 0.746450,47.332280,0 0.747570,47.331930,0 0.761620,47.326660,0 0.763720,47.325510,0 0.765300,47.324170,0 0.765580,47.324200,0 0.766530,47.325050,0 0.766950,47.325140,0 0.766940,47.325320,0 0.765850,47.324610,0 0.765220,47.324480,0 0.765160,47.324260,0 0.765520,47.324180,0 0.788870,47.306820,0 0.789360,47.306280,0 0.789730,47.306180,0 0.792030,47.304450,0 0.792850,47.303560,0 0.798510,47.299300,0 0.798860,47.298510,0 0.799990,47.298330,0 0.800680,47.297970,0 0.805540,47.294360,0 0.805760,47.293980,0 0.806500,47.293640,0 0.829240,47.276530,0 0.830450,47.275590,0 0.830493,47.275253,0 0.830820,47.275000,0 0.832320,47.274180,0 0.832740,47.273710,0 0.835500,47.268170,0 0.835290,47.267250,0 0.836030,47.262980,0 0.835420,47.262680,0 0.834377,47.262590,0 0.834923,47.262596,0</coordinates>
          </LineString>
          <LineString>
            <tessellate>1</tessellate>
            <coordinates>0.692656,47.390420,0 0.692210,47.390560,0 0.699220,47.391550,0 0.701830,47.392800,0 0.704070,47.394320,0 0.704700,47.394250,0 0.705250,47.393360,0 0.706140,47.391110,0 0.714320,47.377000,0 0.715110,47.374680,0 0.715450,47.372280,0 0.715390,47.370560,0 0.715170,47.369150,0 0.713730,47.365230,0 0.712380,47.362780,0 0.706600,47.353630,0 0.702590,47.348480,0 0.709105,47.346134,0 0.711346,47.346565,0 0.712473,47.347910,0 0.713680,47.347220,0 0.716030,47.346710,0 0.715870,47.345980,0 0.714930,47.345260,0 0.714550,47.344070,0 0.745100,47.332850,0 0.746040,47.332240,0 0.746450,47.332280,0 0.747570,47.331930,0 0.761620,47.326660,0 0.763150,47.325880,0 0.784370,47.310190,0 0.788870,47.306820,0 0.789360,47.306280,0 0.789890,47.306070,0 0.792030,47.304450,0 0.792850,47.303560,0 0.798510,47.299300,0 0.798860,47.298510,0 0.799990,47.298330,0 0.800680,47.297970,0 0.805540,47.294360,0 0.805760,47.293980,0 0.806620,47.293550,0 0.829240,47.276530,0 0.830450,47.275590,0 0.830493,47.275253,0 0.830820,47.275000,0 0.832320,47.274180,0 0.832740,47.273710,0 0.835500,47.268170,0 0.835290,47.267250,0 0.836030,47.262980,0 0.835420,47.262680,0 0.834377,47.262590,0 0.835420,47.262680,0 0.836020,47.262980,0 0.836340,47.262010,0 0.841640,47.257600,0 0.841640,47.257410,0 0.839988,47.257164,0 0.841540,47.257340,0 0.842720,47.256880,0 0.865860,47.238320,0 0.866870,47.237480,0 0.867040,47.237140,0 0.867560,47.236940,0 0.895130,47.214950,0 0.897790,47.212620,0 0.917760,47.197030,0 0.931810,47.190850,0 0.932090,47.190530,0 0.932630,47.190480,0 0.942460,47.186280,0 0.967840,47.178840,0 0.969890,47.177840,0 0.996470,47.155160,0 0.997340,47.154190,0 0.999010,47.151260,0 1.000980,47.145670,0 1.001290,47.144070,0 1.001230,47.142640,0 1.000750,47.141110,0 1.000260,47.140640,0 1.000460,47.140120,0 0.999440,47.136490,0 0.999240,47.134390,0 0.998470,47.132610,0 0.997990,47.132100,0 0.998120,47.131210,0 0.998940,47.129480,0 1.000209,47.130295,0</coordinates>
          </LineString>
          <LineString>
            <tessellate>1</tessellate>
            <coordinates>0.692656,47.390420,0 0.692210,47.390560,0 0.699220,47.391550,0 0.701830,47.392800,0 0.704070,47.394320,0 0.704700,47.394250,0 0.705250,47.393360,0 0.706140,47.391110,0 0.714320,47.377000,0 0.715110,47.374680,0 0.715450,47.372280,0 0.715390,47.370560,0 0.715170,47.369150,0 0.713730,47.365230,0 0.712380,47.362780,0 0.706600,47.353630,0 0.702590,47.348480,0 0.709105,47.346134,0 0.711346,47.346565,0 0.712473,47.347910,0 0.713680,47.347220,0 0.716030,47.346710,0 0.715870,47.345980,0 0.714930,47.345260,0 0.714550,47.344070,0 0.745100,47.332850,0 0.746040,47.332240,0 0.746450,47.332280,0 0.747570,47.331930,0 0.761620,47.326660,0 0.763150,47.325880,0 0.784370,47.310190,0 0.788870,47.306820,0 0.789360,47.306280,0 0.789890,47.306070,0 0.792030,47.304450,0 0.792850,47.303560,0 0.798510,47.299300,0 0.798860,47.298510,0 0.799990,47.298330,0 0.800680,47.297970,0 0.805540,47.294360,0 0.805760,47.293980,0 0.806620,47.293550,0 0.829240,47.276530,0 0.830450,47.275590,0 0.830493,47.275253,0 0.830820,47.275000,0 0.832320,47.274180,0 0.832740,47.273710,0 0.835500,47.268170,0 0.835290,47.267250,0 0.836030,47.262980,0 0.835420,47.262680,0 0.834377,47.262590,0 0.835420,47.262680,0 0.836020,47.262980,0 0.836340,47.262010,0 0.841640,47.257600,0 0.841640,47.257410,0 0.839988,47.257164,0 0.841540,47.257340,0 0.842720,47.256880,0 0.865860,47.238320,0 0.866870,47.237480,0 0.867040,47.237140,0 0.867560,47.236940,0 0.895130,47.214950,0 0.897790,47.212620,0 0.917760,47.197030,0 0.931810,47.190850,0 0.932090,47.190530,0 0.932630,47.190480,0 0.942460,47.186280,0 0.967840,47.178840,0 0.969890,47.177840,0 0.996470,47.155160,0 0.997340,47.154190,0 0.999010,47.151260,0 1.000980,47.145670,0 1.001290,47.144070,0 1.001230,47.142640,0 1.000750,47.141110,0 1.000260,47.140640,0 1.000460,47.140120,0 0.999440,47.136490,0 0.999240,47.134390,0 0.998470,47.132610,0 0.997990,47.132100,0 0.998120,47.131210,0 0.998940,47.129480,0 1.000311,47.130290,0 1.000257,47.130657,0 1.000032,47.130676,0 0.999990,47.130170,0 0.998920,47.129590,0 0.998380,47.130620,0 0.996180,47.129050,0 0.995160,47.128270,0 0.995360,47.128010,0 0.994710,47.127420,0 0.993860,47.125940,0 0.992900,47.124740,0 0.989720,47.122590,0 0.986360,47.120940,0 0.985720,47.120460,0 0.985080,47.119590,0 0.984870,47.117850,0 0.984400,47.116930,0 0.981250,47.115450,0 0.978840,47.114060,0 0.980380,47.113140,0 0.981470,47.112750,0 0.983030,47.111010,0 0.984480,47.109950,0 0.986620,47.109020,0 0.988320,47.108660,0 0.990530,47.108570,0 0.992340,47.108770,0 1.002020,47.111220,0 1.003540,47.111240,0 1.004470,47.110990,0 1.004750,47.110580,0 1.005680,47.110310,0 1.006480,47.109670,0 1.012040,47.100840,0 1.016220,47.097210,0 1.024590,47.086830,0 1.025410,47.085930,0 1.026190,47.085390,0 1.027370,47.084870,0 1.035645,47.082540,0 1.070730,47.072990,0 1.077010,47.069720,0 1.077780,47.069010,0 1.079760,47.066360,0 1.083293,47.060090,0 1.088850,47.054120,0 1.094920,47.045880,0 1.095350,47.044390,0 1.095532,47.033295,0 1.095930,47.032170,0 1.110230,47.017520,0 1.119040,47.013420,0 1.162360,46.994330,0 1.170960,46.989750,0 1.171520,46.989180,0 1.172050,46.987480,0 1.173260,46.985140,0 1.173330,46.984370,0 1.174020,46.984090,0 1.175910,46.982700,0 1.176880,46.980860,0 1.182810,46.975370,0 1.196500,46.969840,0 1.203620,46.965360,0 1.206630,46.963180,0 1.210210,46.961570,0 1.214080,46.959210,0 1.214780,46.958380,0 1.215540,46.956900,0 1.215920,46.955050,0 1.215880,46.953690,0 1.214890,46.950750,0 1.214800,46.949650,0 1.216900,46.945230,0 1.217520,46.944540,0 1.218170,46.944150,0 1.228560,46.941470,0 1.233280,46.941640,0 1.235210,46.940910,0 1.400420,46.891110,0 1.401790,46.890490,0 1.402170,46.889930,0 1.402580,46.889930,0 1.402880,46.890220,0 1.403310,46.890280,0 1.415830,46.886780,0 1.416590,46.886810,0 1.417430,46.887140,0 1.417795,46.886456,0 1.417820,46.886890,0 1.417430,46.887140,0 1.419420,46.888280,0 1.420760,46.888780,0 1.420980,46.888730,0 1.422210,46.887030,0 1.425160,46.887950,0 1.426790,46.887960,0 1.431730,46.887400,0 1.432300,46.887600,0 1.433160,46.888310,0 1.450440,46.881700,0 1.450960,46.881370,0 1.451110,46.880900,0 1.453540,46.880450,0 1.455710,46.879670,0 1.500950,46.862130,0 1.503280,46.861730,0 1.513720,46.862060,0 1.517690,46.861350,0 1.518130,46.861050,0 1.518180,46.860780,0 1.517860,46.859250,0 1.518230,46.858130,0 1.526180,46.851780,0 1.528750,46.850360,0 1.537390,46.847630,0 1.538710,46.847420,0 1.540770,46.846760,0 1.544450,46.846200,0 1.576700,46.839440,0 1.576970,46.839110,0 1.577500,46.839270,0 1.631580,46.827990,0 1.632500,46.827690,0 1.632780,46.827380,0 1.634100,46.827490,0 1.684102,46.817013,0 1.684518,46.816723,0 1.684680,46.816166,0 1.684810,46.811270,0 1.685840,46.811130,0 1.687280,46.810470,0 1.687330,46.810190,0 1.687550,46.810090,0 1.688030,46.810320,0 1.691170,46.810830,0 1.692310,46.810000,0 1.693920,46.809590,0 1.694390,46.810070,0 1.696990,46.809420,0 1.697559,46.809070,0 1.698029,46.809400,0</coordinates>
          </LineString>
          <LineString>
            <tessellate>1</tessellate>
            <coordinates>0.692656,47.390420,0 0.692210,47.390560,0 0.699220,47.391550,0 0.701830,47.392800,0 0.704070,47.394320,0 0.704700,47.394250,0 0.705250,47.393360,0 0.706140,47.391110,0 0.714320,47.377000,0 0.715110,47.374680,0 0.715450,47.372280,0 0.715390,47.370560,0 0.715170,47.369150,0 0.713730,47.365230,0 0.712380,47.362780,0 0.706600,47.353630,0 0.702590,47.348480,0 0.709105,47.346134,0 0.711346,47.346565,0 0.712473,47.347910,0 0.713680,47.347220,0 0.716030,47.346710,0 0.715870,47.345980,0 0.714930,47.345260,0 0.714550,47.344070,0 0.745100,47.332850,0 0.746040,47.332240,0 0.746450,47.332280,0 0.747570,47.331930,0 0.761620,47.326660,0 0.763150,47.325880,0 0.784370,47.310190,0 0.788870,47.306820,0 0.789360,47.306280,0 0.789890,47.306070,0 0.792030,47.304450,0 0.792850,47.303560,0 0.798510,47.299300,0 0.798860,47.298510,0 0.799990,47.298330,0 0.800680,47.297970,0 0.805540,47.294360,0 0.805760,47.293980,0 0.806620,47.293550,0 0.829240,47.276530,0 0.830450,47.275590,0 0.830493,47.275253,0 0.830820,47.275000,0 0.832320,47.274180,0 0.832740,47.273710,0 0.835500,47.268170,0 0.835290,47.267250,0 0.836030,47.262980,0 0.835420,47.262680,0 0.834377,47.262590,0 0.835420,47.262680,0 0.836020,47.262980,0 0.836340,47.262010,0 0.841640,47.257600,0 0.841640,47.257410,0 0.839988,47.257164,0 0.841540,47.257340,0 0.842720,47.256880,0 0.865860,47.238320,0 0.866870,47.237480,0 0.867040,47.237140,0 0.867560,47.236940,0 0.895130,47.214950,0 0.897840,47.212590,0 0.898060,47.212600,0 0.898220,47.213030,0 0.900490,47.215000,0 0.912760,47.224900,0 0.914980,47.227180,0 0.916810,47.226380,0 0.918390,47.226180,0 0.922790,47.225130,0 0.929670,47.222700,0 0.931250,47.221870,0 0.935060,47.219240,0 0.940290,47.215150,0 0.943270,47.212540,0 0.943850,47.211170,0 0.945480,47.210170,0 0.946230,47.209020,0 0.947520,47.207800,0 0.949740,47.204410,0 0.951710,47.200520,0 0.953400,47.198440,0 0.954320,47.196730,0 0.955970,47.194560,0 0.957440,47.193080,0 0.958380,47.190870,0 0.960570,47.188260,0 0.961130,47.186710,0 0.963250,47.184700,0 0.964620,47.183960,0 0.960260,47.181640,0 0.959200,47.181540,0 0.958950,47.181340,0 0.967840,47.178840,0 0.969740,47.177950,0 0.997150,47.154440,0 0.999010,47.151260,0 1.000980,47.145670,0 1.001290,47.144070,0 1.001230,47.142640,0 1.000750,47.141110,0 1.000260,47.140640,0 1.000460,47.140120,0 0.999440,47.136490,0 0.999240,47.134390,0 0.998470,47.132610,0 0.997990,47.132100,0 0.998120,47.131210,0 0.998940,47.129480,0 1.000209,47.130295,0</coordinates>
          </LineString>
          <LineString>
            <tessellate>1</tessellate>
            <coordinates>1.698029,46.809400,0 1.701470,46.810950,0 1.701200,46.811000,0 1.700510,46.810540,0 1.697430,46.809260,0 1.697180,46.809400,0 1.695950,46.808210,0 1.694980,46.807790,0 1.694600,46.807840,0 1.693760,46.807300,0 1.687880,46.810050,0 1.687760,46.810450,0 1.685030,46.811390,0 1.684840,46.811560,0 1.684590,46.816980,0 1.635720,46.827140,0 1.633610,46.827640,0 1.633210,46.828000,0 1.632380,46.827950,0 1.629430,46.828460,0 1.579090,46.839000,0 1.577530,46.839350,0 1.577210,46.839670,0 1.576740,46.839530,0 1.570440,46.840780,0 1.544790,46.846172,0 1.540770,46.846760,0 1.538710,46.847420,0 1.537390,46.847630,0 1.528420,46.850480,0 1.526730,46.851370,0 1.514920,46.860830,0 1.513730,46.861570,0 1.511830,46.861970,0 1.503460,46.861760,0 1.501090,46.862130,0 1.455710,46.879670,0 1.451410,46.881030,0 1.450720,46.881610,0 1.427000,46.890730,0 1.426010,46.890980,0 1.425500,46.890880,0 1.423390,46.890010,0 1.422020,46.889180,0 1.420810,46.888900,0 1.419420,46.888280,0 1.417430,46.887140,0 1.417797,46.886450,0 1.417820,46.886890,0 1.417430,46.887140,0 1.416590,46.886810,0 1.415830,46.886780,0 1.403270,46.890330,0 1.402060,46.890520,0 1.400530,46.891160,0 1.233280,46.941640,0 1.232360,46.941800,0 1.229870,46.941430,0 1.228560,46.941470,0 1.218170,46.944150,0 1.217520,46.944540,0 1.216900,46.945230,0 1.214800,46.949650,0 1.214890,46.950750,0 1.215880,46.953690,0 1.215920,46.955050,0 1.215540,46.956900,0 1.214780,46.958380,0 1.214080,46.959210,0 1.210210,46.961570,0 1.206630,46.963180,0 1.203620,46.965360,0 1.196500,46.969840,0 1.182810,46.975370,0 1.176880,46.980860,0 1.175950,46.982640,0 1.175439,46.983185,0 1.173330,46.984370,0 1.173170,46.985370,0 1.171910,46.987810,0 1.171780,46.988970,0 1.170960,46.989750,0 1.162360,46.994330,0 1.110230,47.017520,0 1.095930,47.032170,0 1.095650,47.033050,0 1.095350,47.044390,0 1.094920,47.045880,0 1.088850,47.054120,0 1.083670,47.059650,0 1.079760,47.066360,0 1.077780,47.069010,0 1.077010,47.069720,0 1.070730,47.072990,0 1.035903,47.082650,0 1.028380,47.084580,0 1.026190,47.085390,0 1.025410,47.085930,0 1.024590,47.086830,0 1.016220,47.097210,0 1.012040,47.100840,0 1.006680,47.109400,0 1.005630,47.110500,0 1.005570,47.110910,0 1.005320,47.111080,0 1.002020,47.111220,0 0.992340,47.108770,0 0.989370,47.108570,0 0.987310,47.108830,0 0.986150,47.109180,0 0.983390,47.110690,0 0.982060,47.112130,0 0.981010,47.115010,0 0.981160,47.115290,0 0.984530,47.117050,0 0.984870,47.117850,0 0.985080,47.119590,0 0.985840,47.120570,0 0.989720,47.122590,0 0.992750,47.124590,0 0.993664,47.125587,0 0.994710,47.127420,0 0.995380,47.128030,0 0.994320,47.128770,0 0.996770,47.130430,0 0.997410,47.129940,0 0.998090,47.130450,0 0.998400,47.130420,0 0.998970,47.129470,0 1.000307,47.130287,0 1.000258,47.130653,0 1.000031,47.130676,0 0.999990,47.130170,0 0.998920,47.129590,0 0.998120,47.131210,0 0.997990,47.132100,0 0.998470,47.132610,0 0.999240,47.134390,0 0.999440,47.136490,0 1.000460,47.140120,0 1.001050,47.140570,0 1.000750,47.141110,0 1.001280,47.142900,0 1.001290,47.144070,0 1.000980,47.145670,0 0.999010,47.151260,0 0.997340,47.154190,0 0.996470,47.155160,0 0.969890,47.177840,0 0.967840,47.178840,0 0.942460,47.186280,0 0.932630,47.190480,0 0.932380,47.190870,0 0.931690,47.190880,0 0.917760,47.197030,0 0.899830,47.211180,0 0.898010,47.212850,0 0.895130,47.214950,0 0.872540,47.232900,0 0.867810,47.236720,0 0.867380,47.237330,0 0.866870,47.237480,0 0.842650,47.256930,0 0.842340,47.257560,0 0.841860,47.257650,0 0.841300,47.257330,0 0.839992,47.257160,0 0.841608,47.257336,0 0.842343,47.257217,0 0.842442,47.257477,0 0.841466,47.257930,0 0.836340,47.262010,0 0.836020,47.262980,0 0.835420,47.262680,0 0.834391,47.262590,0 0.835420,47.262680,0 0.836030,47.262980,0 0.835290,47.267250,0 0.835580,47.268240,0 0.832820,47.273740,0 0.832230,47.274340,0 0.831100,47.275000,0 0.830770,47.275460,0 0.806330,47.293760,0 0.806160,47.294220,0 0.805540,47.294360,0 0.804620,47.295020,0 0.800270,47.298320,0 0.800090,47.298700,0 0.799480,47.298870,0 0.790040,47.306110,0 0.789750,47.306500,0 0.789180,47.306730,0 0.780850,47.312810,0 0.768230,47.322280,0 0.765860,47.324100,0 0.765620,47.324460,0 0.765160,47.324600,0 0.762980,47.326100,0 0.761100,47.326960,0 0.747680,47.331930,0 0.746360,47.332710,0 0.745670,47.332750,0 0.744170,47.333260,0 0.738710,47.335280,0 0.738350,47.335600,0 0.738070,47.335530,0 0.736740,47.335960,0 0.714640,47.344120,0 0.714930,47.345260,0 0.715870,47.345980,0 0.716030,47.346710,0 0.713680,47.347220,0 0.712710,47.347920,0 0.712457,47.347910,0 0.711377,47.346573,0 0.709073,47.346110,0 0.703610,47.348230,0 0.705130,47.350930,0 0.711400,47.360820,0 0.714460,47.366350,0 0.715460,47.369630,0 0.715640,47.371160,0 0.715420,47.374170,0 0.714510,47.376970,0 0.713610,47.378730,0 0.706360,47.391220,0 0.706060,47.393130,0 0.706320,47.394140,0 0.706870,47.395040,0 0.706730,47.395470,0 0.706300,47.395780,0 0.705660,47.395620,0 0.702260,47.393350,0 0.699110,47.391790,0 0.693590,47.391030,0 0.693560,47.390730,0 0.694040,47.390290,0 0.693230,47.389880,0 0.692656,47.390420,0</coordinates>
          </LineString>
          <LineString>
            <tessellate>1</tessellate>
            <coordinates>0.692656,47.390420,0 0.692210,47.390560,0 0.699220,47.391550,0 0.701830,47.392800,0 0.704070,47.394320,0 0.704700,47.394250,0 0.705250,47.393360,0 0.706140,47.391110,0 0.714320,47.377000,0 0.715310,47.373690,0 0.715450,47.372280,0 0.715330,47.370040,0 0.714570,47.367140,0 0.713010,47.363870,0 0.707900,47.355600,0 0.698580,47.341540,0 0.696900,47.338410,0 0.693790,47.331150,0 0.693240,47.330310,0 0.692140,47.329630,0 0.690460,47.329600,0 0.687520,47.330860,0 0.684480,47.331860,0 0.684020,47.332200,0 0.683680,47.332010,0 0.683870,47.331550,0 0.683560,47.330400,0 0.682970,47.330270,0 0.682650,47.330530,0 0.683010,47.330920,0 0.684670,47.330840,0 0.686980,47.330260,0 0.688790,47.329470,0 0.692390,47.327460,0 0.696530,47.323460,0 0.698520,47.322310,0 0.700330,47.321920,0 0.705290,47.321610,0 0.709040,47.321150,0 0.709630,47.320770,0 0.711810,47.314040,0 0.712310,47.312030,0 0.712200,47.311850,0 0.712440,47.311690,0 0.712840,47.310560,0 0.716880,47.297590,0 0.718030,47.293320,0 0.717880,47.292740,0 0.718340,47.292360,0 0.718650,47.291450,0 0.718690,47.290710,0 0.718260,47.289960,0 0.718480,47.289830,0 0.720940,47.291430,0 0.721061,47.291680,0 0.720110,47.292030,0 0.720890,47.292520,0 0.726260,47.293860,0 0.728480,47.294620,0 0.733480,47.292130,0 0.734510,47.292230,0 0.734470,47.291830,0 0.732800,47.290890,0 0.732660,47.290760,0 0.732780,47.290660,0 0.734050,47.291270,0 0.734210,47.290840,0 0.734410,47.290800,0 0.735640,47.291670,0 0.739040,47.293270,0 0.741000,47.293630,0 0.743840,47.293660,0 0.746170,47.293180,0 0.751670,47.291020,0 0.752610,47.290950,0 0.761820,47.288210,0 0.766800,47.287670,0 0.771300,47.286900,0 0.781936,47.284477,0 0.785590,47.283910,0 0.787880,47.282950,0 0.788710,47.282330,0 0.797260,47.279950,0 0.797920,47.280050,0 0.799330,47.281230,0 0.800060,47.281370,0 0.803360,47.280270,0 0.808770,47.279070,0 0.812820,47.278730,0 0.823810,47.280540,0 0.830370,47.275660,0 0.830493,47.275253,0 0.830820,47.275000,0 0.831670,47.274650,0 0.832740,47.273710,0 0.835500,47.268170,0 0.835290,47.267250,0 0.836030,47.262980,0 0.835420,47.262680,0 0.834377,47.262590,0 0.835420,47.262680,0 0.836020,47.262980,0 0.836340,47.262010,0 0.841640,47.257600,0 0.841640,47.257410,0 0.839988,47.257164,0 0.841540,47.257340,0 0.842720,47.256880,0 0.865860,47.238320,0 0.866870,47.237480,0 0.867040,47.237140,0 0.867560,47.236940,0 0.895130,47.214950,0 0.897840,47.212590,0 0.898060,47.212600,0 0.898220,47.213030,0 0.900490,47.215000,0 0.912760,47.224900,0 0.914980,47.227180,0 0.916810,47.226380,0 0.921690,47.225440,0 0.925810,47.224150,0 0.929670,47.222700,0 0.931250,47.221870,0 0.938110,47.216970,0 0.943270,47.212540,0 0.943850,47.211170,0 0.945720,47.209920,0 0.946230,47.209020,0 0.947520,47.207800,0 0.949160,47.205390,0 0.951710,47.200520,0 0.953400,47.198440,0 0.954320,47.196730,0 0.956160,47.194320,0 0.957440,47.193080,0 0.958380,47.190870,0 0.960570,47.188260,0 0.961130,47.186710,0 0.963250,47.184700,0 0.964620,47.183960,0 0.960260,47.181640,0 0.959200,47.181540,0 0.958950,47.181340,0 0.967840,47.178840,0 0.969740,47.177950,0 0.997150,47.154440,0 0.999010,47.151260,0 1.000980,47.145670,0 1.001290,47.144070,0 1.001230,47.142640,0 1.000750,47.141110,0 1.000260,47.140640,0 1.000460,47.140120,0 0.999440,47.136490,0 0.999240,47.134390,0 0.998470,47.132610,0 0.997990,47.132100,0 0.998120,47.131210,0 0.998940,47.129480,0 1.000209,47.130295,0</coordinates>
          </LineString>
          <LineString>
            <tessellate>1</tessellate>
            <coordinates>1.000209,47.130295,0 1.000257,47.130657,0 1.000032,47.130676,0 0.999990,47.130170,0 0.998920,47.129590,0 0.998380,47.130620,0 0.996180,47.129050,0 0.995160,47.128270,0 0.995360,47.128010,0 0.994710,47.127420,0 0.993860,47.125940,0 0.992900,47.124740,0 0.989720,47.122590,0 0.986360,47.120940,0 0.985720,47.120460,0 0.985080,47.119590,0 0.984870,47.117850,0 0.984400,47.116930,0 0.981250,47.115450,0 0.978840,47.114060,0 0.980380,47.113140,0 0.981470,47.112750,0 0.983030,47.111010,0 0.984480,47.109950,0 0.986620,47.109020,0 0.988320,47.108660,0 0.990530,47.108570,0 0.992340,47.108770,0 1.002020,47.111220,0 1.003540,47.111240,0 1.004470,47.110990,0 1.004750,47.110580,0 1.005680,47.110310,0 1.006480,47.109670,0 1.012040,47.100840,0 1.016220,47.097210,0 1.024590,47.086830,0 1.025410,47.085930,0 1.026190,47.085390,0 1.027370,47.084870,0 1.035645,47.082540,0 1.070730,47.072990,0 1.077010,47.069720,0 1.077780,47.069010,0 1.079760,47.066360,0 1.083293,47.060090,0 1.088850,47.054120,0 1.094920,47.045880,0 1.095350,47.044390,0 1.095532,47.033295,0 1.095930,47.032170,0 1.110230,47.017520,0 1.119040,47.013420,0 1.162360,46.994330,0 1.170960,46.989750,0 1.171520,46.989180,0 1.172050,46.987480,0 1.173260,46.985140,0 1.173330,46.984370,0 1.174020,46.984090,0 1.175910,46.982700,0 1.176880,46.980860,0 1.182810,46.975370,0 1.196500,46.969840,0 1.203620,46.965360,0 1.206630,46.963180,0 1.210210,46.961570,0 1.214080,46.959210,0 1.214780,46.958380,0 1.215540,46.956900,0 1.215920,46.955050,0 1.215880,46.953690,0 1.214890,46.950750,0 1.214800,46.949650,0 1.216900,46.945230,0 1.217520,46.944540,0 1.218170,46.944150,0 1.228560,46.941470,0 1.232920,46.941720,0 1.233330,46.942330,0 1.234290,46.942710,0 1.236130,46.944260,0 1.241400,46.949390,0 1.241590,46.950140,0 1.241510,46.950670,0 1.240060,46.952730,0 1.239320,46.954500,0 1.239410,46.954990,0 1.240590,46.957230,0 1.241530,46.957160,0 1.247560,46.955740,0 1.250550,46.954700,0 1.255430,46.954040,0 1.258110,46.953080,0 1.261170,46.952440,0 1.262100,46.951980,0 1.265280,46.949560,0 1.267230,46.948350,0 1.269390,46.947830,0 1.271980,46.946820,0 1.276370,46.946170,0 1.278940,46.945180,0 1.281030,46.944050,0 1.282730,46.943630,0 1.284770,46.943460,0 1.287360,46.943580,0 1.291960,46.943130,0 1.294000,46.943290,0 1.296150,46.943150,0 1.300570,46.943560,0 1.302260,46.944270,0 1.308530,46.943850,0 1.311980,46.943420,0 1.313480,46.943460,0 1.315124,46.943890,0 1.315041,46.944016,0 1.313790,46.943520,0 1.312660,46.942630,0 1.313000,46.939820,0 1.312680,46.938900,0 1.313190,46.938480,0 1.314950,46.938220,0 1.316240,46.937330,0 1.316370,46.935450,0 1.316160,46.933390,0 1.316570,46.930580,0 1.320700,46.930100,0 1.322590,46.930170,0 1.325490,46.930650,0 1.327650,46.930560,0 1.327640,46.928993,0 1.335110,46.929450,0 1.335640,46.929750,0 1.338000,46.929970,0 1.338030,46.926330,0 1.338410,46.924280,0 1.339260,46.922790,0 1.339890,46.920950,0 1.341190,46.919710,0 1.342080,46.918020,0 1.343140,46.914540,0 1.343220,46.913250,0 1.343670,46.911730,0 1.343750,46.910660,0 1.343420,46.909790,0 1.344940,46.908580,0 1.345600,46.907690,0 1.400420,46.891110,0 1.401790,46.890490,0 1.402170,46.889930,0 1.402580,46.889930,0 1.402880,46.890220,0 1.403310,46.890280,0 1.415830,46.886780,0 1.416590,46.886810,0 1.417430,46.887140,0 1.417795,46.886456,0 1.417918,46.886520,0 1.417820,46.886890,0 1.417430,46.887140,0 1.419420,46.888280,0 1.420950,46.888800,0 1.420440,46.889650,0 1.420540,46.889970,0 1.423150,46.890660,0 1.424250,46.890380,0 1.425500,46.890880,0 1.426290,46.890940,0 1.433750,46.888110,0 1.434560,46.888830,0 1.434606,46.889175,0</coordinates>
          </LineString>
          <LineString>
            <tessellate>1</tessellate>
            <coordinates>0.692656,47.390420,0 0.692210,47.390560,0 0.699220,47.391550,0 0.701830,47.392800,0 0.704070,47.394320,0 0.704700,47.394250,0 0.705250,47.393360,0 0.706140,47.391110,0 0.714320,47.377000,0 0.715110,47.374680,0 0.715450,47.372280,0 0.715390,47.370560,0 0.715170,47.369150,0 0.713730,47.365230,0 0.712380,47.362780,0 0.706600,47.353630,0 0.702590,47.348480,0 0.709105,47.346134,0 0.711346,47.346565,0 0.712473,47.347910,0 0.713680,47.347220,0 0.716030,47.346710,0 0.715870,47.345980,0 0.714930,47.345260,0 0.714550,47.344070,0 0.745100,47.332850,0 0.746040,47.332240,0 0.746450,47.332280,0 0.747570,47.331930,0 0.761620,47.326660,0 0.763150,47.325880,0 0.784370,47.310190,0 0.788870,47.306820,0 0.789360,47.306280,0 0.789890,47.306070,0 0.792030,47.304450,0 0.792850,47.303560,0 0.798510,47.299300,0 0.798860,47.298510,0 0.799990,47.298330,0 0.800680,47.297970,0 0.805540,47.294360,0 0.805760,47.293980,0 0.806620,47.293550,0 0.829240,47.276530,0 0.830450,47.275590,0 0.830493,47.275253,0 0.830820,47.275000,0 0.832320,47.274180,0 0.832740,47.273710,0 0.835500,47.268170,0 0.835290,47.267250,0 0.836030,47.262980,0 0.835420,47.262680,0 0.834377,47.262590,0 0.835420,47.262680,0 0.836020,47.262980,0 0.836340,47.262010,0 0.841640,47.257600,0 0.841640,47.257410,0 0.839988,47.257164,0 0.841540,47.257340,0 0.842720,47.256880,0 0.865860,47.238320,0 0.866870,47.237480,0 0.867040,47.237140,0 0.867560,47.236940,0 0.895130,47.214950,0 0.897790,47.212620,0 0.901620,47.209790,0 0.917870,47.196960,0 0.931810,47.190850,0 0.932090,47.190530,0 0.932630,47.190480,0 0.942460,47.186280,0 0.967840,47.178840,0 0.969890,47.177840,0 0.996470,47.155160,0 0.997340,47.154190,0 0.999010,47.151260,0 1.000980,47.145670,0 1.001290,47.144070,0 1.001230,47.142640,0 1.000750,47.141110,0 1.000260,47.140640,0 1.000460,47.140120,0 0.999440,47.136490,0 0.999240,47.134390,0 0.998470,47.132610,0 0.997990,47.132100,0 0.998120,47.131210,0 0.998940,47.129480,0 1.000311,47.130290,0 1.000257,47.130657,0 1.000032,47.130676,0 0.999990,47.130170,0 0.998920,47.129590,0 0.998380,47.130620,0 0.996180,47.129050,0 0.995160,47.128270,0 0.995360,47.128010,0 0.994710,47.127420,0 0.993860,47.125940,0 0.992900,47.124740,0 0.989720,47.122590,0 0.986360,47.120940,0 0.985720,47.120460,0 0.985080,47.119590,0 0.984870,47.117850,0 0.984400,47.116930,0 0.981250,47.115450,0 0.978840,47.114060,0 0.980380,47.113140,0 0.981470,47.112750,0 0.983030,47.111010,0 0.984480,47.109950,0 0.986620,47.109020,0 0.988320,47.108660,0 0.990530,47.108570,0 0.992340,47.108770,0 1.002020,47.111220,0 1.003540,47.111240,0 1.004470,47.110990,0 1.004750,47.110580,0 1.005680,47.110310,0 1.006480,47.109670,0 1.012040,47.100840,0 1.016220,47.097210,0 1.024590,47.086830,0 1.025410,47.085930,0 1.026190,47.085390,0 1.027370,47.084870,0 1.035645,47.082540,0 1.070730,47.072990,0 1.077010,47.069720,0 1.077780,47.069010,0 1.079760,47.066360,0 1.083293,47.060090,0 1.088850,47.054120,0 1.094920,47.045880,0 1.095350,47.044390,0 1.095532,47.033295,0 1.095930,47.032170,0 1.110230,47.017520,0 1.119040,47.013420,0 1.162360,46.994330,0 1.170960,46.989750,0 1.171520,46.989180,0 1.172050,46.987480,0 1.173260,46.985140,0 1.173330,46.984370,0 1.174020,46.984090,0 1.175910,46.982700,0 1.176880,46.980860,0 1.182810,46.975370,0 1.196500,46.969840,0 1.203620,46.965360,0 1.206630,46.963180,0 1.210210,46.961570,0 1.214080,46.959210,0 1.214780,46.958380,0 1.215540,46.956900,0 1.215920,46.955050,0 1.215880,46.953690,0 1.214890,46.950750,0 1.214800,46.949650,0 1.216900,46.945230,0 1.217520,46.944540,0 1.218170,46.944150,0 1.228560,46.941470,0 1.233280,46.941640,0 1.235210,46.940910,0 1.400420,46.891110,0 1.401790,46.890490,0 1.402170,46.889930,0 1.402580,46.889930,0 1.402880,46.890220,0 1.403310,46.890280,0 1.415830,46.886780,0 1.416590,46.886810,0 1.417430,46.887140,0 1.417795,46.886456,0 1.417820,46.886890,0 1.417430,46.887140,0 1.419420,46.888280,0 1.420760,46.888780,0 1.420980,46.888730,0 1.422210,46.887030,0 1.425160,46.887950,0 1.426790,46.887960,0 1.431730,46.887400,0 1.432300,46.887600,0 1.433160,46.888310,0 1.450440,46.881700,0 1.450960,46.881370,0 1.451110,46.880900,0 1.453540,46.880450,0 1.455710,46.879670,0 1.500950,46.862130,0 1.503280,46.861730,0 1.513720,46.862060,0 1.517690,46.861350,0 1.518130,46.861050,0 1.518180,46.860780,0 1.517860,46.859250,0 1.518230,46.858130,0 1.526180,46.851780,0 1.528750,46.850360,0 1.537390,46.847630,0 1.538710,46.847420,0 1.540770,46.846760,0 1.544450,46.846200,0 1.576700,46.839440,0 1.576970,46.839110,0 1.577500,46.839270,0 1.631580,46.827990,0 1.632500,46.827690,0 1.632780,46.827380,0 1.634100,46.827490,0 1.684102,46.817013,0 1.684518,46.816723,0 1.684680,46.816166,0 1.684810,46.811270,0 1.685840,46.811130,0 1.687280,46.810470,0 1.687330,46.810190,0 1.687550,46.810090,0 1.688030,46.810320,0 1.691170,46.810830,0 1.692310,46.810000,0 1.693920,46.809590,0 1.694390,46.810070,0 1.696990,46.809420,0 1.697559,46.809070,0 1.698029,46.809400,0</coordinates>
          </LineString>
          <LineString>
            <tessellate>1</tessellate>
            <coordinates>1.000209,47.130295,0 1.000258,47.130653,0 1.000031,47.130676,0 0.999990,47.130170,0 0.998920,47.129590,0 0.998120,47.131210,0 0.997990,47.132100,0 0.998470,47.132610,0 0.999240,47.134390,0 0.999440,47.136490,0 1.000460,47.140120,0 1.001050,47.140570,0 1.000750,47.141110,0 1.001280,47.142900,0 1.001290,47.144070,0 1.000980,47.145670,0 0.999010,47.151260,0 0.997340,47.154190,0 0.996470,47.155160,0 0.969890,47.177840,0 0.967840,47.178840,0 0.942460,47.186280,0 0.932630,47.190480,0 0.932380,47.190870,0 0.931690,47.190880,0 0.917760,47.197030,0 0.899830,47.211180,0 0.898010,47.212850,0 0.895130,47.214950,0 0.872540,47.232900,0 0.867810,47.236720,0 0.867380,47.237330,0 0.866870,47.237480,0 0.842650,47.256930,0 0.842340,47.257560,0 0.841860,47.257650,0 0.841300,47.257330,0 0.839992,47.257160,0 0.841608,47.257336,0 0.842343,47.257217,0 0.842442,47.257477,0 0.841466,47.257930,0 0.836340,47.262010,0 0.836020,47.262980,0 0.835420,47.262680,0 0.834391,47.262590,0 0.835420,47.262680,0 0.836030,47.262980,0 0.835290,47.267250,0 0.835580,47.268240,0 0.832820,47.273740,0 0.832230,47.274340,0 0.831100,47.275000,0 0.830770,47.275460,0 0.806330,47.293760,0 0.806160,47.294220,0 0.805540,47.294360,0 0.804620,47.295020,0 0.800270,47.298320,0 0.800090,47.298700,0 0.799480,47.298870,0 0.790040,47.306110,0 0.789750,47.306500,0 0.789180,47.306730,0 0.780850,47.312810,0 0.768230,47.322280,0 0.765860,47.324100,0 0.765620,47.324460,0 0.765160,47.324600,0 0.762980,47.326100,0 0.761100,47.326960,0 0.747680,47.331930,0 0.746360,47.332710,0 0.745670,47.332750,0 0.744170,47.333260,0 0.738710,47.335280,0 0.738350,47.335600,0 0.738070,47.335530,0 0.736740,47.335960,0 0.714640,47.344120,0 0.714930,47.345260,0 0.715870,47.345980,0 0.716030,47.346710,0 0.713680,47.347220,0 0.712710,47.347920,0 0.712457,47.347910,0 0.711377,47.346573,0 0.709073,47.346110,0 0.703610,47.348230,0 0.705130,47.350930,0 0.711400,47.360820,0 0.714460,47.366350,0 0.715460,47.369630,0 0.715640,47.371160,0 0.715420,47.374170,0 0.714510,47.376970,0 0.713610,47.378730,0 0.706360,47.391220,0 0.706060,47.393130,0 0.706320,47.394140,0 0.706870,47.395040,0 0.706730,47.395470,0 0.706300,47.395780,0 0.705660,47.395620,0 0.702260,47.393350,0 0.699110,47.391790,0 0.693590,47.391030,0 0.693560,47.390730,0 0.694040,47.390290,0 0.693230,47.389880,0 0.692656,47.390420,0</coordinates>
          </LineString>
          <LineString>
            <tessellate>1</tessellate>
            <coordinates>1.000209,47.130295,0 1.000258,47.130653,0 1.000031,47.130676,0 0.999990,47.130170,0 0.998920,47.129590,0 0.998120,47.131210,0 0.997990,47.132100,0 0.998470,47.132610,0 0.999240,47.134390,0 0.999440,47.136490,0 1.000460,47.140120,0 1.001050,47.140570,0 1.000750,47.141110,0 1.001280,47.142900,0 1.001290,47.144070,0 1.000980,47.145670,0 0.999010,47.151260,0 0.997340,47.154190,0 0.996470,47.155160,0 0.969740,47.177950,0 0.968060,47.178770,0 0.959290,47.181300,0 0.959420,47.181590,0 0.960260,47.181640,0 0.964620,47.183960,0 0.963250,47.184700,0 0.961130,47.186710,0 0.960570,47.188260,0 0.958380,47.190870,0 0.957440,47.193080,0 0.955970,47.194560,0 0.954320,47.196730,0 0.953400,47.198440,0 0.951710,47.200520,0 0.949740,47.204410,0 0.947520,47.207800,0 0.946230,47.209020,0 0.945480,47.210170,0 0.943850,47.211170,0 0.943270,47.212540,0 0.937290,47.217630,0 0.931250,47.221870,0 0.927730,47.223560,0 0.920639,47.225727,0 0.916810,47.226380,0 0.915430,47.227080,0 0.912200,47.227950,0 0.909110,47.228170,0 0.907870,47.228450,0 0.905460,47.229800,0 0.902360,47.230620,0 0.894970,47.233490,0 0.892400,47.234980,0 0.891710,47.236340,0 0.888630,47.239060,0 0.887810,47.240130,0 0.887350,47.241410,0 0.887290,47.245530,0 0.886630,47.246590,0 0.886040,47.247010,0 0.884810,47.247380,0 0.875950,47.248070,0 0.876130,47.249690,0 0.876539,47.249798,0 0.876123,47.249850,0 0.876000,47.247930,0 0.880120,47.247260,0 0.880200,47.247040,0 0.879310,47.246330,0 0.877590,47.246270,0 0.873180,47.241550,0 0.872220,47.241200,0 0.871270,47.240190,0 0.870210,47.240300,0 0.869770,47.240160,0 0.868200,47.238290,0 0.867110,47.237390,0 0.842600,47.257010,0 0.842340,47.257610,0 0.841430,47.257960,0 0.836740,47.261770,0 0.836300,47.262210,0 0.836120,47.263020,0 0.835420,47.262680,0 0.834382,47.262590,0 0.835420,47.262680,0 0.836030,47.262980,0 0.835290,47.267250,0 0.835580,47.268240,0 0.832820,47.273740,0 0.832230,47.274340,0 0.831100,47.275000,0 0.830770,47.275460,0 0.806330,47.293760,0 0.806160,47.294220,0 0.805540,47.294360,0 0.804620,47.295020,0 0.800680,47.297970,0 0.800090,47.298700,0 0.799480,47.298870,0 0.790040,47.306110,0 0.789750,47.306500,0 0.789180,47.306730,0 0.780850,47.312810,0 0.765880,47.324090,0 0.765720,47.324480,0 0.766950,47.325140,0 0.766940,47.325320,0 0.765850,47.324610,0 0.765240,47.324560,0 0.763150,47.326000,0 0.761460,47.326820,0 0.747680,47.331930,0 0.746360,47.332710,0 0.745670,47.332750,0 0.742920,47.333700,0 0.738710,47.335280,0 0.738350,47.335600,0 0.738070,47.335530,0 0.733100,47.337260,0 0.700950,47.349130,0 0.698930,47.355630,0 0.700480,47.355590,0 0.702850,47.356050,0 0.701890,47.358380,0 0.704830,47.358980,0 0.703300,47.360920,0 0.700200,47.360280,0</coordinates>
          </LineString>
          <LineString>
            <tessellate>1</tessellate>
            <coordinates>1.000209,47.130295,0 1.000257,47.130657,0 1.000032,47.130676,0 0.999990,47.130170,0 0.998920,47.129590,0 0.998380,47.130620,0 0.996180,47.129050,0 0.995160,47.128270,0 0.995360,47.128010,0 0.994710,47.127420,0 0.993860,47.125940,0 0.992900,47.124740,0 0.989720,47.122590,0 0.986360,47.120940,0 0.985720,47.120460,0 0.985080,47.119590,0 0.984870,47.117850,0 0.984400,47.116930,0 0.981250,47.115450,0 0.978840,47.114060,0 0.980380,47.113140,0 0.981470,47.112750,0 0.983030,47.111010,0 0.984480,47.109950,0 0.986620,47.109020,0 0.988320,47.108660,0 0.990530,47.108570,0 0.992340,47.108770,0 1.002020,47.111220,0 1.003540,47.111240,0 1.004470,47.110990,0 1.004750,47.110580,0 1.005680,47.110310,0 1.006480,47.109670,0 1.012040,47.100840,0 1.016220,47.097210,0 1.024590,47.086830,0 1.025410,47.085930,0 1.026190,47.085390,0 1.027370,47.084870,0 1.035645,47.082540,0 1.070730,47.072990,0 1.077010,47.069720,0 1.077780,47.069010,0 1.079760,47.066360,0 1.083293,47.060090,0 1.088850,47.054120,0 1.094920,47.045880,0 1.095350,47.044390,0 1.095532,47.033295,0 1.095930,47.032170,0 1.110230,47.017520,0 1.119040,47.013420,0 1.162360,46.994330,0 1.170960,46.989750,0 1.171520,46.989180,0 1.172050,46.987480,0 1.173260,46.985140,0 1.173330,46.984370,0 1.174020,46.984090,0 1.175910,46.982700,0 1.176880,46.980860,0 1.182810,46.975370,0 1.196500,46.969840,0 1.203620,46.965360,0 1.206630,46.963180,0 1.210210,46.961570,0 1.214080,46.959210,0 1.214780,46.958380,0 1.215540,46.956900,0 1.215920,46.955050,0 1.215880,46.953690,0 1.214890,46.950750,0 1.214800,46.949650,0 1.216900,46.945230,0 1.217520,46.944540,0 1.218170,46.944150,0 1.228560,46.941470,0 1.233280,46.941640,0 1.235210,46.940910,0 1.400420,46.891110,0 1.401790,46.890490,0 1.402170,46.889930,0 1.402580,46.889930,0 1.402880,46.890220,0 1.403310,46.890280,0 1.415830,46.886780,0 1.416590,46.886810,0 1.417430,46.887140,0 1.417795,46.886456,0 1.417820,46.886890,0 1.417430,46.887140,0 1.419420,46.888280,0 1.420760,46.888780,0 1.420980,46.888730,0 1.422210,46.887030,0 1.425160,46.887950,0 1.426790,46.887960,0 1.431730,46.887400,0 1.432300,46.887600,0 1.433160,46.888310,0 1.450440,46.881700,0 1.450960,46.881370,0 1.451110,46.880900,0 1.453540,46.880450,0 1.455710,46.879670,0 1.500950,46.862130,0 1.503280,46.861730,0 1.513720,46.862060,0 1.517690,46.861350,0 1.518130,46.861050,0 1.518180,46.860780,0 1.517860,46.859250,0 1.518230,46.858130,0 1.526180,46.851780,0 1.528750,46.850360,0 1.537390,46.847630,0 1.538710,46.847420,0 1.540770,46.846760,0 1.544450,46.846200,0 1.576700,46.839440,0 1.576970,46.839110,0 1.577500,46.839270,0 1.631580,46.827990,0 1.632500,46.827690,0 1.632780,46.827380,0 1.634100,46.827490,0 1.684102,46.817013,0 1.684518,46.816723,0 1.684680,46.816166,0 1.684810,46.811270,0 1.685840,46.811130,0 1.687280,46.810470,0 1.687330,46.810190,0 1.687550,46.810090,0 1.688030,46.810320,0 1.691170,46.810830,0 1.692310,46.810000,0 1.693920,46.809590,0 1.694390,46.810070,0 1.696990,46.809420,0 1.697559,46.809070,0 1.698029,46.809400,0</coordinates>
          </LineString>
          <LineString>
            <tessellate>1</tessellate>
            <coordinates>1.698029,46.809400,0 1.701470,46.810950,0 1.701200,46.811000,0 1.700510,46.810540,0 1.697430,46.809260,0 1.697180,46.809400,0 1.695950,46.808210,0 1.694980,46.807790,0 1.694600,46.807840,0 1.693760,46.807300,0 1.687880,46.810050,0 1.687760,46.810450,0 1.685030,46.811390,0 1.684840,46.811560,0 1.684590,46.816980,0 1.635720,46.827140,0 1.633610,46.827640,0 1.633210,46.828000,0 1.632380,46.827950,0 1.629430,46.828460,0 1.579090,46.839000,0 1.577530,46.839350,0 1.577210,46.839670,0 1.576740,46.839530,0 1.566360,46.841660,0 1.566400,46.840830,0 1.566000,46.838790,0 1.565970,46.838050,0 1.566140,46.837800,0 1.565600,46.835740,0 1.565580,46.834960,0 1.564850,46.834110,0 1.563800,46.834290,0 1.563570,46.834160,0 1.563530,46.832570,0 1.563930,46.831010,0 1.564020,46.829080,0 1.563600,46.828800,0 1.560280,46.828440,0 1.557700,46.827630,0 1.554330,46.827750,0 1.549800,46.827060,0 1.545210,46.827420,0 1.539900,46.829000,0 1.536290,46.830650,0 1.531920,46.833420,0 1.524950,46.835920,0 1.529810,46.840470,0 1.531190,46.840990,0 1.532810,46.841310,0 1.538460,46.844570,0 1.540100,46.843430,0 1.540460,46.843420,0 1.543330,46.844680,0 1.544450,46.846200,0 1.544790,46.846172,0 1.540770,46.846760,0 1.538710,46.847420,0 1.537390,46.847630,0 1.528750,46.850360,0 1.526960,46.851230,0 1.516049,46.859962,0 1.516097,46.860350,0 1.515597,46.860256,0 1.517271,46.858906,0 1.517870,46.858974,0 1.518191,46.860783,0 1.518543,46.861168,0 1.518423,46.861350,0 1.513720,46.862060,0 1.504030,46.861770,0 1.501560,46.862020,0 1.455710,46.879670,0 1.451410,46.881030,0 1.450860,46.881550,0 1.426290,46.890940,0 1.425500,46.890880,0 1.423590,46.890110,0 1.422020,46.889180,0 1.420810,46.888900,0 1.419420,46.888280,0 1.417430,46.887140,0 1.417797,46.886456,0 1.417820,46.886890,0 1.417430,46.887140,0 1.416590,46.886810,0 1.415830,46.886780,0 1.403270,46.890330,0 1.402060,46.890520,0 1.400530,46.891160,0 1.345700,46.907710,0 1.344940,46.908580,0 1.343420,46.909790,0 1.343750,46.910660,0 1.343670,46.911730,0 1.343220,46.913250,0 1.343140,46.914540,0 1.342080,46.918020,0 1.341190,46.919710,0 1.339890,46.920950,0 1.339260,46.922790,0 1.338410,46.924280,0 1.338030,46.926330,0 1.338000,46.929970,0 1.335640,46.929750,0 1.335110,46.929450,0 1.327728,46.929005,0 1.327570,46.929420,0 1.327650,46.930560,0 1.325490,46.930650,0 1.322590,46.930170,0 1.320700,46.930100,0 1.316570,46.930580,0 1.316360,46.930740,0 1.316520,46.930810,0 1.316160,46.933390,0 1.316370,46.935450,0 1.316240,46.937330,0 1.314950,46.938220,0 1.313190,46.938480,0 1.312680,46.938900,0 1.313000,46.939820,0 1.312660,46.942630,0 1.313790,46.943520,0 1.315136,46.943890,0 1.315025,46.944023,0 1.313480,46.943460,0 1.311980,46.943420,0 1.308530,46.943850,0 1.302260,46.944270,0 1.300570,46.943560,0 1.296150,46.943150,0 1.294000,46.943290,0 1.291960,46.943130,0 1.287360,46.943580,0 1.284770,46.943460,0 1.282730,46.943630,0 1.281030,46.944050,0 1.278940,46.945180,0 1.276370,46.946170,0 1.271980,46.946820,0 1.269390,46.947830,0 1.267230,46.948350,0 1.265280,46.949560,0 1.262100,46.951980,0 1.261170,46.952440,0 1.258110,46.953080,0 1.255430,46.954040,0 1.250550,46.954700,0 1.247560,46.955740,0 1.241530,46.957160,0 1.240590,46.957230,0 1.239410,46.954990,0 1.239320,46.954500,0 1.240060,46.952730,0 1.241510,46.950670,0 1.241590,46.950140,0 1.241400,46.949390,0 1.236130,46.944260,0 1.234290,46.942710,0 1.233330,46.942330,0 1.232920,46.941720,0 1.228560,46.941470,0 1.218170,46.944150,0 1.217520,46.944540,0 1.216900,46.945230,0 1.214800,46.949650,0 1.214890,46.950750,0 1.215880,46.953690,0 1.215920,46.955050,0 1.215540,46.956900,0 1.214780,46.958380,0 1.214080,46.959210,0 1.210210,46.961570,0 1.206630,46.963180,0 1.203620,46.965360,0 1.196500,46.969840,0 1.182810,46.975370,0 1.176880,46.980860,0 1.175950,46.982640,0 1.175439,46.983185,0 1.173330,46.984370,0 1.173260,46.985140,0 1.171824,46.988230,0</coordinates>
          </LineString>
          <LineString>
            <tessellate>1</tessellate>
            <coordinates>1.698029,46.809400,0 1.701470,46.810950,0 1.701200,46.811000,0 1.700510,46.810540,0 1.697430,46.809260,0 1.697180,46.809400,0 1.695950,46.808210,0 1.694980,46.807790,0 1.694600,46.807840,0 1.693760,46.807300,0 1.687880,46.810050,0 1.687760,46.810450,0 1.685030,46.811390,0 1.684840,46.811560,0 1.684590,46.816980,0 1.635720,46.827140,0 1.633610,46.827640,0 1.633210,46.828000,0 1.632380,46.827950,0 1.629430,46.828460,0 1.579090,46.839000,0 1.577530,46.839350,0 1.577210,46.839670,0 1.576740,46.839530,0 1.566360,46.841660,0 1.566400,46.840830,0 1.566000,46.838790,0 1.565970,46.838050,0 1.566140,46.837800,0 1.565600,46.835740,0 1.565580,46.834960,0 1.564850,46.834110,0 1.563800,46.834290,0 1.563570,46.834160,0 1.563530,46.832570,0 1.563930,46.831010,0 1.564020,46.829080,0 1.563600,46.828800,0 1.560280,46.828440,0 1.557700,46.827630,0 1.554330,46.827750,0 1.549800,46.827060,0 1.545210,46.827420,0 1.539900,46.829000,0 1.536290,46.830650,0 1.531920,46.833420,0 1.524950,46.835920,0 1.529810,46.840470,0 1.531190,46.840990,0 1.532810,46.841310,0 1.538460,46.844570,0 1.540100,46.843430,0 1.540460,46.843420,0 1.543330,46.844680,0 1.544450,46.846200,0 1.544790,46.846172,0 1.540770,46.846760,0 1.538710,46.847420,0 1.537390,46.847630,0 1.528750,46.850360,0 1.526960,46.851230,0 1.516049,46.859962,0 1.516097,46.860350,0 1.515597,46.860256,0 1.517271,46.858906,0 1.517870,46.858974,0 1.518191,46.860783,0 1.518543,46.861168,0 1.518423,46.861350,0 1.513720,46.862060,0 1.504030,46.861770,0 1.501560,46.862020,0 1.455710,46.879670,0 1.451410,46.881030,0 1.450860,46.881550,0 1.433800,46.888150,0 1.434560,46.888830,0 1.434606,46.889175,0 1.432838,46.890800,0 1.431473,46.890297,0 1.428970,46.889960,0 1.426440,46.890900,0 1.425500,46.890880,0 1.423590,46.890110,0 1.422020,46.889180,0 1.420810,46.888900,0 1.419420,46.888280,0 1.417430,46.887140,0 1.417798,46.886450,0 1.417820,46.886890,0 1.417430,46.887140,0 1.416590,46.886810,0 1.415830,46.886780,0 1.403270,46.890330,0 1.402060,46.890520,0 1.400530,46.891160,0 1.345700,46.907710,0 1.344940,46.908580,0 1.343420,46.909790,0 1.343750,46.910660,0 1.343670,46.911730,0 1.343220,46.913250,0 1.343140,46.914540,0 1.342080,46.918020,0 1.341190,46.919710,0 1.339890,46.920950,0 1.339260,46.922790,0 1.338410,46.924280,0 1.338030,46.926330,0 1.338000,46.929970,0 1.335640,46.929750,0 1.335110,46.929450,0 1.327728,46.929005,0 1.327570,46.929420,0 1.327650,46.930560,0 1.325490,46.930650,0 1.322590,46.930170,0 1.320700,46.930100,0 1.316570,46.930580,0 1.316360,46.930740,0 1.316520,46.930810,0 1.316160,46.933390,0 1.316370,46.935450,0 1.316240,46.937330,0 1.314950,46.938220,0 1.313190,46.938480,0 1.312680,46.938900,0 1.313000,46.939820,0 1.312660,46.942630,0 1.313790,46.943520,0 1.315136,46.943890,0 1.315025,46.944023,0 1.313480,46.943460,0 1.311980,46.943420,0 1.308530,46.943850,0 1.302260,46.944270,0 1.300570,46.943560,0 1.296150,46.943150,0 1.294000,46.943290,0 1.291960,46.943130,0 1.287360,46.943580,0 1.284770,46.943460,0 1.282730,46.943630,0 1.281030,46.944050,0 1.278940,46.945180,0 1.276370,46.946170,0 1.271980,46.946820,0 1.269390,46.947830,0 1.267230,46.948350,0 1.265280,46.949560,0 1.262100,46.951980,0 1.261170,46.952440,0 1.258110,46.953080,0 1.255430,46.954040,0 1.250550,46.954700,0 1.247560,46.955740,0 1.241530,46.957160,0 1.240590,46.957230,0 1.239410,46.954990,0 1.239320,46.954500,0 1.240060,46.952730,0 1.241510,46.950670,0 1.241590,46.950140,0 1.241400,46.949390,0 1.236130,46.944260,0 1.234290,46.942710,0 1.233330,46.942330,0 1.232920,46.941720,0 1.228560,46.941470,0 1.218170,46.944150,0 1.217520,46.944540,0 1.216900,46.945230,0 1.214800,46.949650,0 1.214890,46.950750,0 1.215880,46.953690,0 1.215920,46.955050,0 1.215540,46.956900,0 1.214780,46.958380,0 1.214080,46.959210,0 1.210210,46.961570,0 1.206630,46.963180,0 1.203620,46.965360,0 1.196500,46.969840,0 1.182810,46.975370,0 1.176880,46.980860,0 1.175950,46.982640,0 1.175439,46.983185,0 1.173330,46.984370,0 1.173260,46.985140,0 1.171824,46.988230,0</coordinates>
          </LineString>
          <LineString>
            <tessellate>1</tessellate>
            <coordinates>1.232538,46.941790,0 1.229870,46.941430,0 1.228560,46.941470,0 1.218690,46.943960,0 1.217520,46.944540,0 1.216900,46.945230,0 1.214800,46.949650,0 1.214890,46.950750,0 1.215880,46.953690,0 1.215920,46.955050,0 1.215540,46.956900,0 1.214780,46.958380,0 1.214080,46.959210,0 1.210210,46.961570,0 1.206630,46.963180,0 1.203620,46.965360,0 1.196500,46.969840,0 1.182810,46.975370,0 1.176880,46.980860,0 1.175950,46.982640,0 1.175439,46.983185,0 1.173330,46.984370,0 1.173170,46.985370,0 1.171910,46.987810,0 1.171780,46.988970,0 1.170960,46.989750,0 1.162360,46.994330,0 1.110230,47.017520,0 1.095930,47.032170,0 1.095650,47.033050,0 1.095350,47.044390,0 1.094920,47.045880,0 1.088850,47.054120,0 1.083670,47.059650,0 1.079760,47.066360,0 1.077780,47.069010,0 1.076680,47.069950,0 1.070730,47.072990,0 1.035903,47.082650,0 1.028380,47.084580,0 1.026190,47.085390,0 1.025410,47.085930,0 1.024590,47.086830,0 1.016220,47.097210,0 1.012040,47.100840,0 1.006680,47.109400,0 1.005630,47.110500,0 1.005570,47.110910,0 1.005320,47.111080,0 1.002020,47.111220,0 0.992480,47.108800,0 0.990040,47.108560,0 0.988320,47.108660,0 0.986620,47.109020,0 0.984480,47.109950,0 0.983250,47.110810,0 0.981580,47.112770,0 0.979200,47.116290,0 0.978760,47.117830,0 0.978010,47.122940,0 0.978430,47.124460,0 0.982350,47.131290,0 0.982900,47.131750,0 0.983390,47.131790,0 0.985480,47.129740,0 0.983730,47.128020,0 0.983220,47.127220,0 0.981843,47.127197,0 0.981370,47.127357,0 0.981197,47.127660,0 0.980730,47.127728,0 0.980000,47.126220,0 0.980460,47.125930,0 0.981490,47.125900,0 0.982300,47.125340,0 0.984000,47.125480,0 0.984430,47.124620,0 0.987670,47.125320,0 0.990800,47.126430,0 0.993260,47.125120,0 0.994710,47.127420,0 0.995380,47.128030,0 0.994320,47.128770,0 0.996770,47.130430,0 0.997410,47.129940,0 0.998090,47.130450,0 0.998400,47.130420,0 0.998970,47.129470,0 1.000209,47.130295,0</coordinates>
          </LineString>
          <LineString>
            <tessellate>1</tessellate>
            <coordinates>1.698029,46.809400,0 1.701470,46.810950,0 1.701200,46.811000,0 1.700510,46.810540,0 1.697430,46.809260,0 1.697180,46.809400,0 1.695950,46.808210,0 1.694980,46.807790,0 1.694600,46.807840,0 1.693760,46.807300,0 1.687880,46.810050,0 1.687760,46.810450,0 1.685030,46.811390,0 1.684840,46.811560,0 1.684590,46.816980,0 1.635720,46.827140,0 1.633610,46.827640,0 1.633210,46.828000,0 1.632380,46.827950,0 1.629430,46.828460,0 1.579090,46.839000,0 1.577530,46.839350,0 1.577210,46.839670,0 1.576740,46.839530,0 1.570440,46.840780,0 1.544790,46.846172,0 1.540770,46.846760,0 1.538710,46.847420,0 1.537390,46.847630,0 1.528420,46.850480,0 1.526730,46.851370,0 1.514920,46.860830,0 1.513730,46.861570,0 1.511830,46.861970,0 1.503460,46.861760,0 1.501090,46.862130,0 1.455710,46.879670,0 1.451410,46.881030,0 1.450720,46.881610,0 1.427000,46.890730,0 1.426010,46.890980,0 1.425500,46.890880,0 1.423390,46.890010,0 1.422020,46.889180,0 1.420810,46.888900,0 1.419420,46.888280,0 1.417430,46.887140,0 1.417797,46.886450,0 1.417820,46.886890,0 1.417430,46.887140,0 1.416590,46.886810,0 1.415830,46.886780,0 1.403270,46.890330,0 1.402060,46.890520,0 1.400530,46.891160,0 1.233280,46.941640,0 1.232360,46.941800,0 1.229870,46.941430,0 1.228560,46.941470,0 1.218170,46.944150,0 1.217520,46.944540,0 1.216900,46.945230,0 1.214800,46.949650,0 1.214890,46.950750,0 1.215880,46.953690,0 1.215920,46.955050,0 1.215540,46.956900,0 1.214780,46.958380,0 1.214080,46.959210,0 1.210210,46.961570,0 1.206630,46.963180,0 1.203620,46.965360,0 1.196500,46.969840,0 1.182810,46.975370,0 1.176880,46.980860,0 1.175950,46.982640,0 1.175439,46.983185,0 1.173330,46.984370,0 1.173170,46.985370,0 1.171910,46.987810,0 1.171780,46.988970,0 1.170960,46.989750,0 1.162360,46.994330,0 1.110230,47.017520,0 1.095930,47.032170,0 1.095650,47.033050,0 1.095350,47.044390,0 1.094920,47.045880,0 1.088850,47.054120,0 1.083670,47.059650,0 1.079760,47.066360,0 1.077780,47.069010,0 1.077010,47.069720,0 1.070730,47.072990,0 1.035903,47.082650,0 1.028380,47.084580,0 1.026190,47.085390,0 1.025410,47.085930,0 1.024590,47.086830,0 1.016220,47.097210,0 1.012040,47.100840,0 1.006680,47.109400,0 1.005630,47.110500,0 1.005570,47.110910,0 1.005320,47.111080,0 1.002020,47.111220,0 0.992340,47.108770,0 0.989370,47.108570,0 0.987310,47.108830,0 0.986150,47.109180,0 0.983390,47.110690,0 0.982060,47.112130,0 0.981010,47.115010,0 0.981160,47.115290,0 0.984530,47.117050,0 0.984870,47.117850,0 0.985080,47.119590,0 0.985840,47.120570,0 0.989720,47.122590,0 0.992750,47.124590,0 0.993664,47.125587,0 0.994710,47.127420,0 0.995380,47.128030,0 0.994320,47.128770,0 0.996770,47.130430,0 0.997410,47.129940,0 0.998090,47.130450,0 0.998400,47.130420,0 0.998970,47.129470,0 1.000209,47.130295,0</coordinates>
          </LineString>
          <LineString>
            <tessellate>1</tessellate>
            <coordinates>1.000209,47.130295,0 1.000258,47.130653,0 1.000031,47.130676,0 0.999990,47.130170,0 0.998920,47.129590,0 0.998120,47.131210,0 0.997990,47.132100,0 0.998470,47.132610,0 0.999240,47.134390,0 0.999440,47.136490,0 1.000460,47.140120,0 1.001050,47.140570,0 1.000750,47.141110,0 1.001280,47.142900,0 1.001290,47.144070,0 1.000980,47.145670,0 0.999010,47.151260,0 0.997340,47.154190,0 0.996470,47.155160,0 0.969740,47.177950,0 0.968060,47.178770,0 0.959290,47.181300,0 0.959420,47.181590,0 0.960260,47.181640,0 0.964620,47.183960,0 0.963250,47.184700,0 0.961130,47.186710,0 0.960570,47.188260,0 0.958380,47.190870,0 0.957440,47.193080,0 0.956160,47.194320,0 0.954320,47.196730,0 0.953400,47.198440,0 0.951710,47.200520,0 0.949160,47.205390,0 0.947520,47.207800,0 0.946230,47.209020,0 0.945720,47.209920,0 0.943850,47.211170,0 0.943270,47.212540,0 0.938110,47.216970,0 0.931250,47.221870,0 0.927730,47.223560,0 0.921950,47.225370,0 0.916810,47.226380,0 0.914980,47.227180,0 0.913330,47.225410,0 0.910210,47.222780,0 0.902999,47.217120,0 0.898220,47.213030,0 0.897980,47.212860,0 0.897640,47.212980,0 0.872540,47.232900,0 0.867810,47.236720,0 0.867380,47.237330,0 0.866870,47.237480,0 0.842650,47.256930,0 0.842340,47.257560,0 0.841860,47.257650,0 0.841300,47.257330,0 0.839992,47.257160,0 0.841608,47.257336,0 0.842343,47.257217,0 0.842442,47.257477,0 0.841466,47.257930,0 0.836340,47.262010,0 0.836020,47.262980,0 0.835420,47.262680,0 0.834391,47.262590,0 0.835420,47.262680,0 0.836030,47.262980,0 0.835290,47.267250,0 0.835580,47.268240,0 0.832820,47.273740,0 0.832230,47.274340,0 0.831100,47.275000,0 0.830770,47.275460,0 0.823880,47.280580,0 0.812820,47.278730,0 0.810290,47.278860,0 0.804140,47.280080,0 0.800060,47.281370,0 0.799330,47.281230,0 0.797920,47.280050,0 0.797260,47.279950,0 0.788710,47.282330,0 0.787880,47.282950,0 0.786300,47.283500,0 0.785990,47.283820,0 0.782013,47.284515,0 0.771300,47.286900,0 0.766800,47.287670,0 0.761820,47.288210,0 0.752610,47.290950,0 0.751670,47.291020,0 0.746170,47.293180,0 0.743840,47.293660,0 0.741000,47.293630,0 0.739040,47.293270,0 0.737850,47.292820,0 0.734430,47.290970,0 0.734050,47.291270,0 0.732780,47.290660,0 0.732660,47.290760,0 0.732800,47.290890,0 0.734470,47.291830,0 0.734510,47.292230,0 0.733380,47.292170,0 0.728530,47.294720,0 0.726260,47.293860,0 0.722160,47.292740,0 0.721240,47.292690,0 0.718690,47.291270,0 0.718620,47.290490,0 0.718260,47.289960,0 0.718480,47.289830,0 0.720940,47.291430,0 0.721061,47.291680,0 0.720150,47.291950,0 0.718240,47.293050,0 0.712600,47.311710,0 0.712740,47.311920,0 0.712490,47.312070,0 0.710980,47.316670,0 0.709800,47.320750,0 0.709910,47.321120,0 0.709580,47.321440,0 0.709400,47.322010,0 0.709550,47.322350,0 0.709230,47.322660,0 0.708420,47.325160,0 0.708540,47.325330,0 0.708240,47.325650,0 0.707300,47.328710,0 0.707180,47.329320,0 0.707380,47.329700,0 0.706720,47.330560,0 0.705620,47.334110,0 0.705710,47.334260,0 0.705230,47.335310,0 0.702110,47.345310,0 0.702290,47.346290,0 0.702820,47.347510,0 0.711400,47.360820,0 0.713240,47.363890,0 0.714460,47.366350,0 0.715260,47.368670,0 0.715640,47.371160,0 0.715540,47.373410,0 0.715090,47.375430,0 0.713650,47.378660,0 0.706360,47.391220,0 0.706060,47.393130,0 0.706320,47.394140,0 0.706880,47.395090,0 0.706410,47.395750,0 0.705540,47.395560,0 0.702260,47.393350,0 0.699110,47.391790,0 0.693590,47.391030,0 0.693560,47.390730,0 0.694040,47.390290,0 0.693230,47.389880,0 0.692656,47.390420,0</coordinates>
          </LineString>
          <LineString>
            <tessellate>1</tessellate>
            <coordinates>1.698029,46.809400,0 1.701470,46.810950,0 1.701200,46.811000,0 1.700510,46.810540,0 1.697430,46.809260,0 1.697180,46.809400,0 1.695950,46.808210,0 1.694980,46.807790,0 1.694600,46.807840,0 1.693760,46.807300,0 1.687880,46.810050,0 1.687760,46.810450,0 1.685030,46.811390,0 1.684840,46.811560,0 1.684590,46.816980,0 1.635720,46.827140,0 1.633610,46.827640,0 1.633210,46.828000,0 1.632380,46.827950,0 1.629430,46.828460,0 1.579090,46.839000,0 1.577530,46.839350,0 1.577210,46.839670,0 1.576740,46.839530,0 1.566360,46.841660,0 1.566400,46.840830,0 1.566000,46.838790,0 1.565970,46.838050,0 1.566140,46.837800,0 1.565600,46.835740,0 1.565580,46.834960,0 1.564850,46.834110,0 1.563800,46.834290,0 1.563570,46.834160,0 1.563530,46.832570,0 1.563930,46.831010,0 1.564020,46.829080,0 1.563600,46.828800,0 1.560280,46.828440,0 1.557700,46.827630,0 1.554330,46.827750,0 1.549800,46.827060,0 1.545210,46.827420,0 1.539900,46.829000,0 1.536290,46.830650,0 1.531920,46.833420,0 1.524950,46.835920,0 1.529810,46.840470,0 1.531190,46.840990,0 1.532810,46.841310,0 1.538460,46.844570,0 1.540100,46.843430,0 1.540460,46.843420,0 1.543330,46.844680,0 1.544450,46.846200,0 1.544790,46.846172,0 1.540770,46.846760,0 1.538710,46.847420,0 1.537390,46.847630,0 1.528750,46.850360,0 1.526960,46.851230,0 1.516049,46.859962,0 1.516097,46.860350,0 1.515597,46.860256,0 1.517271,46.858906,0 1.517870,46.858974,0 1.518191,46.860783,0 1.518543,46.861168,0 1.518423,46.861350,0 1.513720,46.862060,0 1.504030,46.861770,0 1.501560,46.862020,0 1.455710,46.879670,0 1.451410,46.881030,0 1.450860,46.881550,0 1.433800,46.888150,0 1.434560,46.888830,0 1.434606,46.889175,0 1.432838,46.890800,0 1.431473,46.890297,0 1.428970,46.889960,0 1.426440,46.890900,0 1.425500,46.890880,0 1.423590,46.890110,0 1.422020,46.889180,0 1.420810,46.888900,0 1.419420,46.888280,0 1.417430,46.887140,0 1.417798,46.886450,0 1.417820,46.886890,0 1.417430,46.887140,0 1.416590,46.886810,0 1.415830,46.886780,0 1.403270,46.890330,0 1.402060,46.890520,0 1.400530,46.891160,0 1.345700,46.907710,0 1.344940,46.908580,0 1.343420,46.909790,0 1.343750,46.910660,0 1.343670,46.911730,0 1.343220,46.913250,0 1.343140,46.914540,0 1.342080,46.918020,0 1.341190,46.919710,0 1.339890,46.920950,0 1.339260,46.922790,0 1.338410,46.924280,0 1.338030,46.926330,0 1.338000,46.929970,0 1.335640,46.929750,0 1.335110,46.929450,0 1.327728,46.929005,0 1.327570,46.929420,0 1.327650,46.930560,0 1.325490,46.930650,0 1.322590,46.930170,0 1.320700,46.930100,0 1.316570,46.930580,0 1.316360,46.930740,0 1.316520,46.930810,0 1.316160,46.933390,0 1.316370,46.935450,0 1.316240,46.937330,0 1.314950,46.938220,0 1.313190,46.938480,0 1.312680,46.938900,0 1.313000,46.939820,0 1.312660,46.942630,0 1.313790,46.943520,0 1.315136,46.943890,0 1.315025,46.944023,0 1.313480,46.943460,0 1.311980,46.943420,0 1.308530,46.943850,0 1.302260,46.944270,0 1.300570,46.943560,0 1.296150,46.943150,0 1.294000,46.943290,0 1.291960,46.943130,0 1.287360,46.943580,0 1.284770,46.943460,0 1.282730,46.943630,0 1.281030,46.944050,0 1.278940,46.945180,0 1.276370,46.946170,0 1.271980,46.946820,0 1.269390,46.947830,0 1.267230,46.948350,0 1.265280,46.949560,0 1.262100,46.951980,0 1.261170,46.952440,0 1.258110,46.953080,0 1.255430,46.954040,0 1.250550,46.954700,0 1.247560,46.955740,0 1.241530,46.957160,0 1.240590,46.957230,0 1.239410,46.954990,0 1.239320,46.954500,0 1.240060,46.952730,0 1.241510,46.950670,0 1.241590,46.950140,0 1.241400,46.949390,0 1.236130,46.944260,0 1.234290,46.942710,0 1.233330,46.942330,0 1.232920,46.941720,0 1.228560,46.941470,0 1.218170,46.944150,0 1.217520,46.944540,0 1.216900,46.945230,0 1.214800,46.949650,0 1.214890,46.950750,0 1.215880,46.953690,0 1.215920,46.955050,0 1.215540,46.956900,0 1.214780,46.958380,0 1.214080,46.959210,0 1.210210,46.961570,0 1.206630,46.963180,0 1.203620,46.965360,0 1.196500,46.969840,0 1.182810,46.975370,0 1.176880,46.980860,0 1.175950,46.982640,0 1.175439,46.983185,0 1.173330,46.984370,0 1.173170,46.985370,0 1.171910,46.987810,0 1.171780,46.988970,0 1.170960,46.989750,0 1.162360,46.994330,0 1.110230,47.017520,0 1.095930,47.032170,0 1.095650,47.033050,0 1.095350,47.044390,0 1.094920,47.045880,0 1.088850,47.054120,0 1.083670,47.059650,0 1.079760,47.066360,0 1.077780,47.069010,0 1.077010,47.069720,0 1.070730,47.072990,0 1.035903,47.082650,0 1.028380,47.084580,0 1.026190,47.085390,0 1.025410,47.085930,0 1.024590,47.086830,0 1.016220,47.097210,0 1.012040,47.100840,0 1.006680,47.109400,0 1.005630,47.110500,0 1.005570,47.110910,0 1.005320,47.111080,0 1.002020,47.111220,0 0.992340,47.108770,0 0.989370,47.108570,0 0.987310,47.108830,0 0.986150,47.109180,0 0.983390,47.110690,0 0.982060,47.112130,0 0.981010,47.115010,0 0.981160,47.115290,0 0.984530,47.117050,0 0.984870,47.117850,0 0.985080,47.119590,0 0.985840,47.120570,0 0.989720,47.122590,0 0.992750,47.124590,0 0.993664,47.125587,0 0.994710,47.127420,0 0.995380,47.128030,0 0.994320,47.128770,0 0.996770,47.130430,0 0.997410,47.129940,0 0.998090,47.130450,0 0.998400,47.130420,0 0.998970,47.129470,0 1.000209,47.130295,0</coordinates>
          </LineString>
          <LineString>
            <tessellate>1</tessellate>
            <coordinates>0.700203,47.360283,0 0.699190,47.360040,0 0.698450,47.359570,0 0.697460,47.359760,0 0.700820,47.349030,0 0.745100,47.332850,0 0.746040,47.332240,0 0.746450,47.332280,0 0.747570,47.331930,0 0.761620,47.326660,0 0.763720,47.325510,0 0.765300,47.324170,0 0.765580,47.324200,0 0.766530,47.325050,0 0.766950,47.325140,0 0.766940,47.325320,0 0.765850,47.324610,0 0.765220,47.324480,0 0.765160,47.324260,0 0.765520,47.324180,0 0.788870,47.306820,0 0.789360,47.306280,0 0.789730,47.306180,0 0.792030,47.304450,0 0.792850,47.303560,0 0.798510,47.299300,0 0.798860,47.298510,0 0.799990,47.298330,0 0.800680,47.297970,0 0.805540,47.294360,0 0.805760,47.293980,0 0.806500,47.293640,0 0.829240,47.276530,0 0.830450,47.275590,0 0.830493,47.275253,0 0.830820,47.275000,0 0.832320,47.274180,0 0.832740,47.273710,0 0.835500,47.268170,0 0.835290,47.267250,0 0.836030,47.262980,0 0.835420,47.262680,0 0.834377,47.262590,0 0.835420,47.262680,0 0.836020,47.262980,0 0.836340,47.262010,0 0.841640,47.257600,0 0.841640,47.257410,0 0.839988,47.257164,0 0.841540,47.257340,0 0.842720,47.256880,0 0.865860,47.238320,0 0.866870,47.237480,0 0.867040,47.237140,0 0.867340,47.237120,0 0.867550,47.237710,0 0.869400,47.239540,0 0.869770,47.240160,0 0.870210,47.240300,0 0.871270,47.240190,0 0.872220,47.241200,0 0.873180,47.241550,0 0.877590,47.246270,0 0.879310,47.246330,0 0.880200,47.247040,0 0.880120,47.247260,0 0.876000,47.247930,0 0.876040,47.249400,0 0.876130,47.249690,0 0.876539,47.249800,0 0.876128,47.249847,0 0.875950,47.248070,0 0.884810,47.247380,0 0.886040,47.247010,0 0.886630,47.246590,0 0.887290,47.245530,0 0.887350,47.241410,0 0.887810,47.240130,0 0.888630,47.239060,0 0.891710,47.236340,0 0.892400,47.234980,0 0.894970,47.233490,0 0.902360,47.230620,0 0.905460,47.229800,0 0.907870,47.228450,0 0.912680,47.227830,0 0.915430,47.227080,0 0.916810,47.226380,0 0.920782,47.225704,0 0.922790,47.225130,0 0.928440,47.223190,0 0.931250,47.221870,0 0.937290,47.217630,0 0.938920,47.216260,0 0.938820,47.215940,0 0.939540,47.215520,0 0.940120,47.214880,0 0.940550,47.214920,0 0.943110,47.212700,0 0.943590,47.212050,0 0.943850,47.211170,0 0.945480,47.210170,0 0.946230,47.209020,0 0.947520,47.207800,0 0.949740,47.204410,0 0.951710,47.200520,0 0.953400,47.198440,0 0.954320,47.196730,0 0.955970,47.194560,0 0.957440,47.193080,0 0.958380,47.190870,0 0.960570,47.188260,0 0.961130,47.186710,0 0.963250,47.184700,0 0.964620,47.183960,0 0.960260,47.181640,0 0.959200,47.181540,0 0.958950,47.181340,0 0.967840,47.178840,0 0.969740,47.177950,0 0.997150,47.154440,0 0.999010,47.151260,0 1.000980,47.145670,0 1.001290,47.144070,0 1.001230,47.142640,0 1.000750,47.141110,0 1.000260,47.140640,0 1.000460,47.140120,0 0.999440,47.136490,0 0.999240,47.134390,0 0.998470,47.132610,0 0.997990,47.132100,0 0.998120,47.131210,0 0.998940,47.129480,0 1.000209,47.130295,0</coordinates>
          </LineString>
          <LineString>
            <tessellate>1</tessellate>
            <coordinates>1.000209,47.130295,0 1.000258,47.130653,0 1.000031,47.130676,0 0.999990,47.130170,0 0.998920,47.129590,0 0.998120,47.131210,0 0.997990,47.132100,0 0.998470,47.132610,0 0.999240,47.134390,0 0.999440,47.136490,0 1.000460,47.140120,0 1.001050,47.140570,0 1.000750,47.141110,0 1.001280,47.142900,0 1.001290,47.144070,0 1.000980,47.145670,0 0.999010,47.151260,0 0.997340,47.154190,0 0.996470,47.155160,0 0.969740,47.177950,0 0.968060,47.178770,0 0.959290,47.181300,0 0.959420,47.181590,0 0.960260,47.181640,0 0.964620,47.183960,0 0.963250,47.184700,0 0.961130,47.186710,0 0.960570,47.188260,0 0.958380,47.190870,0 0.957440,47.193080,0 0.955970,47.194560,0 0.954320,47.196730,0 0.953400,47.198440,0 0.951710,47.200520,0 0.949740,47.204410,0 0.947520,47.207800,0 0.946230,47.209020,0 0.945480,47.210170,0 0.943850,47.211170,0 0.943270,47.212540,0 0.940290,47.215150,0 0.935060,47.219240,0 0.931250,47.221870,0 0.929670,47.222700,0 0.927730,47.223560,0 0.922790,47.225130,0 0.918700,47.226120,0 0.916810,47.226380,0 0.914980,47.227180,0 0.913330,47.225410,0 0.910210,47.222780,0 0.902999,47.217120,0 0.898220,47.213030,0 0.897980,47.212860,0 0.897640,47.212980,0 0.872540,47.232900,0 0.867810,47.236720,0 0.867380,47.237330,0 0.866870,47.237480,0 0.842650,47.256930,0 0.842340,47.257560,0 0.841860,47.257650,0 0.841300,47.257330,0 0.839992,47.257160,0 0.841608,47.257336,0 0.842343,47.257217,0 0.842442,47.257477,0 0.841466,47.257930,0 0.836340,47.262010,0 0.836020,47.262980,0 0.835420,47.262680,0 0.834391,47.262590,0 0.835420,47.262680,0 0.836030,47.262980,0 0.835290,47.267250,0 0.835580,47.268240,0 0.832820,47.273740,0 0.832230,47.274340,0 0.831100,47.275000,0 0.830770,47.275460,0 0.806330,47.293760,0 0.806160,47.294220,0 0.805540,47.294360,0 0.804620,47.295020,0 0.800270,47.298320,0 0.800090,47.298700,0 0.799480,47.298870,0 0.790040,47.306110,0 0.789750,47.306500,0 0.789180,47.306730,0 0.780850,47.312810,0 0.768230,47.322280,0 0.765860,47.324100,0 0.765620,47.324460,0 0.765160,47.324600,0 0.762980,47.326100,0 0.761100,47.326960,0 0.747680,47.331930,0 0.746360,47.332710,0 0.745670,47.332750,0 0.744170,47.333260,0 0.738710,47.335280,0 0.738350,47.335600,0 0.738070,47.335530,0 0.736740,47.335960,0 0.714640,47.344120,0 0.714930,47.345260,0 0.715870,47.345980,0 0.716030,47.346710,0 0.713680,47.347220,0 0.712710,47.347920,0 0.712457,47.347910,0 0.711377,47.346573,0 0.709073,47.346110,0 0.703610,47.348230,0 0.705130,47.350930,0 0.711400,47.360820,0 0.714460,47.366350,0 0.715460,47.369630,0 0.715640,47.371160,0 0.715420,47.374170,0 0.714510,47.376970,0 0.713610,47.378730,0 0.706360,47.391220,0 0.706060,47.393130,0 0.706320,47.394140,0 0.706870,47.395040,0 0.706730,47.395470,0 0.706300,47.395780,0 0.705660,47.395620,0 0.702260,47.393350,0 0.699110,47.391790,0 0.693590,47.391030,0 0.693560,47.390730,0 0.694040,47.390290,0 0.693230,47.389880,0 0.692656,47.390420,0</coordinates>
          </LineString>
        </MultiGeometry>
      </Placemark>
      <Placemark>
        <name>A — Château-Renault - Tours — Ligne forte</name>
        <description>Groupe horaire : Ligne forte
Ligne régionale Rémi A. Tracé issu des shapes GTFS officiels fournis.</description>
        <styleUrl>#route_REMI37_Line_29</styleUrl>
        <MultiGeometry>
          <LineString>
            <tessellate>1</tessellate>
            <coordinates>0.922432,47.603070,0 0.920534,47.599323,0 0.919452,47.597786,0 0.915020,47.599636,0 0.914792,47.599380,0 0.915151,47.599125,0 0.915203,47.598843,0 0.912961,47.595596,0 0.913576,47.594467,0 0.914762,47.592987,0 0.916503,47.592780,0 0.916943,47.592506,0 0.916930,47.592136,0 0.916546,47.591890,0 0.914880,47.591965,0 0.915242,47.591606,0 0.915840,47.591430,0 0.917241,47.591488,0 0.918829,47.591087,0 0.920149,47.591125,0 0.920986,47.590813,0 0.922106,47.589990,0 0.918997,47.589210,0 0.916476,47.588234,0 0.914501,47.588062,0 0.909232,47.586884,0 0.908690,47.588158,0 0.909461,47.588856,0 0.909427,47.589195,0 0.907299,47.587820,0 0.904137,47.586820,0 0.901933,47.587574,0 0.901239,47.586834,0 0.900176,47.586105,0 0.898748,47.584457,0 0.897929,47.582787,0 0.897761,47.581460,0 0.897907,47.580334,0 0.897495,47.579308,0 0.896975,47.575330,0 0.896252,47.572056,0 0.895625,47.570244,0 0.895424,47.568400,0 0.893766,47.566853,0 0.893523,47.565125,0 0.893055,47.564230,0 0.890277,47.561855,0 0.889190,47.559870,0 0.886983,47.556885,0 0.886718,47.556103,0 0.886637,47.554893,0 0.887114,47.553303,0 0.886559,47.551006,0 0.886660,47.549820,0 0.887331,47.548676,0 0.889472,47.546470,0 0.889642,47.545990,0 0.889461,47.545525,0 0.889689,47.544710,0 0.892049,47.544823,0 0.896712,47.544630,0 0.902855,47.542133,0 0.903810,47.541912,0 0.908285,47.542770,0 0.914900,47.542095,0 0.919846,47.542557,0 0.919906,47.541294,0 0.919576,47.539783,0 0.918563,47.536713,0 0.917302,47.534615,0 0.916327,47.530964,0 0.917020,47.528114,0 0.917538,47.527462,0 0.920404,47.525368,0 0.920624,47.524880,0 0.920439,47.524178,0 0.919231,47.522995,0 0.914655,47.520570,0 0.913281,47.519440,0 0.912378,47.517906,0 0.911980,47.515583,0 0.910996,47.514180,0 0.909939,47.511703,0 0.908597,47.510470,0 0.903722,47.508087,0 0.902919,47.507423,0 0.902373,47.506660,0 0.900746,47.503315,0 0.898485,47.500572,0 0.897913,47.499146,0 0.895250,47.496136,0 0.892964,47.491898,0 0.891397,47.490120,0 0.888962,47.488540,0 0.888259,47.487556,0 0.887017,47.486423,0 0.885673,47.484234,0 0.885181,47.482903,0 0.884044,47.481663,0 0.883742,47.480460,0 0.882267,47.478410,0 0.881605,47.477005,0 0.880968,47.474865,0 0.880638,47.472935,0 0.880093,47.472027,0 0.880350,47.470510,0 0.880243,47.469520,0 0.879341,47.466990,0 0.879443,47.465400,0 0.878698,47.461040,0 0.877449,47.457054,0 0.875609,47.455933,0 0.874694,47.454876,0 0.874682,47.454212,0 0.873467,47.451880,0 0.872787,47.451145,0 0.871203,47.450010,0 0.869446,47.449352,0 0.866147,47.447720,0 0.865562,47.447136,0 0.864208,47.444096,0 0.862130,47.442850,0 0.854947,47.436850,0 0.854325,47.436050,0 0.853195,47.433100,0 0.852624,47.432220,0 0.843680,47.423466,0 0.842188,47.420387,0 0.841978,47.419230,0 0.842103,47.417564,0 0.843338,47.414494,0 0.843372,47.413994,0 0.843170,47.413692,0 0.839183,47.412346,0 0.834904,47.411380,0 0.826956,47.412094,0 0.822490,47.411840,0 0.815107,47.412090,0 0.810620,47.411720,0 0.807482,47.411990,0 0.805256,47.411730,0 0.801723,47.411750,0 0.801655,47.410824,0 0.798936,47.410908,0 0.798848,47.410053,0 0.801431,47.409960,0 0.801813,47.410090,0 0.801831,47.410282,0</coordinates>
          </LineString>
          <LineString>
            <tessellate>1</tessellate>
            <coordinates>0.692325,47.390470,0 0.692025,47.390540,0 0.699245,47.391525,0 0.701245,47.392520,0 0.700065,47.393997,0 0.699460,47.397644,0 0.701971,47.402660,0 0.702777,47.403110,0 0.711255,47.402630,0 0.714817,47.401710,0 0.716562,47.401695,0 0.720854,47.402400,0 0.724023,47.403620,0 0.725819,47.403620,0 0.727805,47.404152,0 0.732397,47.404880,0 0.740079,47.406460,0 0.744620,47.406845,0 0.751293,47.407913,0 0.771441,47.410133,0 0.781272,47.410390,0 0.797268,47.409920,0 0.797604,47.411007,0 0.801606,47.410805,0 0.801723,47.411750,0 0.805256,47.411730,0 0.807482,47.411990,0 0.810620,47.411720,0 0.815343,47.412094,0 0.821915,47.411873,0 0.823104,47.411670,0 0.823792,47.411987,0 0.826956,47.412094,0 0.830354,47.411903,0 0.834759,47.411373,0 0.839183,47.412346,0 0.841956,47.413258,0 0.843360,47.413513,0 0.843266,47.414803,0 0.842200,47.417270,0 0.841951,47.418633,0 0.842188,47.420387,0 0.843680,47.423466,0 0.852624,47.432220,0 0.853195,47.433100,0 0.854325,47.436050,0 0.854947,47.436850,0 0.862130,47.442850,0 0.864208,47.444096,0 0.865562,47.447136,0 0.866147,47.447720,0 0.869446,47.449352,0 0.871203,47.450010,0 0.872787,47.451145,0 0.873467,47.451880,0 0.874682,47.454212,0 0.874694,47.454876,0 0.875609,47.455933,0 0.877449,47.457054,0 0.878698,47.461040,0 0.879443,47.465400,0 0.879341,47.466990,0 0.880243,47.469520,0 0.880350,47.470510,0 0.880093,47.472027,0 0.880638,47.472935,0 0.880968,47.474865,0 0.881605,47.477005,0 0.882267,47.478410,0 0.883742,47.480460,0 0.884044,47.481663,0 0.885181,47.482903,0 0.885673,47.484234,0 0.887017,47.486423,0 0.888259,47.487556,0 0.888962,47.488540,0 0.891397,47.490120,0 0.892964,47.491898,0 0.895250,47.496136,0 0.897913,47.499146,0 0.898485,47.500572,0 0.900746,47.503315,0 0.902373,47.506660,0 0.902919,47.507423,0 0.903722,47.508087,0 0.908597,47.510470,0 0.909939,47.511703,0 0.910996,47.514180,0 0.911980,47.515583,0 0.912378,47.517906,0 0.913281,47.519440,0 0.914655,47.520570,0 0.919231,47.522995,0 0.920543,47.524364,0 0.920611,47.524956,0 0.920309,47.525470,0 0.917682,47.527348,0 0.917129,47.527940,0 0.916327,47.530964,0 0.917302,47.534615,0 0.918563,47.536713,0 0.919576,47.539783,0 0.919906,47.541294,0 0.919846,47.542557,0 0.914900,47.542095,0 0.908285,47.542770,0 0.903810,47.541912,0 0.902855,47.542133,0 0.896712,47.544630,0 0.892049,47.544823,0 0.889689,47.544710,0 0.889461,47.545525,0 0.889642,47.545990,0 0.889472,47.546470,0 0.887238,47.548794,0 0.886746,47.549583,0 0.886545,47.550510,0 0.887110,47.553192,0 0.886642,47.554756,0 0.886844,47.556610,0 0.889441,47.560253,0 0.890277,47.561855,0 0.893055,47.564230,0 0.893523,47.565125,0 0.893766,47.566853,0 0.895398,47.568340,0 0.895625,47.570244,0 0.896252,47.572056,0 0.896975,47.575330,0 0.897495,47.579308,0 0.897907,47.580334,0 0.897761,47.581460,0 0.897969,47.582940,0 0.898629,47.584293,0 0.900344,47.586258,0 0.901239,47.586834,0 0.901933,47.587574,0 0.903843,47.586700,0 0.903847,47.586414,0 0.903370,47.585655,0 0.905235,47.585358,0 0.905877,47.585888,0 0.907238,47.586147,0 0.909232,47.586884,0 0.914501,47.588062,0 0.916476,47.588234,0 0.918997,47.589210,0 0.922184,47.590010,0 0.926216,47.589690,0 0.931007,47.589860,0 0.931032,47.591484,0 0.930515,47.592716,0 0.927625,47.596085,0 0.926796,47.598976,0 0.926096,47.600266,0 0.922851,47.603840,0 0.920534,47.599323,0 0.919452,47.597786,0 0.915596,47.599335,0 0.915301,47.599613,0 0.914815,47.599506,0 0.915220,47.598877,0 0.912961,47.595596,0 0.913686,47.594320,0 0.914762,47.592987,0 0.915037,47.592907,0</coordinates>
          </LineString>
          <LineString>
            <tessellate>1</tessellate>
            <coordinates>0.800469,47.410810,0 0.801655,47.410824,0 0.801723,47.411750,0 0.805256,47.411730,0 0.807482,47.411990,0 0.810620,47.411720,0 0.815343,47.412094,0 0.821915,47.411873,0 0.823104,47.411670,0 0.823792,47.411987,0 0.826956,47.412094,0 0.834904,47.411380,0 0.843360,47.413513,0 0.843266,47.414803,0 0.842200,47.417270,0 0.841951,47.418633,0 0.842188,47.420387,0 0.843528,47.423250,0 0.852624,47.432220,0 0.853195,47.433100,0 0.854325,47.436050,0 0.854947,47.436850,0 0.862130,47.442850,0 0.864208,47.444096,0 0.865562,47.447136,0 0.866147,47.447720,0 0.869446,47.449352,0 0.871203,47.450010,0 0.872787,47.451145,0 0.873467,47.451880,0 0.874682,47.454212,0 0.874694,47.454876,0 0.875609,47.455933,0 0.877449,47.457054,0 0.878698,47.461040,0 0.879443,47.465400,0 0.879341,47.466990,0 0.880243,47.469520,0 0.880350,47.470510,0 0.880093,47.472027,0 0.880638,47.472935,0 0.881069,47.475277,0 0.881773,47.477467,0 0.883742,47.480460,0 0.884044,47.481663,0 0.885181,47.482903,0 0.885673,47.484234,0 0.887058,47.486473,0 0.888259,47.487556,0 0.888962,47.488540,0 0.891397,47.490120,0 0.892964,47.491898,0 0.895250,47.496136,0 0.897913,47.499146,0 0.898485,47.500572,0 0.900746,47.503315,0 0.902373,47.506660,0 0.902919,47.507423,0 0.903722,47.508087,0 0.908597,47.510470,0 0.909807,47.511540,0 0.910398,47.512615,0</coordinates>
          </LineString>
          <LineString>
            <tessellate>1</tessellate>
            <coordinates>0.800469,47.410810,0 0.801655,47.410824,0 0.801723,47.411750,0 0.805256,47.411730,0 0.807482,47.411990,0 0.810620,47.411720,0 0.815343,47.412094,0 0.821915,47.411873,0 0.823104,47.411670,0 0.823792,47.411987,0 0.826956,47.412094,0 0.834904,47.411380,0 0.843360,47.413513,0 0.843266,47.414803,0 0.842200,47.417270,0 0.841951,47.418633,0 0.842188,47.420387,0 0.843680,47.423466,0 0.852624,47.432220,0 0.853195,47.433100,0 0.854325,47.436050,0 0.854947,47.436850,0 0.862130,47.442850,0 0.864208,47.444096,0 0.865562,47.447136,0 0.866147,47.447720,0 0.869446,47.449352,0 0.871203,47.450010,0 0.872787,47.451145,0 0.873467,47.451880,0 0.874682,47.454212,0 0.874694,47.454876,0 0.875609,47.455933,0 0.877449,47.457054,0 0.878698,47.461040,0 0.879443,47.465400,0 0.879341,47.466990,0 0.880243,47.469520,0 0.880350,47.470510,0 0.880093,47.472027,0 0.880638,47.472935,0 0.880968,47.474865,0 0.881605,47.477005,0 0.882267,47.478410,0 0.883742,47.480460,0 0.884044,47.481663,0 0.885181,47.482903,0 0.885673,47.484234,0 0.887017,47.486423,0 0.888259,47.487556,0 0.888962,47.488540,0 0.891397,47.490120,0 0.892964,47.491898,0 0.895250,47.496136,0 0.897913,47.499146,0 0.898485,47.500572,0 0.900746,47.503315,0 0.902373,47.506660,0 0.902919,47.507423,0 0.903722,47.508087,0 0.908597,47.510470,0 0.909939,47.511703,0 0.910996,47.514180,0 0.911980,47.515583,0 0.912378,47.517906,0 0.913281,47.519440,0 0.914655,47.520570,0 0.919231,47.522995,0 0.920439,47.524178,0 0.920624,47.524880,0 0.920404,47.525368,0 0.917538,47.527462,0 0.917020,47.528114,0 0.916327,47.530964,0 0.917302,47.534615,0 0.918563,47.536713,0 0.919576,47.539783,0 0.919906,47.541294,0 0.919846,47.542557,0 0.914900,47.542095,0 0.908285,47.542770,0 0.903810,47.541912,0 0.902855,47.542133,0 0.896712,47.544630,0 0.892049,47.544823,0 0.889689,47.544710,0 0.889461,47.545525,0 0.889642,47.545990,0 0.889472,47.546470,0 0.887238,47.548794,0 0.886746,47.549583,0 0.886545,47.550510,0 0.887110,47.553192,0 0.886642,47.554756,0 0.886844,47.556610,0 0.889441,47.560253,0 0.890277,47.561855,0 0.893055,47.564230,0 0.893523,47.565125,0 0.893766,47.566853,0 0.895398,47.568340,0 0.895625,47.570244,0 0.896252,47.572056,0 0.896975,47.575330,0 0.897495,47.579308,0 0.897907,47.580334,0 0.897761,47.581460,0 0.897969,47.582940,0 0.898629,47.584293,0 0.900344,47.586258,0 0.901239,47.586834,0 0.901933,47.587574,0 0.903843,47.586700,0 0.903847,47.586414,0 0.903370,47.585655,0 0.905235,47.585358,0 0.905877,47.585888,0 0.907238,47.586147,0 0.909232,47.586884,0 0.914501,47.588062,0 0.916476,47.588234,0 0.918997,47.589210,0 0.922184,47.590010,0 0.926216,47.589690,0 0.931007,47.589860,0 0.931032,47.591484,0 0.930515,47.592716,0 0.927625,47.596085,0 0.926796,47.598976,0 0.926096,47.600266,0 0.922851,47.603840,0 0.920534,47.599323,0 0.919452,47.597786,0 0.915596,47.599335,0 0.915301,47.599613,0 0.914815,47.599506,0 0.915220,47.598877,0 0.912961,47.595596,0 0.913686,47.594320,0 0.914762,47.592987,0 0.915037,47.592907,0</coordinates>
          </LineString>
          <LineString>
            <tessellate>1</tessellate>
            <coordinates>0.922432,47.603070,0 0.920534,47.599323,0 0.919452,47.597786,0 0.915020,47.599636,0 0.914792,47.599380,0 0.915151,47.599125,0 0.915203,47.598843,0 0.912961,47.595596,0 0.913576,47.594467,0 0.914762,47.592987,0 0.916503,47.592780,0 0.916943,47.592506,0 0.916930,47.592136,0 0.916546,47.591890,0 0.914880,47.591965,0 0.915242,47.591606,0 0.915840,47.591430,0 0.917241,47.591488,0 0.918829,47.591087,0 0.920149,47.591125,0 0.920986,47.590813,0 0.922106,47.589990,0 0.918997,47.589210,0 0.916476,47.588234,0 0.914501,47.588062,0 0.909232,47.586884,0 0.908690,47.588158,0 0.909461,47.588856,0 0.909427,47.589195,0 0.907299,47.587820,0 0.904137,47.586820,0 0.901933,47.587574,0 0.901239,47.586834,0 0.900176,47.586105,0 0.898748,47.584457,0 0.897929,47.582787,0 0.897761,47.581460,0 0.897907,47.580334,0 0.897495,47.579308,0 0.896975,47.575330,0 0.896252,47.572056,0 0.895625,47.570244,0 0.895424,47.568400,0 0.893766,47.566853,0 0.893523,47.565125,0 0.893055,47.564230,0 0.890277,47.561855,0 0.889190,47.559870,0 0.886983,47.556885,0 0.886718,47.556103,0 0.886637,47.554893,0 0.887114,47.553303,0 0.886559,47.551006,0 0.886660,47.549820,0 0.887331,47.548676,0 0.889472,47.546470,0 0.889642,47.545990,0 0.889461,47.545525,0 0.889689,47.544710,0 0.892049,47.544823,0 0.896712,47.544630,0 0.902855,47.542133,0 0.903810,47.541912,0 0.908285,47.542770,0 0.914900,47.542095,0 0.919846,47.542557,0 0.919906,47.541294,0 0.919576,47.539783,0 0.918563,47.536713,0 0.917302,47.534615,0 0.916327,47.530964,0 0.917129,47.527940,0 0.917682,47.527348,0 0.920309,47.525470,0 0.920611,47.524956,0 0.920543,47.524364,0 0.919231,47.522995,0 0.914655,47.520570,0 0.913281,47.519440,0 0.912378,47.517906,0 0.911980,47.515583,0 0.910996,47.514180,0 0.909939,47.511703,0 0.908597,47.510470,0 0.903722,47.508087,0 0.902919,47.507423,0 0.902373,47.506660,0 0.900746,47.503315,0 0.898485,47.500572,0 0.897913,47.499146,0 0.895250,47.496136,0 0.892964,47.491898,0 0.891397,47.490120,0 0.888962,47.488540,0 0.888259,47.487556,0 0.887017,47.486423,0 0.885673,47.484234,0 0.885181,47.482903,0 0.884044,47.481663,0 0.883742,47.480460,0 0.882267,47.478410,0 0.881605,47.477005,0 0.880968,47.474865,0 0.880638,47.472935,0 0.880093,47.472027,0 0.880350,47.470510,0 0.880243,47.469520,0 0.879341,47.466990,0 0.879443,47.465400,0 0.878698,47.461040,0 0.877449,47.457054,0 0.875609,47.455933,0 0.874694,47.454876,0 0.874682,47.454212,0 0.873467,47.451880,0 0.872787,47.451145,0 0.871203,47.450010,0 0.869446,47.449352,0 0.866147,47.447720,0 0.865562,47.447136,0 0.864208,47.444096,0 0.862130,47.442850,0 0.854947,47.436850,0 0.854325,47.436050,0 0.853195,47.433100,0 0.852624,47.432220,0 0.843680,47.423466,0 0.842188,47.420387,0 0.841978,47.419230,0 0.842103,47.417564,0 0.843338,47.414494,0 0.843372,47.413994,0 0.843170,47.413692,0 0.839183,47.412346,0 0.834904,47.411380,0 0.826956,47.412094,0 0.822490,47.411840,0 0.815107,47.412090,0 0.810620,47.411720,0 0.807482,47.411990,0 0.805256,47.411730,0 0.801723,47.411750,0 0.801606,47.410805,0 0.797604,47.411007,0 0.797314,47.409990,0 0.781272,47.410390,0 0.771441,47.410133,0 0.751293,47.407913,0 0.744620,47.406845,0 0.740079,47.406460,0 0.732397,47.404880,0 0.727805,47.404152,0 0.725819,47.403620,0 0.724966,47.403698,0 0.724011,47.404133,0 0.723222,47.403233,0 0.721306,47.402534,0 0.718758,47.401955,0 0.716562,47.401695,0 0.714817,47.401710,0 0.711255,47.402630,0 0.704077,47.403190,0 0.702348,47.403230,0 0.698731,47.402927,0 0.698525,47.402737,0 0.701566,47.403107,0 0.701894,47.402940,0 0.701971,47.402660,0 0.699327,47.397663,0 0.700377,47.392410,0 0.699130,47.391790,0 0.693566,47.391010,0 0.693570,47.390720,0 0.694070,47.390266,0 0.693312,47.389893,0 0.692325,47.390470,0</coordinates>
          </LineString>
          <LineString>
            <tessellate>1</tessellate>
            <coordinates>0.692325,47.390470,0 0.692025,47.390540,0 0.699245,47.391525,0 0.701245,47.392520,0 0.700065,47.393997,0 0.699460,47.397644,0 0.701971,47.402660,0 0.702777,47.403110,0 0.711255,47.402630,0 0.714817,47.401710,0 0.716876,47.401726,0 0.720854,47.402400,0 0.724023,47.403620,0 0.725819,47.403620,0 0.727805,47.404152,0 0.732397,47.404880,0 0.740079,47.406460,0 0.744620,47.406845,0 0.751293,47.407913,0 0.771593,47.410145,0 0.781272,47.410390,0 0.797268,47.409920,0 0.797604,47.411007,0 0.801606,47.410805,0 0.801723,47.411750,0 0.805256,47.411730,0 0.807482,47.411990,0 0.810620,47.411720,0 0.815343,47.412094,0 0.821915,47.411873,0 0.823104,47.411670,0 0.823792,47.411987,0 0.826956,47.412094,0 0.834904,47.411380,0 0.843345,47.413500,0 0.843266,47.414803,0 0.842268,47.417095,0 0.845971,47.418392,0 0.846398,47.417973,0 0.847387,47.417500,0 0.847950,47.416080,0 0.849026,47.414356,0 0.850484,47.413776,0 0.851947,47.413647,0 0.854980,47.414055,0 0.863660,47.416245,0 0.866778,47.416737,0 0.871328,47.417770,0 0.873978,47.418060,0 0.875733,47.418716,0 0.877606,47.419155,0 0.882650,47.419860,0 0.884345,47.419697,0 0.885856,47.420258,0 0.889028,47.420530,0 0.891769,47.421284,0 0.889895,47.423958,0 0.888845,47.424553,0 0.886864,47.427270,0 0.886999,47.428066,0 0.887445,47.428604,0 0.889121,47.429462,0 0.887184,47.430767,0 0.885987,47.431240,0 0.887086,47.432438,0 0.887114,47.433308,0 0.886350,47.436836,0 0.883698,47.439583,0 0.882700,47.441770,0 0.882877,47.442425,0 0.883682,47.443050,0 0.883660,47.443480,0 0.881381,47.446970,0 0.879751,47.448660,0 0.878479,47.449512,0 0.873487,47.451927,0 0.873526,47.452133,0 0.874713,47.454277,0 0.874694,47.454876,0 0.875609,47.455933,0 0.877115,47.456738,0 0.877572,47.457302,0 0.878659,47.460884,0 0.878993,47.462590,0 0.879443,47.465400,0 0.879341,47.466990,0 0.880243,47.469520,0 0.880350,47.470510,0 0.880093,47.472027,0 0.880638,47.472935,0 0.880968,47.474865,0 0.881605,47.477005,0 0.882267,47.478410,0 0.883742,47.480460,0 0.884044,47.481663,0 0.885181,47.482903,0 0.885673,47.484234,0 0.886881,47.486225,0 0.888259,47.487556,0 0.888962,47.488540,0 0.891397,47.490120,0 0.892964,47.491898,0 0.895250,47.496136,0 0.897913,47.499146,0 0.898485,47.500572,0 0.900746,47.503315,0 0.902373,47.506660,0 0.902919,47.507423,0 0.903722,47.508087,0 0.908597,47.510470,0 0.909939,47.511703,0 0.910996,47.514180,0 0.911980,47.515583,0 0.912378,47.517906,0 0.913213,47.519363,0 0.914605,47.520540,0 0.919466,47.523155,0 0.920439,47.524178,0 0.920624,47.524880,0 0.920175,47.525597,0 0.917166,47.527885,0 0.916845,47.528587,0 0.916327,47.530964,0 0.917302,47.534615,0 0.918563,47.536713,0 0.919576,47.539783,0 0.919906,47.541294,0 0.919846,47.542557,0 0.914900,47.542095,0 0.908285,47.542770,0 0.903810,47.541912,0 0.902855,47.542133,0 0.896712,47.544630,0 0.892049,47.544823,0 0.889689,47.544710,0 0.889461,47.545525,0 0.889642,47.545990,0 0.889472,47.546470,0 0.887331,47.548676,0 0.886637,47.549908,0 0.886580,47.551160,0 0.887114,47.553303,0 0.886658,47.554626,0 0.886718,47.556103,0 0.886983,47.556885,0 0.889190,47.559870,0 0.890277,47.561855,0 0.893055,47.564230,0 0.893523,47.565125,0 0.893766,47.566853,0 0.895398,47.568340,0 0.895625,47.570244,0 0.896252,47.572056,0 0.896975,47.575330,0 0.897495,47.579308,0 0.897907,47.580334,0 0.897765,47.581566,0 0.898068,47.583252,0 0.898748,47.584457,0 0.900077,47.586002,0 0.901933,47.587574,0 0.903843,47.586700,0 0.903847,47.586414,0 0.903370,47.585655,0 0.905235,47.585358,0 0.905877,47.585888,0 0.907238,47.586147,0 0.909232,47.586884,0 0.914501,47.588062,0 0.916476,47.588234,0 0.918997,47.589210,0 0.922184,47.590010,0 0.926216,47.589690,0 0.931007,47.589860,0 0.931032,47.591484,0 0.930515,47.592716,0 0.927625,47.596085,0 0.926796,47.598976,0 0.926096,47.600266,0 0.922851,47.603840,0 0.920534,47.599323,0 0.919452,47.597786,0 0.915596,47.599335,0 0.915301,47.599613,0 0.914815,47.599506,0 0.915220,47.598877,0 0.912961,47.595596,0 0.913686,47.594320,0 0.914762,47.592987,0 0.915037,47.592907,0</coordinates>
          </LineString>
          <LineString>
            <tessellate>1</tessellate>
            <coordinates>0.922432,47.603070,0 0.920534,47.599323,0 0.919452,47.597786,0 0.915020,47.599636,0 0.914792,47.599380,0 0.915151,47.599125,0 0.915203,47.598843,0 0.912961,47.595596,0 0.913576,47.594467,0 0.914762,47.592987,0 0.916503,47.592780,0 0.916943,47.592506,0 0.916930,47.592136,0 0.916546,47.591890,0 0.914880,47.591965,0 0.915242,47.591606,0 0.915840,47.591430,0 0.917241,47.591488,0 0.918829,47.591087,0 0.920149,47.591125,0 0.920986,47.590813,0 0.922106,47.589990,0 0.918997,47.589210,0 0.916476,47.588234,0 0.914501,47.588062,0 0.909232,47.586884,0 0.908690,47.588158,0 0.909461,47.588856,0 0.909427,47.589195,0 0.907299,47.587820,0 0.904137,47.586820,0 0.901933,47.587574,0 0.901239,47.586834,0 0.900176,47.586105,0 0.898525,47.584145,0 0.897969,47.582940,0 0.897761,47.581460,0 0.897907,47.580334,0 0.897495,47.579308,0 0.896975,47.575330,0 0.896252,47.572056,0 0.895625,47.570244,0 0.895398,47.568340,0 0.893766,47.566853,0 0.893523,47.565125,0 0.893055,47.564230,0 0.890277,47.561855,0 0.889190,47.559870,0 0.886983,47.556885,0 0.886718,47.556103,0 0.886658,47.554626,0 0.887114,47.553303,0 0.886580,47.551160,0 0.886637,47.549908,0 0.887331,47.548676,0 0.889472,47.546470,0 0.889642,47.545990,0 0.889461,47.545525,0 0.889689,47.544710,0 0.892049,47.544823,0 0.896712,47.544630,0 0.902855,47.542133,0 0.903810,47.541912,0 0.908285,47.542770,0 0.914900,47.542095,0 0.919846,47.542557,0 0.919906,47.541294,0 0.919576,47.539783,0 0.918563,47.536713,0 0.917302,47.534615,0 0.916327,47.530964,0 0.916845,47.528587,0 0.917166,47.527885,0 0.920175,47.525597,0 0.920624,47.524880,0 0.920439,47.524178,0 0.919466,47.523155,0 0.914605,47.520540,0 0.913213,47.519363,0 0.912378,47.517906,0 0.911980,47.515583,0 0.910996,47.514180,0 0.909939,47.511703,0 0.908597,47.510470,0 0.903722,47.508087,0 0.902919,47.507423,0 0.902373,47.506660,0 0.900746,47.503315,0 0.898485,47.500572,0 0.897913,47.499146,0 0.895250,47.496136,0 0.892964,47.491898,0 0.891397,47.490120,0 0.888962,47.488540,0 0.888259,47.487556,0 0.886881,47.486225,0 0.885673,47.484234,0 0.885181,47.482903,0 0.884044,47.481663,0 0.883742,47.480460,0 0.882267,47.478410,0 0.881605,47.477005,0 0.880968,47.474865,0 0.880638,47.472935,0 0.880093,47.472027,0 0.880350,47.470510,0 0.880243,47.469520,0 0.879341,47.466990,0 0.879443,47.465400,0 0.878993,47.462590,0 0.878659,47.460884,0 0.877572,47.457302,0 0.877115,47.456738,0 0.875609,47.455933,0 0.874694,47.454876,0 0.874713,47.454277,0 0.873526,47.452133,0 0.873487,47.451927,0 0.878479,47.449512,0 0.879751,47.448660,0 0.881381,47.446970,0 0.883660,47.443480,0 0.883682,47.443050,0 0.882877,47.442425,0 0.882700,47.441770,0 0.883698,47.439583,0 0.886350,47.436836,0 0.887114,47.433308,0 0.887086,47.432438,0 0.885987,47.431240,0 0.887184,47.430767,0 0.889121,47.429462,0 0.887445,47.428604,0 0.886999,47.428066,0 0.886864,47.427270,0 0.888845,47.424553,0 0.889895,47.423958,0 0.891769,47.421284,0 0.889028,47.420530,0 0.885856,47.420258,0 0.884345,47.419697,0 0.882650,47.419860,0 0.877606,47.419155,0 0.875733,47.418716,0 0.873978,47.418060,0 0.871328,47.417770,0 0.866778,47.416737,0 0.863660,47.416245,0 0.854980,47.414055,0 0.851947,47.413647,0 0.850484,47.413776,0 0.849026,47.414356,0 0.847950,47.416080,0 0.847387,47.417500,0 0.846398,47.417973,0 0.845971,47.418392,0 0.842268,47.417095,0 0.843338,47.414494,0 0.843372,47.413994,0 0.843051,47.413597,0 0.839183,47.412346,0 0.834904,47.411380,0 0.826956,47.412094,0 0.822490,47.411840,0 0.815107,47.412090,0 0.810620,47.411720,0 0.807482,47.411990,0 0.805256,47.411730,0 0.801723,47.411750,0 0.801606,47.410805,0 0.797604,47.411007,0 0.797314,47.409990,0 0.781272,47.410390,0 0.771593,47.410145,0 0.751293,47.407913,0 0.744620,47.406845,0 0.740079,47.406460,0 0.732397,47.404880,0 0.727805,47.404152,0 0.725819,47.403620,0 0.724966,47.403698,0 0.724011,47.404133,0 0.723222,47.403233,0 0.721736,47.402676,0 0.718758,47.401955,0 0.716719,47.401710,0 0.714817,47.401710,0 0.711255,47.402630,0 0.704077,47.403190,0 0.702348,47.403230,0 0.698731,47.402927,0 0.698525,47.402737,0 0.701566,47.403107,0 0.701894,47.402940,0 0.701971,47.402660,0 0.699327,47.397663,0 0.700377,47.392410,0 0.699130,47.391790,0 0.693566,47.391010,0 0.693570,47.390720,0 0.694070,47.390266,0 0.693312,47.389893,0 0.692325,47.390470,0</coordinates>
          </LineString>
        </MultiGeometry>
      </Placemark>
      <Placemark>
        <name>C — Chenonceaux - Amboise - Tours — Ligne forte</name>
        <description>Groupe horaire : Ligne forte
Ligne régionale Rémi C. Tracé issu des shapes GTFS officiels fournis.</description>
        <styleUrl>#route_REMI37_Line_37</styleUrl>
        <MultiGeometry>
          <LineString>
            <tessellate>1</tessellate>
            <coordinates>0.692325,47.390470,0 0.692025,47.390540,0 0.699245,47.391525,0 0.701870,47.392840,0 0.704284,47.394577,0 0.704715,47.394640,0 0.704813,47.394910,0 0.705399,47.395317,0 0.707027,47.395847,0 0.708880,47.395847,0 0.712734,47.395190,0 0.718200,47.394750,0 0.726203,47.394962,0 0.727615,47.396500,0 0.734323,47.396477,0 0.755808,47.398293,0 0.758321,47.397877,0 0.763363,47.396250,0 0.769835,47.395233,0 0.774607,47.395115,0 0.779105,47.394260,0 0.784273,47.393764,0 0.784656,47.393566,0 0.784986,47.393750,0 0.787298,47.393726,0 0.788387,47.393356,0 0.789093,47.393650,0 0.793867,47.393690,0 0.797702,47.393170,0 0.804578,47.392838,0 0.807946,47.392403,0 0.810034,47.391792,0 0.810925,47.390650,0 0.812309,47.389710,0 0.813652,47.387783,0 0.813832,47.386980,0 0.815312,47.387226,0 0.817028,47.387230,0 0.820177,47.387947,0 0.821318,47.387420,0 0.824147,47.387226,0 0.825029,47.386597,0 0.825885,47.387440,0 0.826863,47.387703,0 0.829202,47.386974,0 0.830489,47.385555,0 0.831958,47.385887,0 0.832419,47.389244,0 0.834862,47.389260,0 0.837033,47.388992,0 0.839197,47.389070,0 0.846695,47.388450,0 0.849733,47.388393,0 0.854570,47.387783,0 0.857668,47.387790,0 0.860811,47.388206,0 0.863641,47.388110,0 0.877271,47.388653,0 0.879330,47.388485,0 0.883759,47.389060,0 0.883639,47.391340,0 0.883454,47.391945,0 0.881670,47.391754,0 0.881266,47.392680,0 0.881627,47.392963,0 0.882943,47.393208,0 0.883524,47.393147,0 0.883271,47.393020,0 0.882995,47.391900,0 0.884031,47.392067,0 0.886556,47.392036,0 0.888235,47.392580,0 0.891457,47.392532,0 0.893622,47.392845,0 0.896456,47.392680,0 0.899030,47.392242,0 0.902983,47.392414,0 0.906158,47.393020,0 0.907218,47.393463,0 0.907910,47.391624,0 0.908814,47.390602,0 0.910005,47.389790,0 0.910105,47.389510,0 0.917824,47.389706,0 0.915657,47.392190,0 0.915507,47.392944,0 0.915809,47.394318,0 0.916580,47.395700,0 0.918582,47.397270,0 0.920578,47.398170,0 0.920741,47.398396,0 0.924814,47.398388,0 0.927019,47.398770,0 0.929360,47.398800,0 0.937062,47.399740,0 0.942941,47.400585,0 0.950869,47.402240,0 0.970432,47.408344,0 0.971847,47.408897,0 0.974070,47.410540,0 0.979155,47.411762,0 0.979890,47.410550,0 0.979548,47.407870,0 0.980181,47.403973,0 0.980427,47.403870,0 0.980666,47.403267,0 0.981426,47.398890,0 0.982541,47.398987,0 0.982442,47.399525,0 0.981529,47.399464,0 0.981457,47.397846,0 0.979723,47.397636,0 0.979373,47.392635,0 0.979835,47.391968,0 0.979632,47.391792,0 0.979329,47.391926,0 0.979391,47.392140,0 0.979651,47.392190,0 0.979875,47.391730,0 0.979023,47.390010,0 0.978890,47.388756,0 0.981778,47.376040,0 0.987911,47.357720,0 0.988396,47.355965,0 0.988333,47.355050,0 0.988871,47.354855,0 0.989821,47.351997,0 0.989891,47.340710,0 0.995603,47.339935,0 1.001622,47.338726,0 1.005350,47.338330,0 1.007216,47.337772,0 1.010125,47.336163,0 1.018762,47.334404,0 1.023560,47.333760,0 1.034260,47.332740,0 1.046459,47.331844,0 1.048057,47.331886,0 1.048784,47.332592,0 1.052678,47.332880,0 1.058836,47.332355,0 1.065291,47.332140,0</coordinates>
          </LineString>
          <LineString>
            <tessellate>1</tessellate>
            <coordinates>0.981594,47.399467,0 0.981412,47.399075,0 0.981457,47.397846,0 0.979723,47.397636,0 0.980195,47.404556,0 0.979519,47.408276,0 0.979890,47.410550,0 0.979100,47.411846,0 0.973880,47.410473,0 0.971847,47.408897,0 0.970167,47.408250,0 0.951634,47.402460,0 0.942941,47.400585,0 0.929360,47.398800,0 0.927019,47.398770,0 0.923874,47.398360,0 0.919204,47.398636,0 0.916446,47.398590,0 0.907817,47.397926,0 0.899809,47.396620,0 0.894286,47.397210,0 0.885155,47.397152,0 0.884715,47.394930,0 0.883454,47.391945,0 0.881670,47.391754,0 0.881263,47.392710,0 0.882220,47.393097,0 0.883515,47.393170,0 0.883271,47.393020,0 0.882995,47.391900,0 0.883454,47.391945,0 0.883626,47.391396,0 0.883759,47.389060,0 0.879449,47.388493,0 0.877271,47.388653,0 0.863641,47.388110,0 0.860811,47.388206,0 0.857668,47.387790,0 0.854570,47.387783,0 0.849733,47.388393,0 0.846695,47.388450,0 0.839197,47.389070,0 0.837033,47.388992,0 0.834862,47.389260,0 0.832419,47.389244,0 0.831958,47.385887,0 0.826469,47.384583,0 0.826397,47.385240,0 0.825799,47.385994,0 0.825237,47.386616,0 0.824928,47.386646,0 0.824198,47.387207,0 0.821318,47.387420,0 0.820273,47.387997,0 0.817028,47.387230,0 0.815312,47.387226,0 0.813832,47.386980,0 0.813652,47.387783,0 0.812309,47.389710,0 0.810925,47.390650,0 0.810034,47.391792,0 0.807946,47.392403,0 0.804578,47.392838,0 0.797702,47.393170,0 0.794092,47.393677,0 0.789446,47.393665,0 0.788340,47.394050,0 0.787298,47.393726,0 0.784986,47.393750,0 0.784710,47.393917,0 0.784461,47.393738,0 0.779105,47.394260,0 0.774607,47.395115,0 0.768403,47.395466,0 0.763363,47.396250,0 0.758321,47.397877,0 0.755808,47.398293,0 0.734323,47.396477,0 0.727615,47.396500,0 0.726367,47.395252,0 0.725267,47.395040,0 0.717429,47.394836,0 0.712321,47.395355,0 0.708992,47.395947,0 0.706686,47.395912,0 0.705437,47.395490,0 0.702300,47.393406,0 0.699130,47.391790,0 0.693566,47.391010,0 0.693570,47.390720,0 0.694070,47.390266,0 0.693312,47.389893,0 0.692325,47.390470,0</coordinates>
          </LineString>
          <LineString>
            <tessellate>1</tessellate>
            <coordinates>0.981594,47.399467,0 0.981412,47.399075,0 0.981457,47.397846,0 0.979723,47.397636,0 0.980195,47.404556,0 0.979519,47.408276,0 0.979890,47.410550,0 0.979100,47.411846,0 0.973880,47.410473,0 0.971847,47.408897,0 0.970167,47.408250,0 0.951634,47.402460,0 0.941764,47.400406,0 0.929360,47.398800,0 0.927019,47.398770,0 0.923874,47.398360,0 0.919204,47.398636,0 0.916446,47.398590,0 0.907817,47.397926,0 0.899809,47.396620,0 0.894286,47.397210,0 0.888487,47.397083,0 0.886604,47.397236,0 0.879889,47.396675,0 0.874148,47.396650,0 0.865805,47.394875,0 0.862227,47.394394,0 0.854463,47.391644,0 0.854587,47.391430,0 0.856114,47.391235,0 0.862026,47.391260,0 0.863056,47.390870,0 0.864587,47.388145,0 0.864934,47.386830,0 0.864883,47.385105,0 0.864374,47.384840,0 0.862413,47.382603,0 0.861599,47.382210,0 0.858805,47.381790,0 0.857609,47.382280,0 0.856985,47.382330,0 0.852839,47.381600,0 0.851523,47.381670,0 0.850339,47.381172,0 0.843510,47.383877,0 0.839409,47.385105,0 0.839626,47.385616,0 0.839730,47.386993,0 0.832063,47.387096,0 0.831697,47.384476,0 0.831368,47.384354,0 0.831651,47.382896,0 0.834194,47.378430,0 0.834857,47.376560,0 0.834189,47.373596,0 0.834152,47.372310,0 0.833461,47.369507,0 0.831979,47.369810,0 0.830257,47.369728,0 0.828088,47.369970,0 0.826365,47.370758,0 0.820934,47.371765,0</coordinates>
          </LineString>
          <LineString>
            <tessellate>1</tessellate>
            <coordinates>0.833098,47.369560,0 0.831979,47.369810,0 0.830257,47.369728,0 0.827877,47.370010,0 0.826365,47.370758,0 0.820859,47.371758,0 0.820061,47.372150,0 0.820124,47.372750,0 0.820529,47.373580,0 0.820707,47.375810,0 0.821655,47.378593,0 0.822157,47.379063,0 0.823750,47.379112,0 0.824156,47.378418,0 0.825422,47.378270,0 0.826240,47.378660,0 0.827253,47.378727,0 0.827733,47.379080,0 0.827874,47.379414,0 0.826888,47.380512,0 0.826405,47.382042,0 0.826876,47.383476,0 0.826418,47.384506,0 0.831958,47.385887,0 0.832419,47.389244,0 0.834862,47.389260,0 0.837033,47.388992,0 0.839197,47.389070,0 0.846695,47.388450,0 0.849733,47.388393,0 0.854570,47.387783,0 0.857668,47.387790,0 0.860811,47.388206,0 0.863641,47.388110,0 0.877271,47.388653,0 0.879330,47.388485,0 0.883759,47.389060,0 0.883639,47.391340,0 0.883454,47.391945,0 0.881670,47.391754,0 0.881263,47.392710,0 0.882039,47.393060,0 0.883506,47.393177,0 0.883271,47.393020,0 0.882995,47.391900,0 0.883454,47.391945,0 0.884715,47.394930,0 0.885155,47.397152,0 0.894286,47.397210,0 0.899809,47.396620,0 0.908903,47.397995,0 0.912013,47.398285,0 0.918765,47.398636,0 0.921757,47.398315,0 0.924814,47.398388,0 0.927019,47.398770,0 0.929360,47.398800,0 0.942941,47.400585,0 0.951634,47.402460,0 0.970432,47.408344,0 0.971847,47.408897,0 0.974070,47.410540,0 0.979155,47.411762,0 0.979890,47.410550,0 0.979548,47.407870,0 0.980181,47.403973,0 0.980427,47.403870,0 0.980666,47.403267,0 0.981426,47.398890,0 0.982541,47.398987,0 0.982442,47.399525,0 0.981594,47.399467,0</coordinates>
          </LineString>
          <LineString>
            <tessellate>1</tessellate>
            <coordinates>0.692325,47.390470,0 0.692025,47.390540,0 0.699245,47.391525,0 0.701870,47.392840,0 0.704284,47.394577,0 0.704715,47.394640,0 0.704813,47.394910,0 0.705399,47.395317,0 0.707027,47.395847,0 0.708880,47.395847,0 0.712734,47.395190,0 0.718200,47.394750,0 0.726203,47.394962,0 0.727615,47.396500,0 0.734323,47.396477,0 0.755808,47.398293,0 0.758321,47.397877,0 0.763363,47.396250,0 0.769835,47.395233,0 0.774607,47.395115,0 0.779105,47.394260,0 0.784273,47.393764,0 0.784656,47.393566,0 0.784986,47.393750,0 0.787298,47.393726,0 0.788387,47.393356,0 0.789093,47.393650,0 0.793867,47.393690,0 0.797702,47.393170,0 0.804578,47.392838,0 0.807946,47.392403,0 0.810034,47.391792,0 0.810925,47.390650,0 0.812309,47.389710,0 0.813652,47.387783,0 0.813832,47.386980,0 0.815312,47.387226,0 0.817028,47.387230,0 0.820177,47.387947,0 0.821318,47.387420,0 0.824147,47.387226,0 0.825029,47.386597,0 0.825885,47.387440,0 0.826863,47.387703,0 0.829202,47.386974,0 0.830489,47.385555,0 0.831958,47.385887,0 0.832419,47.389244,0 0.834862,47.389260,0 0.837033,47.388992,0 0.839197,47.389070,0 0.846695,47.388450,0 0.849733,47.388393,0 0.854570,47.387783,0 0.857668,47.387790,0 0.860811,47.388206,0 0.863641,47.388110,0 0.877271,47.388653,0 0.879449,47.388493,0 0.883759,47.389060,0 0.883639,47.391340,0 0.883454,47.391945,0 0.881670,47.391754,0 0.881263,47.392710,0 0.882039,47.393060,0 0.883506,47.393177,0 0.883271,47.393020,0 0.882995,47.391900,0 0.883454,47.391945,0 0.884715,47.394930,0 0.885155,47.397152,0 0.894286,47.397210,0 0.899809,47.396620,0 0.908903,47.397995,0 0.912013,47.398285,0 0.918765,47.398636,0 0.921757,47.398315,0 0.924814,47.398388,0 0.927019,47.398770,0 0.929360,47.398800,0 0.942941,47.400585,0 0.951634,47.402460,0 0.970432,47.408344,0 0.971847,47.408897,0 0.974070,47.410540,0 0.979155,47.411762,0 0.979890,47.410550,0 0.979548,47.407870,0 0.980181,47.403973,0 0.980427,47.403870,0 0.980666,47.403267,0 0.981426,47.398890,0 0.982541,47.398987,0 0.982442,47.399525,0 0.981529,47.399464,0 0.981457,47.397846,0 0.979723,47.397636,0 0.979373,47.392635,0 0.979826,47.392014,0 0.979599,47.391792,0</coordinates>
          </LineString>
          <LineString>
            <tessellate>1</tessellate>
            <coordinates>0.882716,47.391890,0 0.883454,47.391945,0 0.883639,47.391340,0 0.883759,47.389060,0 0.879330,47.388485,0 0.877271,47.388653,0 0.864587,47.388145,0 0.864934,47.386830,0 0.864883,47.385105,0 0.864475,47.384940,0 0.863025,47.383163,0 0.862130,47.382410,0 0.859094,47.381798,0 0.856985,47.382330,0 0.852839,47.381600,0 0.851523,47.381670,0 0.850339,47.381172,0 0.843510,47.383877,0 0.841842,47.384274,0 0.837958,47.385660,0 0.835257,47.386993,0 0.832063,47.387096,0 0.831697,47.384476,0 0.831368,47.384354,0 0.831651,47.382896,0 0.832468,47.381508,0 0.831225,47.381283,0 0.826576,47.381485,0 0.824792,47.380920,0 0.823312,47.380870,0 0.821514,47.378475,0 0.819436,47.378890,0 0.818351,47.378810,0 0.818545,47.382008,0 0.819476,47.383120,0 0.819680,47.384167,0 0.818202,47.384357,0 0.817010,47.384888,0 0.814114,47.384686,0 0.813838,47.385742,0 0.813832,47.386980,0 0.815312,47.387226,0 0.817028,47.387230,0 0.818351,47.387550,0 0.817175,47.390310,0 0.818024,47.391872,0 0.813683,47.393310,0 0.810483,47.395220,0 0.808228,47.395850,0 0.803979,47.397700,0 0.803141,47.396980,0 0.803694,47.396683,0 0.802524,47.395588,0 0.801123,47.396095,0 0.800965,47.396010,0 0.798854,47.393940,0 0.798363,47.393124,0 0.794092,47.393677,0 0.789446,47.393665,0 0.788340,47.394050,0 0.787298,47.393726,0 0.784986,47.393750,0 0.784710,47.393917,0 0.784461,47.393738,0 0.779105,47.394260,0 0.774607,47.395115,0 0.767664,47.395550,0 0.763363,47.396250,0 0.758321,47.397877,0 0.755808,47.398293,0 0.734323,47.396477,0 0.727615,47.396500,0 0.726367,47.395252,0 0.725267,47.395040,0 0.716936,47.394860,0 0.716181,47.395065,0 0.712321,47.395355,0 0.709208,47.395924,0 0.706947,47.395943,0 0.705437,47.395490,0 0.702300,47.393406,0 0.699130,47.391790,0 0.693566,47.391010,0 0.693570,47.390720,0 0.694070,47.390266,0 0.693312,47.389893,0 0.692325,47.390470,0</coordinates>
          </LineString>
          <LineString>
            <tessellate>1</tessellate>
            <coordinates>0.692325,47.390470,0 0.692025,47.390540,0 0.699245,47.391525,0 0.701870,47.392840,0 0.704284,47.394577,0 0.704715,47.394640,0 0.704813,47.394910,0 0.705399,47.395317,0 0.707027,47.395847,0 0.708880,47.395847,0 0.712734,47.395190,0 0.718200,47.394750,0 0.726203,47.394962,0 0.727615,47.396500,0 0.734323,47.396477,0 0.755675,47.398290,0 0.756954,47.398210,0 0.763363,47.396250,0 0.767151,47.395620,0 0.769835,47.395233,0 0.774607,47.395115,0 0.779105,47.394260,0 0.784273,47.393764,0 0.784656,47.393566,0 0.784986,47.393750,0 0.787728,47.393642,0 0.788248,47.393080,0 0.788132,47.391720,0 0.784252,47.383280,0 0.783772,47.381447,0 0.783870,47.381264,0 0.787191,47.381203,0 0.789458,47.380722,0 0.790712,47.380238,0 0.795003,47.377914,0 0.809509,47.373116,0 0.810437,47.373356,0 0.811263,47.374530,0 0.812036,47.374260,0 0.812636,47.373703,0 0.815610,47.372738,0 0.816909,47.372574,0 0.815610,47.372738,0 0.812636,47.373703,0 0.812036,47.374260,0 0.811263,47.374530,0 0.810486,47.373480,0 0.809696,47.373160,0 0.802071,47.375500,0 0.797397,47.377163,0 0.798411,47.378033,0 0.799822,47.378433,0 0.800872,47.379340,0 0.802137,47.380898,0 0.803177,47.381530,0 0.807408,47.382996,0 0.811157,47.383774,0 0.814296,47.384730,0 0.817529,47.384975,0 0.824094,47.387230,0 0.825029,47.386597,0 0.823851,47.384632,0 0.823816,47.382233,0 0.823312,47.380870,0 0.824792,47.380920,0 0.827122,47.381508,0 0.830848,47.381283,0 0.832468,47.381508,0 0.831651,47.382896,0 0.831402,47.384243,0 0.831690,47.384430,0 0.832027,47.386920,0 0.832338,47.387090,0 0.835257,47.386993,0 0.837269,47.385944,0 0.840905,47.384600,0 0.841101,47.384384,0 0.843380,47.383923,0 0.844338,47.383366,0 0.850339,47.381172,0 0.851624,47.381690,0 0.852839,47.381600,0 0.856985,47.382330,0 0.857609,47.382280,0 0.858664,47.381805,0 0.859659,47.381880,0 0.861862,47.382294,0 0.862899,47.383034,0 0.865961,47.382850,0 0.864883,47.385105,0 0.864934,47.386830,0 0.864587,47.388145,0 0.877271,47.388653,0 0.879330,47.388485,0 0.883759,47.389060,0 0.883639,47.391340,0 0.883454,47.391945,0 0.882716,47.391890,0</coordinates>
          </LineString>
          <LineString>
            <tessellate>1</tessellate>
            <coordinates>1.065321,47.332140,0 1.058836,47.332355,0 1.052678,47.332880,0 1.048784,47.332592,0 1.048057,47.331886,0 1.046459,47.331844,0 1.034260,47.332740,0 1.023560,47.333760,0 1.018762,47.334404,0 1.010125,47.336163,0 1.007216,47.337772,0 1.005350,47.338330,0 1.001622,47.338726,0 0.995603,47.339935,0 0.989891,47.340710,0 0.989821,47.351997,0 0.988871,47.354855,0 0.988483,47.355244,0 0.988489,47.355865,0 0.987911,47.357720,0 0.981778,47.376040,0 0.978890,47.388756,0 0.979114,47.390255,0 0.980250,47.391872,0 0.980028,47.392044,0 0.979632,47.391792,0 0.979329,47.391926,0 0.979623,47.392193,0 0.979910,47.391766,0 0.980250,47.391872,0 0.979609,47.392334,0 0.979388,47.392790,0 0.979723,47.397636,0 0.981409,47.397800,0 0.981426,47.398890,0 0.982541,47.398987,0 0.982442,47.399525,0 0.981529,47.399464,0 0.981457,47.397846,0 0.979723,47.397636,0 0.980195,47.404556,0 0.979519,47.408276,0 0.979890,47.410550,0 0.979100,47.411846,0 0.973880,47.410473,0 0.971847,47.408897,0 0.970167,47.408250,0 0.950869,47.402240,0 0.942941,47.400585,0 0.937062,47.399740,0 0.929360,47.398800,0 0.927019,47.398770,0 0.923874,47.398360,0 0.920754,47.398450,0 0.920578,47.398170,0 0.918582,47.397270,0 0.916580,47.395700,0 0.915809,47.394318,0 0.915507,47.392944,0 0.915657,47.392190,0 0.917824,47.389706,0 0.910105,47.389510,0 0.910005,47.389790,0 0.908814,47.390602,0 0.907910,47.391624,0 0.907218,47.393463,0 0.906158,47.393020,0 0.902983,47.392414,0 0.899030,47.392242,0 0.896456,47.392680,0 0.893622,47.392845,0 0.891457,47.392532,0 0.888235,47.392580,0 0.886556,47.392036,0 0.884031,47.392067,0 0.881670,47.391754,0 0.881323,47.392838,0 0.882943,47.393208,0 0.883523,47.393154,0 0.883271,47.393020,0 0.882995,47.391900,0 0.883454,47.391945,0 0.883626,47.391396,0 0.883759,47.389060,0 0.879330,47.388485,0 0.877271,47.388653,0 0.863641,47.388110,0 0.860811,47.388206,0 0.857668,47.387790,0 0.854570,47.387783,0 0.849733,47.388393,0 0.846695,47.388450,0 0.839197,47.389070,0 0.837033,47.388992,0 0.834862,47.389260,0 0.832419,47.389244,0 0.831958,47.385887,0 0.826469,47.384583,0 0.826397,47.385240,0 0.825799,47.385994,0 0.825237,47.386616,0 0.824928,47.386646,0 0.824198,47.387207,0 0.821318,47.387420,0 0.820273,47.387997,0 0.817028,47.387230,0 0.815312,47.387226,0 0.813832,47.386980,0 0.813652,47.387783,0 0.812309,47.389710,0 0.810925,47.390650,0 0.810034,47.391792,0 0.807946,47.392403,0 0.804578,47.392838,0 0.797702,47.393170,0 0.794092,47.393677,0 0.789446,47.393665,0 0.788340,47.394050,0 0.787298,47.393726,0 0.784986,47.393750,0 0.784710,47.393917,0 0.784461,47.393738,0 0.779105,47.394260,0 0.774607,47.395115,0 0.768403,47.395466,0 0.763363,47.396250,0 0.758321,47.397877,0 0.755808,47.398293,0 0.734323,47.396477,0 0.727615,47.396500,0 0.726367,47.395252,0 0.725267,47.395040,0 0.717429,47.394836,0 0.712321,47.395355,0 0.708992,47.395947,0 0.706686,47.395912,0 0.705437,47.395490,0 0.702300,47.393406,0 0.699130,47.391790,0 0.693566,47.391010,0 0.693570,47.390720,0 0.694070,47.390266,0 0.693312,47.389893,0 0.692325,47.390470,0</coordinates>
          </LineString>
          <LineString>
            <tessellate>1</tessellate>
            <coordinates>0.811176,47.374450,0 0.810486,47.373480,0 0.809696,47.373160,0 0.802071,47.375500,0 0.797397,47.377163,0 0.798411,47.378033,0 0.799822,47.378433,0 0.800872,47.379340,0 0.802137,47.380898,0 0.803177,47.381530,0 0.807408,47.382996,0 0.811157,47.383774,0 0.814296,47.384730,0 0.817529,47.384975,0 0.824073,47.387226,0 0.825029,47.386597,0 0.825885,47.387440,0 0.826863,47.387703,0 0.829202,47.386974,0 0.830489,47.385555,0 0.831958,47.385887,0 0.832027,47.386920,0 0.832338,47.387090,0 0.839730,47.386993,0 0.839626,47.385616,0 0.839409,47.385105,0 0.840905,47.384600,0 0.841114,47.384380,0 0.843510,47.383877,0 0.844338,47.383366,0 0.850339,47.381172,0 0.851624,47.381690,0 0.852839,47.381600,0 0.856985,47.382330,0 0.857609,47.382280,0 0.858664,47.381805,0 0.859659,47.381880,0 0.861862,47.382294,0 0.862899,47.383034,0 0.865961,47.382850,0 0.864883,47.385105,0 0.864931,47.386860,0 0.864548,47.388252,0 0.862977,47.390950,0 0.862026,47.391260,0 0.856114,47.391235,0 0.855197,47.391390,0 0.854911,47.391537,0 0.854932,47.391697,0 0.855534,47.392060,0 0.858362,47.392902,0 0.862227,47.394394,0 0.865805,47.394875,0 0.874569,47.396710,0 0.879889,47.396675,0 0.886604,47.397236,0 0.888487,47.397083,0 0.894060,47.397217,0 0.899809,47.396620,0 0.908903,47.397995,0 0.912013,47.398285,0 0.918765,47.398636,0 0.921757,47.398315,0 0.924814,47.398388,0 0.927019,47.398770,0 0.929360,47.398800,0 0.942941,47.400585,0 0.951634,47.402460,0 0.970432,47.408344,0 0.971847,47.408897,0 0.974070,47.410540,0 0.979155,47.411762,0 0.979890,47.410550,0 0.979548,47.407870,0 0.980181,47.403973,0 0.980427,47.403870,0 0.980666,47.403267,0 0.981426,47.398890,0 0.982541,47.398987,0 0.982442,47.399525,0 0.981594,47.399467,0</coordinates>
          </LineString>
          <LineString>
            <tessellate>1</tessellate>
            <coordinates>0.692325,47.390470,0 0.692025,47.390540,0 0.699245,47.391525,0 0.701870,47.392840,0 0.704284,47.394577,0 0.704715,47.394640,0 0.704813,47.394910,0 0.705692,47.395477,0 0.707271,47.395863,0 0.708880,47.395847,0 0.712734,47.395190,0 0.718200,47.394750,0 0.726203,47.394962,0 0.727615,47.396500,0 0.734323,47.396477,0 0.755808,47.398293,0 0.758321,47.397877,0 0.763363,47.396250,0 0.769835,47.395233,0 0.774607,47.395115,0 0.779105,47.394260,0 0.784273,47.393764,0 0.784656,47.393566,0 0.784986,47.393750,0 0.787298,47.393726,0 0.788387,47.393356,0 0.789093,47.393650,0 0.793867,47.393690,0 0.798363,47.393124,0 0.798854,47.393940,0 0.800965,47.396010,0 0.801123,47.396095,0 0.802524,47.395588,0 0.803694,47.396683,0 0.803141,47.396980,0 0.804017,47.397606,0 0.807809,47.396010,0 0.811263,47.394825,0 0.813683,47.393310,0 0.817981,47.391808,0 0.817175,47.390310,0 0.818351,47.387550,0 0.817028,47.387230,0 0.815312,47.387226,0 0.813832,47.386980,0 0.813803,47.385960,0 0.814114,47.384686,0 0.817010,47.384888,0 0.818202,47.384357,0 0.819680,47.384167,0 0.819476,47.383120,0 0.818545,47.382008,0 0.818351,47.378810,0 0.819780,47.378845,0 0.821534,47.378365,0 0.822015,47.379020,0 0.823750,47.379112,0 0.822169,47.379215,0 0.821452,47.378403,0 0.821606,47.378395,0 0.823312,47.380870,0 0.824792,47.380920,0 0.827122,47.381508,0 0.830848,47.381283,0 0.832468,47.381508,0 0.831651,47.382896,0 0.831402,47.384243,0 0.831690,47.384430,0 0.832016,47.386883,0 0.832175,47.387060,0 0.835257,47.386993,0 0.837269,47.385944,0 0.840905,47.384600,0 0.841101,47.384384,0 0.843380,47.383923,0 0.844338,47.383366,0 0.850339,47.381172,0 0.851624,47.381690,0 0.852839,47.381600,0 0.856985,47.382330,0 0.859094,47.381798,0 0.861862,47.382294,0 0.862899,47.383034,0 0.865961,47.382850,0 0.864883,47.385105,0 0.864934,47.386830,0 0.864587,47.388145,0 0.877271,47.388653,0 0.879330,47.388485,0 0.883759,47.389060,0 0.883639,47.391340,0 0.883454,47.391945,0 0.882716,47.391890,0</coordinates>
          </LineString>
          <LineString>
            <tessellate>1</tessellate>
            <coordinates>0.981594,47.399467,0 0.981412,47.399075,0 0.981457,47.397846,0 0.979723,47.397636,0 0.980195,47.404556,0 0.979519,47.408276,0 0.979890,47.410550,0 0.979100,47.411846,0 0.973880,47.410473,0 0.971847,47.408897,0 0.970167,47.408250,0 0.951634,47.402460,0 0.941764,47.400406,0 0.929360,47.398800,0 0.927019,47.398770,0 0.923874,47.398360,0 0.919204,47.398636,0 0.916446,47.398590,0 0.907817,47.397926,0 0.899809,47.396620,0 0.894286,47.397210,0 0.885155,47.397152,0 0.884715,47.394930,0 0.883454,47.391945,0 0.881670,47.391754,0 0.881323,47.392838,0 0.882881,47.393204,0 0.883523,47.393154,0 0.883271,47.393020,0 0.882995,47.391900,0 0.883454,47.391945,0 0.884715,47.394930,0 0.885155,47.397152,0 0.879889,47.396675,0 0.874569,47.396710,0 0.865805,47.394875,0 0.862389,47.394432,0 0.854444,47.391598,0 0.854587,47.391430,0 0.856114,47.391235,0 0.862026,47.391260,0 0.863056,47.390870,0 0.864587,47.388145,0 0.864934,47.386830,0 0.864883,47.385105,0 0.864374,47.384840,0 0.862413,47.382603,0 0.861599,47.382210,0 0.858805,47.381790,0 0.857609,47.382280,0 0.856985,47.382330,0 0.852839,47.381600,0 0.851523,47.381670,0 0.850339,47.381172,0 0.843510,47.383877,0 0.839409,47.385105,0 0.839626,47.385616,0 0.839730,47.386993,0 0.832044,47.387085,0 0.831697,47.384476,0 0.831368,47.384354,0 0.831651,47.382896,0 0.834194,47.378430,0 0.834857,47.376560,0 0.834189,47.373596,0 0.834152,47.372310,0 0.833461,47.369507,0 0.831979,47.369810,0 0.830257,47.369728,0 0.828088,47.369970,0 0.826365,47.370758,0 0.824670,47.370956,0 0.821040,47.371777,0 0.820859,47.371758,0 0.820606,47.371258,0 0.819352,47.371082,0 0.818612,47.370495,0 0.817969,47.370490,0 0.802071,47.375500,0 0.794604,47.378143,0 0.789835,47.380600,0 0.787801,47.381123,0 0.784421,47.381460,0 0.784069,47.381786,0 0.783983,47.382290,0 0.784252,47.383280,0 0.787994,47.391335,0 0.788430,47.393230,0 0.788822,47.393654,0 0.788488,47.394030,0 0.787298,47.393726,0 0.784986,47.393750,0 0.784710,47.393917,0 0.784461,47.393738,0 0.779105,47.394260,0 0.774607,47.395115,0 0.767664,47.395550,0 0.763363,47.396250,0 0.758321,47.397877,0 0.755675,47.398290,0 0.734323,47.396477,0 0.727615,47.396500,0 0.726367,47.395252,0 0.725267,47.395040,0 0.717429,47.394836,0 0.712321,47.395355,0 0.708992,47.395947,0 0.706686,47.395912,0 0.705437,47.395490,0 0.702300,47.393406,0 0.699130,47.391790,0 0.693566,47.391010,0 0.693570,47.390720,0 0.694070,47.390266,0 0.693312,47.389893,0 0.692325,47.390470,0</coordinates>
          </LineString>
          <LineString>
            <tessellate>1</tessellate>
            <coordinates>0.981594,47.399467,0 0.981412,47.399075,0 0.981457,47.397846,0 0.979723,47.397636,0 0.979373,47.392635,0 0.979875,47.391730,0 0.979023,47.390010,0 0.978890,47.388756,0 0.981778,47.376040,0 0.987911,47.357720,0 0.988412,47.355663,0 0.988090,47.354214,0 0.987010,47.352820,0 0.981098,47.349430,0 0.979679,47.347910,0 0.979301,47.346890,0 0.979276,47.345913,0 0.980430,47.342888,0 0.980661,47.341335,0 0.980226,47.339700,0 0.979618,47.338980,0 0.979161,47.338837,0 0.978537,47.338943,0 0.973944,47.340893,0 0.970137,47.341760,0 0.966649,47.342003,0 0.959035,47.341896,0 0.956618,47.342213,0 0.945290,47.346035,0 0.922611,47.350716,0 0.916483,47.352630,0 0.914757,47.352932,0 0.910791,47.353210,0 0.909970,47.353443,0 0.909450,47.353374,0 0.902908,47.354880,0 0.895938,47.355972,0 0.881922,47.359024,0 0.870840,47.360897,0 0.863468,47.362698,0 0.858121,47.363773,0 0.853204,47.365654,0 0.851030,47.366215,0 0.845148,47.367180,0 0.839979,47.366480,0 0.838015,47.366520,0 0.832043,47.367912,0 0.831248,47.368150,0 0.830789,47.368546,0 0.829956,47.368330,0 0.828602,47.368450,0 0.821626,47.369907,0 0.819075,47.370243,0 0.818817,47.370453,0 0.819139,47.370975,0 0.820529,47.371227,0 0.820879,47.371580,0 0.820808,47.371800,0 0.820102,47.372050,0 0.820071,47.372543,0 0.820500,47.373463,0 0.820670,47.375652,0 0.821561,47.378475,0 0.819022,47.378902,0 0.813728,47.378030,0 0.812657,47.375896,0 0.811187,47.374466,0 0.810486,47.373480,0 0.809696,47.373160,0 0.802071,47.375500,0 0.797397,47.377163,0 0.798411,47.378033,0 0.799822,47.378433,0 0.800872,47.379340,0 0.802137,47.380898,0 0.803177,47.381530,0 0.807408,47.382996,0 0.811157,47.383774,0 0.814296,47.384730,0 0.817529,47.384975,0 0.824094,47.387230,0 0.825029,47.386597,0 0.823851,47.384632,0 0.823767,47.382004,0 0.826393,47.382130,0 0.826888,47.380512,0 0.824732,47.380302,0 0.824250,47.380085,0 0.823739,47.379190,0 0.824087,47.378470,0 0.825422,47.378270,0 0.826240,47.378660,0 0.827253,47.378727,0 0.827733,47.379080,0 0.827874,47.379414,0 0.827009,47.380370,0 0.827303,47.380566,0 0.827372,47.381523,0 0.831193,47.381283,0</coordinates>
          </LineString>
          <LineString>
            <tessellate>1</tessellate>
            <coordinates>0.692325,47.390470,0 0.692025,47.390540,0 0.699245,47.391525,0 0.701870,47.392840,0 0.704284,47.394577,0 0.704715,47.394640,0 0.704813,47.394910,0 0.705399,47.395317,0 0.707027,47.395847,0 0.708880,47.395847,0 0.712734,47.395190,0 0.718200,47.394750,0 0.726203,47.394962,0 0.727615,47.396500,0 0.734323,47.396477,0 0.755808,47.398293,0 0.758321,47.397877,0 0.763363,47.396250,0 0.769835,47.395233,0 0.774607,47.395115,0 0.779105,47.394260,0 0.784273,47.393764,0 0.784656,47.393566,0 0.784986,47.393750,0 0.787298,47.393726,0 0.788387,47.393356,0 0.789093,47.393650,0 0.793867,47.393690,0 0.797702,47.393170,0 0.804578,47.392838,0 0.807946,47.392403,0 0.810034,47.391792,0 0.810925,47.390650,0 0.812309,47.389710,0 0.813652,47.387783,0 0.813832,47.386980,0 0.815312,47.387226,0 0.817028,47.387230,0 0.820177,47.387947,0 0.821318,47.387420,0 0.824147,47.387226,0 0.825029,47.386597,0 0.825885,47.387440,0 0.826863,47.387703,0 0.829202,47.386974,0 0.830489,47.385555,0 0.831958,47.385887,0 0.832419,47.389244,0 0.834862,47.389260,0 0.837033,47.388992,0 0.839197,47.389070,0 0.846695,47.388450,0 0.849733,47.388393,0 0.854570,47.387783,0 0.857668,47.387790,0 0.860811,47.388206,0 0.863641,47.388110,0 0.877271,47.388653,0 0.879449,47.388493,0 0.883759,47.389060,0 0.883639,47.391340,0 0.883454,47.391945,0 0.881670,47.391754,0 0.881263,47.392710,0 0.882039,47.393060,0 0.883506,47.393177,0 0.883271,47.393020,0 0.882995,47.391900,0 0.883454,47.391945,0 0.884715,47.394930,0 0.885155,47.397152,0 0.894286,47.397210,0 0.899809,47.396620,0 0.908903,47.397995,0 0.912013,47.398285,0 0.918765,47.398636,0 0.921757,47.398315,0 0.924814,47.398388,0 0.927019,47.398770,0 0.929360,47.398800,0 0.942941,47.400585,0 0.951634,47.402460,0 0.970432,47.408344,0 0.971847,47.408897,0 0.974070,47.410540,0 0.979155,47.411762,0 0.979890,47.410550,0 0.979548,47.407870,0 0.980181,47.403973,0 0.980427,47.403870,0 0.980666,47.403267,0 0.981426,47.398890,0 0.982541,47.398987,0 0.982442,47.399525,0 0.981594,47.399467,0</coordinates>
          </LineString>
          <LineString>
            <tessellate>1</tessellate>
            <coordinates>0.811176,47.374450,0 0.810486,47.373480,0 0.809696,47.373160,0 0.802071,47.375500,0 0.797397,47.377163,0 0.798411,47.378033,0 0.799822,47.378433,0 0.800872,47.379340,0 0.802137,47.380898,0 0.803177,47.381530,0 0.807408,47.382996,0 0.811157,47.383774,0 0.814296,47.384730,0 0.817529,47.384975,0 0.824094,47.387230,0 0.825029,47.386597,0 0.823851,47.384632,0 0.823767,47.382004,0 0.826393,47.382130,0 0.826888,47.380512,0 0.824641,47.380287,0 0.824196,47.380043,0 0.823744,47.379130,0 0.824087,47.378470,0 0.824446,47.378345,0 0.825490,47.378284,0 0.826240,47.378660,0 0.827253,47.378727,0 0.827810,47.379160,0 0.827874,47.379414,0 0.827009,47.380370,0 0.827303,47.380566,0 0.827372,47.381523,0 0.830848,47.381283,0 0.832468,47.381508,0 0.831651,47.382896,0 0.831402,47.384243,0 0.831690,47.384430,0 0.832027,47.386920,0 0.832338,47.387090,0 0.839730,47.386993,0 0.839626,47.385616,0 0.839409,47.385105,0 0.840905,47.384600,0 0.841114,47.384380,0 0.843510,47.383877,0 0.844338,47.383366,0 0.850339,47.381172,0 0.851624,47.381690,0 0.852839,47.381600,0 0.856985,47.382330,0 0.857609,47.382280,0 0.858664,47.381805,0 0.859659,47.381880,0 0.861862,47.382294,0 0.862899,47.383034,0 0.865961,47.382850,0 0.864883,47.385105,0 0.864931,47.386860,0 0.864548,47.388252,0 0.862977,47.390950,0 0.862026,47.391260,0 0.856114,47.391235,0 0.855197,47.391390,0 0.854911,47.391537,0 0.854932,47.391697,0 0.855534,47.392060,0 0.858362,47.392902,0 0.862227,47.394394,0 0.865805,47.394875,0 0.874569,47.396710,0 0.879889,47.396675,0 0.886604,47.397236,0 0.888487,47.397083,0 0.894060,47.397217,0 0.899809,47.396620,0 0.908903,47.397995,0 0.912013,47.398285,0 0.918765,47.398636,0 0.921757,47.398315,0 0.924814,47.398388,0 0.927019,47.398770,0 0.929360,47.398800,0 0.942941,47.400585,0 0.951634,47.402460,0 0.970432,47.408344,0 0.971847,47.408897,0 0.974070,47.410540,0 0.979155,47.411762,0 0.979890,47.410550,0 0.979548,47.407870,0 0.980181,47.403973,0 0.980427,47.403870,0 0.980666,47.403267,0 0.981426,47.398890,0 0.982541,47.398987,0 0.982442,47.399525,0 0.981594,47.399467,0</coordinates>
          </LineString>
          <LineString>
            <tessellate>1</tessellate>
            <coordinates>0.832011,47.386806,0 0.831958,47.385887,0 0.826469,47.384583,0 0.826356,47.385320,0 0.825320,47.386547,0 0.824094,47.387230,0 0.817529,47.384975,0 0.814296,47.384730,0 0.811157,47.383774,0 0.807408,47.382996,0 0.802690,47.381300,0 0.800080,47.378630,0 0.799424,47.378210,0 0.798411,47.378033,0 0.797323,47.377087,0 0.809509,47.373116,0 0.810437,47.373356,0 0.811187,47.374466,0 0.812657,47.375896,0 0.813658,47.377983,0 0.815963,47.378430,0 0.815401,47.379310,0 0.815027,47.381070,0 0.814490,47.382060,0 0.814114,47.384686,0 0.809177,47.383335,0 0.808820,47.384125,0 0.808420,47.386253,0 0.803010,47.386130,0 0.798672,47.386875,0 0.794492,47.386280,0 0.792744,47.386260,0 0.792512,47.387947,0 0.792251,47.388260,0 0.787035,47.389256,0 0.788072,47.391540,0 0.788454,47.393295,0 0.788822,47.393654,0 0.788488,47.394030,0 0.787298,47.393726,0 0.784986,47.393750,0 0.784710,47.393917,0 0.784461,47.393738,0 0.779105,47.394260,0 0.774607,47.395115,0 0.767664,47.395550,0 0.763363,47.396250,0 0.758321,47.397877,0 0.755675,47.398290,0 0.734323,47.396477,0 0.727615,47.396500,0 0.726367,47.395252,0 0.725267,47.395040,0 0.717429,47.394836,0 0.712321,47.395355,0 0.708992,47.395947,0 0.706686,47.395912,0 0.705437,47.395490,0 0.702300,47.393406,0 0.699130,47.391790,0 0.693566,47.391010,0 0.693570,47.390720,0 0.694070,47.390266,0 0.693312,47.389893,0 0.692325,47.390470,0</coordinates>
          </LineString>
          <LineString>
            <tessellate>1</tessellate>
            <coordinates>0.810270,47.391430,0 0.810925,47.390650,0 0.812520,47.389496,0 0.813126,47.388348,0 0.813652,47.387783,0 0.813832,47.386980,0 0.815312,47.387226,0 0.817028,47.387230,0 0.820177,47.387947,0 0.821318,47.387420,0 0.824147,47.387226,0 0.825029,47.386597,0 0.825885,47.387440,0 0.826863,47.387703,0 0.829202,47.386974,0 0.830489,47.385555,0 0.831958,47.385887,0 0.832027,47.386920,0 0.832338,47.387090,0 0.839652,47.387005,0 0.839810,47.386910,0 0.839409,47.385105,0 0.840905,47.384600,0 0.841114,47.384380,0 0.843510,47.383877,0 0.844338,47.383366,0 0.850339,47.381172,0 0.851624,47.381690,0 0.852839,47.381600,0 0.856985,47.382330,0 0.859094,47.381798,0 0.861862,47.382294,0 0.862899,47.383034,0 0.865961,47.382850,0 0.864883,47.385105,0 0.864914,47.386997,0 0.864448,47.388490,0 0.863056,47.390870,0 0.862545,47.391167,0 0.856114,47.391235,0 0.855197,47.391390,0 0.854905,47.391636,0 0.855534,47.392060,0 0.858362,47.392902,0 0.862227,47.394394,0 0.865805,47.394875,0 0.874995,47.396744,0 0.879889,47.396675,0 0.886604,47.397236,0 0.888487,47.397083,0 0.894060,47.397217,0 0.899809,47.396620,0 0.908903,47.397995,0 0.912013,47.398285,0 0.918765,47.398636,0 0.921757,47.398315,0 0.924814,47.398388,0 0.927019,47.398770,0 0.929360,47.398800,0 0.941764,47.400406,0 0.951634,47.402460,0 0.970432,47.408344,0 0.971847,47.408897,0 0.974070,47.410540,0 0.979155,47.411762,0 0.979890,47.410550,0 0.979548,47.407870,0 0.980181,47.403973,0 0.980427,47.403870,0 0.980666,47.403267,0 0.981426,47.398890,0 0.982541,47.398987,0 0.982442,47.399525,0 0.981594,47.399467,0</coordinates>
          </LineString>
        </MultiGeometry>
      </Placemark>
      <Placemark>
        <name>D — Bléré - Tours — Ligne régulière hors dimanche</name>
        <description>Groupe horaire : Ligne régulière hors dimanche
Ligne régionale Rémi D. Tracé issu des shapes GTFS officiels fournis.</description>
        <styleUrl>#route_REMI37_Line_59</styleUrl>
        <MultiGeometry>
          <LineString>
            <tessellate>1</tessellate>
            <coordinates>0.701453,47.363750,0 0.717923,47.365932,0 0.718341,47.366234,0 0.722873,47.367756,0 0.725526,47.368320,0 0.727737,47.368460,0 0.730569,47.369015,0 0.730946,47.368920,0 0.731300,47.367980,0 0.733844,47.368440,0 0.741332,47.368717,0 0.744392,47.369102,0 0.758435,47.368763,0 0.762690,47.368480,0 0.772585,47.368484,0 0.779280,47.367990,0 0.786577,47.366870,0 0.789325,47.366130,0 0.797852,47.364760,0 0.799013,47.364212,0 0.801405,47.362473,0 0.809067,47.358870,0 0.811153,47.358295,0 0.814076,47.357967,0 0.827376,47.352825,0 0.827730,47.352530,0 0.828255,47.352486,0 0.831481,47.351250,0 0.831910,47.350937,0 0.836156,47.349506,0 0.843930,47.347630,0 0.842597,47.346928,0 0.841719,47.345425,0 0.838935,47.342100,0 0.837282,47.339622,0 0.834694,47.337330,0 0.834650,47.335686,0 0.834371,47.334390,0 0.834731,47.332764,0 0.831935,47.327720,0 0.831538,47.326515,0 0.831322,47.324856,0 0.830239,47.322140,0 0.828628,47.319798,0 0.826600,47.318356,0 0.825608,47.316273,0 0.835594,47.316032,0 0.836558,47.316150,0 0.837677,47.316590,0 0.838317,47.317110,0 0.839112,47.319065,0 0.839834,47.319836,0 0.841879,47.320710,0 0.843875,47.320805,0 0.845804,47.323895,0 0.846228,47.329000,0 0.848627,47.335766,0</coordinates>
          </LineString>
          <LineString>
            <tessellate>1</tessellate>
            <coordinates>0.703880,47.366596,0 0.703802,47.364033,0 0.717923,47.365932,0 0.718341,47.366234,0 0.722873,47.367756,0 0.725526,47.368320,0 0.727737,47.368460,0 0.730569,47.369015,0 0.730946,47.368920,0 0.731300,47.367980,0 0.733844,47.368440,0 0.741332,47.368717,0 0.744031,47.369100,0 0.758435,47.368763,0 0.762617,47.368484,0 0.762968,47.367410,0 0.762928,47.367010,0 0.762042,47.365623,0 0.764464,47.364693,0 0.765158,47.364230,0 0.764573,47.361200,0 0.769006,47.360530,0 0.771391,47.361008,0 0.774460,47.360980,0 0.774497,47.359604,0 0.773611,47.357810,0 0.771241,47.356056,0 0.770090,47.355427,0 0.769554,47.354725,0 0.769453,47.353810,0 0.770224,47.351654,0 0.770108,47.351433,0 0.770784,47.350697,0 0.774084,47.348377,0 0.777128,47.346714,0 0.779696,47.345623,0 0.781376,47.344150,0 0.786241,47.341496,0 0.788636,47.339314,0 0.791497,47.337627,0 0.798716,47.337242,0 0.801045,47.336830,0 0.808784,47.336290,0 0.810630,47.335777,0 0.811317,47.334953,0 0.812784,47.334560,0 0.812782,47.334194,0 0.811529,47.333603,0 0.810928,47.332912,0 0.809824,47.329502,0 0.810047,47.329082,0 0.809358,47.327750,0</coordinates>
          </LineString>
          <LineString>
            <tessellate>1</tessellate>
            <coordinates>0.815698,47.357340,0 0.813850,47.358036,0 0.811153,47.358295,0 0.808729,47.358997,0 0.806707,47.360100,0 0.805151,47.360638,0 0.801405,47.362473,0 0.799013,47.364212,0 0.797852,47.364760,0 0.789325,47.366130,0 0.786416,47.366898,0 0.779480,47.367966,0 0.775865,47.368324,0 0.771914,47.368500,0 0.762690,47.368480,0 0.758435,47.368763,0 0.744392,47.369102,0 0.741332,47.368717,0 0.733844,47.368440,0 0.731694,47.368080,0 0.731308,47.368160,0 0.731058,47.368910,0 0.730815,47.369045,0 0.727737,47.368460,0 0.725526,47.368320,0 0.722873,47.367756,0 0.716880,47.365948,0 0.702586,47.363884,0 0.700145,47.363730,0 0.699713,47.363980,0 0.699122,47.364902,0 0.696052,47.372486,0 0.695593,47.374080,0 0.693713,47.378418,0 0.693341,47.379738,0 0.692772,47.380560,0 0.689166,47.389790,0 0.689567,47.389942,0 0.689644,47.390200,0 0.693550,47.390750,0 0.694070,47.390266,0 0.693171,47.389896,0 0.692325,47.390470,0</coordinates>
          </LineString>
          <LineString>
            <tessellate>1</tessellate>
            <coordinates>0.692325,47.390470,0 0.692025,47.390540,0 0.699245,47.391525,0 0.701870,47.392840,0 0.704052,47.394306,0 0.704729,47.394184,0 0.705270,47.393288,0 0.706035,47.391300,0 0.713690,47.378242,0 0.714935,47.375317,0 0.715429,47.372593,0 0.715266,47.369680,0 0.714987,47.368443,0 0.714497,47.367367,0 0.713886,47.366440,0 0.713124,47.365746,0 0.713208,47.365360,0 0.717923,47.365932,0 0.718341,47.366234,0 0.722873,47.367756,0 0.725526,47.368320,0 0.727737,47.368460,0 0.730569,47.369015,0 0.730946,47.368920,0 0.731300,47.367980,0 0.733844,47.368440,0 0.741332,47.368717,0 0.744031,47.369100,0 0.758435,47.368763,0 0.762617,47.368484,0 0.762968,47.367410,0 0.762928,47.367010,0 0.762042,47.365623,0 0.764464,47.364693,0 0.765158,47.364230,0 0.764573,47.361200,0 0.763840,47.361110,0 0.763995,47.359800,0 0.763765,47.358870,0 0.761243,47.359406,0 0.757680,47.359177,0 0.758165,47.358740,0 0.765144,47.354874,0 0.770051,47.351437,0 0.770224,47.351654,0 0.769453,47.353810,0 0.769666,47.354980,0 0.773611,47.357810,0 0.774534,47.359750,0 0.774411,47.361385,0 0.777119,47.364697,0 0.778424,47.364430,0 0.780011,47.364680,0 0.780550,47.365917,0 0.780396,47.367120,0 0.780598,47.367794,0 0.786703,47.366848,0 0.789325,47.366130,0 0.797852,47.364760,0 0.799013,47.364212,0 0.801405,47.362473,0 0.805151,47.360638,0 0.806707,47.360100,0 0.808729,47.358997,0 0.811153,47.358295,0 0.813850,47.358036,0 0.816374,47.357080,0 0.813946,47.355602,0 0.811139,47.356840,0 0.809284,47.357220,0 0.806798,47.358032,0 0.805547,47.357864,0 0.805512,47.357464,0 0.804668,47.356182,0 0.802832,47.352040,0 0.801130,47.349070,0 0.801495,47.347890,0 0.801592,47.346245,0 0.801318,47.345078,0 0.801351,47.343956,0 0.801901,47.341720,0 0.802281,47.339005,0 0.803078,47.336700,0 0.809447,47.336160,0 0.810630,47.335777,0 0.811317,47.334953,0 0.812874,47.334470,0 0.812782,47.334194,0 0.811236,47.333374,0 0.810928,47.332912,0 0.809824,47.329502,0 0.810047,47.329082,0 0.807979,47.325314,0 0.805166,47.328102,0 0.804695,47.329410,0</coordinates>
          </LineString>
          <LineString>
            <tessellate>1</tessellate>
            <coordinates>0.765004,47.363550,0 0.764573,47.361200,0 0.763840,47.361110,0 0.763995,47.359800,0 0.763765,47.358870,0 0.761243,47.359406,0 0.757680,47.359177,0 0.758165,47.358740,0 0.765144,47.354874,0 0.770163,47.351456,0 0.769453,47.353810,0 0.769607,47.354870,0 0.770090,47.355427,0 0.771241,47.356056,0 0.773611,47.357810,0 0.774497,47.359604,0 0.774460,47.360980,0 0.771391,47.361008,0 0.769006,47.360530,0 0.764573,47.361200,0 0.765158,47.364230,0 0.764464,47.364693,0 0.762042,47.365623,0 0.762928,47.367010,0 0.762968,47.367410,0 0.762617,47.368484,0 0.758435,47.368763,0 0.744031,47.369100,0 0.741332,47.368717,0 0.733844,47.368440,0 0.731694,47.368080,0 0.731308,47.368160,0 0.731058,47.368910,0 0.730815,47.369045,0 0.727737,47.368460,0 0.725526,47.368320,0 0.722079,47.367554,0 0.717313,47.366035,0 0.715392,47.365852,0 0.715093,47.366077,0 0.714971,47.366684,0 0.715542,47.370132,0 0.715641,47.372036,0 0.715118,47.375343,0 0.713732,47.378510,0 0.706322,47.391285,0 0.706031,47.392864,0 0.706247,47.393948,0 0.706862,47.395040,0 0.706755,47.395424,0 0.706192,47.395800,0 0.705728,47.395634,0 0.702300,47.393406,0 0.699130,47.391790,0 0.693566,47.391010,0 0.693570,47.390720,0 0.694070,47.390266,0 0.693312,47.389893,0 0.692325,47.390470,0</coordinates>
          </LineString>
          <LineString>
            <tessellate>1</tessellate>
            <coordinates>0.812734,47.334583,0 0.812890,47.334373,0 0.812782,47.334194,0 0.811529,47.333603,0 0.810928,47.332912,0 0.809824,47.329502,0 0.810047,47.329082,0 0.807928,47.325287,0 0.804996,47.328390,0 0.804000,47.331356,0 0.803699,47.333850,0 0.803078,47.336700,0 0.800768,47.336864,0 0.798716,47.337242,0 0.792254,47.337486,0 0.791424,47.337658,0 0.788636,47.339314,0 0.786241,47.341496,0 0.781376,47.344150,0 0.779696,47.345623,0 0.777128,47.346714,0 0.774084,47.348377,0 0.771339,47.350258,0 0.770230,47.351230,0 0.769453,47.353810,0 0.769666,47.354980,0 0.773611,47.357810,0 0.774534,47.359750,0 0.774411,47.361385,0 0.777119,47.364697,0 0.778424,47.364430,0 0.780011,47.364680,0 0.780550,47.365917,0 0.780396,47.367120,0 0.780598,47.367794,0 0.776984,47.368248,0 0.773173,47.368465,0 0.762690,47.368480,0 0.758435,47.368763,0 0.744392,47.369102,0 0.741332,47.368717,0 0.733844,47.368440,0 0.731694,47.368080,0 0.731308,47.368160,0 0.731058,47.368910,0 0.730704,47.369038,0 0.727737,47.368460,0 0.725526,47.368320,0 0.722873,47.367756,0 0.718204,47.366260,0 0.717793,47.366295,0 0.716420,47.365870,0 0.700775,47.363663,0 0.699627,47.363970,0 0.699524,47.363790,0 0.699946,47.363495,0 0.701115,47.363438,0 0.701367,47.362785,0 0.702085,47.362286,0 0.703085,47.361150,0 0.703042,47.360950,0 0.699297,47.360080,0 0.698363,47.359550,0 0.697586,47.359756,0 0.697099,47.360950,0 0.695846,47.362125,0 0.695971,47.362576,0 0.698652,47.363350,0 0.699505,47.363840,0 0.700441,47.363600,0 0.703802,47.364033,0 0.703880,47.366596,0</coordinates>
          </LineString>
          <LineString>
            <tessellate>1</tessellate>
            <coordinates>0.994809,47.326916,0 0.995021,47.327576,0 0.995329,47.327730,0 0.995478,47.329136,0 0.995141,47.329480,0 0.993370,47.330090,0 0.990527,47.330276,0 0.988892,47.330180,0 0.988419,47.329193,0 0.987742,47.328705,0 0.987303,47.327780,0 0.984031,47.328236,0 0.981015,47.328190,0 0.973153,47.329464,0 0.964412,47.330227,0 0.962545,47.329740,0 0.960770,47.328846,0 0.958849,47.327457,0 0.956915,47.326900,0 0.941590,47.326510,0 0.935117,47.327650,0 0.934593,47.327060,0 0.925612,47.322147,0 0.923887,47.321587,0 0.921455,47.321255,0 0.922138,47.322930,0 0.921455,47.321255,0 0.915461,47.321033,0 0.915079,47.321360,0 0.910979,47.321674,0 0.910294,47.321940,0 0.910734,47.323970,0 0.909872,47.327595,0 0.907436,47.330130,0 0.905141,47.331795,0 0.904397,47.333015,0 0.904340,47.333206,0 0.904595,47.333378,0 0.904470,47.333557,0 0.903422,47.333527,0 0.899371,47.334280,0 0.884697,47.337837,0 0.881639,47.339000,0 0.877518,47.339560,0 0.836156,47.349506,0 0.814257,47.357906,0 0.811153,47.358295,0 0.808729,47.358997,0 0.806707,47.360100,0 0.805151,47.360638,0 0.801405,47.362473,0 0.799013,47.364212,0 0.797852,47.364760,0 0.789325,47.366130,0 0.786577,47.366870,0 0.779280,47.367990,0 0.772585,47.368484,0 0.762690,47.368480,0 0.758435,47.368763,0 0.744392,47.369102,0 0.741332,47.368717,0 0.733844,47.368440,0 0.731694,47.368080,0 0.731308,47.368160,0 0.731058,47.368910,0 0.730704,47.369038,0 0.727737,47.368460,0 0.725526,47.368320,0 0.722873,47.367756,0 0.718204,47.366260,0 0.717793,47.366295,0 0.716420,47.365870,0 0.700775,47.363663,0 0.699627,47.363970,0 0.699524,47.363790,0 0.699946,47.363495,0 0.701115,47.363438,0 0.701420,47.362720,0 0.701996,47.362370,0 0.703085,47.361150,0 0.702757,47.360764,0 0.700227,47.360264,0</coordinates>
          </LineString>
          <LineString>
            <tessellate>1</tessellate>
            <coordinates>0.692325,47.390470,0 0.692025,47.390540,0 0.691922,47.390785,0 0.688201,47.390182,0 0.688348,47.389850,0 0.688930,47.389675,0 0.689787,47.387905,0 0.692772,47.380560,0 0.692944,47.379600,0 0.693461,47.378708,0 0.695211,47.374110,0 0.696052,47.372486,0 0.699641,47.363716,0 0.700441,47.363600,0 0.717923,47.365932,0 0.718341,47.366234,0 0.722873,47.367756,0 0.725526,47.368320,0 0.727737,47.368460,0 0.730569,47.369015,0 0.730946,47.368920,0 0.731300,47.367980,0 0.733844,47.368440,0 0.741332,47.368717,0 0.744031,47.369100,0 0.758435,47.368763,0 0.762690,47.368480,0 0.771914,47.368500,0 0.775865,47.368324,0 0.779480,47.367966,0 0.786218,47.366930,0 0.789325,47.366130,0 0.797414,47.364872,0 0.798851,47.364310,0 0.801405,47.362473,0 0.805151,47.360638,0 0.806707,47.360100,0 0.808729,47.358997,0 0.811153,47.358295,0 0.814257,47.357906,0 0.827376,47.352825,0 0.827730,47.352530,0 0.828255,47.352486,0 0.831481,47.351250,0 0.831910,47.350937,0 0.835783,47.349610,0 0.877518,47.339560,0 0.881639,47.339000,0 0.885384,47.337658,0 0.900127,47.334106,0 0.903922,47.333412,0 0.904340,47.333206,0 0.905224,47.331710,0 0.907436,47.330130,0 0.909872,47.327595,0 0.910734,47.323970,0 0.910347,47.321854,0 0.911511,47.321606,0 0.915079,47.321360,0 0.915461,47.321033,0 0.921074,47.321213,0 0.924835,47.321820,0 0.935428,47.327587,0 0.941590,47.326510,0 0.956915,47.326900,0 0.958849,47.327457,0 0.960770,47.328846,0 0.962545,47.329740,0 0.964412,47.330227,0 0.968066,47.330010,0 0.972460,47.329346,0 0.973813,47.329365,0 0.981015,47.328190,0 0.984031,47.328236,0 0.987303,47.327780,0 0.987742,47.328705,0 0.988419,47.329193,0 0.988892,47.330180,0 0.990456,47.330147,0 0.990527,47.330276,0 0.993370,47.330090,0 0.995141,47.329480,0 0.995478,47.329136,0 0.995329,47.327730,0 0.995021,47.327576,0 0.994809,47.326916,0</coordinates>
          </LineString>
          <LineString>
            <tessellate>1</tessellate>
            <coordinates>0.703880,47.366596,0 0.703802,47.364033,0 0.717923,47.365932,0 0.718341,47.366234,0 0.722873,47.367756,0 0.725526,47.368320,0 0.727737,47.368460,0 0.730569,47.369015,0 0.730946,47.368920,0 0.731300,47.367980,0 0.733844,47.368440,0 0.741332,47.368717,0 0.744392,47.369102,0 0.758435,47.368763,0 0.762690,47.368480,0 0.773173,47.368465,0 0.779480,47.367966,0 0.786577,47.366870,0 0.789325,47.366130,0 0.797852,47.364760,0 0.799013,47.364212,0 0.801405,47.362473,0 0.809067,47.358870,0 0.811153,47.358295,0 0.814257,47.357906,0 0.827376,47.352825,0 0.827730,47.352530,0 0.828255,47.352486,0 0.831481,47.351250,0 0.831910,47.350937,0 0.835670,47.349644,0 0.848374,47.346542,0 0.848578,47.344010,0 0.847752,47.344112,0 0.846236,47.344660,0 0.846295,47.344845,0 0.845873,47.345108,0 0.845302,47.345196,0 0.844477,47.344810,0 0.843163,47.344560,0 0.841297,47.343254,0 0.840159,47.343560,0 0.837115,47.339428,0 0.834694,47.337330,0 0.834650,47.335686,0 0.834371,47.334390,0 0.834731,47.332764,0 0.831935,47.327720,0 0.831538,47.326515,0 0.831322,47.324856,0 0.830239,47.322140,0 0.828628,47.319798,0 0.826600,47.318356,0 0.825608,47.316273,0 0.826458,47.315434,0 0.827517,47.313793,0 0.829022,47.312850,0 0.831144,47.312275,0 0.833952,47.312210,0 0.834354,47.311882,0 0.834156,47.311290,0 0.839600,47.310783,0 0.843580,47.309467,0 0.846443,47.309280,0 0.847548,47.309517,0 0.849909,47.309500,0 0.853926,47.309200,0 0.856509,47.310610,0 0.858178,47.312010,0 0.858830,47.313156,0 0.859397,47.319054,0 0.859280,47.320080,0 0.860609,47.321606,0 0.865195,47.321182,0 0.871315,47.321552,0 0.873304,47.322010,0 0.876436,47.320450,0 0.877233,47.320225,0 0.882026,47.320465,0 0.885476,47.319958,0 0.887561,47.320248,0 0.888615,47.320213,0 0.892635,47.318867,0 0.893343,47.319046,0 0.894208,47.319603,0 0.895707,47.321217,0 0.895860,47.321800,0 0.895777,47.322678,0 0.895243,47.323720,0 0.895378,47.325550,0 0.897109,47.327854,0 0.898027,47.329480,0 0.898034,47.330170,0 0.898791,47.331116,0 0.899138,47.331960,0 0.901788,47.333460,0 0.902647,47.333523,0 0.903742,47.333134,0 0.904595,47.333378,0 0.904402,47.333576,0 0.903422,47.333527,0 0.900127,47.334106,0 0.885384,47.337658,0 0.882096,47.338867,0</coordinates>
          </LineString>
          <LineString>
            <tessellate>1</tessellate>
            <coordinates>0.835507,47.337994,0 0.834628,47.337177,0 0.834650,47.335686,0 0.834371,47.334390,0 0.834731,47.332764,0 0.831935,47.327720,0 0.831538,47.326515,0 0.831322,47.324856,0 0.830239,47.322140,0 0.828628,47.319798,0 0.826600,47.318356,0 0.825711,47.316254,0 0.835594,47.316032,0 0.836558,47.316150,0 0.837677,47.316590,0 0.838317,47.317110,0 0.839112,47.319065,0 0.839834,47.319836,0 0.841879,47.320710,0 0.843610,47.320717,0 0.843973,47.320923,0 0.845880,47.324135,0 0.846228,47.329000,0 0.848635,47.335810,0 0.848798,47.340576,0 0.848374,47.346542,0 0.835670,47.349644,0 0.814257,47.357906,0 0.811153,47.358295,0 0.809067,47.358870,0 0.801405,47.362473,0 0.799013,47.364212,0 0.797852,47.364760,0 0.789325,47.366130,0 0.786416,47.366898,0 0.776984,47.368248,0 0.771914,47.368500,0 0.762690,47.368480,0 0.758435,47.368763,0 0.744392,47.369102,0 0.741332,47.368717,0 0.733844,47.368440,0 0.731694,47.368080,0 0.731308,47.368160,0 0.731058,47.368910,0 0.730704,47.369038,0 0.727737,47.368460,0 0.725526,47.368320,0 0.722873,47.367756,0 0.718204,47.366260,0 0.717793,47.366295,0 0.716420,47.365870,0 0.700775,47.363663,0 0.699627,47.363970,0 0.699524,47.363790,0 0.699946,47.363495,0 0.701115,47.363438,0 0.701420,47.362720,0 0.701996,47.362370,0 0.703085,47.361150,0 0.702757,47.360764,0 0.700227,47.360264,0</coordinates>
          </LineString>
          <LineString>
            <tessellate>1</tessellate>
            <coordinates>0.703880,47.366596,0 0.703802,47.364033,0 0.717923,47.365932,0 0.718341,47.366234,0 0.722873,47.367756,0 0.725526,47.368320,0 0.727737,47.368460,0 0.730569,47.369015,0 0.730946,47.368920,0 0.731300,47.367980,0 0.733844,47.368440,0 0.741332,47.368717,0 0.744392,47.369102,0 0.758435,47.368763,0 0.762690,47.368480,0 0.773173,47.368465,0 0.776984,47.368248,0 0.780598,47.367794,0 0.780396,47.367120,0 0.780550,47.365917,0 0.780011,47.364680,0 0.778424,47.364430,0 0.777177,47.364810,0 0.774411,47.361385,0 0.774534,47.359750,0 0.773611,47.357810,0 0.769666,47.354980,0 0.769453,47.353810,0 0.770163,47.351456,0 0.765144,47.354874,0 0.758165,47.358740,0 0.757671,47.359234,0 0.761243,47.359406,0 0.763705,47.358883,0</coordinates>
          </LineString>
          <LineString>
            <tessellate>1</tessellate>
            <coordinates>0.994809,47.326916,0 0.995021,47.327576,0 0.995329,47.327730,0 0.995478,47.329136,0 0.995141,47.329480,0 0.993370,47.330090,0 0.990527,47.330276,0 0.988892,47.330180,0 0.988419,47.329193,0 0.987742,47.328705,0 0.987303,47.327780,0 0.984031,47.328236,0 0.981015,47.328190,0 0.973153,47.329464,0 0.964734,47.330242,0 0.962882,47.329887,0 0.960770,47.328846,0 0.958849,47.327457,0 0.957104,47.326920,0 0.941590,47.326510,0 0.905098,47.333233,0 0.904402,47.333576,0 0.903422,47.333527,0 0.900127,47.334106,0 0.885099,47.337730,0 0.881639,47.339000,0 0.877518,47.339560,0 0.835783,47.349610,0 0.814257,47.357906,0 0.811153,47.358295,0 0.808729,47.358997,0 0.806707,47.360100,0 0.805151,47.360638,0 0.801405,47.362473,0 0.799013,47.364212,0 0.797852,47.364760,0 0.789325,47.366130,0 0.786577,47.366870,0 0.779480,47.367966,0 0.773173,47.368465,0 0.762690,47.368480,0 0.758435,47.368763,0 0.744392,47.369102,0 0.741332,47.368717,0 0.733844,47.368440,0 0.731694,47.368080,0 0.731308,47.368160,0 0.731058,47.368910,0 0.730815,47.369045,0 0.727737,47.368460,0 0.725526,47.368320,0 0.722079,47.367554,0 0.717313,47.366035,0 0.715392,47.365852,0 0.715093,47.366077,0 0.714971,47.366684,0 0.715542,47.370132,0 0.715641,47.372036,0 0.715118,47.375343,0 0.713732,47.378510,0 0.706322,47.391285,0 0.706031,47.392864,0 0.706247,47.393948,0 0.706862,47.395040,0 0.706755,47.395424,0 0.706192,47.395800,0 0.705728,47.395634,0 0.702300,47.393406,0 0.699130,47.391790,0 0.693566,47.391010,0 0.693570,47.390720,0 0.694070,47.390266,0 0.693312,47.389893,0 0.692325,47.390470,0</coordinates>
          </LineString>
          <LineString>
            <tessellate>1</tessellate>
            <coordinates>0.856246,47.310440,0 0.853926,47.309200,0 0.849909,47.309500,0 0.847548,47.309517,0 0.846443,47.309280,0 0.843492,47.309483,0 0.839600,47.310783,0 0.834156,47.311290,0 0.834354,47.311882,0 0.833952,47.312210,0 0.831144,47.312275,0 0.829022,47.312850,0 0.827517,47.313793,0 0.826458,47.315434,0 0.825608,47.316273,0 0.826600,47.318356,0 0.828628,47.319798,0 0.830239,47.322140,0 0.831322,47.324856,0 0.831538,47.326515,0 0.831935,47.327720,0 0.834731,47.332764,0 0.834371,47.334390,0 0.834650,47.335686,0 0.834694,47.337330,0 0.837115,47.339428,0 0.840159,47.343560,0 0.841297,47.343254,0 0.843163,47.344560,0 0.844477,47.344810,0 0.845302,47.345196,0 0.845873,47.345108,0 0.846295,47.344845,0 0.846236,47.344660,0 0.847752,47.344112,0 0.848578,47.344010,0 0.848374,47.346542,0 0.835670,47.349644,0 0.814257,47.357906,0 0.811153,47.358295,0 0.809067,47.358870,0 0.801405,47.362473,0 0.799013,47.364212,0 0.797852,47.364760,0 0.789325,47.366130,0 0.786577,47.366870,0 0.779480,47.367966,0 0.773173,47.368465,0 0.762690,47.368480,0 0.758435,47.368763,0 0.744392,47.369102,0 0.741332,47.368717,0 0.733844,47.368440,0 0.731694,47.368080,0 0.731308,47.368160,0 0.731058,47.368910,0 0.730815,47.369045,0 0.727737,47.368460,0 0.725526,47.368320,0 0.722873,47.367756,0 0.717129,47.365993,0 0.703777,47.364143,0 0.703880,47.366596,0</coordinates>
          </LineString>
          <LineString>
            <tessellate>1</tessellate>
            <coordinates>0.851329,47.352898,0 0.850384,47.351006,0 0.847514,47.350594,0 0.846711,47.350130,0 0.845792,47.348938,0 0.846114,47.348656,0 0.847390,47.348274,0 0.847878,47.347670,0 0.848374,47.346542,0 0.868055,47.341810,0 0.864895,47.336395,0 0.863603,47.335606,0 0.863077,47.334460,0 0.863034,47.333035,0 0.861927,47.332210,0 0.861783,47.330284,0 0.861044,47.328270,0 0.861233,47.326614,0 0.861883,47.324757,0 0.861901,47.323658,0 0.861644,47.322926,0 0.860609,47.321606,0 0.858526,47.322254,0 0.857370,47.322388,0 0.855919,47.321518,0 0.853070,47.321140,0 0.848333,47.320633,0 0.843949,47.320793,0 0.845880,47.324135,0 0.846228,47.329000,0 0.848635,47.335810,0 0.848798,47.340576,0 0.848374,47.346542,0 0.835670,47.349644,0 0.814257,47.357906,0 0.811153,47.358295,0 0.809067,47.358870,0 0.801405,47.362473,0 0.799013,47.364212,0 0.797852,47.364760,0 0.789325,47.366130,0 0.786416,47.366898,0 0.776894,47.368256,0 0.771914,47.368500,0 0.762690,47.368480,0 0.758435,47.368763,0 0.744392,47.369102,0 0.741332,47.368717,0 0.733844,47.368440,0 0.731694,47.368080,0 0.731308,47.368160,0 0.731058,47.368910,0 0.730704,47.369038,0 0.727737,47.368460,0 0.725526,47.368320,0 0.722873,47.367756,0 0.717129,47.365993,0 0.703777,47.364143,0 0.703880,47.366596,0</coordinates>
          </LineString>
          <LineString>
            <tessellate>1</tessellate>
            <coordinates>0.994809,47.326916,0 0.995021,47.327576,0 0.995329,47.327730,0 0.995478,47.329136,0 0.995141,47.329480,0 0.993370,47.330090,0 0.990527,47.330276,0 0.988892,47.330180,0 0.988419,47.329193,0 0.987742,47.328705,0 0.987303,47.327780,0 0.984031,47.328236,0 0.981015,47.328190,0 0.973153,47.329464,0 0.964412,47.330227,0 0.962545,47.329740,0 0.960770,47.328846,0 0.958849,47.327457,0 0.956915,47.326900,0 0.941590,47.326510,0 0.935117,47.327650,0 0.934593,47.327060,0 0.924835,47.321820,0 0.921455,47.321255,0 0.922138,47.322930,0 0.921455,47.321255,0 0.915461,47.321033,0 0.915079,47.321360,0 0.911511,47.321606,0 0.910347,47.321854,0 0.910734,47.323970,0 0.909917,47.327510,0 0.907436,47.330130,0 0.905141,47.331795,0 0.904397,47.333015,0 0.904340,47.333206,0 0.904595,47.333378,0 0.904470,47.333557,0 0.903422,47.333527,0 0.899371,47.334280,0 0.884697,47.337837,0 0.881639,47.339000,0 0.877518,47.339560,0 0.835783,47.349610,0 0.814257,47.357906,0 0.811153,47.358295,0 0.808729,47.358997,0 0.806707,47.360100,0 0.805151,47.360638,0 0.801405,47.362473,0 0.798851,47.364310,0 0.797414,47.364872,0 0.789325,47.366130,0 0.786218,47.366930,0 0.779480,47.367966,0 0.775865,47.368324,0 0.771914,47.368500,0 0.762690,47.368480,0 0.758435,47.368763,0 0.744392,47.369102,0 0.741332,47.368717,0 0.733844,47.368440,0 0.731694,47.368080,0 0.731308,47.368160,0 0.731058,47.368910,0 0.730815,47.369045,0 0.727737,47.368460,0 0.725526,47.368320,0 0.722873,47.367756,0 0.716880,47.365948,0 0.702586,47.363884,0 0.700145,47.363730,0 0.699713,47.363980,0 0.699122,47.364902,0 0.696052,47.372486,0 0.695593,47.374080,0 0.693713,47.378418,0 0.693341,47.379738,0 0.692772,47.380560,0 0.689166,47.389790,0 0.689567,47.389942,0 0.689644,47.390200,0 0.693550,47.390750,0 0.694070,47.390266,0 0.693171,47.389896,0 0.692325,47.390470,0</coordinates>
          </LineString>
          <LineString>
            <tessellate>1</tessellate>
            <coordinates>0.835507,47.337994,0 0.834628,47.337177,0 0.834650,47.335686,0 0.834371,47.334390,0 0.834731,47.332764,0 0.831935,47.327720,0 0.831538,47.326515,0 0.831322,47.324856,0 0.830239,47.322140,0 0.828628,47.319798,0 0.826600,47.318356,0 0.825608,47.316273,0 0.835594,47.316032,0 0.837233,47.316370,0 0.838317,47.317110,0 0.839383,47.319460,0 0.840147,47.320020,0 0.841879,47.320710,0 0.843875,47.320805,0 0.845500,47.323315,0 0.845912,47.324380,0 0.846228,47.329000,0 0.848635,47.335810,0 0.848798,47.340576,0 0.848536,47.345646,0 0.848374,47.346542,0 0.843458,47.347740,0</coordinates>
          </LineString>
          <LineString>
            <tessellate>1</tessellate>
            <coordinates>0.765004,47.363550,0 0.764573,47.361200,0 0.763840,47.361110,0 0.763995,47.359800,0 0.763765,47.358870,0 0.761243,47.359406,0 0.757680,47.359177,0 0.758165,47.358740,0 0.765144,47.354874,0 0.770108,47.351433,0 0.770224,47.351654,0 0.769453,47.353810,0 0.769666,47.354980,0 0.773611,47.357810,0 0.774534,47.359750,0 0.774411,47.361385,0 0.777119,47.364697,0 0.778424,47.364430,0 0.780011,47.364680,0 0.780550,47.365917,0 0.780396,47.367120,0 0.780598,47.367794,0 0.776984,47.368248,0 0.773173,47.368465,0 0.762690,47.368480,0 0.758435,47.368763,0 0.744392,47.369102,0 0.741332,47.368717,0 0.733844,47.368440,0 0.731694,47.368080,0 0.731308,47.368160,0 0.731058,47.368910,0 0.730704,47.369038,0 0.727737,47.368460,0 0.725526,47.368320,0 0.722873,47.367756,0 0.718204,47.366260,0 0.717793,47.366295,0 0.716420,47.365870,0 0.700775,47.363663,0 0.699627,47.363970,0 0.699524,47.363790,0 0.699946,47.363495,0 0.701115,47.363438,0 0.701367,47.362785,0 0.702085,47.362286,0 0.703085,47.361150,0 0.703042,47.360950,0 0.699297,47.360080,0 0.698363,47.359550,0 0.697586,47.359756,0 0.697099,47.360950,0 0.695846,47.362125,0 0.695971,47.362576,0 0.698652,47.363350,0 0.699505,47.363840,0 0.700441,47.363600,0 0.703802,47.364033,0 0.703880,47.366596,0</coordinates>
          </LineString>
          <LineString>
            <tessellate>1</tessellate>
            <coordinates>0.814995,47.320343,0 0.810823,47.322220,0 0.810560,47.322754,0 0.805166,47.328102,0 0.804000,47.331356,0 0.803678,47.333950,0 0.803047,47.336840,0 0.802281,47.339005,0 0.801901,47.341720,0 0.801351,47.343956,0 0.801318,47.345078,0 0.801592,47.346245,0 0.801495,47.347890,0 0.801099,47.348934,0 0.802832,47.352040,0 0.804668,47.356182,0 0.805605,47.357723,0 0.806798,47.358032,0 0.809284,47.357220,0 0.811139,47.356840,0 0.813946,47.355602,0 0.816374,47.357080,0 0.827376,47.352825,0 0.827730,47.352530,0 0.828255,47.352486,0 0.831481,47.351250,0 0.831910,47.350937,0 0.837191,47.349260,0 0.836240,47.347500,0 0.834718,47.345770,0 0.835987,47.345295,0 0.835559,47.344680,0 0.833749,47.344994,0 0.835192,47.346146,0 0.836240,47.347500,0 0.837191,47.349260,0 0.835411,47.349730,0 0.814257,47.357906,0 0.811153,47.358295,0 0.808729,47.358997,0 0.806707,47.360100,0 0.805151,47.360638,0 0.801405,47.362473,0 0.799013,47.364212,0 0.797852,47.364760,0 0.789325,47.366130,0 0.786577,47.366870,0 0.779480,47.367966,0 0.773173,47.368465,0 0.762690,47.368480,0 0.758435,47.368763,0 0.744392,47.369102,0 0.741332,47.368717,0 0.733844,47.368440,0 0.731694,47.368080,0 0.731308,47.368160,0 0.731058,47.368910,0 0.730815,47.369045,0 0.727737,47.368460,0 0.725526,47.368320,0 0.722873,47.367756,0 0.717129,47.365993,0 0.703777,47.364143,0 0.703880,47.366596,0</coordinates>
          </LineString>
          <LineString>
            <tessellate>1</tessellate>
            <coordinates>0.810563,47.335808,0 0.811173,47.335040,0 0.812681,47.334606,0 0.812890,47.334373,0 0.811529,47.333603,0 0.810928,47.332912,0 0.809824,47.329502,0 0.810047,47.329082,0 0.807928,47.325287,0 0.805056,47.328266,0 0.804000,47.331356,0 0.803678,47.333950,0 0.803047,47.336840,0 0.802281,47.339005,0 0.801901,47.341720,0 0.801351,47.343956,0 0.801318,47.345078,0 0.801592,47.346245,0 0.801495,47.347890,0 0.801130,47.349070,0 0.802832,47.352040,0 0.804668,47.356182,0 0.805746,47.357822,0 0.806798,47.358032,0 0.809284,47.357220,0 0.811139,47.356840,0 0.813946,47.355602,0 0.816374,47.357080,0 0.813850,47.358036,0 0.811153,47.358295,0 0.808729,47.358997,0 0.806707,47.360100,0 0.805151,47.360638,0 0.801405,47.362473,0 0.799013,47.364212,0 0.797852,47.364760,0 0.789325,47.366130,0 0.786416,47.366898,0 0.776894,47.368256,0 0.771914,47.368500,0 0.762690,47.368480,0 0.758435,47.368763,0 0.744392,47.369102,0 0.741332,47.368717,0 0.733844,47.368440,0 0.731694,47.368080,0 0.731308,47.368160,0 0.731058,47.368910,0 0.730815,47.369045,0 0.727737,47.368460,0 0.725526,47.368320,0 0.722079,47.367554,0 0.717313,47.366035,0 0.715392,47.365852,0 0.715093,47.366077,0 0.714971,47.366684,0 0.715542,47.370132,0 0.715641,47.372036,0 0.715118,47.375343,0 0.713732,47.378510,0 0.706322,47.391285,0 0.706031,47.392864,0 0.706247,47.393948,0 0.706862,47.395040,0 0.706755,47.395424,0 0.706192,47.395800,0 0.705728,47.395634,0 0.702300,47.393406,0 0.699130,47.391790,0 0.693566,47.391010,0 0.693570,47.390720,0 0.694070,47.390266,0 0.693312,47.389893,0 0.692325,47.390470,0</coordinates>
          </LineString>
          <LineString>
            <tessellate>1</tessellate>
            <coordinates>0.703880,47.366596,0 0.703802,47.364033,0 0.717923,47.365932,0 0.718341,47.366234,0 0.722873,47.367756,0 0.725526,47.368320,0 0.727737,47.368460,0 0.730569,47.369015,0 0.730946,47.368920,0 0.731300,47.367980,0 0.733844,47.368440,0 0.741332,47.368717,0 0.744392,47.369102,0 0.758435,47.368763,0 0.762690,47.368480,0 0.773173,47.368465,0 0.779480,47.367966,0 0.786577,47.366870,0 0.789325,47.366130,0 0.797852,47.364760,0 0.799013,47.364212,0 0.801405,47.362473,0 0.805151,47.360638,0 0.806707,47.360100,0 0.808729,47.358997,0 0.811153,47.358295,0 0.814257,47.357906,0 0.827376,47.352825,0 0.827730,47.352530,0 0.828255,47.352486,0 0.831481,47.351250,0 0.831910,47.350937,0 0.837191,47.349260,0 0.836240,47.347500,0 0.834718,47.345770,0 0.835987,47.345295,0 0.835559,47.344680,0 0.833749,47.344994,0 0.835192,47.346146,0 0.836240,47.347500,0 0.837191,47.349260,0 0.835411,47.349730,0 0.816374,47.357080,0 0.813946,47.355602,0 0.811139,47.356840,0 0.809284,47.357220,0 0.806798,47.358032,0 0.805523,47.357845,0 0.805512,47.357464,0 0.804668,47.356182,0 0.802832,47.352040,0 0.801099,47.348934,0 0.801495,47.347890,0 0.801592,47.346245,0 0.801318,47.345078,0 0.801351,47.343956,0 0.801901,47.341720,0 0.802281,47.339005,0 0.803047,47.336840,0 0.803678,47.333950,0 0.804000,47.331356,0 0.805166,47.328102,0 0.810560,47.322754,0 0.810823,47.322220,0 0.814929,47.320366,0</coordinates>
          </LineString>
          <LineString>
            <tessellate>1</tessellate>
            <coordinates>0.692325,47.390470,0 0.692025,47.390540,0 0.691922,47.390785,0 0.688201,47.390182,0 0.688348,47.389850,0 0.688930,47.389675,0 0.689787,47.387905,0 0.692772,47.380560,0 0.692944,47.379600,0 0.693461,47.378708,0 0.695211,47.374110,0 0.696052,47.372486,0 0.699641,47.363716,0 0.700441,47.363600,0 0.717923,47.365932,0 0.718341,47.366234,0 0.722873,47.367756,0 0.725526,47.368320,0 0.727737,47.368460,0 0.730569,47.369015,0 0.730946,47.368920,0 0.731300,47.367980,0 0.733844,47.368440,0 0.741332,47.368717,0 0.744392,47.369102,0 0.758435,47.368763,0 0.762690,47.368480,0 0.771914,47.368500,0 0.777132,47.368233,0 0.786416,47.366898,0 0.789325,47.366130,0 0.797852,47.364760,0 0.799013,47.364212,0 0.801405,47.362473,0 0.809067,47.358870,0 0.811153,47.358295,0 0.814076,47.357967,0 0.827376,47.352825,0 0.827730,47.352530,0 0.828255,47.352486,0 0.831481,47.351250,0 0.831910,47.350937,0 0.836156,47.349506,0 0.843499,47.347733,0</coordinates>
          </LineString>
          <LineString>
            <tessellate>1</tessellate>
            <coordinates>0.810563,47.335808,0 0.811173,47.335040,0 0.812681,47.334606,0 0.812890,47.334373,0 0.811529,47.333603,0 0.810928,47.332912,0 0.809824,47.329502,0 0.810047,47.329082,0 0.807928,47.325287,0 0.805056,47.328266,0 0.804000,47.331356,0 0.803678,47.333950,0 0.803047,47.336840,0 0.802281,47.339005,0 0.801901,47.341720,0 0.801351,47.343956,0 0.801318,47.345078,0 0.801592,47.346245,0 0.801495,47.347890,0 0.801130,47.349070,0 0.802832,47.352040,0 0.804668,47.356182,0 0.805746,47.357822,0 0.806798,47.358032,0 0.809284,47.357220,0 0.811139,47.356840,0 0.813946,47.355602,0 0.816374,47.357080,0 0.813850,47.358036,0 0.811153,47.358295,0 0.808729,47.358997,0 0.806707,47.360100,0 0.805151,47.360638,0 0.801405,47.362473,0 0.798851,47.364310,0 0.797414,47.364872,0 0.789325,47.366130,0 0.786218,47.366930,0 0.779480,47.367966,0 0.775865,47.368324,0 0.771914,47.368500,0 0.762690,47.368480,0 0.758435,47.368763,0 0.744392,47.369102,0 0.741332,47.368717,0 0.733844,47.368440,0 0.731694,47.368080,0 0.731308,47.368160,0 0.731058,47.368910,0 0.730815,47.369045,0 0.727737,47.368460,0 0.725526,47.368320,0 0.722873,47.367756,0 0.718204,47.366260,0 0.717793,47.366295,0 0.716420,47.365870,0 0.700775,47.363663,0 0.699627,47.363970,0 0.699524,47.363790,0 0.699946,47.363495,0 0.701115,47.363438,0 0.701420,47.362720,0 0.701996,47.362370,0 0.703085,47.361150,0 0.702757,47.360764,0 0.700227,47.360264,0</coordinates>
          </LineString>
          <LineString>
            <tessellate>1</tessellate>
            <coordinates>0.703880,47.366596,0 0.703802,47.364033,0 0.717923,47.365932,0 0.718341,47.366234,0 0.722873,47.367756,0 0.725526,47.368320,0 0.727737,47.368460,0 0.730208,47.368970,0 0.730946,47.368920,0 0.731300,47.367980,0 0.733844,47.368440,0 0.741332,47.368717,0 0.744392,47.369102,0 0.758435,47.368763,0 0.762690,47.368480,0 0.771914,47.368500,0 0.776894,47.368256,0 0.786416,47.366898,0 0.789325,47.366130,0 0.797852,47.364760,0 0.799013,47.364212,0 0.801405,47.362473,0 0.809067,47.358870,0 0.811153,47.358295,0 0.814257,47.357906,0 0.827376,47.352825,0 0.827730,47.352530,0 0.828255,47.352486,0 0.831481,47.351250,0 0.831910,47.350937,0 0.835670,47.349644,0 0.848374,47.346542,0 0.848798,47.340576,0 0.848635,47.335810,0 0.846228,47.329000,0 0.845880,47.324135,0 0.843949,47.320793,0 0.848333,47.320633,0 0.853070,47.321140,0 0.855919,47.321518,0 0.857370,47.322388,0 0.858526,47.322254,0 0.860609,47.321606,0 0.861644,47.322926,0 0.861901,47.323658,0 0.861883,47.324757,0 0.861233,47.326614,0 0.861044,47.328270,0 0.861783,47.330284,0 0.861927,47.332210,0 0.863034,47.333035,0 0.863077,47.334460,0 0.863603,47.335606,0 0.864895,47.336395,0 0.868055,47.341810,0 0.848374,47.346542,0 0.847878,47.347670,0 0.847390,47.348274,0 0.846114,47.348656,0 0.845792,47.348938,0 0.846711,47.350130,0 0.847514,47.350594,0 0.850384,47.351006,0 0.851351,47.352936,0</coordinates>
          </LineString>
        </MultiGeometry>
      </Placemark>
      <Placemark>
        <name>F — Esvres - Tours — Ligne forte</name>
        <description>Groupe horaire : Ligne forte
Ligne régionale Rémi F. Tracé issu des shapes GTFS officiels fournis.</description>
        <styleUrl>#route_REMI37_Line_63</styleUrl>
        <MultiGeometry>
          <LineString>
            <tessellate>1</tessellate>
            <coordinates>0.692325,47.390470,0 0.692025,47.390540,0 0.699245,47.391525,0 0.701870,47.392840,0 0.704052,47.394306,0 0.704650,47.394270,0 0.705270,47.393288,0 0.706035,47.391300,0 0.713690,47.378242,0 0.715000,47.375088,0 0.715442,47.372356,0 0.715266,47.369680,0 0.714987,47.368443,0 0.714497,47.367367,0 0.713511,47.366070,0 0.712430,47.365322,0 0.700775,47.363663,0 0.699589,47.363956,0 0.699524,47.363790,0 0.699946,47.363495,0 0.701115,47.363438,0 0.701367,47.362785,0 0.702085,47.362286,0 0.703085,47.361150,0 0.703042,47.360950,0 0.699297,47.360080,0 0.698363,47.359550,0 0.697459,47.359750,0 0.698797,47.355736,0 0.700367,47.355564,0 0.702861,47.356056,0 0.703818,47.353860,0 0.702159,47.352287,0 0.700453,47.351097,0 0.700331,47.350822,0 0.701865,47.345695,0 0.702044,47.344524,0 0.702713,47.343033,0 0.705373,47.334507,0 0.705250,47.334167,0 0.705543,47.333958,0 0.706427,47.331173,0 0.706729,47.330055,0 0.706505,47.329597,0 0.707000,47.329220,0 0.707252,47.328500,0 0.708165,47.325535,0 0.708060,47.325268,0 0.708314,47.325024,0 0.709042,47.322674,0 0.708924,47.322290,0 0.709416,47.321514,0 0.709306,47.321053,0 0.709667,47.320694,0 0.712281,47.312305,0 0.712223,47.311825,0 0.712584,47.311360,0 0.717394,47.295815,0 0.717999,47.293453,0 0.717934,47.292740,0 0.718334,47.292370,0 0.718715,47.291172,0 0.718626,47.290485,0 0.718258,47.289955,0 0.723729,47.286700,0 0.725674,47.285915,0 0.727322,47.285618,0 0.728178,47.285854,0 0.729396,47.287520,0 0.731706,47.289455,0 0.733187,47.290333,0 0.734424,47.290770,0 0.736659,47.287060,0 0.737585,47.284760,0 0.737507,47.284344,0 0.738329,47.283947,0 0.739812,47.283764,0 0.740325,47.283380,0 0.741127,47.281130,0 0.741236,47.280113,0 0.741423,47.280254,0 0.740325,47.283380,0 0.739812,47.283764,0 0.738329,47.283947,0 0.737733,47.284344,0 0.736548,47.287290,0 0.734424,47.290770,0 0.735283,47.291460,0 0.738036,47.292892,0 0.739420,47.293373,0 0.741000,47.293617,0 0.743583,47.293660,0 0.745459,47.293390,0 0.751713,47.290970,0 0.752588,47.290936,0 0.762038,47.288162,0 0.766546,47.287690,0 0.771298,47.286892,0 0.783197,47.284252,0 0.785347,47.283950,0</coordinates>
          </LineString>
          <LineString>
            <tessellate>1</tessellate>
            <coordinates>0.785356,47.283947,0 0.787314,47.283150,0 0.787475,47.284195,0 0.787962,47.284400,0 0.788422,47.285190,0 0.789120,47.285793,0 0.790002,47.287323,0 0.790533,47.287750,0 0.791777,47.288200,0 0.792546,47.289097,0 0.787597,47.290188,0 0.780999,47.290955,0 0.782347,47.287510,0 0.782084,47.285694,0 0.782484,47.284756,0 0.782421,47.284424,0 0.771777,47.286804,0 0.766546,47.287690,0 0.761794,47.288216,0 0.752588,47.290936,0 0.751713,47.290970,0 0.745146,47.293465,0 0.742614,47.293690,0 0.739763,47.293450,0 0.737882,47.292824,0 0.734185,47.290844,0 0.734424,47.290770,0 0.736548,47.287290,0 0.737585,47.284760,0 0.737507,47.284344,0 0.738329,47.283947,0 0.739812,47.283764,0 0.740325,47.283380,0 0.741127,47.281130,0 0.741127,47.280190,0 0.741290,47.280110,0 0.741423,47.280254,0 0.740325,47.283380,0 0.739812,47.283764,0 0.738329,47.283947,0 0.737733,47.284344,0 0.736548,47.287290,0 0.734434,47.290960,0 0.731257,47.289124,0 0.729396,47.287520,0 0.728299,47.285965,0 0.727549,47.285630,0 0.726017,47.285824,0 0.724050,47.286545,0 0.718382,47.289880,0 0.718802,47.290394,0 0.718939,47.290980,0 0.718426,47.292860,0 0.714486,47.305700,0 0.714249,47.305984,0 0.714421,47.305885,0 0.712671,47.311460,0 0.712742,47.311928,0 0.712386,47.312360,0 0.709794,47.320705,0 0.709929,47.321144,0 0.709588,47.321423,0 0.709429,47.321910,0 0.709550,47.322376,0 0.709211,47.322685,0 0.708442,47.325070,0 0.708552,47.325300,0 0.708269,47.325554,0 0.707264,47.328835,0 0.707179,47.329357,0 0.707382,47.329746,0 0.706889,47.330170,0 0.706622,47.330880,0 0.698918,47.355650,0 0.700367,47.355564,0 0.702861,47.356056,0 0.701861,47.358395,0 0.700593,47.358227,0 0.699922,47.359737,0 0.699853,47.359936,0 0.700035,47.360120,0 0.701077,47.360428,0 0.699297,47.360080,0 0.698451,47.359580,0 0.698026,47.359592,0 0.697586,47.359756,0 0.697099,47.360950,0 0.695833,47.362244,0 0.696178,47.362720,0 0.698652,47.363350,0 0.699505,47.363840,0 0.700441,47.363600,0 0.715006,47.365547,0 0.715081,47.368053,0 0.715642,47.371310,0 0.715575,47.373066,0 0.715249,47.374878,0 0.714616,47.376736,0 0.713732,47.378510,0 0.706322,47.391285,0 0.706044,47.392467,0 0.706080,47.393257,0 0.706877,47.395150,0 0.706432,47.395720,0 0.706192,47.395800,0 0.705437,47.395490,0 0.702300,47.393406,0 0.699130,47.391790,0 0.693566,47.391010,0 0.693570,47.390720,0 0.694070,47.390266,0 0.693312,47.389893,0 0.692325,47.390470,0</coordinates>
          </LineString>
          <LineString>
            <tessellate>1</tessellate>
            <coordinates>0.785356,47.283947,0 0.787314,47.283150,0 0.787475,47.284195,0 0.787962,47.284400,0 0.788422,47.285190,0 0.789120,47.285793,0 0.790002,47.287323,0 0.790533,47.287750,0 0.791777,47.288200,0 0.792546,47.289097,0 0.787597,47.290188,0 0.780999,47.290955,0 0.782347,47.287510,0 0.782084,47.285694,0 0.782484,47.284756,0 0.782421,47.284424,0 0.771777,47.286804,0 0.766546,47.287690,0 0.761794,47.288216,0 0.752588,47.290936,0 0.751809,47.290940,0 0.746158,47.293170,0 0.743896,47.293640,0 0.740317,47.293540,0 0.737694,47.292736,0 0.731846,47.289555,0 0.729396,47.287520,0 0.728178,47.285854,0 0.727549,47.285630,0 0.726017,47.285824,0 0.724050,47.286545,0 0.718382,47.289880,0 0.718802,47.290394,0 0.718939,47.290980,0 0.718426,47.292860,0 0.714486,47.305700,0 0.714249,47.305984,0 0.714421,47.305885,0 0.712671,47.311460,0 0.712742,47.311928,0 0.712386,47.312360,0 0.709794,47.320705,0 0.709929,47.321144,0 0.709588,47.321423,0 0.709429,47.321910,0 0.709550,47.322376,0 0.709211,47.322685,0 0.708442,47.325070,0 0.708552,47.325300,0 0.708269,47.325554,0 0.707264,47.328835,0 0.707179,47.329357,0 0.707382,47.329746,0 0.706889,47.330170,0 0.706622,47.330880,0 0.698918,47.355650,0 0.700367,47.355564,0 0.702861,47.356056,0 0.701861,47.358395,0 0.700593,47.358227,0 0.699922,47.359737,0 0.699853,47.359936,0 0.700035,47.360120,0 0.701077,47.360428,0 0.699297,47.360080,0 0.698451,47.359580,0 0.698026,47.359592,0 0.697586,47.359756,0 0.697099,47.360950,0 0.695833,47.362244,0 0.696178,47.362720,0 0.698652,47.363350,0 0.699505,47.363840,0 0.700441,47.363600,0 0.715006,47.365547,0 0.715081,47.368053,0 0.715642,47.371310,0 0.715575,47.373066,0 0.715249,47.374878,0 0.714616,47.376736,0 0.713732,47.378510,0 0.706322,47.391285,0 0.706044,47.392467,0 0.706080,47.393257,0 0.706877,47.395150,0 0.706432,47.395720,0 0.706192,47.395800,0 0.705437,47.395490,0 0.702300,47.393406,0 0.699130,47.391790,0 0.693566,47.391010,0 0.693570,47.390720,0 0.694070,47.390266,0 0.693312,47.389893,0 0.692325,47.390470,0</coordinates>
          </LineString>
          <LineString>
            <tessellate>1</tessellate>
            <coordinates>0.785356,47.283947,0 0.787314,47.283150,0 0.787475,47.284195,0 0.787962,47.284400,0 0.788422,47.285190,0 0.789120,47.285793,0 0.790002,47.287323,0 0.790533,47.287750,0 0.791777,47.288200,0 0.792546,47.289097,0 0.787597,47.290188,0 0.780999,47.290955,0 0.782347,47.287510,0 0.782084,47.285694,0 0.782484,47.284756,0 0.782421,47.284424,0 0.771777,47.286804,0 0.766546,47.287690,0 0.761794,47.288216,0 0.752588,47.290936,0 0.751713,47.290970,0 0.745146,47.293465,0 0.742614,47.293690,0 0.739763,47.293450,0 0.737882,47.292824,0 0.734185,47.290844,0 0.734424,47.290770,0 0.736548,47.287290,0 0.737585,47.284760,0 0.737507,47.284344,0 0.738329,47.283947,0 0.739812,47.283764,0 0.740325,47.283380,0 0.741127,47.281130,0 0.741127,47.280190,0 0.741290,47.280110,0 0.741423,47.280254,0 0.740325,47.283380,0 0.739812,47.283764,0 0.738329,47.283947,0 0.737733,47.284344,0 0.736548,47.287290,0 0.734434,47.290960,0 0.731257,47.289124,0 0.729396,47.287520,0 0.728299,47.285965,0 0.727549,47.285630,0 0.726017,47.285824,0 0.724050,47.286545,0 0.718382,47.289880,0 0.718802,47.290394,0 0.718939,47.290980,0 0.718426,47.292860,0 0.714486,47.305700,0 0.714249,47.305984,0 0.714421,47.305885,0 0.712671,47.311460,0 0.712742,47.311928,0 0.712386,47.312360,0 0.709794,47.320705,0 0.709929,47.321144,0 0.709588,47.321423,0 0.709429,47.321910,0 0.709550,47.322376,0 0.709211,47.322685,0 0.708442,47.325070,0 0.708552,47.325300,0 0.708269,47.325554,0 0.707264,47.328835,0 0.707179,47.329357,0 0.707382,47.329746,0 0.706889,47.330170,0 0.706622,47.330880,0 0.698918,47.355650,0 0.700367,47.355564,0 0.702861,47.356056,0 0.701861,47.358395,0 0.700593,47.358227,0 0.699922,47.359737,0 0.699853,47.359936,0 0.700035,47.360120,0 0.701092,47.360410,0 0.700227,47.360264,0</coordinates>
          </LineString>
          <LineString>
            <tessellate>1</tessellate>
            <coordinates>0.700227,47.360264,0 0.700949,47.360332,0 0.699853,47.359936,0 0.700548,47.358270,0 0.701861,47.358395,0 0.702861,47.356056,0 0.700367,47.355564,0 0.698710,47.355663,0 0.700698,47.349693,0 0.701865,47.345695,0 0.702044,47.344524,0 0.702713,47.343033,0 0.705025,47.335670,0 0.705373,47.334507,0 0.705250,47.334167,0 0.705543,47.333958,0 0.706427,47.331173,0 0.706729,47.330055,0 0.706505,47.329597,0 0.707000,47.329220,0 0.707252,47.328500,0 0.708165,47.325535,0 0.708060,47.325268,0 0.708314,47.325024,0 0.709042,47.322674,0 0.708924,47.322290,0 0.709416,47.321514,0 0.709306,47.321053,0 0.709667,47.320694,0 0.712281,47.312305,0 0.712223,47.311825,0 0.712584,47.311360,0 0.717394,47.295815,0 0.717999,47.293453,0 0.717934,47.292740,0 0.718334,47.292370,0 0.718715,47.291172,0 0.718626,47.290485,0 0.718258,47.289955,0 0.723729,47.286700,0 0.725674,47.285915,0 0.727322,47.285618,0 0.728178,47.285854,0 0.729396,47.287520,0 0.731706,47.289455,0 0.733187,47.290333,0 0.734424,47.290770,0 0.736659,47.287060,0 0.737585,47.284760,0 0.737507,47.284344,0 0.738329,47.283947,0 0.739812,47.283764,0 0.740325,47.283380,0 0.741127,47.281130,0 0.741127,47.280190,0 0.741290,47.280110,0 0.741423,47.280254,0 0.740325,47.283380,0 0.739812,47.283764,0 0.738329,47.283947,0 0.737733,47.284344,0 0.736548,47.287290,0 0.734424,47.290770,0 0.735283,47.291460,0 0.737694,47.292736,0 0.739957,47.293484,0 0.742614,47.293690,0 0.745146,47.293465,0 0.751713,47.290970,0 0.752588,47.290936,0 0.761794,47.288216,0 0.766546,47.287690,0 0.771777,47.286804,0 0.783197,47.284252,0 0.785632,47.283905,0 0.787314,47.283150,0 0.787475,47.284195,0 0.787962,47.284400,0 0.788422,47.285190,0 0.789120,47.285793,0 0.790002,47.287323,0 0.790533,47.287750,0 0.791777,47.288200,0 0.792557,47.289080,0 0.787597,47.290188,0 0.780999,47.290955,0 0.782347,47.287510,0 0.782084,47.285694,0 0.782484,47.284756,0 0.782421,47.284424,0 0.785632,47.283905,0 0.787314,47.283150,0 0.787475,47.284195,0 0.787962,47.284400,0 0.788422,47.285190,0 0.789120,47.285793,0 0.790002,47.287323,0 0.790533,47.287750,0 0.791777,47.288200,0 0.792561,47.289062,0 0.787597,47.290188,0 0.780999,47.290955,0 0.782347,47.287510,0 0.782084,47.285694,0 0.782484,47.284756,0 0.782421,47.284424,0 0.785632,47.283905,0 0.789584,47.282047,0 0.787619,47.279022,0 0.789339,47.277420,0 0.789555,47.276608,0 0.788418,47.274610,0 0.787761,47.273980,0 0.786069,47.272903,0 0.784592,47.271220,0 0.784087,47.269947,0 0.784266,47.268566,0 0.784088,47.267426,0 0.782070,47.264088,0 0.781665,47.261770,0 0.779988,47.257954,0 0.780152,47.256218,0 0.778908,47.254673,0 0.778740,47.253536,0 0.778422,47.252834,0 0.776861,47.251194,0 0.775384,47.249110,0 0.774221,47.246033,0 0.773091,47.242653,0 0.772181,47.238827,0 0.772302,47.237020,0 0.772995,47.234795,0 0.773773,47.233490,0 0.772586,47.230797,0 0.771910,47.228474,0 0.771554,47.228480,0 0.771338,47.227566,0 0.771332,47.226710,0 0.772324,47.226780,0 0.771874,47.228436,0 0.771666,47.228466,0 0.771719,47.228725,0 0.771497,47.229000,0 0.766569,47.231136,0</coordinates>
          </LineString>
          <LineString>
            <tessellate>1</tessellate>
            <coordinates>0.692325,47.390470,0 0.692025,47.390540,0 0.699245,47.391525,0 0.701870,47.392840,0 0.704052,47.394306,0 0.704650,47.394270,0 0.705270,47.393288,0 0.706035,47.391300,0 0.713690,47.378242,0 0.715000,47.375088,0 0.715442,47.372356,0 0.715266,47.369680,0 0.714987,47.368443,0 0.714497,47.367367,0 0.713511,47.366070,0 0.712430,47.365322,0 0.700775,47.363663,0 0.699589,47.363956,0 0.699524,47.363790,0 0.699946,47.363495,0 0.701115,47.363438,0 0.701367,47.362785,0 0.702085,47.362286,0 0.703085,47.361150,0 0.703042,47.360950,0 0.699297,47.360080,0 0.698363,47.359550,0 0.697459,47.359750,0 0.698797,47.355736,0 0.700367,47.355564,0 0.702861,47.356056,0 0.703818,47.353860,0 0.702159,47.352287,0 0.700453,47.351097,0 0.700331,47.350822,0 0.701865,47.345695,0 0.702044,47.344524,0 0.702713,47.343033,0 0.705373,47.334507,0 0.705250,47.334167,0 0.705543,47.333958,0 0.706427,47.331173,0 0.706729,47.330055,0 0.706505,47.329597,0 0.707000,47.329220,0 0.707252,47.328500,0 0.708165,47.325535,0 0.708060,47.325268,0 0.708314,47.325024,0 0.709042,47.322674,0 0.708924,47.322290,0 0.709416,47.321514,0 0.709306,47.321053,0 0.709667,47.320694,0 0.712281,47.312305,0 0.712223,47.311825,0 0.712584,47.311360,0 0.717394,47.295815,0 0.717999,47.293453,0 0.717934,47.292740,0 0.718334,47.292370,0 0.718715,47.291172,0 0.718626,47.290485,0 0.718258,47.289955,0 0.723729,47.286700,0 0.725674,47.285915,0 0.727322,47.285618,0 0.728178,47.285854,0 0.729396,47.287520,0 0.731706,47.289455,0 0.733187,47.290333,0 0.734424,47.290770,0 0.736659,47.287060,0 0.737585,47.284760,0 0.737507,47.284344,0 0.738329,47.283947,0 0.739812,47.283764,0 0.740325,47.283380,0 0.741127,47.281130,0 0.741127,47.280190,0 0.741290,47.280110,0 0.741423,47.280254,0 0.740325,47.283380,0 0.739812,47.283764,0 0.738329,47.283947,0 0.737733,47.284344,0 0.736548,47.287290,0 0.734424,47.290770,0 0.735283,47.291460,0 0.737694,47.292736,0 0.739957,47.293484,0 0.742614,47.293690,0 0.745146,47.293465,0 0.751713,47.290970,0 0.752588,47.290936,0 0.761794,47.288216,0 0.766546,47.287690,0 0.771777,47.286804,0 0.783197,47.284252,0 0.785632,47.283905,0 0.787314,47.283150,0 0.787475,47.284195,0 0.787962,47.284400,0 0.788422,47.285190,0 0.789120,47.285793,0 0.790002,47.287323,0 0.790533,47.287750,0 0.791777,47.288200,0 0.792561,47.289062,0 0.787597,47.290188,0 0.780999,47.290955,0 0.781833,47.288730,0</coordinates>
          </LineString>
          <LineString>
            <tessellate>1</tessellate>
            <coordinates>0.700227,47.360264,0 0.700949,47.360332,0 0.699853,47.359936,0 0.700548,47.358270,0 0.701861,47.358395,0 0.702861,47.356056,0 0.700367,47.355564,0 0.698710,47.355663,0 0.700698,47.349693,0 0.701865,47.345695,0 0.702044,47.344524,0 0.702713,47.343033,0 0.705025,47.335670,0 0.705373,47.334507,0 0.705250,47.334167,0 0.705543,47.333958,0 0.706427,47.331173,0 0.706729,47.330055,0 0.706505,47.329597,0 0.707000,47.329220,0 0.707252,47.328500,0 0.708165,47.325535,0 0.708060,47.325268,0 0.708314,47.325024,0 0.709042,47.322674,0 0.708924,47.322290,0 0.709416,47.321514,0 0.709306,47.321053,0 0.709667,47.320694,0 0.712281,47.312305,0 0.712223,47.311825,0 0.712584,47.311360,0 0.717394,47.295815,0 0.717999,47.293453,0 0.717934,47.292740,0 0.718334,47.292370,0 0.718715,47.291172,0 0.718626,47.290485,0 0.718258,47.289955,0 0.723729,47.286700,0 0.725674,47.285915,0 0.727322,47.285618,0 0.728178,47.285854,0 0.729396,47.287520,0 0.731706,47.289455,0 0.733187,47.290333,0 0.734424,47.290770,0 0.736659,47.287060,0 0.737585,47.284760,0 0.737507,47.284344,0 0.738329,47.283947,0 0.739812,47.283764,0 0.740325,47.283380,0 0.741127,47.281130,0 0.741127,47.280190,0 0.741290,47.280110,0 0.741423,47.280254,0 0.740325,47.283380,0 0.739812,47.283764,0 0.738329,47.283947,0 0.737733,47.284344,0 0.736548,47.287290,0 0.734424,47.290770,0 0.735283,47.291460,0 0.737694,47.292736,0 0.739957,47.293484,0 0.742614,47.293690,0 0.745146,47.293465,0 0.751713,47.290970,0 0.752588,47.290936,0 0.761794,47.288216,0 0.766546,47.287690,0 0.771777,47.286804,0 0.783197,47.284252,0 0.785632,47.283905,0 0.787314,47.283150,0 0.787475,47.284195,0 0.787962,47.284400,0 0.788422,47.285190,0 0.789120,47.285793,0 0.790002,47.287323,0 0.790533,47.287750,0 0.791777,47.288200,0 0.792561,47.289062,0 0.787597,47.290188,0 0.780999,47.290955,0 0.781833,47.288730,0</coordinates>
          </LineString>
        </MultiGeometry>
      </Placemark>
      <Placemark>
        <name>G — Preuilly-sur-Claise - Tours — Ligne forte</name>
        <description>Groupe horaire : Ligne forte
Ligne régionale Rémi G. Tracé issu des shapes GTFS officiels fournis.</description>
        <styleUrl>#route_REMI37_Line_139</styleUrl>
        <MultiGeometry>
          <LineString>
            <tessellate>1</tessellate>
            <coordinates>0.928026,46.854683,0 0.926370,46.854820,0 0.925709,46.856037,0 0.920999,46.859295,0 0.912246,46.862118,0 0.906900,46.864998,0 0.903734,46.867977,0 0.898593,46.870080,0 0.887208,46.873280,0 0.880750,46.873817,0 0.875568,46.875130,0 0.863642,46.878887,0 0.859179,46.879463,0 0.857010,46.880344,0 0.851318,46.881670,0 0.849225,46.882988,0 0.847394,46.884900,0 0.844691,46.885914,0 0.841646,46.888420,0 0.841174,46.889126,0 0.839240,46.893932,0 0.838762,46.894688,0 0.837132,46.896465,0 0.833754,46.898186,0 0.831903,46.899536,0 0.829790,46.902320,0 0.826066,46.904370,0 0.823015,46.906414,0 0.820474,46.907135,0 0.817265,46.908390,0 0.814603,46.908830,0 0.811386,46.909027,0 0.809248,46.909836,0 0.807700,46.911163,0 0.806173,46.913570,0 0.806351,46.914790,0 0.805370,46.916378,0 0.806549,46.918423,0 0.805312,46.918972,0 0.806441,46.921753,0 0.807411,46.922970,0 0.809741,46.923813,0 0.810616,46.924630,0 0.835746,46.975967,0 0.836046,46.976772,0 0.836177,46.978363,0 0.836720,46.978924,0 0.838902,46.979960,0 0.838486,46.982150,0 0.839224,46.984390,0 0.840609,46.986470,0 0.845228,46.996410,0 0.845151,46.996944,0 0.842633,47.001247,0 0.841406,47.021736,0 0.841742,47.022083,0 0.831003,47.029170,0 0.820258,47.038475,0 0.818777,47.040596,0 0.818348,47.042230,0 0.819107,47.042324,0 0.819545,47.042180,0 0.819441,47.043346,0 0.818730,47.044243,0 0.817282,47.044365,0 0.817413,47.045360,0 0.816840,47.046803,0 0.816432,47.047140,0 0.812432,47.048637,0 0.810758,47.049630,0 0.808972,47.051470,0 0.807796,47.052200,0 0.807629,47.052647,0 0.807728,47.052990,0 0.807342,47.053192,0 0.804272,47.056805,0 0.801942,47.062730,0 0.798996,47.066550,0 0.794659,47.077370,0 0.793542,47.079210,0 0.792822,47.080986,0 0.792397,47.084270,0 0.792455,47.085438,0 0.791527,47.086197,0 0.791491,47.086494,0 0.792678,47.093960,0 0.792041,47.130844,0 0.792517,47.133540,0 0.792971,47.134125,0 0.792656,47.134460,0 0.792173,47.135950,0 0.792534,47.137030,0 0.793409,47.137660,0 0.792692,47.138230,0 0.789750,47.139496,0 0.788012,47.140686,0 0.787573,47.141396,0 0.786855,47.143543,0 0.785931,47.145046,0 0.784947,47.147934,0 0.785303,47.157757,0 0.785105,47.158970,0 0.785371,47.159480,0 0.786536,47.160370,0 0.786353,47.161360,0 0.787085,47.162766,0 0.787809,47.165047,0 0.788002,47.167515,0 0.787071,47.168602,0 0.780444,47.174576,0 0.778902,47.179560,0 0.777621,47.181350,0 0.774259,47.190468,0 0.774197,47.191326,0 0.776834,47.209730,0 0.773566,47.220703,0 0.773180,47.225117,0 0.772569,47.226044,0 0.771649,47.228855,0 0.764231,47.232210,0 0.762656,47.229733,0 0.761246,47.230244,0 0.759391,47.230255,0 0.757316,47.231010,0 0.754951,47.231190,0 0.753195,47.231102,0 0.750769,47.230526,0 0.746746,47.229946,0 0.741974,47.229923,0 0.736551,47.231426,0 0.732975,47.233013,0 0.730368,47.234413,0 0.729014,47.235394,0 0.718985,47.239697,0 0.715347,47.239693,0 0.713095,47.240158,0 0.708595,47.239666,0 0.705680,47.239697,0 0.701955,47.241238,0 0.700329,47.241703,0 0.698461,47.242825,0 0.694747,47.243340,0 0.696052,47.246216,0 0.696446,47.246420,0 0.696324,47.246845,0 0.700536,47.256187,0 0.700854,47.256490,0 0.700736,47.256645,0 0.696299,47.256733,0 0.694169,47.257090,0 0.686288,47.257050,0 0.684550,47.256380,0 0.684097,47.255840,0 0.683210,47.255500,0 0.682346,47.255486,0 0.680481,47.255917,0 0.678876,47.255770,0 0.677768,47.254612,0 0.676251,47.254276,0 0.669356,47.254692,0 0.668496,47.255184,0 0.666434,47.257427,0 0.666479,47.258640,0 0.667015,47.260647,0 0.668192,47.263355,0 0.669777,47.266230,0 0.672328,47.269882,0 0.677520,47.276573,0 0.679300,47.279472,0 0.683376,47.288033,0 0.685483,47.290806,0 0.689962,47.295605,0 0.691173,47.297550,0 0.692059,47.299824,0 0.692449,47.302036,0 0.692359,47.304512,0 0.691832,47.306630,0 0.690020,47.310940,0 0.689370,47.313050,0 0.689087,47.315820,0 0.689433,47.318577,0 0.692477,47.327637,0 0.697367,47.338985,0 0.698462,47.340680,0 0.700815,47.343530,0 0.700846,47.343987,0 0.702415,47.344414,0 0.698918,47.355650,0 0.700367,47.355564,0 0.702861,47.356056,0 0.701861,47.358395,0 0.700593,47.358227,0 0.699922,47.359737,0 0.699853,47.359936,0 0.700035,47.360120,0 0.701077,47.360428,0 0.699297,47.360080,0 0.698330,47.359543,0 0.697586,47.359756,0 0.697177,47.360832,0 0.695918,47.362000,0 0.695875,47.362442,0 0.696276,47.362762,0 0.698652,47.363350,0 0.699505,47.363840,0 0.700441,47.363600,0 0.715006,47.365547,0 0.715081,47.368053,0 0.715469,47.369660,0 0.715647,47.371548,0 0.715549,47.373300,0 0.715186,47.375110,0 0.713732,47.378510,0 0.706322,47.391285,0 0.706031,47.392864,0 0.706247,47.393948,0 0.706862,47.395040,0 0.706755,47.395424,0 0.706192,47.395800,0 0.705728,47.395634,0 0.702300,47.393406,0 0.699130,47.391790,0 0.693566,47.391010,0 0.693570,47.390720,0 0.694070,47.390266,0 0.693312,47.389893,0 0.692325,47.390470,0</coordinates>
          </LineString>
          <LineString>
            <tessellate>1</tessellate>
            <coordinates>0.692325,47.390470,0 0.692025,47.390540,0 0.699245,47.391525,0 0.701870,47.392840,0 0.704052,47.394306,0 0.704650,47.394270,0 0.705270,47.393288,0 0.706035,47.391300,0 0.713690,47.378242,0 0.715000,47.375088,0 0.715442,47.372356,0 0.715266,47.369680,0 0.714987,47.368443,0 0.714497,47.367367,0 0.713511,47.366070,0 0.712430,47.365322,0 0.700775,47.363663,0 0.699589,47.363956,0 0.699524,47.363790,0 0.699946,47.363495,0 0.701115,47.363438,0 0.701367,47.362785,0 0.702085,47.362286,0 0.703085,47.361150,0 0.703042,47.360950,0 0.699297,47.360080,0 0.698363,47.359550,0 0.697459,47.359750,0 0.698797,47.355736,0 0.700367,47.355564,0 0.702861,47.356056,0 0.703818,47.353860,0 0.702159,47.352287,0 0.700453,47.351097,0 0.700331,47.350822,0 0.701865,47.345695,0 0.702044,47.344524,0 0.702713,47.343033,0 0.705373,47.334507,0 0.705250,47.334167,0 0.705543,47.333958,0 0.706427,47.331173,0 0.706729,47.330055,0 0.706505,47.329597,0 0.707000,47.329220,0 0.707252,47.328500,0 0.708165,47.325535,0 0.708060,47.325268,0 0.708314,47.325024,0 0.709042,47.322674,0 0.708924,47.322290,0 0.709416,47.321514,0 0.709306,47.321053,0 0.709667,47.320694,0 0.712281,47.312305,0 0.712223,47.311825,0 0.712584,47.311360,0 0.717394,47.295815,0 0.717999,47.293453,0 0.717934,47.292740,0 0.718334,47.292370,0 0.718715,47.291172,0 0.718626,47.290485,0 0.718258,47.289955,0 0.723729,47.286700,0 0.725674,47.285915,0 0.727322,47.285618,0 0.728178,47.285854,0 0.729396,47.287520,0 0.731706,47.289455,0 0.733187,47.290333,0 0.734424,47.290770,0 0.736659,47.287060,0 0.737585,47.284760,0 0.737507,47.284344,0 0.738329,47.283947,0 0.739812,47.283764,0 0.740443,47.283170,0 0.741225,47.280613,0 0.741269,47.278896,0 0.740868,47.276855,0 0.741992,47.274612,0 0.742654,47.271847,0 0.742853,47.269276,0 0.744317,47.267050,0 0.746739,47.261646,0 0.749767,47.258940,0 0.750945,47.258106,0 0.751375,47.257267,0 0.752232,47.256634,0 0.752322,47.255120,0 0.752889,47.254170,0 0.752784,47.253143,0 0.755246,47.246017,0 0.756374,47.243800,0 0.757813,47.241600,0 0.758569,47.239920,0 0.758963,47.238240,0 0.759749,47.236656,0 0.760975,47.234940,0 0.764231,47.232210,0 0.771497,47.229000,0 0.771723,47.228672,0 0.771338,47.227566,0 0.771322,47.226723,0 0.772324,47.226780,0 0.772659,47.225838,0 0.773180,47.225117,0 0.773566,47.220703,0 0.776834,47.209730,0 0.774197,47.191326,0 0.774259,47.190468,0 0.777621,47.181350,0 0.778902,47.179560,0 0.780444,47.174576,0 0.787071,47.168602,0 0.788002,47.167515,0 0.787809,47.165047,0 0.787085,47.162766,0 0.786353,47.161360,0 0.786536,47.160370,0 0.785371,47.159480,0 0.785105,47.158970,0 0.785303,47.157757,0 0.784947,47.147934,0 0.785931,47.145046,0 0.786855,47.143543,0 0.787573,47.141396,0 0.788012,47.140686,0 0.789750,47.139496,0 0.792775,47.138187,0 0.793418,47.137592,0 0.792534,47.137030,0 0.792173,47.135950,0 0.792703,47.133850,0 0.792383,47.132977,0 0.792041,47.130844,0 0.792678,47.093960,0 0.791504,47.086258,0 0.792455,47.085438,0 0.792397,47.084270,0 0.792930,47.080670,0 0.793542,47.079210,0 0.794659,47.077370,0 0.798782,47.067000,0 0.799197,47.066177,0 0.801942,47.062730,0 0.804272,47.056805,0 0.806793,47.053894,0 0.807796,47.052200,0 0.808972,47.051470,0 0.810544,47.049767,0 0.812432,47.048637,0 0.816432,47.047140,0 0.816840,47.046803,0 0.817413,47.045360,0 0.817282,47.044365,0 0.818730,47.044243,0 0.819441,47.043346,0 0.819534,47.042534,0 0.819187,47.042320,0 0.818348,47.042230,0 0.818777,47.040596,0 0.819923,47.038834,0 0.830675,47.029430,0 0.871212,47.002660,0 0.880055,46.995243,0 0.881192,46.993996,0 0.881990,46.992596,0 0.881537,46.991947,0 0.881844,46.991047,0 0.879892,46.989600,0 0.879231,46.983850,0 0.878646,46.983110,0 0.876551,46.982340,0 0.875955,46.981625,0 0.877024,46.976627,0 0.879546,46.974900,0 0.880141,46.974285,0 0.884167,46.966230,0 0.895741,46.949913,0 0.895500,46.946150,0 0.894267,46.944630,0 0.894262,46.943672,0 0.901547,46.936222,0 0.917531,46.928143,0 0.917743,46.927696,0 0.917656,46.927330,0 0.916668,46.926228,0 0.916523,46.925713,0 0.916795,46.925190,0 0.918608,46.923496,0 0.918877,46.920746,0 0.919889,46.920440,0 0.921542,46.920650,0 0.925627,46.920094,0 0.928486,46.918854,0 0.931353,46.918520,0 0.933841,46.918500,0 0.936547,46.917706,0 0.937937,46.917790,0 0.941012,46.918570,0 0.943133,46.918766,0 0.945785,46.918510,0 0.947975,46.919460,0 0.954509,46.918820,0 0.959674,46.918983,0 0.969078,46.918736,0 0.970100,46.918335,0 0.971602,46.917137,0 0.974874,46.915718,0 0.979867,46.915302,0 0.986165,46.914400,0 0.985924,46.913544,0</coordinates>
          </LineString>
          <LineString>
            <tessellate>1</tessellate>
            <coordinates>0.692325,47.390470,0 0.692025,47.390540,0 0.699245,47.391525,0 0.701870,47.392840,0 0.704052,47.394306,0 0.704650,47.394270,0 0.705270,47.393288,0 0.706035,47.391300,0 0.712932,47.379580,0 0.714447,47.376700,0 0.715060,47.374855,0 0.715411,47.372826,0 0.715427,47.371080,0 0.715174,47.369213,0 0.714194,47.366238,0 0.712310,47.362670,0 0.707419,47.354870,0 0.699719,47.343390,0 0.697434,47.339466,0 0.692344,47.327736,0 0.689796,47.320427,0 0.688979,47.316982,0 0.689030,47.313957,0 0.689654,47.311428,0 0.691738,47.306370,0 0.692282,47.303566,0 0.692147,47.301000,0 0.691317,47.298260,0 0.689491,47.295246,0 0.685232,47.290775,0 0.683118,47.287964,0 0.678784,47.278934,0 0.676556,47.275510,0 0.670008,47.266900,0 0.667596,47.262486,0 0.665492,47.257057,0 0.663809,47.255856,0 0.663694,47.255383,0 0.664369,47.254980,0 0.667943,47.254627,0 0.676452,47.254280,0 0.677632,47.254536,0 0.678697,47.255410,0 0.679882,47.255894,0 0.680768,47.255882,0 0.682446,47.255474,0 0.683505,47.255573,0 0.684795,47.256157,0 0.685364,47.256780,0 0.686288,47.257050,0 0.691748,47.257156,0 0.693634,47.257010,0 0.694164,47.256805,0 0.699989,47.256660,0 0.700496,47.256480,0 0.700536,47.256187,0 0.694747,47.243340,0 0.698461,47.242825,0 0.700329,47.241703,0 0.701955,47.241238,0 0.705680,47.239697,0 0.708595,47.239666,0 0.713095,47.240158,0 0.715347,47.239693,0 0.718985,47.239697,0 0.729014,47.235394,0 0.730368,47.234413,0 0.732975,47.233013,0 0.736551,47.231426,0 0.741974,47.229923,0 0.746746,47.229946,0 0.750769,47.230526,0 0.753195,47.231102,0 0.754951,47.231190,0 0.757316,47.231010,0 0.759391,47.230255,0 0.761246,47.230244,0 0.762656,47.229733,0 0.764140,47.231945,0 0.764471,47.232056,0 0.771649,47.228855,0 0.771314,47.226746,0 0.772324,47.226780,0 0.772659,47.225838,0 0.773180,47.225117,0 0.773566,47.220703,0 0.776834,47.209730,0 0.774197,47.191326,0 0.774259,47.190468,0 0.777621,47.181350,0 0.778902,47.179560,0 0.780444,47.174576,0 0.787071,47.168602,0 0.788002,47.167515,0 0.787809,47.165047,0 0.787085,47.162766,0 0.786353,47.161360,0 0.786536,47.160370,0 0.785371,47.159480,0 0.785105,47.158970,0 0.785303,47.157757,0 0.784947,47.147934,0 0.785931,47.145046,0 0.786855,47.143543,0 0.787573,47.141396,0 0.788012,47.140686,0 0.789750,47.139496,0 0.792692,47.138230,0 0.793409,47.137660,0 0.792534,47.137030,0 0.792173,47.135950,0 0.792703,47.133850,0 0.792383,47.132977,0 0.792041,47.130844,0 0.792678,47.093960,0 0.791491,47.086494,0 0.791527,47.086197,0 0.792455,47.085438,0 0.792397,47.084270,0 0.792822,47.080986,0 0.793542,47.079210,0 0.794659,47.077370,0 0.798996,47.066550,0 0.801942,47.062730,0 0.804272,47.056805,0 0.806793,47.053894,0 0.807796,47.052200,0 0.808972,47.051470,0 0.810544,47.049767,0 0.812225,47.048756,0 0.816714,47.046925,0 0.817413,47.045360,0 0.817282,47.044365,0 0.818730,47.044243,0 0.819441,47.043346,0 0.819534,47.042534,0 0.819187,47.042320,0 0.818348,47.042230,0 0.818777,47.040596,0 0.820123,47.038597,0 0.831003,47.029170,0 0.841350,47.022343,0 0.842633,47.001247,0 0.845151,46.996944,0 0.845228,46.996410,0 0.840609,46.986470,0 0.839224,46.984390,0 0.838486,46.982150,0 0.838902,46.979960,0 0.836720,46.978924,0 0.836177,46.978363,0 0.836046,46.976772,0 0.835746,46.975967,0 0.810616,46.924630,0 0.809741,46.923813,0 0.807411,46.922970,0 0.806441,46.921753,0 0.805312,46.918972,0 0.806549,46.918423,0 0.805370,46.916378,0 0.806351,46.914790,0 0.806173,46.913570,0 0.807700,46.911163,0 0.809248,46.909836,0 0.811386,46.909027,0 0.814603,46.908830,0 0.817265,46.908390,0 0.820474,46.907135,0 0.823015,46.906414,0 0.826066,46.904370,0 0.829790,46.902320,0 0.831903,46.899536,0 0.833754,46.898186,0 0.837132,46.896465,0 0.838762,46.894688,0 0.839240,46.893932,0 0.841174,46.889126,0 0.841646,46.888420,0 0.844691,46.885914,0 0.847394,46.884900,0 0.849225,46.882988,0 0.851318,46.881670,0 0.857010,46.880344,0 0.859179,46.879463,0 0.863642,46.878887,0 0.875568,46.875130,0 0.880750,46.873817,0 0.887208,46.873280,0 0.898593,46.870080,0 0.903734,46.867977,0 0.906900,46.864998,0 0.912246,46.862118,0 0.920999,46.859295,0 0.925709,46.856037,0 0.926370,46.854820,0 0.928034,46.854683,0</coordinates>
          </LineString>
          <LineString>
            <tessellate>1</tessellate>
            <coordinates>0.928026,46.854683,0 0.926370,46.854820,0 0.925709,46.856037,0 0.920999,46.859295,0 0.912246,46.862118,0 0.906900,46.864998,0 0.903734,46.867977,0 0.898593,46.870080,0 0.887208,46.873280,0 0.880750,46.873817,0 0.875568,46.875130,0 0.863642,46.878887,0 0.859179,46.879463,0 0.857010,46.880344,0 0.851318,46.881670,0 0.849225,46.882988,0 0.847394,46.884900,0 0.844691,46.885914,0 0.841646,46.888420,0 0.841174,46.889126,0 0.839240,46.893932,0 0.838762,46.894688,0 0.837132,46.896465,0 0.833754,46.898186,0 0.831903,46.899536,0 0.829790,46.902320,0 0.826066,46.904370,0 0.823015,46.906414,0 0.820474,46.907135,0 0.817265,46.908390,0 0.814603,46.908830,0 0.811386,46.909027,0 0.809248,46.909836,0 0.807700,46.911163,0 0.806173,46.913570,0 0.806351,46.914790,0 0.805370,46.916378,0 0.806549,46.918423,0 0.805312,46.918972,0 0.806441,46.921753,0 0.807411,46.922970,0 0.809741,46.923813,0 0.810616,46.924630,0 0.835746,46.975967,0 0.836046,46.976772,0 0.836177,46.978363,0 0.836720,46.978924,0 0.838902,46.979960,0 0.838486,46.982150,0 0.839224,46.984390,0 0.840609,46.986470,0 0.845228,46.996410,0 0.845151,46.996944,0 0.842633,47.001247,0 0.841406,47.021736,0 0.841742,47.022083,0 0.831003,47.029170,0 0.820258,47.038475,0 0.818777,47.040596,0 0.818348,47.042230,0 0.819107,47.042324,0 0.819545,47.042180,0 0.819441,47.043346,0 0.818730,47.044243,0 0.817282,47.044365,0 0.817413,47.045360,0 0.816840,47.046803,0 0.816432,47.047140,0 0.812432,47.048637,0 0.810758,47.049630,0 0.808972,47.051470,0 0.807796,47.052200,0 0.807629,47.052647,0 0.807728,47.052990,0 0.807342,47.053192,0 0.804272,47.056805,0 0.801942,47.062730,0 0.798996,47.066550,0 0.794659,47.077370,0 0.793542,47.079210,0 0.792822,47.080986,0 0.792397,47.084270,0 0.792455,47.085438,0 0.791527,47.086197,0 0.791491,47.086494,0 0.792678,47.093960,0 0.792041,47.130844,0 0.792517,47.133540,0 0.792971,47.134125,0 0.792656,47.134460,0 0.792173,47.135950,0 0.792534,47.137030,0 0.793409,47.137660,0 0.792692,47.138230,0 0.789750,47.139496,0 0.788012,47.140686,0 0.787573,47.141396,0 0.786855,47.143543,0 0.785931,47.145046,0 0.784947,47.147934,0 0.785303,47.157757,0 0.785105,47.158970,0 0.785371,47.159480,0 0.786536,47.160370,0 0.786353,47.161360,0 0.787085,47.162766,0 0.787809,47.165047,0 0.788002,47.167515,0 0.787071,47.168602,0 0.780444,47.174576,0 0.778902,47.179560,0 0.777621,47.181350,0 0.774259,47.190468,0 0.774197,47.191326,0 0.776834,47.209730,0 0.773566,47.220703,0 0.773180,47.225117,0 0.772569,47.226044,0 0.771649,47.228855,0 0.764231,47.232210,0 0.762656,47.229733,0 0.761246,47.230244,0 0.759391,47.230255,0 0.757316,47.231010,0 0.754951,47.231190,0 0.753195,47.231102,0 0.750769,47.230526,0 0.746746,47.229946,0 0.741974,47.229923,0 0.736551,47.231426,0 0.732975,47.233013,0 0.730368,47.234413,0 0.729014,47.235394,0 0.718985,47.239697,0 0.715347,47.239693,0 0.713095,47.240158,0 0.708595,47.239666,0 0.705680,47.239697,0 0.701955,47.241238,0 0.700329,47.241703,0 0.698461,47.242825,0 0.694747,47.243340,0 0.696052,47.246216,0 0.696446,47.246420,0 0.696324,47.246845,0 0.700536,47.256187,0 0.700854,47.256490,0 0.700736,47.256645,0 0.696299,47.256733,0 0.694169,47.257090,0 0.686288,47.257050,0 0.684550,47.256380,0 0.684097,47.255840,0 0.683210,47.255500,0 0.682346,47.255486,0 0.680481,47.255917,0 0.678876,47.255770,0 0.677768,47.254612,0 0.676251,47.254276,0 0.669356,47.254692,0 0.668496,47.255184,0 0.666434,47.257427,0 0.666479,47.258640,0 0.667015,47.260647,0 0.668192,47.263355,0 0.669777,47.266230,0 0.672328,47.269882,0 0.676996,47.275814,0 0.678440,47.278004,0 0.683520,47.288254,0 0.685483,47.290806,0 0.689647,47.295193,0 0.691409,47.298046,0 0.692282,47.300750,0 0.692458,47.303574,0 0.691910,47.306396,0 0.689825,47.311460,0 0.689241,47.313740,0 0.689132,47.316746,0 0.689837,47.319992,0 0.692477,47.327637,0 0.697592,47.339428,0 0.699872,47.343346,0 0.708427,47.356083,0 0.712502,47.362617,0 0.714390,47.366200,0 0.715426,47.369430,0 0.715642,47.371310,0 0.715575,47.373066,0 0.715249,47.374878,0 0.714616,47.376736,0 0.706322,47.391285,0 0.706031,47.392864,0 0.706247,47.393948,0 0.706875,47.395096,0 0.706583,47.395596,0 0.706192,47.395800,0 0.705515,47.395530,0 0.702300,47.393406,0 0.699130,47.391790,0 0.693566,47.391010,0 0.693570,47.390720,0 0.694070,47.390266,0 0.693312,47.389893,0 0.692325,47.390470,0</coordinates>
          </LineString>
          <LineString>
            <tessellate>1</tessellate>
            <coordinates>0.985843,46.913480,0 0.986165,46.914400,0 0.979867,46.915302,0 0.974874,46.915718,0 0.971602,46.917137,0 0.970100,46.918335,0 0.969078,46.918736,0 0.959674,46.918983,0 0.954509,46.918820,0 0.947975,46.919460,0 0.945785,46.918510,0 0.943133,46.918766,0 0.941012,46.918570,0 0.937937,46.917790,0 0.936547,46.917706,0 0.933841,46.918500,0 0.931353,46.918520,0 0.928486,46.918854,0 0.925627,46.920094,0 0.921542,46.920650,0 0.919889,46.920440,0 0.918877,46.920746,0 0.918608,46.923496,0 0.916795,46.925190,0 0.916523,46.925713,0 0.916668,46.926228,0 0.917656,46.927330,0 0.917743,46.927696,0 0.917531,46.928143,0 0.901547,46.936222,0 0.894262,46.943672,0 0.894267,46.944630,0 0.895500,46.946150,0 0.895741,46.949913,0 0.884167,46.966230,0 0.880141,46.974285,0 0.879546,46.974900,0 0.877024,46.976627,0 0.875955,46.981625,0 0.876551,46.982340,0 0.878646,46.983110,0 0.879231,46.983850,0 0.879892,46.989600,0 0.881844,46.991047,0 0.881537,46.991947,0 0.881990,46.992596,0 0.881192,46.993996,0 0.880055,46.995243,0 0.871212,47.002660,0 0.830675,47.029430,0 0.819923,47.038834,0 0.818777,47.040596,0 0.818348,47.042230,0 0.819107,47.042324,0 0.819545,47.042180,0 0.819441,47.043346,0 0.818730,47.044243,0 0.817282,47.044365,0 0.817413,47.045360,0 0.816840,47.046803,0 0.816432,47.047140,0 0.812432,47.048637,0 0.810544,47.049767,0 0.808972,47.051470,0 0.807796,47.052200,0 0.807629,47.052647,0 0.807728,47.052990,0 0.807342,47.053192,0 0.804439,47.056550,0 0.801942,47.062730,0 0.799197,47.066177,0 0.798782,47.067000,0 0.794659,47.077370,0 0.793542,47.079210,0 0.792930,47.080670,0 0.792397,47.084270,0 0.792455,47.085438,0 0.791504,47.086258,0 0.792678,47.093960,0 0.792041,47.130844,0 0.792517,47.133540,0 0.792971,47.134125,0 0.792656,47.134460,0 0.792173,47.135950,0 0.792534,47.137030,0 0.793409,47.137660,0 0.792692,47.138230,0 0.789750,47.139496,0 0.788012,47.140686,0 0.787573,47.141396,0 0.786855,47.143543,0 0.785931,47.145046,0 0.784947,47.147934,0 0.785303,47.157757,0 0.785105,47.158970,0 0.785371,47.159480,0 0.786536,47.160370,0 0.786353,47.161360,0 0.787085,47.162766,0 0.787809,47.165047,0 0.788002,47.167515,0 0.787071,47.168602,0 0.780444,47.174576,0 0.778902,47.179560,0 0.777621,47.181350,0 0.774259,47.190468,0 0.774197,47.191326,0 0.776834,47.209730,0 0.773566,47.220703,0 0.773180,47.225117,0 0.772569,47.226044,0 0.771649,47.228855,0 0.764231,47.232210,0 0.762656,47.229733,0 0.761246,47.230244,0 0.759391,47.230255,0 0.757316,47.231010,0 0.754951,47.231190,0 0.753195,47.231102,0 0.750769,47.230526,0 0.746746,47.229946,0 0.741974,47.229923,0 0.736551,47.231426,0 0.732975,47.233013,0 0.730368,47.234413,0 0.729014,47.235394,0 0.718985,47.239697,0 0.715347,47.239693,0 0.713095,47.240158,0 0.708595,47.239666,0 0.705680,47.239697,0 0.701955,47.241238,0 0.700329,47.241703,0 0.698461,47.242825,0 0.694747,47.243340,0 0.696052,47.246216,0 0.696446,47.246420,0 0.696324,47.246845,0 0.700536,47.256187,0 0.700854,47.256490,0 0.700736,47.256645,0 0.696299,47.256733,0 0.694169,47.257090,0 0.686288,47.257050,0 0.684550,47.256380,0 0.684097,47.255840,0 0.683210,47.255500,0 0.682346,47.255486,0 0.680481,47.255917,0 0.678876,47.255770,0 0.677768,47.254612,0 0.676251,47.254276,0 0.669356,47.254692,0 0.668496,47.255184,0 0.666522,47.257233,0 0.666479,47.258640,0 0.666848,47.260193,0 0.668192,47.263355,0 0.669777,47.266230,0 0.672328,47.269882,0 0.676996,47.275814,0 0.678440,47.278004,0 0.683520,47.288254,0 0.685483,47.290806,0 0.689647,47.295193,0 0.691409,47.298046,0 0.692282,47.300750,0 0.692458,47.303574,0 0.691910,47.306396,0 0.689825,47.311460,0 0.689241,47.313740,0 0.689132,47.316746,0 0.689837,47.319992,0 0.692477,47.327637,0 0.697592,47.339428,0 0.699872,47.343346,0 0.708427,47.356083,0 0.712502,47.362617,0 0.714390,47.366200,0 0.715426,47.369430,0 0.715642,47.371310,0 0.715575,47.373066,0 0.715249,47.374878,0 0.714616,47.376736,0 0.706322,47.391285,0 0.706031,47.392864,0 0.706247,47.393948,0 0.706875,47.395096,0 0.706583,47.395596,0 0.706192,47.395800,0 0.705515,47.395530,0 0.702300,47.393406,0 0.699130,47.391790,0 0.693566,47.391010,0 0.693570,47.390720,0 0.694070,47.390266,0 0.693312,47.389893,0 0.692325,47.390470,0</coordinates>
          </LineString>
          <LineString>
            <tessellate>1</tessellate>
            <coordinates>0.818937,47.042300,0 0.818348,47.042230,0 0.817352,47.043140,0 0.817418,47.045330,0 0.816840,47.046803,0 0.816432,47.047140,0 0.812432,47.048637,0 0.810544,47.049767,0 0.808972,47.051470,0 0.807796,47.052200,0 0.807629,47.052647,0 0.807728,47.052990,0 0.807342,47.053192,0 0.804439,47.056550,0 0.801942,47.062730,0 0.799197,47.066177,0 0.798782,47.067000,0 0.794659,47.077370,0 0.793542,47.079210,0 0.792822,47.080986,0 0.792397,47.084270,0 0.792455,47.085438,0 0.791527,47.086197,0 0.791491,47.086494,0 0.792678,47.093960,0 0.792041,47.130844,0 0.792517,47.133540,0 0.792971,47.134125,0 0.792656,47.134460,0 0.792173,47.135950,0 0.792534,47.137030,0 0.793409,47.137660,0 0.792692,47.138230,0 0.789750,47.139496,0 0.788012,47.140686,0 0.787573,47.141396,0 0.786855,47.143543,0 0.785931,47.145046,0 0.784947,47.147934,0 0.785303,47.157757,0 0.785105,47.158970,0 0.785371,47.159480,0 0.786536,47.160370,0 0.786353,47.161360,0 0.787085,47.162766,0 0.787809,47.165047,0 0.788002,47.167515,0 0.787071,47.168602,0 0.780444,47.174576,0 0.778902,47.179560,0 0.777621,47.181350,0 0.774259,47.190468,0 0.774197,47.191326,0 0.776834,47.209730,0 0.773566,47.220703,0 0.773161,47.225170,0 0.772569,47.226044,0 0.771874,47.228436,0 0.771666,47.228466,0 0.771719,47.228725,0 0.771497,47.229000,0 0.764231,47.232210,0 0.760889,47.235165,0 0.759749,47.236656,0 0.758963,47.238240,0 0.758569,47.239920,0 0.757813,47.241600,0 0.756374,47.243800,0 0.755246,47.246017,0 0.752784,47.253143,0 0.752889,47.254170,0 0.752322,47.255120,0 0.752232,47.256634,0 0.751375,47.257267,0 0.750945,47.258106,0 0.749767,47.258940,0 0.746739,47.261646,0 0.744317,47.267050,0 0.742853,47.269276,0 0.742511,47.272552,0 0.741992,47.274612,0 0.741174,47.276090,0 0.740990,47.276783,0 0.741269,47.278896,0 0.741236,47.280113,0 0.741433,47.280212,0 0.740443,47.283170,0 0.739812,47.283764,0 0.738329,47.283947,0 0.737733,47.284344,0 0.736548,47.287290,0 0.734643,47.290380,0 0.734494,47.290910,0 0.734229,47.290943,0 0.731257,47.289124,0 0.729396,47.287520,0 0.728299,47.285965,0 0.727549,47.285630,0 0.726017,47.285824,0 0.724050,47.286545,0 0.718382,47.289880,0 0.718802,47.290394,0 0.718939,47.290980,0 0.718426,47.292860,0 0.714486,47.305700,0 0.714249,47.305984,0 0.714421,47.305885,0 0.712671,47.311460,0 0.712742,47.311928,0 0.712386,47.312360,0 0.709794,47.320705,0 0.709929,47.321144,0 0.709588,47.321423,0 0.709429,47.321910,0 0.709550,47.322376,0 0.709211,47.322685,0 0.708442,47.325070,0 0.708552,47.325300,0 0.708269,47.325554,0 0.707264,47.328835,0 0.707179,47.329357,0 0.707382,47.329746,0 0.706889,47.330170,0 0.706622,47.330880,0 0.698918,47.355650,0 0.700367,47.355564,0 0.702861,47.356056,0 0.701861,47.358395,0 0.700593,47.358227,0 0.699922,47.359737,0 0.699853,47.359936,0 0.700035,47.360120,0 0.701077,47.360428,0 0.699297,47.360080,0 0.698451,47.359580,0 0.698026,47.359592,0 0.697586,47.359756,0 0.697099,47.360950,0 0.695833,47.362244,0 0.696178,47.362720,0 0.698652,47.363350,0 0.699505,47.363840,0 0.700441,47.363600,0 0.715006,47.365547,0 0.715081,47.368053,0 0.715642,47.371310,0 0.715575,47.373066,0 0.715249,47.374878,0 0.714616,47.376736,0 0.713732,47.378510,0 0.706322,47.391285,0 0.706044,47.392467,0 0.706080,47.393257,0 0.706877,47.395150,0 0.706432,47.395720,0 0.706192,47.395800,0 0.705437,47.395490,0 0.702300,47.393406,0 0.699130,47.391790,0 0.693566,47.391010,0 0.693570,47.390720,0 0.694070,47.390266,0 0.693312,47.389893,0 0.692325,47.390470,0</coordinates>
          </LineString>
          <LineString>
            <tessellate>1</tessellate>
            <coordinates>0.772332,47.226753,0 0.771874,47.228436,0 0.771666,47.228466,0 0.771719,47.228725,0 0.771497,47.229000,0 0.764231,47.232210,0 0.760889,47.235165,0 0.759749,47.236656,0 0.758963,47.238240,0 0.758569,47.239920,0 0.757813,47.241600,0 0.756374,47.243800,0 0.755246,47.246017,0 0.752784,47.253143,0 0.752889,47.254170,0 0.752322,47.255120,0 0.752232,47.256634,0 0.751375,47.257267,0 0.750945,47.258106,0 0.749767,47.258940,0 0.746739,47.261646,0 0.744317,47.267050,0 0.742853,47.269276,0 0.742511,47.272552,0 0.741992,47.274612,0 0.741174,47.276090,0 0.740990,47.276783,0 0.741269,47.278896,0 0.741236,47.280113,0 0.741433,47.280212,0 0.740443,47.283170,0 0.739812,47.283764,0 0.738329,47.283947,0 0.737733,47.284344,0 0.736548,47.287290,0 0.734643,47.290380,0 0.734494,47.290910,0 0.734229,47.290943,0 0.731257,47.289124,0 0.729396,47.287520,0 0.728299,47.285965,0 0.727549,47.285630,0 0.726017,47.285824,0 0.724050,47.286545,0 0.718382,47.289880,0 0.718802,47.290394,0 0.718939,47.290980,0 0.718426,47.292860,0 0.714486,47.305700,0 0.714249,47.305984,0 0.714421,47.305885,0 0.712671,47.311460,0 0.712742,47.311928,0 0.712386,47.312360,0 0.709794,47.320705,0 0.709929,47.321144,0 0.709588,47.321423,0 0.709429,47.321910,0 0.709550,47.322376,0 0.709211,47.322685,0 0.708442,47.325070,0 0.708552,47.325300,0 0.708269,47.325554,0 0.707264,47.328835,0 0.707179,47.329357,0 0.707382,47.329746,0 0.706889,47.330170,0 0.706622,47.330880,0 0.698918,47.355650,0 0.700367,47.355564,0 0.702861,47.356056,0 0.701861,47.358395,0 0.700593,47.358227,0 0.699922,47.359737,0 0.699853,47.359936,0 0.700035,47.360120,0 0.701077,47.360428,0 0.699297,47.360080,0 0.698451,47.359580,0 0.698026,47.359592,0 0.697586,47.359756,0 0.697099,47.360950,0 0.695833,47.362244,0 0.696178,47.362720,0 0.698652,47.363350,0 0.699505,47.363840,0 0.700441,47.363600,0 0.715006,47.365547,0 0.715081,47.368053,0 0.715642,47.371310,0 0.715575,47.373066,0 0.715249,47.374878,0 0.714616,47.376736,0 0.713732,47.378510,0 0.706322,47.391285,0 0.706044,47.392467,0 0.706080,47.393257,0 0.706877,47.395150,0 0.706432,47.395720,0 0.706192,47.395800,0 0.705437,47.395490,0 0.702300,47.393406,0 0.699130,47.391790,0 0.693566,47.391010,0 0.693570,47.390720,0 0.694070,47.390266,0 0.693312,47.389893,0 0.692325,47.390470,0</coordinates>
          </LineString>
          <LineString>
            <tessellate>1</tessellate>
            <coordinates>0.692325,47.390470,0 0.692025,47.390540,0 0.699245,47.391525,0 0.701870,47.392840,0 0.704052,47.394306,0 0.704650,47.394270,0 0.705270,47.393288,0 0.706035,47.391300,0 0.712932,47.379580,0 0.714447,47.376700,0 0.715060,47.374855,0 0.715411,47.372826,0 0.715427,47.371080,0 0.715174,47.369213,0 0.714194,47.366238,0 0.712310,47.362670,0 0.707419,47.354870,0 0.699719,47.343390,0 0.697434,47.339466,0 0.692344,47.327736,0 0.689796,47.320427,0 0.688979,47.316982,0 0.689030,47.313957,0 0.689654,47.311428,0 0.691738,47.306370,0 0.692282,47.303566,0 0.692147,47.301000,0 0.691317,47.298260,0 0.689491,47.295246,0 0.685232,47.290775,0 0.683118,47.287964,0 0.678784,47.278934,0 0.676556,47.275510,0 0.670008,47.266900,0 0.667596,47.262486,0 0.665492,47.257057,0 0.663809,47.255856,0 0.663694,47.255383,0 0.664369,47.254980,0 0.667943,47.254627,0 0.676452,47.254280,0 0.677632,47.254536,0 0.678697,47.255410,0 0.679882,47.255894,0 0.680768,47.255882,0 0.682446,47.255474,0 0.683505,47.255573,0 0.684795,47.256157,0 0.685364,47.256780,0 0.686288,47.257050,0 0.691748,47.257156,0 0.693634,47.257010,0 0.694164,47.256805,0 0.699989,47.256660,0 0.700496,47.256480,0 0.700536,47.256187,0 0.694747,47.243340,0 0.698461,47.242825,0 0.700329,47.241703,0 0.701955,47.241238,0 0.705680,47.239697,0 0.708595,47.239666,0 0.713095,47.240158,0 0.715347,47.239693,0 0.718985,47.239697,0 0.729014,47.235394,0 0.730368,47.234413,0 0.732975,47.233013,0 0.736551,47.231426,0 0.741974,47.229923,0 0.746746,47.229946,0 0.750769,47.230526,0 0.753195,47.231102,0 0.754951,47.231190,0 0.757316,47.231010,0 0.759391,47.230255,0 0.761246,47.230244,0 0.762656,47.229733,0 0.764140,47.231945,0 0.764471,47.232056,0 0.771649,47.228855,0 0.771314,47.226746,0 0.772324,47.226780,0 0.772659,47.225838,0 0.773180,47.225117,0 0.773566,47.220703,0 0.776834,47.209730,0 0.774197,47.191326,0 0.774259,47.190468,0 0.777621,47.181350,0 0.778902,47.179560,0 0.780444,47.174576,0 0.787071,47.168602,0 0.788002,47.167515,0 0.787809,47.165047,0 0.787085,47.162766,0 0.786353,47.161360,0 0.786536,47.160370,0 0.785371,47.159480,0 0.785105,47.158970,0 0.785303,47.157757,0 0.784947,47.147934,0 0.785931,47.145046,0 0.786855,47.143543,0 0.787573,47.141396,0 0.788012,47.140686,0 0.789750,47.139496,0 0.792692,47.138230,0 0.793409,47.137660,0 0.792534,47.137030,0 0.792173,47.135950,0 0.792703,47.133850,0 0.792383,47.132977,0 0.792041,47.130844,0 0.792678,47.093960,0 0.791491,47.086494,0 0.791527,47.086197,0 0.792455,47.085438,0 0.792397,47.084270,0 0.792822,47.080986,0 0.793542,47.079210,0 0.794659,47.077370,0 0.798782,47.067000,0 0.799197,47.066177,0 0.801942,47.062730,0 0.804439,47.056550,0 0.806793,47.053894,0 0.807796,47.052200,0 0.808972,47.051470,0 0.810544,47.049767,0 0.812432,47.048637,0 0.816432,47.047140,0 0.816840,47.046803,0 0.817418,47.045330,0 0.817352,47.043140,0 0.818348,47.042230,0 0.818937,47.042300,0</coordinates>
          </LineString>
          <LineString>
            <tessellate>1</tessellate>
            <coordinates>0.818937,47.042300,0 0.818348,47.042230,0 0.817352,47.043140,0 0.817418,47.045330,0 0.816840,47.046803,0 0.816432,47.047140,0 0.812432,47.048637,0 0.810544,47.049767,0 0.808972,47.051470,0 0.807796,47.052200,0 0.807629,47.052647,0 0.807728,47.052990,0 0.807342,47.053192,0 0.804439,47.056550,0 0.801942,47.062730,0 0.799197,47.066177,0 0.798782,47.067000,0 0.794659,47.077370,0 0.793542,47.079210,0 0.792822,47.080986,0 0.792397,47.084270,0 0.792455,47.085438,0 0.791527,47.086197,0 0.791491,47.086494,0 0.792678,47.093960,0 0.792041,47.130844,0 0.792517,47.133540,0 0.792971,47.134125,0 0.792656,47.134460,0 0.792173,47.135950,0 0.792534,47.137030,0 0.793409,47.137660,0 0.792692,47.138230,0 0.789750,47.139496,0 0.788012,47.140686,0 0.787573,47.141396,0 0.786855,47.143543,0 0.785931,47.145046,0 0.784947,47.147934,0 0.785303,47.157757,0 0.785105,47.158970,0 0.785371,47.159480,0 0.786536,47.160370,0 0.786353,47.161360,0 0.787085,47.162766,0 0.787809,47.165047,0 0.788002,47.167515,0 0.787071,47.168602,0 0.780444,47.174576,0 0.778902,47.179560,0 0.777621,47.181350,0 0.774259,47.190468,0 0.774197,47.191326,0 0.776834,47.209730,0 0.773566,47.220703,0 0.773180,47.225117,0 0.772569,47.226044,0 0.771649,47.228855,0 0.764231,47.232210,0 0.762656,47.229733,0 0.761246,47.230244,0 0.759391,47.230255,0 0.757316,47.231010,0 0.754951,47.231190,0 0.753195,47.231102,0 0.750769,47.230526,0 0.746746,47.229946,0 0.741974,47.229923,0 0.736551,47.231426,0 0.732975,47.233013,0 0.730368,47.234413,0 0.729014,47.235394,0 0.718985,47.239697,0 0.715347,47.239693,0 0.713095,47.240158,0 0.708595,47.239666,0 0.705680,47.239697,0 0.701955,47.241238,0 0.700329,47.241703,0 0.698461,47.242825,0 0.694747,47.243340,0 0.696052,47.246216,0 0.696446,47.246420,0 0.696324,47.246845,0 0.700536,47.256187,0 0.700854,47.256490,0 0.700736,47.256645,0 0.696299,47.256733,0 0.694169,47.257090,0 0.686288,47.257050,0 0.684550,47.256380,0 0.684097,47.255840,0 0.683210,47.255500,0 0.682346,47.255486,0 0.680481,47.255917,0 0.678876,47.255770,0 0.677768,47.254612,0 0.676251,47.254276,0 0.669356,47.254692,0 0.668496,47.255184,0 0.666434,47.257427,0 0.666479,47.258640,0 0.667015,47.260647,0 0.668192,47.263355,0 0.669777,47.266230,0 0.672328,47.269882,0 0.676996,47.275814,0 0.678440,47.278004,0 0.683520,47.288254,0 0.685483,47.290806,0 0.689647,47.295193,0 0.691409,47.298046,0 0.692282,47.300750,0 0.692458,47.303574,0 0.691910,47.306396,0 0.689825,47.311460,0 0.689241,47.313740,0 0.689132,47.316746,0 0.689837,47.319992,0 0.692477,47.327637,0 0.697592,47.339428,0 0.699872,47.343346,0 0.708427,47.356083,0 0.712502,47.362617,0 0.714390,47.366200,0 0.715426,47.369430,0 0.715642,47.371310,0 0.715575,47.373066,0 0.715249,47.374878,0 0.714616,47.376736,0 0.706322,47.391285,0 0.706031,47.392864,0 0.706247,47.393948,0 0.706875,47.395096,0 0.706583,47.395596,0 0.706192,47.395800,0 0.705515,47.395530,0 0.702300,47.393406,0 0.699130,47.391790,0 0.693566,47.391010,0 0.693570,47.390720,0 0.694070,47.390266,0 0.693312,47.389893,0 0.692325,47.390470,0</coordinates>
          </LineString>
          <LineString>
            <tessellate>1</tessellate>
            <coordinates>0.928026,46.854683,0 0.926370,46.854820,0 0.925709,46.856037,0 0.920999,46.859295,0 0.912246,46.862118,0 0.906900,46.864998,0 0.903734,46.867977,0 0.898593,46.870080,0 0.887208,46.873280,0 0.880750,46.873817,0 0.875568,46.875130,0 0.863642,46.878887,0 0.859179,46.879463,0 0.857010,46.880344,0 0.851318,46.881670,0 0.849225,46.882988,0 0.847394,46.884900,0 0.844691,46.885914,0 0.841646,46.888420,0 0.841174,46.889126,0 0.839240,46.893932,0 0.838762,46.894688,0 0.837132,46.896465,0 0.833754,46.898186,0 0.831903,46.899536,0 0.829790,46.902320,0 0.826066,46.904370,0 0.823015,46.906414,0 0.820474,46.907135,0 0.817265,46.908390,0 0.814603,46.908830,0 0.811386,46.909027,0 0.809248,46.909836,0 0.807700,46.911163,0 0.806173,46.913570,0 0.806351,46.914790,0 0.805370,46.916378,0 0.806549,46.918423,0 0.805312,46.918972,0 0.806441,46.921753,0 0.807411,46.922970,0 0.809741,46.923813,0 0.810616,46.924630,0 0.835746,46.975967,0 0.836046,46.976772,0 0.836177,46.978363,0 0.836720,46.978924,0 0.838902,46.979960,0 0.838486,46.982150,0 0.839224,46.984390,0 0.840609,46.986470,0 0.845228,46.996410,0 0.845151,46.996944,0 0.842633,47.001247,0 0.841406,47.021736,0 0.841742,47.022083,0 0.831003,47.029170,0 0.820258,47.038475,0 0.818777,47.040596,0 0.818348,47.042230,0 0.819107,47.042324,0 0.819545,47.042180,0 0.819441,47.043346,0 0.818730,47.044243,0 0.817282,47.044365,0 0.817413,47.045360,0 0.816840,47.046803,0 0.816432,47.047140,0 0.812432,47.048637,0 0.810758,47.049630,0 0.808972,47.051470,0 0.807796,47.052200,0 0.807629,47.052647,0 0.807728,47.052990,0 0.807342,47.053192,0 0.804272,47.056805,0 0.801942,47.062730,0 0.798996,47.066550,0 0.794659,47.077370,0 0.793542,47.079210,0 0.792822,47.080986,0 0.792397,47.084270,0 0.792455,47.085438,0 0.791527,47.086197,0 0.791491,47.086494,0 0.792678,47.093960,0 0.792041,47.130844,0 0.792517,47.133540,0 0.792971,47.134125,0 0.792656,47.134460,0 0.792173,47.135950,0 0.792534,47.137030,0 0.793409,47.137660,0 0.792692,47.138230,0 0.789750,47.139496,0 0.788012,47.140686,0 0.787573,47.141396,0 0.786855,47.143543,0 0.785931,47.145046,0 0.784947,47.147934,0 0.785303,47.157757,0 0.785105,47.158970,0 0.785371,47.159480,0 0.786536,47.160370,0 0.786353,47.161360,0 0.787085,47.162766,0 0.787809,47.165047,0 0.788002,47.167515,0 0.787071,47.168602,0 0.780444,47.174576,0 0.778902,47.179560,0 0.777621,47.181350,0 0.774259,47.190468,0 0.774197,47.191326,0 0.776834,47.209730,0 0.773566,47.220703,0 0.773180,47.225117,0 0.772569,47.226044,0 0.771649,47.228855,0 0.764231,47.232210,0 0.762656,47.229733,0 0.761246,47.230244,0 0.759391,47.230255,0 0.757316,47.231010,0 0.754951,47.231190,0 0.753195,47.231102,0 0.750769,47.230526,0 0.746746,47.229946,0 0.741974,47.229923,0 0.736551,47.231426,0 0.732975,47.233013,0 0.730368,47.234413,0 0.729014,47.235394,0 0.718985,47.239697,0 0.715347,47.239693,0 0.713095,47.240158,0 0.708595,47.239666,0 0.705680,47.239697,0 0.701955,47.241238,0 0.700329,47.241703,0 0.698461,47.242825,0 0.694747,47.243340,0 0.696052,47.246216,0 0.696446,47.246420,0 0.696324,47.246845,0 0.700536,47.256187,0 0.700854,47.256490,0 0.700736,47.256645,0 0.696299,47.256733,0 0.694169,47.257090,0 0.686549,47.257070,0 0.685470,47.256832,0 0.684496,47.256350,0 0.683963,47.255760,0 0.683210,47.255500,0 0.682346,47.255486,0 0.680481,47.255917,0 0.678563,47.255720,0 0.671481,47.257458,0 0.668802,47.258327,0 0.668993,47.258570,0 0.668306,47.258778,0 0.668993,47.258570,0 0.668802,47.258327,0 0.671481,47.257458,0 0.678750,47.255640,0 0.678697,47.255410,0 0.677632,47.254536,0 0.676251,47.254276,0 0.669356,47.254692,0 0.668496,47.255184,0 0.666434,47.257427,0 0.666479,47.258640,0 0.667015,47.260647,0 0.668192,47.263355,0 0.669777,47.266230,0 0.672328,47.269882,0 0.676996,47.275814,0 0.678440,47.278004,0 0.683520,47.288254,0 0.685483,47.290806,0 0.689647,47.295193,0 0.691409,47.298046,0 0.692282,47.300750,0 0.692458,47.303574,0 0.691910,47.306396,0 0.689825,47.311460,0 0.689241,47.313740,0 0.689132,47.316746,0 0.689837,47.319992,0 0.692477,47.327637,0 0.697592,47.339428,0 0.699872,47.343346,0 0.708427,47.356083,0 0.712502,47.362617,0 0.714390,47.366200,0 0.715426,47.369430,0 0.715642,47.371310,0 0.715575,47.373066,0 0.715249,47.374878,0 0.714616,47.376736,0 0.706322,47.391285,0 0.706031,47.392864,0 0.706247,47.393948,0 0.706875,47.395096,0 0.706583,47.395596,0 0.706192,47.395800,0 0.705515,47.395530,0 0.702300,47.393406,0 0.699130,47.391790,0 0.693566,47.391010,0 0.693570,47.390720,0 0.694070,47.390266,0 0.693312,47.389893,0 0.692325,47.390470,0</coordinates>
          </LineString>
          <LineString>
            <tessellate>1</tessellate>
            <coordinates>0.985843,46.913480,0 0.986165,46.914400,0 0.979867,46.915302,0 0.974874,46.915718,0 0.971602,46.917137,0 0.970100,46.918335,0 0.969078,46.918736,0 0.959674,46.918983,0 0.954509,46.918820,0 0.947975,46.919460,0 0.945785,46.918510,0 0.943133,46.918766,0 0.941012,46.918570,0 0.937937,46.917790,0 0.936547,46.917706,0 0.933841,46.918500,0 0.931353,46.918520,0 0.928486,46.918854,0 0.925627,46.920094,0 0.921542,46.920650,0 0.919889,46.920440,0 0.918877,46.920746,0 0.918608,46.923496,0 0.916795,46.925190,0 0.916523,46.925713,0 0.916668,46.926228,0 0.917656,46.927330,0 0.917743,46.927696,0 0.917531,46.928143,0 0.901547,46.936222,0 0.894262,46.943672,0 0.894267,46.944630,0 0.895500,46.946150,0 0.895741,46.949913,0 0.884167,46.966230,0 0.880141,46.974285,0 0.879546,46.974900,0 0.877024,46.976627,0 0.875955,46.981625,0 0.876551,46.982340,0 0.878646,46.983110,0 0.879231,46.983850,0 0.879892,46.989600,0 0.881844,46.991047,0 0.881537,46.991947,0 0.881990,46.992596,0 0.881192,46.993996,0 0.880055,46.995243,0 0.871212,47.002660,0 0.830675,47.029430,0 0.819923,47.038834,0 0.818777,47.040596,0 0.818348,47.042230,0 0.819107,47.042324,0 0.819545,47.042180,0 0.819441,47.043346,0 0.818730,47.044243,0 0.817282,47.044365,0 0.817413,47.045360,0 0.816840,47.046803,0 0.816432,47.047140,0 0.812432,47.048637,0 0.810544,47.049767,0 0.808972,47.051470,0 0.807796,47.052200,0 0.807629,47.052647,0 0.807728,47.052990,0 0.807342,47.053192,0 0.804272,47.056805,0 0.801942,47.062730,0 0.799197,47.066177,0 0.798782,47.067000,0 0.794659,47.077370,0 0.793542,47.079210,0 0.792930,47.080670,0 0.792397,47.084270,0 0.792455,47.085438,0 0.791504,47.086258,0 0.792678,47.093960,0 0.792041,47.130844,0 0.792517,47.133540,0 0.792971,47.134125,0 0.792656,47.134460,0 0.792173,47.135950,0 0.792534,47.137030,0 0.793418,47.137592,0 0.792775,47.138187,0 0.789750,47.139496,0 0.788012,47.140686,0 0.787573,47.141396,0 0.786855,47.143543,0 0.785931,47.145046,0 0.784947,47.147934,0 0.785303,47.157757,0 0.785105,47.158970,0 0.785371,47.159480,0 0.786536,47.160370,0 0.786353,47.161360,0 0.787085,47.162766,0 0.787809,47.165047,0 0.788002,47.167515,0 0.787071,47.168602,0 0.780444,47.174576,0 0.778902,47.179560,0 0.777621,47.181350,0 0.774259,47.190468,0 0.774197,47.191326,0 0.776834,47.209730,0 0.773566,47.220703,0 0.773180,47.225117,0 0.772569,47.226044,0 0.771874,47.228436,0 0.771666,47.228466,0 0.771719,47.228725,0 0.771497,47.229000,0 0.764231,47.232210,0 0.760889,47.235165,0 0.759749,47.236656,0 0.758963,47.238240,0 0.758569,47.239920,0 0.757813,47.241600,0 0.756374,47.243800,0 0.755246,47.246017,0 0.752784,47.253143,0 0.752889,47.254170,0 0.752322,47.255120,0 0.752232,47.256634,0 0.751375,47.257267,0 0.750945,47.258106,0 0.749767,47.258940,0 0.746739,47.261646,0 0.744317,47.267050,0 0.742853,47.269276,0 0.742511,47.272552,0 0.741992,47.274612,0 0.741174,47.276090,0 0.740990,47.276783,0 0.741269,47.278896,0 0.741236,47.280113,0 0.741433,47.280212,0 0.740443,47.283170,0 0.739812,47.283764,0 0.738329,47.283947,0 0.737733,47.284344,0 0.736548,47.287290,0 0.734643,47.290380,0 0.734494,47.290910,0 0.734229,47.290943,0 0.731257,47.289124,0 0.729396,47.287520,0 0.728299,47.285965,0 0.727549,47.285630,0 0.726017,47.285824,0 0.724050,47.286545,0 0.718382,47.289880,0 0.718802,47.290394,0 0.718939,47.290980,0 0.718426,47.292860,0 0.714486,47.305700,0 0.714249,47.305984,0 0.714421,47.305885,0 0.712671,47.311460,0 0.712742,47.311928,0 0.712386,47.312360,0 0.709794,47.320705,0 0.709929,47.321144,0 0.709588,47.321423,0 0.709429,47.321910,0 0.709550,47.322376,0 0.709211,47.322685,0 0.708442,47.325070,0 0.708552,47.325300,0 0.708269,47.325554,0 0.707264,47.328835,0 0.707179,47.329357,0 0.707382,47.329746,0 0.706889,47.330170,0 0.706622,47.330880,0 0.698918,47.355650,0 0.700367,47.355564,0 0.702861,47.356056,0 0.701861,47.358395,0 0.700593,47.358227,0 0.699922,47.359737,0 0.699853,47.359936,0 0.700035,47.360120,0 0.701077,47.360428,0 0.699297,47.360080,0 0.698451,47.359580,0 0.698026,47.359592,0 0.697586,47.359756,0 0.697099,47.360950,0 0.695833,47.362244,0 0.696178,47.362720,0 0.698652,47.363350,0 0.699505,47.363840,0 0.700441,47.363600,0 0.715006,47.365547,0 0.715081,47.368053,0 0.715642,47.371310,0 0.715575,47.373066,0 0.715249,47.374878,0 0.714616,47.376736,0 0.713732,47.378510,0 0.706322,47.391285,0 0.706044,47.392467,0 0.706080,47.393257,0 0.706877,47.395150,0 0.706432,47.395720,0 0.706192,47.395800,0 0.705437,47.395490,0 0.702300,47.393406,0 0.699130,47.391790,0 0.693566,47.391010,0 0.693570,47.390720,0 0.694070,47.390266,0 0.693312,47.389893,0 0.692325,47.390470,0</coordinates>
          </LineString>
          <LineString>
            <tessellate>1</tessellate>
            <coordinates>0.692325,47.390470,0 0.692025,47.390540,0 0.699245,47.391525,0 0.701870,47.392840,0 0.704052,47.394306,0 0.704650,47.394270,0 0.705270,47.393288,0 0.706035,47.391300,0 0.712932,47.379580,0 0.714447,47.376700,0 0.715060,47.374855,0 0.715411,47.372826,0 0.715427,47.371080,0 0.715174,47.369213,0 0.714194,47.366238,0 0.712310,47.362670,0 0.707419,47.354870,0 0.699719,47.343390,0 0.697434,47.339466,0 0.692344,47.327736,0 0.689796,47.320427,0 0.688979,47.316982,0 0.689030,47.313957,0 0.689654,47.311428,0 0.691738,47.306370,0 0.692282,47.303566,0 0.692147,47.301000,0 0.691317,47.298260,0 0.689491,47.295246,0 0.685232,47.290775,0 0.683118,47.287964,0 0.678784,47.278934,0 0.676556,47.275510,0 0.670008,47.266900,0 0.667596,47.262486,0 0.665492,47.257057,0 0.663809,47.255856,0 0.663694,47.255383,0 0.664369,47.254980,0 0.667943,47.254627,0 0.676251,47.254276,0 0.677632,47.254536,0 0.679127,47.255620,0 0.678984,47.255775,0 0.678563,47.255720,0 0.674202,47.256676,0 0.671481,47.257458,0 0.668802,47.258327,0 0.668993,47.258570,0 0.668306,47.258778,0 0.668993,47.258570,0 0.668802,47.258327,0 0.671481,47.257458,0 0.674202,47.256676,0 0.676580,47.256264,0 0.678956,47.255520,0 0.680240,47.255924,0 0.682346,47.255486,0 0.683210,47.255500,0 0.684795,47.256157,0 0.684973,47.256516,0 0.685470,47.256832,0 0.686549,47.257070,0 0.691748,47.257156,0 0.693634,47.257010,0 0.694164,47.256805,0 0.699989,47.256660,0 0.700496,47.256480,0 0.700536,47.256187,0 0.694747,47.243340,0 0.698461,47.242825,0 0.700329,47.241703,0 0.701955,47.241238,0 0.705680,47.239697,0 0.708595,47.239666,0 0.713095,47.240158,0 0.715347,47.239693,0 0.718985,47.239697,0 0.729014,47.235394,0 0.730368,47.234413,0 0.732975,47.233013,0 0.736551,47.231426,0 0.741974,47.229923,0 0.746746,47.229946,0 0.750769,47.230526,0 0.753195,47.231102,0 0.754951,47.231190,0 0.757316,47.231010,0 0.759391,47.230255,0 0.761246,47.230244,0 0.762656,47.229733,0 0.764140,47.231945,0 0.764471,47.232056,0 0.771649,47.228855,0 0.771314,47.226746,0 0.772324,47.226780,0 0.772659,47.225838,0 0.773180,47.225117,0 0.773566,47.220703,0 0.776834,47.209730,0 0.774197,47.191326,0 0.774259,47.190468,0 0.777621,47.181350,0 0.778902,47.179560,0 0.780444,47.174576,0 0.787071,47.168602,0 0.788002,47.167515,0 0.787809,47.165047,0 0.787085,47.162766,0 0.786353,47.161360,0 0.786536,47.160370,0 0.785371,47.159480,0 0.785105,47.158970,0 0.785303,47.157757,0 0.784947,47.147934,0 0.785931,47.145046,0 0.786855,47.143543,0 0.787573,47.141396,0 0.788012,47.140686,0 0.789750,47.139496,0 0.792692,47.138230,0 0.793409,47.137660,0 0.792534,47.137030,0 0.792173,47.135950,0 0.792703,47.133850,0 0.792383,47.132977,0 0.792041,47.130844,0 0.792678,47.093960,0 0.791491,47.086494,0 0.791527,47.086197,0 0.792455,47.085438,0 0.792397,47.084270,0 0.792822,47.080986,0 0.793542,47.079210,0 0.794659,47.077370,0 0.798996,47.066550,0 0.801942,47.062730,0 0.804272,47.056805,0 0.806793,47.053894,0 0.807796,47.052200,0 0.808972,47.051470,0 0.810544,47.049767,0 0.812225,47.048756,0 0.816714,47.046925,0 0.817413,47.045360,0 0.817282,47.044365,0 0.818730,47.044243,0 0.819441,47.043346,0 0.819534,47.042534,0 0.819187,47.042320,0 0.818348,47.042230,0 0.818777,47.040596,0 0.820123,47.038597,0 0.831003,47.029170,0 0.841350,47.022343,0 0.842633,47.001247,0 0.845151,46.996944,0 0.845228,46.996410,0 0.840609,46.986470,0 0.839224,46.984390,0 0.838486,46.982150,0 0.838902,46.979960,0 0.836720,46.978924,0 0.836177,46.978363,0 0.836046,46.976772,0 0.835746,46.975967,0 0.810616,46.924630,0 0.809741,46.923813,0 0.807411,46.922970,0 0.806441,46.921753,0 0.805312,46.918972,0 0.806549,46.918423,0 0.805370,46.916378,0 0.806351,46.914790,0 0.806173,46.913570,0 0.807700,46.911163,0 0.809248,46.909836,0 0.811386,46.909027,0 0.814603,46.908830,0 0.817265,46.908390,0 0.820474,46.907135,0 0.823015,46.906414,0 0.826066,46.904370,0 0.829790,46.902320,0 0.831903,46.899536,0 0.833754,46.898186,0 0.837132,46.896465,0 0.838762,46.894688,0 0.839240,46.893932,0 0.841174,46.889126,0 0.841646,46.888420,0 0.844691,46.885914,0 0.847394,46.884900,0 0.849225,46.882988,0 0.851318,46.881670,0 0.857010,46.880344,0 0.859179,46.879463,0 0.863642,46.878887,0 0.875568,46.875130,0 0.880750,46.873817,0 0.887208,46.873280,0 0.898593,46.870080,0 0.903734,46.867977,0 0.906900,46.864998,0 0.912246,46.862118,0 0.920999,46.859295,0 0.925709,46.856037,0 0.926370,46.854820,0 0.928034,46.854683,0</coordinates>
          </LineString>
          <LineString>
            <tessellate>1</tessellate>
            <coordinates>0.696414,47.243122,0 0.694747,47.243340,0 0.696052,47.246216,0 0.696446,47.246420,0 0.696324,47.246845,0 0.700536,47.256187,0 0.700854,47.256490,0 0.700782,47.256630,0 0.696299,47.256733,0 0.694169,47.257090,0 0.686288,47.257050,0 0.684550,47.256380,0 0.684097,47.255840,0 0.683210,47.255500,0 0.682346,47.255486,0 0.680481,47.255917,0 0.678876,47.255770,0 0.677768,47.254612,0 0.676251,47.254276,0 0.669356,47.254692,0 0.668316,47.255363,0 0.666691,47.257020,0 0.666394,47.257652,0 0.666694,47.259743,0 0.667191,47.261097,0 0.668419,47.263810,0 0.669777,47.266230,0 0.672328,47.269882,0 0.676996,47.275814,0 0.678440,47.278004,0 0.683520,47.288254,0 0.685483,47.290806,0 0.689647,47.295193,0 0.691409,47.298046,0 0.692282,47.300750,0 0.692458,47.303574,0 0.691910,47.306396,0 0.689825,47.311460,0 0.689241,47.313740,0 0.689132,47.316746,0 0.689837,47.319992,0 0.692477,47.327637,0 0.697592,47.339428,0 0.699872,47.343346,0 0.708427,47.356083,0 0.712502,47.362617,0 0.714390,47.366200,0 0.715426,47.369430,0 0.715642,47.371310,0 0.715575,47.373066,0 0.715249,47.374878,0 0.714616,47.376736,0 0.706322,47.391285,0 0.706031,47.392864,0 0.706247,47.393948,0 0.706875,47.395096,0 0.706583,47.395596,0 0.706192,47.395800,0 0.705515,47.395530,0 0.702300,47.393406,0 0.699130,47.391790,0 0.693566,47.391010,0 0.693570,47.390720,0 0.694070,47.390266,0 0.693312,47.389893,0 0.692325,47.390470,0</coordinates>
          </LineString>
          <LineString>
            <tessellate>1</tessellate>
            <coordinates>0.692325,47.390470,0 0.692025,47.390540,0 0.699245,47.391525,0 0.701870,47.392840,0 0.704052,47.394306,0 0.704650,47.394270,0 0.705270,47.393288,0 0.706035,47.391300,0 0.713690,47.378242,0 0.715000,47.375088,0 0.715442,47.372356,0 0.715266,47.369680,0 0.714987,47.368443,0 0.714497,47.367367,0 0.713511,47.366070,0 0.712430,47.365322,0 0.700775,47.363663,0 0.699589,47.363956,0 0.699524,47.363790,0 0.699946,47.363495,0 0.701115,47.363438,0 0.701367,47.362785,0 0.702085,47.362286,0 0.703085,47.361150,0 0.703042,47.360950,0 0.699297,47.360080,0 0.698363,47.359550,0 0.697459,47.359750,0 0.698797,47.355736,0 0.700367,47.355564,0 0.702861,47.356056,0 0.703818,47.353860,0 0.702159,47.352287,0 0.700453,47.351097,0 0.700331,47.350822,0 0.701865,47.345695,0 0.702044,47.344524,0 0.702713,47.343033,0 0.705373,47.334507,0 0.705250,47.334167,0 0.705543,47.333958,0 0.706427,47.331173,0 0.706729,47.330055,0 0.706505,47.329597,0 0.707000,47.329220,0 0.707252,47.328500,0 0.708165,47.325535,0 0.708060,47.325268,0 0.708314,47.325024,0 0.709042,47.322674,0 0.708924,47.322290,0 0.709416,47.321514,0 0.709306,47.321053,0 0.709667,47.320694,0 0.712281,47.312305,0 0.712223,47.311825,0 0.712584,47.311360,0 0.717394,47.295815,0 0.717999,47.293453,0 0.717934,47.292740,0 0.718334,47.292370,0 0.718715,47.291172,0 0.718626,47.290485,0 0.718258,47.289955,0 0.723729,47.286700,0 0.725674,47.285915,0 0.727322,47.285618,0 0.728178,47.285854,0 0.729396,47.287520,0 0.731706,47.289455,0 0.733187,47.290333,0 0.734424,47.290770,0 0.736659,47.287060,0 0.737585,47.284760,0 0.737507,47.284344,0 0.738329,47.283947,0 0.739812,47.283764,0 0.740443,47.283170,0 0.741225,47.280613,0 0.741269,47.278896,0 0.740868,47.276855,0 0.741992,47.274612,0 0.742654,47.271847,0 0.742853,47.269276,0 0.744317,47.267050,0 0.746739,47.261646,0 0.749767,47.258940,0 0.750945,47.258106,0 0.751375,47.257267,0 0.752232,47.256634,0 0.752322,47.255120,0 0.752889,47.254170,0 0.752784,47.253143,0 0.755246,47.246017,0 0.756374,47.243800,0 0.757813,47.241600,0 0.758569,47.239920,0 0.758963,47.238240,0 0.759749,47.236656,0 0.760975,47.234940,0 0.764231,47.232210,0 0.771497,47.229000,0 0.771723,47.228672,0 0.771338,47.227566,0 0.771322,47.226723,0 0.772324,47.226780,0 0.772659,47.225838,0 0.773161,47.225170,0 0.773566,47.220703,0 0.776834,47.209730,0 0.774197,47.191326,0 0.774259,47.190468,0 0.777621,47.181350,0 0.778902,47.179560,0 0.780444,47.174576,0 0.787071,47.168602,0 0.788002,47.167515,0 0.787809,47.165047,0 0.787085,47.162766,0 0.786353,47.161360,0 0.786536,47.160370,0 0.785371,47.159480,0 0.785105,47.158970,0 0.785303,47.157757,0 0.784947,47.147934,0 0.785931,47.145046,0 0.786855,47.143543,0 0.787573,47.141396,0 0.788012,47.140686,0 0.789750,47.139496,0 0.792692,47.138230,0 0.793409,47.137660,0 0.792534,47.137030,0 0.792173,47.135950,0 0.792703,47.133850,0 0.792383,47.132977,0 0.792041,47.130844,0 0.792678,47.093960,0 0.791491,47.086494,0 0.791527,47.086197,0 0.792455,47.085438,0 0.792397,47.084270,0 0.792822,47.080986,0 0.793542,47.079210,0 0.794659,47.077370,0 0.798782,47.067000,0 0.799197,47.066177,0 0.801942,47.062730,0 0.804439,47.056550,0 0.806793,47.053894,0 0.807796,47.052200,0 0.808972,47.051470,0 0.810544,47.049767,0 0.812432,47.048637,0 0.816432,47.047140,0 0.816840,47.046803,0 0.817418,47.045330,0 0.817352,47.043140,0 0.818348,47.042230,0 0.818937,47.042300,0</coordinates>
          </LineString>
        </MultiGeometry>
      </Placemark>
      <Placemark>
        <name>H — Sainte-Maure-de-Touraine - Tours — Ligne régulière hors dimanche</name>
        <description>Groupe horaire : Ligne régulière hors dimanche
Ligne régionale Rémi H. Tracé issu des shapes GTFS officiels fournis.</description>
        <styleUrl>#route_REMI37_Line_140</styleUrl>
        <MultiGeometry>
          <LineString>
            <tessellate>1</tessellate>
            <coordinates>0.705653,47.283558,0 0.709315,47.284760,0 0.709156,47.283740,0 0.709565,47.282818,0 0.709512,47.282494,0 0.707833,47.280827,0 0.706221,47.278545,0 0.706548,47.278255,0 0.706038,47.277480,0 0.705560,47.276077,0 0.706013,47.275494,0 0.708307,47.275036,0 0.708692,47.274517,0 0.701205,47.257680,0 0.700826,47.256844,0 0.700453,47.256615,0 0.696299,47.256733,0 0.694226,47.257088,0 0.693634,47.257010,0 0.694164,47.256805,0 0.699549,47.256718,0 0.700550,47.256428,0 0.696282,47.246597,0 0.696097,47.246487,0 0.700361,47.245770,0 0.701090,47.245403,0 0.699770,47.244310,0 0.698635,47.242767,0 0.694747,47.243340,0 0.691795,47.238136,0 0.691324,47.237854,0 0.691378,47.237328,0 0.690380,47.235470,0 0.675546,47.209010,0 0.658555,47.179237,0 0.658170,47.179504,0 0.658556,47.180260,0 0.658196,47.181175,0 0.657817,47.181500,0 0.651160,47.182117,0 0.647040,47.182735,0 0.644521,47.182663,0 0.641810,47.183240,0 0.642952,47.185400,0 0.643351,47.187206,0 0.644227,47.189198,0 0.644058,47.189796,0 0.643198,47.191017,0 0.642496,47.191430,0</coordinates>
          </LineString>
          <LineString>
            <tessellate>1</tessellate>
            <coordinates>0.705653,47.283558,0 0.709315,47.284760,0 0.709156,47.283740,0 0.709565,47.282818,0 0.709512,47.282494,0 0.707833,47.280827,0 0.706221,47.278545,0 0.706548,47.278255,0 0.706038,47.277480,0 0.705560,47.276077,0 0.706013,47.275494,0 0.708307,47.275036,0 0.708692,47.274517,0 0.701205,47.257680,0 0.700826,47.256844,0 0.700453,47.256615,0 0.696299,47.256733,0 0.694226,47.257088,0 0.693634,47.257010,0 0.694164,47.256805,0 0.699549,47.256718,0 0.700550,47.256428,0 0.696282,47.246597,0 0.696097,47.246487,0 0.700361,47.245770,0 0.701090,47.245403,0 0.699770,47.244310,0 0.698635,47.242767,0 0.694747,47.243340,0 0.691795,47.238136,0 0.691324,47.237854,0 0.691378,47.237328,0 0.691108,47.236780,0 0.670020,47.199432,0 0.669066,47.199383,0 0.663423,47.200580,0 0.658547,47.199986,0 0.652984,47.199696,0 0.649920,47.200237,0 0.644939,47.200798,0 0.643735,47.201363,0 0.642649,47.201580,0 0.637754,47.201680,0 0.636055,47.201515,0 0.635254,47.201736,0 0.633866,47.201683,0 0.631205,47.202100,0 0.631241,47.202847,0 0.630976,47.203110,0 0.624223,47.205353,0 0.623658,47.204230,0</coordinates>
          </LineString>
          <LineString>
            <tessellate>1</tessellate>
            <coordinates>0.693383,47.240680,0 0.696052,47.246216,0 0.696446,47.246420,0 0.696324,47.246845,0 0.700536,47.256187,0 0.700854,47.256490,0 0.700826,47.256844,0 0.709009,47.274730,0 0.708651,47.274780,0 0.708681,47.274470,0 0.705947,47.268303,0 0.710983,47.279285,0 0.712765,47.286160,0 0.713127,47.286606,0 0.712613,47.286880,0 0.713198,47.287415,0 0.711582,47.288116,0 0.710611,47.288190,0 0.709809,47.285670,0 0.709169,47.284798,0 0.703645,47.282840,0 0.707861,47.284306,0 0.705791,47.287334,0 0.707653,47.287884,0 0.709865,47.288220,0 0.711582,47.288116,0 0.713099,47.287354,0 0.713949,47.287560,0 0.714418,47.287395,0 0.718288,47.289795,0 0.718802,47.290394,0 0.718939,47.290980,0 0.714486,47.305700,0 0.714249,47.305984,0 0.714421,47.305885,0 0.712671,47.311460,0 0.712742,47.311928,0 0.712386,47.312360,0 0.709794,47.320705,0 0.709929,47.321144,0 0.709588,47.321423,0 0.709429,47.321910,0 0.709550,47.322376,0 0.709211,47.322685,0 0.708442,47.325070,0 0.708552,47.325300,0 0.708269,47.325554,0 0.707264,47.328835,0 0.707179,47.329357,0 0.707382,47.329746,0 0.706889,47.330170,0 0.706622,47.330880,0 0.698918,47.355650,0 0.700367,47.355564,0 0.702861,47.356056,0 0.701861,47.358395,0 0.700593,47.358227,0 0.699922,47.359737,0 0.699853,47.359936,0 0.700035,47.360120,0 0.701077,47.360428,0 0.699297,47.360080,0 0.698451,47.359580,0 0.698026,47.359592,0 0.697586,47.359756,0 0.697099,47.360950,0 0.695833,47.362244,0 0.696178,47.362720,0 0.698652,47.363350,0 0.699505,47.363840,0 0.700441,47.363600,0 0.715006,47.365547,0 0.715081,47.368053,0 0.715642,47.371310,0 0.715575,47.373066,0 0.715249,47.374878,0 0.714616,47.376736,0 0.713732,47.378510,0 0.706322,47.391285,0 0.706044,47.392467,0 0.706080,47.393257,0 0.706877,47.395150,0 0.706432,47.395720,0 0.706192,47.395800,0 0.705437,47.395490,0 0.702300,47.393406,0 0.699130,47.391790,0 0.693566,47.391010,0 0.693570,47.390720,0 0.694070,47.390266,0 0.693312,47.389893,0 0.692325,47.390470,0</coordinates>
          </LineString>
          <LineString>
            <tessellate>1</tessellate>
            <coordinates>0.705653,47.283558,0 0.707861,47.284306,0 0.705791,47.287334,0 0.707653,47.287884,0 0.709865,47.288220,0 0.711582,47.288116,0 0.713099,47.287354,0 0.713949,47.287560,0 0.714418,47.287395,0 0.718288,47.289795,0 0.718802,47.290394,0 0.718939,47.290980,0 0.714486,47.305700,0 0.714249,47.305984,0 0.714421,47.305885,0 0.712671,47.311460,0 0.712742,47.311928,0 0.712386,47.312360,0 0.709794,47.320705,0 0.709929,47.321144,0 0.709588,47.321423,0 0.709429,47.321910,0 0.709550,47.322376,0 0.709211,47.322685,0 0.708442,47.325070,0 0.708552,47.325300,0 0.708269,47.325554,0 0.707264,47.328835,0 0.707179,47.329357,0 0.707382,47.329746,0 0.706889,47.330170,0 0.706622,47.330880,0 0.698918,47.355650,0 0.700367,47.355564,0 0.702861,47.356056,0 0.701861,47.358395,0 0.700593,47.358227,0 0.699922,47.359737,0 0.699853,47.359936,0 0.700035,47.360120,0 0.701077,47.360428,0 0.699297,47.360080,0 0.698451,47.359580,0 0.698026,47.359592,0 0.697586,47.359756,0 0.697099,47.360950,0 0.695990,47.361920,0 0.695835,47.362305,0 0.696276,47.362762,0 0.698652,47.363350,0 0.699505,47.363840,0 0.700441,47.363600,0 0.715006,47.365547,0 0.715081,47.368053,0 0.715616,47.370840,0 0.715549,47.373300,0 0.715047,47.375576,0 0.714086,47.377850,0 0.706322,47.391285,0 0.706044,47.392467,0 0.706080,47.393257,0 0.706317,47.394123,0 0.706875,47.395096,0 0.706490,47.395680,0 0.706192,47.395800,0 0.705437,47.395490,0 0.702300,47.393406,0 0.699130,47.391790,0 0.693566,47.391010,0 0.693570,47.390720,0 0.694070,47.390266,0 0.693312,47.389893,0 0.692325,47.390470,0</coordinates>
          </LineString>
          <LineString>
            <tessellate>1</tessellate>
            <coordinates>0.692325,47.390470,0 0.692025,47.390540,0 0.699245,47.391525,0 0.701870,47.392840,0 0.704052,47.394306,0 0.704650,47.394270,0 0.705270,47.393288,0 0.706035,47.391300,0 0.713690,47.378242,0 0.715000,47.375088,0 0.715442,47.372356,0 0.715266,47.369680,0 0.714987,47.368443,0 0.714497,47.367367,0 0.713511,47.366070,0 0.712430,47.365322,0 0.700775,47.363663,0 0.699589,47.363956,0 0.699524,47.363790,0 0.699946,47.363495,0 0.701115,47.363438,0 0.701367,47.362785,0 0.702085,47.362286,0 0.703085,47.361150,0 0.703042,47.360950,0 0.699297,47.360080,0 0.698363,47.359550,0 0.697459,47.359750,0 0.698797,47.355736,0 0.700367,47.355564,0 0.702861,47.356056,0 0.703818,47.353860,0 0.702159,47.352287,0 0.700453,47.351097,0 0.700331,47.350822,0 0.701865,47.345695,0 0.702044,47.344524,0 0.702713,47.343033,0 0.705373,47.334507,0 0.705250,47.334167,0 0.705543,47.333958,0 0.706427,47.331173,0 0.706729,47.330055,0 0.706505,47.329597,0 0.707000,47.329220,0 0.707252,47.328500,0 0.708165,47.325535,0 0.708060,47.325268,0 0.708314,47.325024,0 0.709042,47.322674,0 0.708924,47.322290,0 0.709416,47.321514,0 0.709306,47.321053,0 0.709667,47.320694,0 0.712281,47.312305,0 0.712223,47.311825,0 0.712584,47.311360,0 0.717394,47.295815,0 0.717999,47.293453,0 0.717934,47.292740,0 0.718334,47.292370,0 0.718715,47.291172,0 0.718683,47.290653,0 0.717993,47.289722,0 0.718114,47.289658,0 0.718382,47.289880,0 0.718258,47.289955,0 0.712804,47.286270,0 0.710766,47.279003,0 0.708974,47.275043,0 0.708651,47.274780,0 0.708681,47.274470,0 0.707803,47.272423,0 0.700826,47.256844,0 0.700353,47.256615,0 0.696299,47.256733,0 0.694226,47.257088,0 0.693967,47.256992,0 0.694164,47.256805,0 0.699734,47.256700,0 0.700555,47.256350,0 0.696282,47.246597,0 0.696116,47.246532,0 0.696183,47.246370,0 0.694205,47.242332,0 0.691795,47.238136,0 0.691324,47.237854,0 0.691378,47.237328,0 0.691108,47.236780,0 0.675546,47.209010,0 0.647008,47.159270,0 0.647693,47.159252,0 0.647116,47.159460,0 0.646456,47.158260,0 0.645947,47.156330,0 0.646877,47.145930,0 0.646435,47.144280,0 0.645597,47.143246,0 0.639798,47.138714,0 0.620950,47.118607,0 0.614539,47.109512,0 0.614110,47.108620,0 0.613904,47.108543,0 0.613999,47.108418,0</coordinates>
          </LineString>
          <LineString>
            <tessellate>1</tessellate>
            <coordinates>0.699313,47.243774,0 0.698635,47.242767,0 0.694747,47.243340,0 0.696052,47.246216,0 0.696446,47.246420,0 0.696324,47.246845,0 0.700536,47.256187,0 0.700854,47.256490,0 0.700826,47.256844,0 0.706031,47.268284,0 0.707182,47.268270,0 0.707831,47.267494,0 0.708103,47.266605,0 0.708163,47.265236,0 0.710352,47.261948,0 0.711383,47.260050,0 0.711639,47.260044,0 0.711473,47.259888,0 0.710352,47.261948,0 0.708163,47.265236,0 0.708103,47.266605,0 0.707831,47.267494,0 0.707182,47.268270,0 0.706031,47.268284,0 0.708935,47.274830,0 0.708651,47.274780,0 0.708681,47.274470,0 0.705947,47.268303,0 0.710983,47.279285,0 0.712765,47.286160,0 0.713127,47.286606,0 0.712613,47.286880,0 0.713189,47.287437,0 0.711582,47.288116,0 0.710611,47.288190,0 0.709951,47.286010,0 0.709230,47.284850,0 0.705653,47.283558,0</coordinates>
          </LineString>
          <LineString>
            <tessellate>1</tessellate>
            <coordinates>0.705653,47.283558,0 0.709230,47.284850,0 0.709156,47.283740,0 0.709572,47.282734,0 0.709166,47.282050,0 0.707833,47.280827,0 0.706221,47.278545,0 0.706548,47.278255,0 0.706038,47.277480,0 0.705560,47.276077,0 0.705867,47.275574,0 0.708307,47.275036,0 0.708688,47.274640,0 0.708941,47.274630,0 0.711047,47.279465,0 0.708974,47.275043,0 0.708651,47.274780,0 0.708681,47.274470,0 0.704846,47.265743,0 0.700826,47.256844,0 0.700492,47.256560,0 0.700536,47.256187,0 0.696282,47.246597,0 0.696097,47.246487,0 0.700361,47.245770,0 0.701090,47.245403,0 0.699770,47.244310,0 0.698635,47.242767,0 0.694747,47.243340,0 0.696052,47.246216,0 0.696446,47.246420,0 0.696324,47.246845,0 0.700536,47.256187,0 0.700854,47.256490,0 0.700826,47.256844,0 0.706031,47.268284,0 0.707182,47.268270,0 0.707831,47.267494,0 0.708103,47.266605,0 0.708163,47.265236,0 0.710352,47.261948,0 0.711344,47.260124,0</coordinates>
          </LineString>
          <LineString>
            <tessellate>1</tessellate>
            <coordinates>0.692325,47.390470,0 0.692025,47.390540,0 0.699245,47.391525,0 0.701870,47.392840,0 0.704052,47.394306,0 0.704650,47.394270,0 0.705270,47.393288,0 0.706035,47.391300,0 0.713690,47.378242,0 0.715000,47.375088,0 0.715442,47.372356,0 0.715266,47.369680,0 0.714987,47.368443,0 0.714497,47.367367,0 0.713511,47.366070,0 0.712430,47.365322,0 0.700775,47.363663,0 0.699589,47.363956,0 0.699524,47.363790,0 0.699946,47.363495,0 0.701115,47.363438,0 0.701367,47.362785,0 0.702085,47.362286,0 0.703085,47.361150,0 0.703042,47.360950,0 0.699297,47.360080,0 0.698363,47.359550,0 0.697459,47.359750,0 0.698797,47.355736,0 0.700367,47.355564,0 0.702861,47.356056,0 0.703818,47.353860,0 0.702159,47.352287,0 0.700453,47.351097,0 0.700331,47.350822,0 0.701865,47.345695,0 0.702044,47.344524,0 0.702713,47.343033,0 0.705373,47.334507,0 0.705250,47.334167,0 0.705543,47.333958,0 0.706427,47.331173,0 0.706729,47.330055,0 0.706505,47.329597,0 0.707000,47.329220,0 0.707252,47.328500,0 0.708165,47.325535,0 0.708060,47.325268,0 0.708314,47.325024,0 0.709042,47.322674,0 0.708924,47.322290,0 0.709416,47.321514,0 0.709306,47.321053,0 0.709667,47.320694,0 0.712281,47.312305,0 0.712223,47.311825,0 0.712584,47.311360,0 0.717394,47.295815,0 0.717999,47.293453,0 0.717934,47.292740,0 0.718334,47.292370,0 0.718715,47.291172,0 0.718683,47.290653,0 0.717993,47.289722,0 0.718114,47.289658,0 0.718382,47.289880,0 0.718258,47.289955,0 0.712804,47.286270,0 0.710766,47.279003,0 0.708974,47.275043,0 0.708651,47.274780,0 0.708681,47.274470,0 0.707803,47.272423,0 0.700634,47.256653,0 0.696299,47.256733,0 0.694169,47.257090,0 0.686549,47.257070,0 0.685470,47.256832,0 0.684496,47.256350,0 0.683963,47.255760,0 0.683210,47.255500,0 0.682346,47.255486,0 0.680481,47.255917,0 0.678563,47.255720,0 0.671481,47.257458,0 0.668802,47.258327,0 0.668993,47.258570,0 0.668306,47.258778,0 0.668993,47.258570,0 0.668802,47.258327,0 0.671481,47.257458,0 0.674202,47.256676,0 0.676580,47.256264,0 0.679226,47.255432,0 0.683922,47.251617,0 0.687465,47.247856,0 0.688680,47.246830,0 0.689763,47.246143,0 0.691195,47.245790,0 0.692869,47.245060,0 0.693513,47.244576,0 0.694245,47.243458,0 0.694747,47.243340,0 0.691795,47.238136,0 0.691324,47.237854,0 0.691378,47.237328,0 0.691108,47.236780,0 0.675546,47.209010,0 0.647008,47.159270,0 0.647693,47.159252,0 0.647116,47.159460,0 0.646456,47.158260,0 0.645947,47.156330,0 0.646878,47.145763,0 0.646349,47.144135,0 0.645597,47.143246,0 0.639798,47.138714,0 0.620950,47.118607,0 0.614539,47.109512,0 0.614110,47.108620,0 0.613904,47.108543,0 0.612579,47.103592,0 0.612342,47.103294,0 0.612300,47.102577,0 0.611736,47.101677,0 0.611903,47.101380,0 0.611754,47.100563,0 0.610265,47.095173,0 0.610145,47.094140,0 0.616182,47.058044,0 0.605630,47.025913,0 0.605188,47.025000,0 0.604840,47.024742,0 0.604900,47.024204,0 0.603930,47.021854,0 0.605018,47.021492,0 0.609052,47.017944,0 0.613145,47.014896,0 0.614885,47.014300,0 0.615108,47.014427,0 0.623155,47.010983,0 0.625160,47.010654,0 0.631125,47.010320,0 0.635539,47.008870,0 0.637032,47.008120,0 0.638941,47.006737,0 0.642580,47.004610,0 0.643264,47.003887,0 0.643653,47.003080,0 0.644665,47.002228,0 0.647048,47.001232,0 0.649752,47.000813,0 0.652766,47.000042,0 0.654916,46.999054,0 0.656291,46.998210,0 0.659028,46.996040,0 0.666301,46.992752,0 0.666725,46.992070,0 0.671183,46.989357,0 0.672599,46.988228,0 0.679284,46.985325,0 0.681501,46.983593,0 0.687215,46.980625,0 0.688286,46.980390,0 0.688979,46.980680,0 0.691168,46.980760,0 0.693310,46.981125,0 0.695193,46.979736,0 0.695493,46.978798,0 0.696307,46.978245,0 0.696406,46.977820,0 0.697187,46.976856,0 0.697413,46.976147,0 0.698601,46.975094,0 0.697904,46.974686,0 0.698965,46.973990,0 0.700928,46.974570,0 0.700554,46.975050,0</coordinates>
          </LineString>
          <LineString>
            <tessellate>1</tessellate>
            <coordinates>0.692325,47.390470,0 0.692025,47.390540,0 0.699245,47.391525,0 0.701870,47.392840,0 0.704052,47.394306,0 0.704650,47.394270,0 0.705270,47.393288,0 0.706035,47.391300,0 0.713690,47.378242,0 0.715000,47.375088,0 0.715442,47.372356,0 0.715266,47.369680,0 0.714987,47.368443,0 0.714497,47.367367,0 0.713511,47.366070,0 0.712430,47.365322,0 0.700775,47.363663,0 0.699589,47.363956,0 0.699524,47.363790,0 0.699946,47.363495,0 0.701115,47.363438,0 0.701367,47.362785,0 0.702085,47.362286,0 0.703085,47.361150,0 0.703042,47.360950,0 0.699297,47.360080,0 0.698363,47.359550,0 0.697459,47.359750,0 0.698797,47.355736,0 0.700367,47.355564,0 0.702861,47.356056,0 0.703818,47.353860,0 0.702159,47.352287,0 0.700453,47.351097,0 0.700331,47.350822,0 0.701865,47.345695,0 0.702044,47.344524,0 0.702713,47.343033,0 0.705373,47.334507,0 0.705250,47.334167,0 0.705543,47.333958,0 0.706427,47.331173,0 0.706729,47.330055,0 0.706505,47.329597,0 0.707000,47.329220,0 0.707252,47.328500,0 0.708165,47.325535,0 0.708060,47.325268,0 0.708314,47.325024,0 0.709042,47.322674,0 0.708924,47.322290,0 0.709416,47.321514,0 0.709306,47.321053,0 0.709667,47.320694,0 0.712281,47.312305,0 0.712223,47.311825,0 0.712584,47.311360,0 0.717394,47.295815,0 0.717999,47.293453,0 0.717934,47.292740,0 0.718334,47.292370,0 0.718715,47.291172,0 0.718683,47.290653,0 0.717993,47.289722,0 0.718114,47.289658,0 0.718382,47.289880,0 0.718258,47.289955,0 0.712804,47.286270,0 0.710766,47.279003,0 0.708974,47.275043,0 0.708651,47.274780,0 0.708681,47.274470,0 0.707803,47.272423,0 0.700826,47.256844,0 0.700353,47.256615,0 0.696299,47.256733,0 0.694226,47.257088,0 0.693967,47.256992,0 0.694164,47.256805,0 0.699734,47.256700,0 0.700555,47.256350,0 0.696282,47.246597,0 0.696116,47.246532,0 0.696183,47.246370,0 0.694205,47.242332,0 0.691795,47.238136,0 0.691324,47.237854,0 0.691378,47.237328,0 0.691108,47.236780,0 0.675546,47.209010,0 0.647008,47.159270,0 0.647693,47.159252,0 0.647116,47.159460,0 0.646456,47.158260,0 0.645947,47.156330,0 0.646877,47.145930,0 0.646435,47.144280,0 0.645597,47.143246,0 0.639798,47.138714,0 0.620950,47.118607,0 0.614539,47.109512,0 0.614110,47.108620,0 0.613904,47.108543,0 0.612579,47.103592,0 0.612342,47.103294,0 0.612300,47.102577,0 0.611736,47.101677,0 0.611903,47.101380,0 0.611754,47.100563,0 0.610265,47.095173,0 0.610145,47.094140,0 0.616182,47.058044,0 0.605630,47.025913,0 0.605188,47.025000,0 0.604840,47.024742,0 0.604900,47.024204,0 0.603930,47.021854,0 0.605018,47.021492,0 0.609052,47.017944,0 0.613145,47.014896,0 0.614885,47.014300,0 0.615108,47.014427,0 0.623155,47.010983,0 0.625160,47.010654,0 0.631125,47.010320,0 0.635539,47.008870,0 0.637032,47.008120,0 0.638941,47.006737,0 0.642580,47.004610,0 0.643264,47.003887,0 0.643653,47.003080,0 0.644665,47.002228,0 0.647048,47.001232,0 0.649752,47.000813,0 0.652766,47.000042,0 0.654916,46.999054,0 0.656291,46.998210,0 0.659028,46.996040,0 0.666301,46.992752,0 0.666725,46.992070,0 0.671183,46.989357,0 0.672599,46.988228,0 0.679284,46.985325,0 0.681501,46.983593,0 0.687215,46.980625,0 0.688286,46.980390,0 0.688979,46.980680,0 0.691168,46.980760,0 0.693310,46.981125,0 0.695193,46.979736,0 0.695493,46.978798,0 0.696307,46.978245,0 0.696406,46.977820,0 0.697187,46.976856,0 0.697413,46.976147,0 0.698601,46.975094,0 0.697904,46.974686,0 0.698965,46.973990,0 0.700928,46.974570,0 0.700554,46.975050,0</coordinates>
          </LineString>
          <LineString>
            <tessellate>1</tessellate>
            <coordinates>0.700227,47.360264,0 0.700949,47.360332,0 0.699853,47.359936,0 0.700548,47.358270,0 0.701861,47.358395,0 0.702861,47.356056,0 0.700367,47.355564,0 0.698710,47.355663,0 0.700698,47.349693,0 0.701865,47.345695,0 0.702044,47.344524,0 0.702713,47.343033,0 0.705025,47.335670,0 0.705373,47.334507,0 0.705250,47.334167,0 0.705543,47.333958,0 0.706427,47.331173,0 0.706729,47.330055,0 0.706505,47.329597,0 0.707000,47.329220,0 0.707252,47.328500,0 0.708165,47.325535,0 0.708060,47.325268,0 0.708314,47.325024,0 0.709042,47.322674,0 0.708924,47.322290,0 0.709416,47.321514,0 0.709306,47.321053,0 0.709667,47.320694,0 0.712281,47.312305,0 0.712223,47.311825,0 0.712584,47.311360,0 0.717394,47.295815,0 0.717999,47.293453,0 0.717934,47.292740,0 0.718334,47.292370,0 0.718722,47.291103,0 0.718587,47.290400,0 0.717993,47.289722,0 0.718288,47.289795,0 0.718258,47.289955,0 0.717595,47.289368,0 0.714418,47.287395,0 0.714032,47.287560,0 0.713198,47.287415,0 0.711582,47.288116,0 0.710611,47.288190,0 0.709951,47.286010,0 0.709230,47.284850,0 0.705653,47.283558,0</coordinates>
          </LineString>
          <LineString>
            <tessellate>1</tessellate>
            <coordinates>0.700496,46.975098,0 0.699531,46.975616,0 0.697904,46.974686,0 0.696625,46.975372,0 0.697012,46.975952,0 0.696518,46.977024,0 0.696307,46.978245,0 0.696076,46.978275,0 0.695404,46.978970,0 0.692779,46.977480,0 0.688864,46.979786,0 0.688550,46.980488,0 0.689290,46.980705,0 0.688191,46.980923,0 0.687683,46.980610,0 0.687215,46.980625,0 0.681501,46.983593,0 0.679284,46.985325,0 0.672866,46.988083,0 0.671183,46.989357,0 0.666725,46.992070,0 0.666567,46.992405,0 0.666758,46.992844,0 0.665247,46.993310,0 0.659292,46.995895,0 0.656291,46.998210,0 0.654210,46.999405,0 0.652766,47.000042,0 0.650691,47.000603,0 0.647048,47.001232,0 0.644665,47.002228,0 0.642580,47.004610,0 0.638941,47.006737,0 0.637032,47.008120,0 0.635204,47.009033,0 0.631125,47.010320,0 0.625160,47.010654,0 0.623155,47.010983,0 0.614992,47.014477,0 0.614811,47.014320,0 0.612908,47.015007,0 0.611187,47.016487,0 0.609052,47.017944,0 0.605018,47.021492,0 0.603930,47.021854,0 0.604900,47.024204,0 0.605351,47.024650,0 0.605328,47.025090,0 0.616182,47.058044,0 0.610145,47.094140,0 0.610265,47.095173,0 0.611754,47.100563,0 0.612372,47.101660,0 0.612213,47.102016,0 0.612300,47.102577,0 0.612676,47.103275,0 0.612665,47.103992,0 0.613956,47.108395,0 0.614204,47.108470,0 0.614153,47.108746,0 0.614912,47.109947,0 0.620950,47.118607,0 0.639798,47.138714,0 0.645597,47.143246,0 0.646435,47.144280,0 0.646877,47.145930,0 0.646070,47.155380,0 0.646148,47.156933,0 0.646649,47.158382,0 0.647112,47.159225,0 0.647798,47.159264,0 0.647222,47.159420,0 0.675546,47.209010,0 0.691465,47.237510,0 0.691735,47.237736,0 0.691795,47.238136,0 0.693502,47.240894,0 0.696052,47.246216,0 0.696446,47.246420,0 0.696324,47.246845,0 0.700536,47.256187,0 0.700862,47.256530,0 0.699409,47.256725,0 0.695857,47.256767,0 0.694226,47.257088,0 0.686549,47.257070,0 0.685470,47.256832,0 0.684496,47.256350,0 0.683963,47.255760,0 0.683210,47.255500,0 0.682346,47.255486,0 0.680481,47.255917,0 0.678563,47.255720,0 0.671481,47.257458,0 0.668802,47.258327,0 0.668993,47.258570,0 0.668306,47.258778,0 0.668993,47.258570,0 0.668802,47.258327,0 0.670855,47.257650,0 0.674202,47.256676,0 0.676580,47.256264,0 0.678900,47.255524,0 0.680240,47.255924,0 0.682346,47.255486,0 0.683210,47.255500,0 0.684795,47.256157,0 0.684973,47.256516,0 0.685470,47.256832,0 0.686549,47.257070,0 0.692068,47.257145,0 0.694164,47.256805,0 0.699549,47.256718,0 0.700783,47.256420,0 0.701470,47.258278,0 0.709009,47.274730,0 0.708651,47.274780,0 0.708681,47.274470,0 0.705947,47.268303,0 0.710983,47.279285,0 0.712804,47.286270,0 0.718114,47.289658,0 0.718893,47.290676,0 0.718426,47.292860,0 0.714486,47.305700,0 0.714249,47.305984,0 0.714421,47.305885,0 0.712671,47.311460,0 0.712742,47.311928,0 0.712386,47.312360,0 0.709794,47.320705,0 0.709929,47.321144,0 0.709588,47.321423,0 0.709413,47.321964,0 0.709550,47.322376,0 0.709211,47.322685,0 0.708442,47.325070,0 0.708552,47.325300,0 0.708269,47.325554,0 0.707264,47.328835,0 0.707179,47.329357,0 0.707382,47.329746,0 0.706889,47.330170,0 0.706622,47.330880,0 0.698918,47.355650,0 0.700367,47.355564,0 0.702861,47.356056,0 0.701861,47.358395,0 0.700593,47.358227,0 0.699922,47.359737,0 0.699853,47.359936,0 0.700035,47.360120,0 0.701077,47.360428,0 0.699297,47.360080,0 0.698451,47.359580,0 0.698026,47.359592,0 0.697586,47.359756,0 0.697099,47.360950,0 0.695833,47.362244,0 0.696178,47.362720,0 0.698652,47.363350,0 0.699505,47.363840,0 0.700441,47.363600,0 0.715006,47.365547,0 0.715081,47.368053,0 0.715642,47.371310,0 0.715575,47.373066,0 0.715249,47.374878,0 0.714616,47.376736,0 0.713732,47.378510,0 0.706322,47.391285,0 0.706044,47.392467,0 0.706080,47.393257,0 0.706877,47.395150,0 0.706432,47.395720,0 0.706192,47.395800,0 0.705437,47.395490,0 0.702300,47.393406,0 0.699130,47.391790,0 0.693566,47.391010,0 0.693570,47.390720,0 0.694070,47.390266,0 0.693312,47.389893,0 0.692325,47.390470,0</coordinates>
          </LineString>
          <LineString>
            <tessellate>1</tessellate>
            <coordinates>0.693383,47.240680,0 0.696052,47.246216,0 0.696446,47.246420,0 0.696324,47.246845,0 0.700536,47.256187,0 0.700862,47.256530,0 0.693967,47.256992,0 0.694164,47.256805,0 0.699549,47.256718,0 0.700827,47.256450,0 0.700826,47.256844,0 0.709009,47.274730,0 0.708651,47.274780,0 0.708681,47.274470,0 0.705947,47.268303,0 0.710983,47.279285,0 0.712804,47.286270,0 0.718114,47.289658,0 0.718802,47.290394,0 0.718939,47.290980,0 0.714486,47.305700,0 0.714249,47.305984,0 0.714421,47.305885,0 0.712671,47.311460,0 0.712742,47.311928,0 0.712386,47.312360,0 0.709794,47.320705,0 0.709929,47.321144,0 0.709588,47.321423,0 0.709429,47.321910,0 0.709550,47.322376,0 0.709211,47.322685,0 0.708442,47.325070,0 0.708552,47.325300,0 0.708269,47.325554,0 0.707264,47.328835,0 0.707179,47.329357,0 0.707382,47.329746,0 0.706889,47.330170,0 0.706622,47.330880,0 0.698918,47.355650,0 0.700367,47.355564,0 0.702861,47.356056,0 0.701861,47.358395,0 0.700593,47.358227,0 0.699922,47.359737,0 0.699853,47.359936,0 0.700035,47.360120,0 0.701077,47.360428,0 0.699297,47.360080,0 0.698451,47.359580,0 0.698026,47.359592,0 0.697586,47.359756,0 0.697099,47.360950,0 0.695833,47.362244,0 0.696178,47.362720,0 0.698652,47.363350,0 0.699505,47.363840,0 0.700441,47.363600,0 0.715006,47.365547,0 0.715081,47.368053,0 0.715642,47.371310,0 0.715575,47.373066,0 0.715249,47.374878,0 0.714616,47.376736,0 0.713732,47.378510,0 0.706322,47.391285,0 0.706044,47.392467,0 0.706080,47.393257,0 0.706877,47.395150,0 0.706432,47.395720,0 0.706192,47.395800,0 0.705437,47.395490,0 0.702300,47.393406,0 0.699130,47.391790,0 0.693566,47.391010,0 0.693570,47.390720,0 0.694070,47.390266,0 0.693312,47.389893,0 0.692325,47.390470,0</coordinates>
          </LineString>
          <LineString>
            <tessellate>1</tessellate>
            <coordinates>0.665325,47.191086,0 0.658555,47.179237,0 0.658170,47.179504,0 0.658556,47.180260,0 0.658196,47.181175,0 0.657817,47.181500,0 0.651160,47.182117,0 0.647040,47.182735,0 0.644521,47.182663,0 0.641810,47.183240,0 0.642952,47.185400,0 0.643351,47.187206,0 0.644209,47.189050,0 0.644151,47.189625,0 0.643198,47.191017,0 0.642106,47.191605,0 0.639742,47.192284,0 0.638261,47.192276,0 0.636197,47.192635,0 0.632853,47.194866,0 0.632904,47.195045,0 0.632270,47.195976,0 0.633517,47.200787,0 0.635807,47.201553,0 0.642649,47.201580,0 0.643735,47.201363,0 0.644939,47.200798,0 0.653320,47.199665,0 0.658547,47.199986,0 0.663562,47.200573,0 0.669946,47.199196,0 0.694747,47.243340,0 0.698635,47.242767,0 0.699770,47.244310,0 0.701217,47.245422,0 0.701087,47.245480,0 0.699770,47.244310,0 0.698635,47.242767,0 0.694747,47.243340,0 0.696052,47.246216,0 0.696446,47.246420,0 0.696324,47.246845,0 0.700536,47.256187,0 0.700862,47.256530,0 0.699409,47.256725,0 0.695857,47.256767,0 0.694226,47.257088,0 0.693957,47.256958,0 0.694164,47.256805,0 0.699549,47.256718,0 0.700604,47.256405,0 0.700854,47.256490,0 0.700826,47.256844,0 0.709009,47.274730,0 0.708651,47.274780,0 0.708681,47.274470,0 0.705947,47.268303,0 0.710983,47.279285,0 0.712765,47.286160,0 0.713127,47.286606,0 0.712613,47.286880,0 0.713189,47.287437,0 0.711582,47.288116,0 0.710611,47.288190,0 0.709951,47.286010,0 0.709230,47.284850,0 0.705653,47.283558,0</coordinates>
          </LineString>
          <LineString>
            <tessellate>1</tessellate>
            <coordinates>0.692325,47.390470,0 0.692025,47.390540,0 0.699245,47.391525,0 0.701870,47.392840,0 0.704052,47.394306,0 0.704650,47.394270,0 0.705270,47.393288,0 0.706035,47.391300,0 0.713690,47.378242,0 0.715000,47.375088,0 0.715442,47.372356,0 0.715266,47.369680,0 0.714987,47.368443,0 0.714497,47.367367,0 0.713511,47.366070,0 0.712430,47.365322,0 0.700775,47.363663,0 0.699589,47.363956,0 0.699524,47.363790,0 0.699946,47.363495,0 0.701115,47.363438,0 0.701367,47.362785,0 0.702085,47.362286,0 0.703085,47.361150,0 0.703042,47.360950,0 0.699297,47.360080,0 0.698363,47.359550,0 0.697459,47.359750,0 0.698797,47.355736,0 0.700367,47.355564,0 0.702861,47.356056,0 0.703818,47.353860,0 0.702159,47.352287,0 0.700453,47.351097,0 0.700331,47.350822,0 0.701865,47.345695,0 0.702044,47.344524,0 0.702713,47.343033,0 0.705373,47.334507,0 0.705250,47.334167,0 0.705543,47.333958,0 0.706427,47.331173,0 0.706729,47.330055,0 0.706505,47.329597,0 0.707000,47.329220,0 0.707252,47.328500,0 0.708165,47.325535,0 0.708060,47.325268,0 0.708314,47.325024,0 0.709042,47.322674,0 0.708924,47.322290,0 0.709416,47.321514,0 0.709306,47.321053,0 0.709667,47.320694,0 0.712281,47.312305,0 0.712223,47.311825,0 0.712584,47.311360,0 0.717394,47.295815,0 0.717999,47.293453,0 0.717934,47.292740,0 0.718334,47.292370,0 0.718715,47.291172,0 0.718683,47.290653,0 0.717993,47.289722,0 0.718114,47.289658,0 0.718382,47.289880,0 0.718258,47.289955,0 0.712804,47.286270,0 0.710766,47.279003,0 0.708974,47.275043,0 0.708651,47.274780,0 0.708681,47.274470,0 0.707803,47.272423,0 0.700826,47.256844,0 0.700353,47.256615,0 0.696299,47.256733,0 0.694226,47.257088,0 0.693967,47.256992,0 0.694164,47.256805,0 0.699734,47.256700,0 0.700555,47.256350,0 0.694385,47.242664,0 0.691795,47.238136,0 0.691324,47.237854,0 0.691378,47.237328,0 0.691108,47.236780,0 0.670020,47.199432,0 0.669066,47.199383,0 0.663423,47.200580,0 0.658547,47.199986,0 0.653320,47.199665,0 0.644939,47.200798,0 0.642942,47.201546,0 0.637754,47.201680,0 0.636055,47.201515,0 0.635109,47.201750,0 0.633070,47.201780,0 0.631880,47.202057,0 0.631941,47.202175,0 0.633436,47.201820,0 0.633128,47.200974,0 0.632677,47.200775,0 0.631811,47.200897,0 0.631276,47.201225,0 0.631205,47.202100,0 0.633866,47.201683,0 0.635254,47.201736,0 0.636055,47.201515,0 0.637754,47.201680,0 0.642649,47.201580,0 0.643735,47.201363,0 0.644939,47.200798,0 0.653320,47.199665,0 0.658547,47.199986,0 0.663562,47.200573,0 0.665345,47.200073,0 0.667761,47.199768,0 0.669584,47.199253,0 0.669713,47.199010,0 0.659750,47.181316,0 0.647008,47.159270,0 0.647693,47.159252,0 0.647116,47.159460,0 0.646333,47.157974,0 0.645947,47.156330,0 0.646878,47.145763,0 0.646349,47.144135,0 0.645597,47.143246,0 0.639798,47.138714,0 0.620950,47.118607,0 0.614539,47.109512,0 0.614110,47.108620,0 0.613904,47.108543,0 0.613999,47.108418,0</coordinates>
          </LineString>
          <LineString>
            <tessellate>1</tessellate>
            <coordinates>0.705653,47.283558,0 0.709315,47.284760,0 0.709156,47.283740,0 0.709565,47.282818,0 0.709512,47.282494,0 0.707833,47.280827,0 0.706221,47.278545,0 0.706548,47.278255,0 0.706038,47.277480,0 0.705560,47.276077,0 0.706013,47.275494,0 0.708307,47.275036,0 0.708692,47.274517,0 0.701205,47.257680,0 0.700826,47.256844,0 0.700453,47.256615,0 0.696299,47.256733,0 0.694226,47.257088,0 0.693634,47.257010,0 0.694164,47.256805,0 0.699549,47.256718,0 0.700550,47.256428,0 0.696282,47.246597,0 0.696097,47.246487,0 0.700361,47.245770,0 0.701080,47.245470,0 0.699770,47.244310,0 0.698635,47.242767,0 0.694747,47.243340,0 0.691646,47.238014,0 0.691324,47.237854,0 0.690609,47.238064,0 0.689549,47.237953,0 0.688432,47.237473,0 0.686534,47.235910,0 0.686394,47.234730,0 0.685380,47.233790,0 0.683568,47.232777,0 0.683090,47.232224,0 0.680685,47.230656,0 0.676878,47.228798,0 0.675845,47.227226,0 0.672713,47.224030,0 0.670037,47.222744,0 0.667366,47.221775,0 0.662775,47.218575,0 0.662083,47.217533,0 0.661613,47.216087,0 0.660146,47.213630,0 0.660160,47.212390,0 0.659751,47.211850,0 0.658832,47.211605,0 0.655214,47.211900,0 0.653502,47.211580,0 0.649967,47.211597,0 0.646672,47.210316,0 0.642548,47.206825,0 0.639129,47.205482,0 0.636336,47.203777,0 0.636025,47.203358,0 0.635554,47.201656,0 0.633070,47.201780,0 0.631880,47.202057,0 0.631941,47.202175,0 0.633349,47.201942,0 0.633452,47.201770,0 0.633219,47.201130,0 0.632786,47.200770,0 0.631811,47.200897,0 0.631598,47.200367,0 0.631111,47.199863,0 0.631041,47.199123,0 0.630400,47.198387,0 0.629810,47.198334,0 0.626786,47.198960,0 0.623504,47.199120,0 0.622116,47.197178,0 0.620521,47.196476,0 0.619404,47.195667,0 0.613129,47.189983,0 0.611183,47.187893,0</coordinates>
          </LineString>
          <LineString>
            <tessellate>1</tessellate>
            <coordinates>0.614010,47.108414,0 0.614204,47.108470,0 0.614153,47.108746,0 0.614912,47.109947,0 0.620950,47.118607,0 0.639798,47.138714,0 0.645597,47.143246,0 0.646435,47.144280,0 0.646877,47.145930,0 0.646070,47.155380,0 0.646148,47.156933,0 0.646649,47.158382,0 0.647112,47.159225,0 0.647798,47.159264,0 0.647222,47.159420,0 0.675546,47.209010,0 0.691465,47.237510,0 0.691735,47.237736,0 0.691795,47.238136,0 0.693502,47.240894,0 0.696052,47.246216,0 0.696446,47.246420,0 0.696324,47.246845,0 0.700536,47.256187,0 0.700862,47.256530,0 0.693967,47.256992,0 0.694164,47.256805,0 0.699549,47.256718,0 0.700827,47.256450,0 0.700826,47.256844,0 0.709009,47.274730,0 0.708651,47.274780,0 0.708681,47.274470,0 0.705947,47.268303,0 0.710983,47.279285,0 0.712804,47.286270,0 0.718114,47.289658,0 0.718893,47.290676,0 0.718426,47.292860,0 0.714486,47.305700,0 0.714249,47.305984,0 0.714421,47.305885,0 0.712671,47.311460,0 0.712742,47.311928,0 0.712386,47.312360,0 0.709794,47.320705,0 0.709929,47.321144,0 0.709588,47.321423,0 0.709413,47.321964,0 0.709550,47.322376,0 0.709211,47.322685,0 0.708442,47.325070,0 0.708552,47.325300,0 0.708269,47.325554,0 0.707264,47.328835,0 0.707179,47.329357,0 0.707382,47.329746,0 0.706889,47.330170,0 0.706622,47.330880,0 0.698918,47.355650,0 0.700367,47.355564,0 0.702861,47.356056,0 0.701861,47.358395,0 0.700593,47.358227,0 0.699922,47.359737,0 0.699853,47.359936,0 0.700035,47.360120,0 0.701077,47.360428,0 0.699297,47.360080,0 0.698451,47.359580,0 0.698026,47.359592,0 0.697586,47.359756,0 0.697099,47.360950,0 0.695833,47.362244,0 0.696178,47.362720,0 0.698652,47.363350,0 0.699505,47.363840,0 0.700441,47.363600,0 0.715006,47.365547,0 0.715081,47.368053,0 0.715642,47.371310,0 0.715575,47.373066,0 0.715249,47.374878,0 0.714616,47.376736,0 0.713732,47.378510,0 0.706322,47.391285,0 0.706044,47.392467,0 0.706080,47.393257,0 0.706877,47.395150,0 0.706432,47.395720,0 0.706192,47.395800,0 0.705437,47.395490,0 0.702300,47.393406,0 0.699130,47.391790,0 0.693566,47.391010,0 0.693570,47.390720,0 0.694070,47.390266,0 0.693312,47.389893,0 0.692325,47.390470,0</coordinates>
          </LineString>
          <LineString>
            <tessellate>1</tessellate>
            <coordinates>0.611321,47.188040,0 0.613129,47.189983,0 0.619404,47.195667,0 0.620521,47.196476,0 0.622116,47.197178,0 0.623504,47.199120,0 0.626786,47.198960,0 0.629810,47.198334,0 0.630400,47.198387,0 0.631041,47.199123,0 0.631111,47.199863,0 0.631598,47.200367,0 0.631811,47.200897,0 0.632786,47.200770,0 0.633219,47.201130,0 0.633452,47.201770,0 0.633349,47.201942,0 0.631941,47.202175,0 0.631880,47.202057,0 0.633070,47.201780,0 0.635554,47.201656,0 0.636025,47.203358,0 0.636336,47.203777,0 0.639129,47.205482,0 0.642548,47.206825,0 0.646672,47.210316,0 0.649967,47.211597,0 0.653502,47.211580,0 0.655214,47.211900,0 0.658832,47.211605,0 0.659751,47.211850,0 0.660160,47.212390,0 0.660146,47.213630,0 0.661613,47.216087,0 0.662083,47.217533,0 0.662775,47.218575,0 0.667366,47.221775,0 0.670037,47.222744,0 0.672713,47.224030,0 0.675845,47.227226,0 0.676878,47.228798,0 0.680685,47.230656,0 0.683090,47.232224,0 0.683568,47.232777,0 0.685380,47.233790,0 0.686394,47.234730,0 0.686663,47.236065,0 0.688851,47.237750,0 0.690609,47.238064,0 0.691324,47.237854,0 0.691407,47.237650,0 0.691704,47.237694,0 0.691795,47.238136,0 0.693192,47.240337,0 0.694747,47.243340,0 0.698635,47.242767,0 0.699770,47.244310,0 0.701216,47.245464,0 0.699770,47.244310,0 0.698635,47.242767,0 0.694747,47.243340,0 0.696052,47.246216,0 0.696446,47.246420,0 0.696324,47.246845,0 0.700536,47.256187,0 0.700850,47.256570,0 0.693967,47.256992,0 0.694164,47.256805,0 0.699409,47.256725,0 0.700604,47.256405,0 0.700854,47.256490,0 0.700826,47.256844,0 0.709009,47.274730,0 0.708651,47.274780,0 0.708681,47.274470,0 0.705947,47.268303,0 0.710983,47.279285,0 0.712765,47.286160,0 0.713127,47.286606,0 0.712613,47.286880,0 0.713189,47.287437,0 0.711582,47.288116,0 0.710611,47.288190,0 0.709951,47.286010,0 0.709230,47.284850,0 0.705653,47.283558,0</coordinates>
          </LineString>
          <LineString>
            <tessellate>1</tessellate>
            <coordinates>0.692325,47.390470,0 0.692025,47.390540,0 0.699245,47.391525,0 0.701870,47.392840,0 0.704052,47.394306,0 0.704650,47.394270,0 0.705270,47.393288,0 0.706035,47.391300,0 0.712932,47.379580,0 0.714447,47.376700,0 0.715060,47.374855,0 0.715411,47.372826,0 0.715427,47.371080,0 0.715174,47.369213,0 0.714194,47.366238,0 0.712310,47.362670,0 0.707419,47.354870,0 0.699719,47.343390,0 0.697434,47.339466,0 0.692344,47.327736,0 0.689796,47.320427,0 0.688979,47.316982,0 0.689030,47.313957,0 0.689654,47.311428,0 0.691738,47.306370,0 0.692282,47.303566,0 0.692147,47.301000,0 0.691317,47.298260,0 0.689491,47.295246,0 0.685232,47.290775,0 0.683118,47.287964,0 0.681981,47.285824,0 0.679620,47.280480,0 0.678504,47.278465,0 0.676556,47.275510,0 0.670008,47.266900,0 0.667596,47.262486,0 0.665492,47.257057,0 0.663900,47.255940,0 0.663665,47.255466,0 0.663879,47.255160,0 0.664369,47.254980,0 0.667943,47.254627,0 0.676251,47.254276,0 0.677632,47.254536,0 0.678697,47.255410,0 0.679882,47.255894,0 0.680768,47.255882,0 0.682446,47.255474,0 0.683412,47.255547,0 0.684795,47.256157,0 0.685364,47.256780,0 0.686411,47.257060,0 0.691183,47.257168,0 0.693634,47.257010,0 0.694164,47.256805,0 0.694745,47.256890,0 0.694226,47.257088,0 0.693990,47.257027,0 0.694013,47.256850,0 0.699734,47.256700,0 0.700496,47.256480,0 0.700536,47.256187,0 0.696282,47.246597,0 0.696116,47.246532,0 0.696183,47.246370,0 0.694205,47.242332,0 0.691795,47.238136,0 0.691324,47.237854,0 0.691378,47.237328,0 0.691108,47.236780,0 0.675546,47.209010,0 0.647008,47.159270,0 0.647693,47.159252,0 0.647116,47.159460,0 0.646456,47.158260,0 0.645947,47.156330,0 0.646877,47.145930,0 0.646435,47.144280,0 0.645597,47.143246,0 0.639798,47.138714,0 0.620950,47.118607,0 0.614539,47.109512,0 0.614110,47.108620,0 0.613904,47.108543,0 0.613999,47.108418,0</coordinates>
          </LineString>
          <LineString>
            <tessellate>1</tessellate>
            <coordinates>0.633202,47.201980,0 0.632064,47.202200,0 0.631880,47.202057,0 0.633070,47.201780,0 0.635109,47.201750,0 0.636055,47.201515,0 0.637754,47.201680,0 0.642649,47.201580,0 0.643735,47.201363,0 0.644939,47.200798,0 0.653320,47.199665,0 0.658547,47.199986,0 0.663562,47.200573,0 0.669946,47.199196,0 0.691465,47.237510,0 0.691735,47.237736,0 0.691795,47.238136,0 0.693502,47.240894,0 0.696052,47.246216,0 0.696446,47.246420,0 0.696324,47.246845,0 0.700536,47.256187,0 0.700854,47.256490,0 0.700826,47.256844,0 0.709009,47.274730,0 0.708651,47.274780,0 0.708681,47.274470,0 0.705947,47.268303,0 0.710983,47.279285,0 0.712804,47.286270,0 0.718114,47.289658,0 0.718893,47.290676,0 0.718426,47.292860,0 0.714486,47.305700,0 0.714249,47.305984,0 0.714421,47.305885,0 0.712671,47.311460,0 0.712742,47.311928,0 0.712386,47.312360,0 0.709794,47.320705,0 0.709929,47.321144,0 0.709588,47.321423,0 0.709413,47.321964,0 0.709550,47.322376,0 0.709211,47.322685,0 0.708442,47.325070,0 0.708552,47.325300,0 0.708269,47.325554,0 0.707264,47.328835,0 0.707179,47.329357,0 0.707382,47.329746,0 0.706889,47.330170,0 0.706622,47.330880,0 0.698918,47.355650,0 0.700367,47.355564,0 0.702861,47.356056,0 0.701861,47.358395,0 0.700593,47.358227,0 0.699922,47.359737,0 0.699853,47.359936,0 0.700035,47.360120,0 0.701077,47.360428,0 0.699297,47.360080,0 0.698451,47.359580,0 0.698026,47.359592,0 0.697586,47.359756,0 0.697099,47.360950,0 0.695833,47.362244,0 0.696178,47.362720,0 0.698652,47.363350,0 0.699505,47.363840,0 0.700441,47.363600,0 0.715006,47.365547,0 0.715081,47.368053,0 0.715642,47.371310,0 0.715575,47.373066,0 0.715249,47.374878,0 0.714616,47.376736,0 0.713732,47.378510,0 0.706322,47.391285,0 0.706044,47.392467,0 0.706080,47.393257,0 0.706877,47.395150,0 0.706432,47.395720,0 0.706192,47.395800,0 0.705437,47.395490,0 0.702300,47.393406,0 0.699130,47.391790,0 0.693566,47.391010,0 0.693570,47.390720,0 0.694070,47.390266,0 0.693312,47.389893,0 0.692325,47.390470,0</coordinates>
          </LineString>
          <LineString>
            <tessellate>1</tessellate>
            <coordinates>0.623658,47.204230,0 0.624223,47.205353,0 0.630976,47.203110,0 0.631241,47.202847,0 0.631205,47.202100,0 0.633866,47.201683,0 0.635109,47.201750,0 0.636055,47.201515,0 0.637754,47.201680,0 0.642649,47.201580,0 0.643735,47.201363,0 0.644939,47.200798,0 0.653320,47.199665,0 0.658547,47.199986,0 0.663562,47.200573,0 0.669946,47.199196,0 0.694747,47.243340,0 0.698635,47.242767,0 0.699770,47.244310,0 0.701217,47.245422,0 0.701087,47.245480,0 0.699770,47.244310,0 0.698635,47.242767,0 0.694747,47.243340,0 0.696052,47.246216,0 0.696446,47.246420,0 0.696324,47.246845,0 0.700536,47.256187,0 0.700862,47.256530,0 0.699409,47.256725,0 0.695857,47.256767,0 0.694226,47.257088,0 0.693957,47.256958,0 0.694164,47.256805,0 0.699549,47.256718,0 0.700604,47.256405,0 0.700854,47.256490,0 0.700826,47.256844,0 0.709009,47.274730,0 0.708651,47.274780,0 0.708681,47.274470,0 0.705947,47.268303,0 0.710983,47.279285,0 0.712765,47.286160,0 0.713127,47.286606,0 0.712613,47.286880,0 0.713189,47.287437,0 0.711582,47.288116,0 0.710611,47.288190,0 0.709951,47.286010,0 0.709230,47.284850,0 0.705653,47.283558,0</coordinates>
          </LineString>
          <LineString>
            <tessellate>1</tessellate>
            <coordinates>0.700227,47.360264,0 0.700949,47.360332,0 0.699853,47.359936,0 0.700548,47.358270,0 0.701861,47.358395,0 0.702861,47.356056,0 0.700367,47.355564,0 0.698710,47.355663,0 0.700698,47.349693,0 0.701865,47.345695,0 0.702044,47.344524,0 0.702713,47.343033,0 0.705025,47.335670,0 0.705373,47.334507,0 0.705250,47.334167,0 0.705543,47.333958,0 0.706427,47.331173,0 0.706729,47.330055,0 0.706505,47.329597,0 0.707000,47.329220,0 0.707252,47.328500,0 0.708165,47.325535,0 0.708060,47.325268,0 0.708314,47.325024,0 0.709042,47.322674,0 0.708924,47.322290,0 0.709416,47.321514,0 0.709306,47.321053,0 0.709667,47.320694,0 0.712281,47.312305,0 0.712223,47.311825,0 0.712584,47.311360,0 0.716619,47.298374,0 0.717999,47.293453,0 0.717934,47.292740,0 0.718334,47.292370,0 0.718683,47.291320,0 0.718654,47.290565,0 0.717993,47.289722,0 0.718114,47.289658,0 0.718382,47.289880,0 0.718258,47.289955,0 0.712804,47.286270,0 0.710766,47.279003,0 0.708974,47.275043,0 0.708651,47.274780,0 0.708681,47.274470,0 0.707803,47.272423,0 0.700826,47.256844,0 0.700353,47.256615,0 0.696299,47.256733,0 0.694226,47.257088,0 0.693967,47.256992,0 0.694164,47.256805,0 0.699734,47.256700,0 0.700555,47.256350,0 0.696282,47.246597,0 0.696116,47.246532,0 0.696183,47.246370,0 0.694205,47.242332,0 0.691795,47.238136,0 0.691324,47.237854,0 0.691378,47.237328,0 0.691108,47.236780,0 0.675546,47.209010,0 0.647008,47.159270,0 0.647693,47.159252,0 0.647116,47.159460,0 0.646456,47.158260,0 0.645947,47.156330,0 0.646877,47.145930,0 0.646435,47.144280,0 0.645597,47.143246,0 0.639798,47.138714,0 0.620950,47.118607,0 0.614539,47.109512,0 0.614110,47.108620,0 0.613904,47.108543,0 0.613999,47.108418,0</coordinates>
          </LineString>
          <LineString>
            <tessellate>1</tessellate>
            <coordinates>0.700496,46.975098,0 0.699531,46.975616,0 0.697904,46.974686,0 0.696625,46.975372,0 0.697012,46.975952,0 0.696518,46.977024,0 0.696307,46.978245,0 0.696076,46.978275,0 0.695404,46.978970,0 0.692779,46.977480,0 0.688864,46.979786,0 0.688550,46.980488,0 0.689290,46.980705,0 0.688191,46.980923,0 0.687683,46.980610,0 0.687215,46.980625,0 0.681501,46.983593,0 0.679284,46.985325,0 0.672866,46.988083,0 0.671183,46.989357,0 0.666725,46.992070,0 0.666567,46.992405,0 0.666758,46.992844,0 0.665247,46.993310,0 0.659292,46.995895,0 0.656291,46.998210,0 0.654210,46.999405,0 0.652766,47.000042,0 0.650691,47.000603,0 0.647048,47.001232,0 0.644665,47.002228,0 0.642580,47.004610,0 0.638941,47.006737,0 0.637032,47.008120,0 0.635204,47.009033,0 0.631125,47.010320,0 0.625160,47.010654,0 0.623155,47.010983,0 0.614992,47.014477,0 0.614811,47.014320,0 0.612908,47.015007,0 0.611187,47.016487,0 0.609052,47.017944,0 0.605018,47.021492,0 0.603930,47.021854,0 0.604900,47.024204,0 0.605351,47.024650,0 0.605328,47.025090,0 0.616182,47.058044,0 0.610145,47.094140,0 0.610265,47.095173,0 0.611754,47.100563,0 0.612372,47.101660,0 0.612213,47.102016,0 0.612300,47.102577,0 0.612676,47.103275,0 0.612665,47.103992,0 0.613956,47.108395,0 0.614204,47.108470,0 0.614153,47.108746,0 0.614912,47.109947,0 0.620950,47.118607,0 0.639798,47.138714,0 0.645597,47.143246,0 0.646435,47.144280,0 0.646877,47.145930,0 0.646070,47.155380,0 0.646148,47.156933,0 0.646649,47.158382,0 0.647112,47.159225,0 0.647798,47.159264,0 0.647222,47.159420,0 0.675546,47.209010,0 0.691465,47.237510,0 0.691735,47.237736,0 0.691795,47.238136,0 0.693502,47.240894,0 0.696052,47.246216,0 0.696446,47.246420,0 0.696324,47.246845,0 0.700536,47.256187,0 0.700862,47.256530,0 0.693967,47.256992,0 0.694164,47.256805,0 0.699549,47.256718,0 0.700827,47.256450,0 0.700826,47.256844,0 0.709009,47.274730,0 0.708651,47.274780,0 0.708681,47.274470,0 0.705947,47.268303,0 0.710983,47.279285,0 0.712804,47.286270,0 0.718114,47.289658,0 0.718893,47.290676,0 0.718426,47.292860,0 0.714486,47.305700,0 0.714249,47.305984,0 0.714421,47.305885,0 0.712671,47.311460,0 0.712742,47.311928,0 0.712386,47.312360,0 0.709794,47.320705,0 0.709929,47.321144,0 0.709588,47.321423,0 0.709413,47.321964,0 0.709550,47.322376,0 0.709211,47.322685,0 0.708442,47.325070,0 0.708552,47.325300,0 0.708269,47.325554,0 0.707264,47.328835,0 0.707179,47.329357,0 0.707382,47.329746,0 0.706889,47.330170,0 0.706622,47.330880,0 0.698918,47.355650,0 0.700367,47.355564,0 0.702861,47.356056,0 0.701861,47.358395,0 0.700593,47.358227,0 0.699922,47.359737,0 0.699853,47.359936,0 0.700035,47.360120,0 0.701077,47.360428,0 0.699297,47.360080,0 0.698451,47.359580,0 0.698026,47.359592,0 0.697586,47.359756,0 0.697099,47.360950,0 0.695833,47.362244,0 0.696178,47.362720,0 0.698652,47.363350,0 0.699505,47.363840,0 0.700441,47.363600,0 0.715006,47.365547,0 0.715081,47.368053,0 0.715642,47.371310,0 0.715575,47.373066,0 0.715249,47.374878,0 0.714616,47.376736,0 0.713732,47.378510,0 0.706322,47.391285,0 0.706044,47.392467,0 0.706080,47.393257,0 0.706877,47.395150,0 0.706432,47.395720,0 0.706192,47.395800,0 0.705437,47.395490,0 0.702300,47.393406,0 0.699130,47.391790,0 0.693566,47.391010,0 0.693570,47.390720,0 0.694070,47.390266,0 0.693312,47.389893,0 0.692325,47.390470,0</coordinates>
          </LineString>
        </MultiGeometry>
      </Placemark>
      <Placemark>
        <name>H2 — Richelieu - Tours — Ligne régulière hors dimanche</name>
        <description>Groupe horaire : Ligne régulière hors dimanche
Ligne régionale Rémi H2. Tracé issu des shapes GTFS officiels fournis.</description>
        <styleUrl>#route_REMI37_Line_143</styleUrl>
        <MultiGeometry>
          <LineString>
            <tessellate>1</tessellate>
            <coordinates>0.614010,47.108414,0 0.614207,47.108562,0 0.594129,47.108890,0 0.592727,47.108510,0 0.586987,47.108776,0 0.557539,47.108540,0 0.556073,47.108730,0 0.555895,47.108505,0 0.556144,47.108260,0 0.556177,47.107338,0 0.555736,47.106518,0 0.539963,47.087254,0 0.536997,47.084595,0 0.532499,47.081790,0 0.530237,47.078075,0 0.529678,47.077840,0 0.529420,47.077440,0 0.528300,47.076730,0 0.525804,47.075447,0 0.512955,47.070600,0 0.510891,47.069603,0 0.502056,47.064003,0 0.502013,47.063564,0 0.499173,47.060600,0 0.498287,47.059900,0 0.492618,47.057095,0 0.490786,47.056377,0 0.489272,47.054900,0 0.483215,47.049915,0 0.482892,47.049393,0 0.482152,47.049274,0 0.481926,47.048840,0 0.476849,47.044716,0 0.475977,47.044243,0 0.470621,47.042973,0 0.467072,47.043160,0 0.463375,47.041800,0 0.458746,47.041030,0 0.459268,47.039726,0 0.457305,47.038895,0 0.454531,47.038185,0 0.453946,47.039640,0 0.450308,47.038460,0 0.442572,47.036420,0 0.440423,47.035030,0 0.439099,47.034615,0 0.436373,47.034450,0 0.433247,47.034930,0 0.430288,47.034690,0 0.427439,47.034924,0 0.424862,47.037346,0 0.421206,47.039776,0 0.417910,47.042824,0 0.415785,47.043090,0 0.410188,47.046566,0 0.409478,47.047985,0 0.408281,47.049110,0 0.407328,47.049347,0 0.404364,47.049053,0 0.402922,47.049683,0 0.401944,47.048897,0 0.398715,47.047260,0 0.396974,47.044710,0 0.396595,47.043224,0 0.396220,47.042603,0 0.392387,47.039787,0 0.391598,47.038960,0 0.391741,47.038666,0 0.393232,47.037556,0 0.393501,47.036710,0 0.394624,47.035503,0 0.395022,47.034508,0 0.395570,47.033770,0 0.398727,47.033850,0 0.400257,47.033710,0 0.400709,47.032234,0 0.400687,47.031273,0 0.398951,47.031120,0 0.396197,47.031334,0 0.393312,47.031876,0 0.389584,47.033100,0 0.387928,47.033420,0 0.376490,47.033443,0 0.371577,47.033936,0 0.365644,47.035248,0 0.363227,47.035015,0 0.347674,47.026676,0 0.346789,47.026485,0 0.346159,47.025856,0 0.343155,47.024140,0 0.336514,47.022175,0 0.327072,47.016020,0 0.320874,47.015510,0 0.321545,47.010890,0 0.320058,47.010790,0</coordinates>
          </LineString>
          <LineString>
            <tessellate>1</tessellate>
            <coordinates>0.320058,47.010790,0 0.321545,47.010890,0 0.320874,47.015510,0 0.327072,47.016020,0 0.336514,47.022175,0 0.343155,47.024140,0 0.346159,47.025856,0 0.347173,47.026134,0 0.347674,47.026676,0 0.362352,47.034527,0 0.363820,47.035120,0 0.365644,47.035248,0 0.371577,47.033936,0 0.376490,47.033443,0 0.387928,47.033420,0 0.389584,47.033100,0 0.393312,47.031876,0 0.396197,47.031334,0 0.401041,47.031100,0 0.401139,47.031254,0 0.400812,47.031647,0 0.400257,47.033710,0 0.398727,47.033850,0 0.395570,47.033770,0 0.395022,47.034508,0 0.394624,47.035503,0 0.393501,47.036710,0 0.393232,47.037556,0 0.391741,47.038666,0 0.391598,47.038960,0 0.392387,47.039787,0 0.396220,47.042603,0 0.396595,47.043224,0 0.396974,47.044710,0 0.398715,47.047260,0 0.401944,47.048897,0 0.402922,47.049683,0 0.404364,47.049053,0 0.407328,47.049347,0 0.408281,47.049110,0 0.409478,47.047985,0 0.410188,47.046566,0 0.415785,47.043090,0 0.417910,47.042824,0 0.421206,47.039776,0 0.424862,47.037346,0 0.427439,47.034924,0 0.430288,47.034690,0 0.433247,47.034930,0 0.436373,47.034450,0 0.439099,47.034615,0 0.440423,47.035030,0 0.442572,47.036420,0 0.450308,47.038460,0 0.453946,47.039640,0 0.454531,47.038185,0 0.457305,47.038895,0 0.459268,47.039726,0 0.458746,47.041030,0 0.463375,47.041800,0 0.467072,47.043160,0 0.470621,47.042973,0 0.475977,47.044243,0 0.476849,47.044716,0 0.481926,47.048840,0 0.482844,47.049282,0 0.483215,47.049915,0 0.489272,47.054900,0 0.490786,47.056377,0 0.492697,47.057133,0 0.498287,47.059900,0 0.499173,47.060600,0 0.502013,47.063564,0 0.502056,47.064003,0 0.510891,47.069603,0 0.512955,47.070600,0 0.525227,47.075200,0 0.530018,47.077620,0 0.532499,47.081790,0 0.536997,47.084595,0 0.539963,47.087254,0 0.555736,47.106518,0 0.556111,47.107130,0 0.556310,47.108284,0 0.556489,47.108460,0 0.583580,47.108730,0 0.586027,47.108660,0 0.586977,47.108307,0 0.587899,47.108627,0 0.592727,47.108510,0 0.594833,47.108852,0 0.612307,47.108630,0 0.613924,47.108578,0 0.613999,47.108418,0</coordinates>
          </LineString>
          <LineString>
            <tessellate>1</tessellate>
            <coordinates>0.320058,47.010790,0 0.321545,47.010890,0 0.320874,47.015510,0 0.327072,47.016020,0 0.336514,47.022175,0 0.343155,47.024140,0 0.346159,47.025856,0 0.347173,47.026134,0 0.347674,47.026676,0 0.362352,47.034527,0 0.363820,47.035120,0 0.365644,47.035248,0 0.371577,47.033936,0 0.376490,47.033443,0 0.387928,47.033420,0 0.389584,47.033100,0 0.393312,47.031876,0 0.396197,47.031334,0 0.401041,47.031100,0 0.401139,47.031254,0 0.400812,47.031647,0 0.400257,47.033710,0 0.398727,47.033850,0 0.395570,47.033770,0 0.395022,47.034508,0 0.394624,47.035503,0 0.393501,47.036710,0 0.393232,47.037556,0 0.391741,47.038666,0 0.391598,47.038960,0 0.392387,47.039787,0 0.396220,47.042603,0 0.396595,47.043224,0 0.396974,47.044710,0 0.398715,47.047260,0 0.401944,47.048897,0 0.402922,47.049683,0 0.404364,47.049053,0 0.407328,47.049347,0 0.408281,47.049110,0 0.409478,47.047985,0 0.410188,47.046566,0 0.415785,47.043090,0 0.417910,47.042824,0 0.421206,47.039776,0 0.424862,47.037346,0 0.427439,47.034924,0 0.430288,47.034690,0 0.433247,47.034930,0 0.436373,47.034450,0 0.439099,47.034615,0 0.440423,47.035030,0 0.442572,47.036420,0 0.450308,47.038460,0 0.453946,47.039640,0 0.454531,47.038185,0 0.457305,47.038895,0 0.459268,47.039726,0 0.458746,47.041030,0 0.463375,47.041800,0 0.467072,47.043160,0 0.470621,47.042973,0 0.475977,47.044243,0 0.476849,47.044716,0 0.481926,47.048840,0 0.482844,47.049282,0 0.483215,47.049915,0 0.489272,47.054900,0 0.490786,47.056377,0 0.492697,47.057133,0 0.498287,47.059900,0 0.499173,47.060600,0 0.502013,47.063564,0 0.502056,47.064003,0 0.510891,47.069603,0 0.512955,47.070600,0 0.525227,47.075200,0 0.530018,47.077620,0 0.532499,47.081790,0 0.536997,47.084595,0 0.539963,47.087254,0 0.555736,47.106518,0 0.556111,47.107130,0 0.556310,47.108284,0 0.556489,47.108460,0 0.583580,47.108730,0 0.586027,47.108660,0 0.586977,47.108307,0 0.587899,47.108627,0 0.592727,47.108510,0 0.594833,47.108852,0 0.612307,47.108630,0 0.614179,47.108444,0 0.614153,47.108746,0 0.614912,47.109947,0 0.620950,47.118607,0 0.639798,47.138714,0 0.645597,47.143246,0 0.646435,47.144280,0 0.646877,47.145930,0 0.646070,47.155380,0 0.646148,47.156933,0 0.646649,47.158382,0 0.647112,47.159225,0 0.647798,47.159264,0 0.647222,47.159420,0 0.675546,47.209010,0 0.691465,47.237510,0 0.691735,47.237736,0 0.691795,47.238136,0 0.693502,47.240894,0 0.696052,47.246216,0 0.696446,47.246420,0 0.696324,47.246845,0 0.700536,47.256187,0 0.700862,47.256530,0 0.693967,47.256992,0 0.694164,47.256805,0 0.699549,47.256718,0 0.700827,47.256450,0 0.700826,47.256844,0 0.709009,47.274730,0 0.708651,47.274780,0 0.708681,47.274470,0 0.705947,47.268303,0 0.710983,47.279285,0 0.712804,47.286270,0 0.718114,47.289658,0 0.718893,47.290676,0 0.718426,47.292860,0 0.714486,47.305700,0 0.714249,47.305984,0 0.714421,47.305885,0 0.712671,47.311460,0 0.712742,47.311928,0 0.712386,47.312360,0 0.709794,47.320705,0 0.709929,47.321144,0 0.709588,47.321423,0 0.709413,47.321964,0 0.709550,47.322376,0 0.709211,47.322685,0 0.708442,47.325070,0 0.708552,47.325300,0 0.708269,47.325554,0 0.707264,47.328835,0 0.707179,47.329357,0 0.707382,47.329746,0 0.706889,47.330170,0 0.706622,47.330880,0 0.698918,47.355650,0 0.700367,47.355564,0 0.702861,47.356056,0 0.701861,47.358395,0 0.700593,47.358227,0 0.699922,47.359737,0 0.699853,47.359936,0 0.700035,47.360120,0 0.701077,47.360428,0 0.699297,47.360080,0 0.698451,47.359580,0 0.698026,47.359592,0 0.697586,47.359756,0 0.697099,47.360950,0 0.695833,47.362244,0 0.696178,47.362720,0 0.698652,47.363350,0 0.699505,47.363840,0 0.700441,47.363600,0 0.715006,47.365547,0 0.715081,47.368053,0 0.715642,47.371310,0 0.715575,47.373066,0 0.715249,47.374878,0 0.714616,47.376736,0 0.713732,47.378510,0 0.706322,47.391285,0 0.706044,47.392467,0 0.706080,47.393257,0 0.706877,47.395150,0 0.706432,47.395720,0 0.706192,47.395800,0 0.705437,47.395490,0 0.702300,47.393406,0 0.699130,47.391790,0 0.693566,47.391010,0 0.693570,47.390720,0 0.694070,47.390266,0 0.693312,47.389893,0 0.692325,47.390470,0</coordinates>
          </LineString>
          <LineString>
            <tessellate>1</tessellate>
            <coordinates>0.692325,47.390470,0 0.692025,47.390540,0 0.699245,47.391525,0 0.701870,47.392840,0 0.704052,47.394306,0 0.704650,47.394270,0 0.705270,47.393288,0 0.706035,47.391300,0 0.712932,47.379580,0 0.714447,47.376700,0 0.715060,47.374855,0 0.715411,47.372826,0 0.715427,47.371080,0 0.715174,47.369213,0 0.714987,47.368443,0 0.714092,47.366703,0 0.712430,47.365322,0 0.700775,47.363663,0 0.699589,47.363956,0 0.699524,47.363790,0 0.699946,47.363495,0 0.701115,47.363438,0 0.701367,47.362785,0 0.702085,47.362286,0 0.703085,47.361150,0 0.703042,47.360950,0 0.699297,47.360080,0 0.698363,47.359550,0 0.697459,47.359750,0 0.698797,47.355736,0 0.700367,47.355564,0 0.702861,47.356056,0 0.703817,47.353700,0 0.700342,47.350945,0 0.702102,47.344357,0 0.700678,47.343940,0 0.699202,47.343822,0 0.698406,47.343930,0 0.698206,47.344463,0 0.699341,47.344910,0 0.699906,47.344760,0 0.700074,47.344437,0 0.696565,47.337685,0 0.692568,47.328278,0 0.689206,47.318367,0 0.688910,47.315820,0 0.689195,47.313034,0 0.689849,47.310905,0 0.691660,47.306602,0 0.692216,47.304260,0 0.692244,47.301697,0 0.691748,47.299385,0 0.690890,47.297370,0 0.689651,47.295452,0 0.685232,47.290775,0 0.683118,47.287964,0 0.681981,47.285824,0 0.679620,47.280480,0 0.678504,47.278465,0 0.676556,47.275510,0 0.670008,47.266900,0 0.667596,47.262486,0 0.665492,47.257057,0 0.663900,47.255940,0 0.663665,47.255466,0 0.663879,47.255160,0 0.664369,47.254980,0 0.667943,47.254627,0 0.676251,47.254276,0 0.677632,47.254536,0 0.678697,47.255410,0 0.679882,47.255894,0 0.680768,47.255882,0 0.682446,47.255474,0 0.683412,47.255547,0 0.684795,47.256157,0 0.685364,47.256780,0 0.686411,47.257060,0 0.691183,47.257168,0 0.693634,47.257010,0 0.694164,47.256805,0 0.694745,47.256890,0 0.694226,47.257088,0 0.693990,47.257027,0 0.694013,47.256850,0 0.699734,47.256700,0 0.700496,47.256480,0 0.700536,47.256187,0 0.694385,47.242664,0 0.691795,47.238136,0 0.691324,47.237854,0 0.691378,47.237328,0 0.691108,47.236780,0 0.670020,47.199432,0 0.669066,47.199383,0 0.663423,47.200580,0 0.658547,47.199986,0 0.653320,47.199665,0 0.644939,47.200798,0 0.642942,47.201546,0 0.637754,47.201680,0 0.636055,47.201515,0 0.635109,47.201750,0 0.633070,47.201780,0 0.631880,47.202057,0 0.631941,47.202175,0 0.633436,47.201820,0 0.633128,47.200974,0 0.632677,47.200775,0 0.631811,47.200897,0 0.631276,47.201225,0 0.631205,47.202100,0 0.633866,47.201683,0 0.635254,47.201736,0 0.636055,47.201515,0 0.637754,47.201680,0 0.642649,47.201580,0 0.643735,47.201363,0 0.644939,47.200798,0 0.653320,47.199665,0 0.658547,47.199986,0 0.663562,47.200573,0 0.665345,47.200073,0 0.667761,47.199768,0 0.669584,47.199253,0 0.669713,47.199010,0 0.659750,47.181316,0 0.647008,47.159270,0 0.647693,47.159252,0 0.647116,47.159460,0 0.646333,47.157974,0 0.645947,47.156330,0 0.646878,47.145763,0 0.646349,47.144135,0 0.645597,47.143246,0 0.639798,47.138714,0 0.620950,47.118607,0 0.614539,47.109512,0 0.614110,47.108620,0 0.613904,47.108543,0 0.613716,47.107740,0 0.608380,47.107624,0 0.608298,47.108690,0 0.594129,47.108890,0 0.592727,47.108510,0 0.586987,47.108776,0 0.557539,47.108540,0 0.556073,47.108730,0 0.555895,47.108505,0 0.556144,47.108260,0 0.556177,47.107338,0 0.555736,47.106518,0 0.539963,47.087254,0 0.536997,47.084595,0 0.532499,47.081790,0 0.530237,47.078075,0 0.529678,47.077840,0 0.529420,47.077440,0 0.528300,47.076730,0 0.525804,47.075447,0 0.512955,47.070600,0 0.510891,47.069603,0 0.502056,47.064003,0 0.502013,47.063564,0 0.499173,47.060600,0 0.498287,47.059900,0 0.492618,47.057095,0 0.490786,47.056377,0 0.489272,47.054900,0 0.483215,47.049915,0 0.482892,47.049393,0 0.482152,47.049274,0 0.481926,47.048840,0 0.476849,47.044716,0 0.475977,47.044243,0 0.470621,47.042973,0 0.467072,47.043160,0 0.463375,47.041800,0 0.458746,47.041030,0 0.459268,47.039726,0 0.457305,47.038895,0 0.454531,47.038185,0 0.453946,47.039640,0 0.450308,47.038460,0 0.442572,47.036420,0 0.440423,47.035030,0 0.439099,47.034615,0 0.436373,47.034450,0 0.433247,47.034930,0 0.430288,47.034690,0 0.427439,47.034924,0 0.424862,47.037346,0 0.421206,47.039776,0 0.417910,47.042824,0 0.415785,47.043090,0 0.410188,47.046566,0 0.409478,47.047985,0 0.408281,47.049110,0 0.407328,47.049347,0 0.404364,47.049053,0 0.402922,47.049683,0 0.401944,47.048897,0 0.398715,47.047260,0 0.396974,47.044710,0 0.396595,47.043224,0 0.396220,47.042603,0 0.392387,47.039787,0 0.391598,47.038960,0 0.391741,47.038666,0 0.393232,47.037556,0 0.393501,47.036710,0 0.394624,47.035503,0 0.395022,47.034508,0 0.395570,47.033770,0 0.398727,47.033850,0 0.400257,47.033710,0 0.400709,47.032234,0 0.400687,47.031273,0 0.398951,47.031120,0 0.396197,47.031334,0 0.393312,47.031876,0 0.389584,47.033100,0 0.387928,47.033420,0 0.376490,47.033443,0 0.371577,47.033936,0 0.365644,47.035248,0 0.363227,47.035015,0 0.347674,47.026676,0 0.346789,47.026485,0 0.346159,47.025856,0 0.343155,47.024140,0 0.336514,47.022175,0 0.327072,47.016020,0 0.320874,47.015510,0 0.321545,47.010890,0 0.320058,47.010790,0</coordinates>
          </LineString>
        </MultiGeometry>
      </Placemark>
      <Placemark>
        <name>I — Saché - Tours — Ligne régulière hors dimanche</name>
        <description>Groupe horaire : Ligne régulière hors dimanche
Ligne régionale Rémi I. Tracé issu des shapes GTFS officiels fournis.</description>
        <styleUrl>#route_REMI37_Line_144</styleUrl>
        <MultiGeometry>
          <LineString>
            <tessellate>1</tessellate>
            <coordinates>0.542957,47.246490,0 0.543964,47.246460,0 0.544253,47.246723,0 0.544198,47.247223,0 0.544837,47.247720,0 0.547375,47.247894,0 0.553840,47.249230,0 0.558257,47.251270,0 0.559691,47.250576,0 0.561670,47.248880,0 0.564150,47.245495,0 0.565737,47.243960,0 0.566379,47.242737,0 0.566349,47.240353,0 0.568257,47.239210,0 0.570627,47.237362,0 0.572077,47.234787,0 0.573637,47.232830,0 0.574985,47.231655,0 0.573996,47.229670,0 0.573976,47.227337,0 0.574291,47.225803,0 0.575242,47.225056,0 0.576062,47.224678,0 0.579044,47.223830,0 0.579667,47.224470,0 0.579630,47.225540,0 0.580453,47.226337,0 0.580858,47.227047,0 0.581721,47.229230,0 0.581989,47.230522,0 0.583651,47.232730,0 0.583979,47.233555,0 0.583633,47.237790,0 0.582262,47.241150,0 0.582326,47.242554,0 0.580452,47.244730,0 0.580146,47.247208,0 0.578787,47.250103,0 0.577535,47.252026,0 0.577383,47.254460,0 0.577065,47.255642,0 0.576511,47.256330,0 0.575109,47.257294,0 0.573799,47.258762,0 0.574390,47.259280,0 0.575514,47.259810,0 0.575276,47.262140,0 0.578629,47.266580,0 0.579851,47.267360,0 0.582554,47.267628,0 0.585273,47.268540,0 0.589942,47.269573,0 0.593032,47.270523,0 0.597282,47.272022,0 0.598692,47.272903,0 0.599430,47.272446,0 0.598965,47.272200,0 0.599430,47.272446,0 0.600032,47.271970,0 0.601703,47.269200,0 0.602201,47.269043,0 0.603206,47.269960,0 0.603736,47.270958,0 0.605157,47.272460,0 0.612281,47.275936,0 0.619143,47.277042,0 0.620990,47.277160,0 0.621102,47.277332,0 0.620826,47.277336,0 0.621030,47.277170,0 0.622970,47.278040,0 0.624316,47.278065,0 0.627063,47.277153,0 0.631035,47.276340,0 0.634672,47.276620,0 0.637867,47.277542,0 0.642903,47.279827,0 0.648003,47.281612,0 0.652884,47.282530,0 0.654593,47.283108,0 0.654685,47.282963,0 0.653925,47.280403,0 0.654776,47.283104,0 0.655235,47.286148,0 0.656048,47.289280,0 0.657985,47.295450,0 0.658289,47.295800,0 0.657969,47.296320,0 0.658114,47.297170,0 0.654787,47.296795,0 0.649929,47.297165,0 0.641697,47.296140,0 0.641496,47.296143,0 0.641460,47.296326,0 0.642285,47.297443,0 0.644939,47.299747,0 0.647120,47.302610,0 0.649455,47.305004,0 0.650640,47.307396,0 0.652360,47.309265,0 0.653715,47.311413,0 0.655962,47.313396,0 0.657278,47.315197,0 0.657583,47.315350,0 0.657547,47.315826,0 0.658140,47.316950,0 0.661679,47.322550,0 0.662316,47.322987,0 0.663033,47.327564,0 0.664154,47.329697,0 0.664301,47.332157,0 0.664965,47.334682,0 0.664747,47.334720,0 0.664649,47.334515,0 0.660313,47.334590,0 0.659600,47.335640,0 0.658749,47.335728,0 0.659036,47.337254,0 0.658690,47.337856,0 0.656659,47.337990,0 0.657402,47.337790,0 0.659576,47.337840,0 0.664135,47.338890,0 0.664937,47.338700,0 0.666185,47.339320,0 0.666753,47.339280,0 0.667635,47.338863,0 0.668536,47.338127,0 0.673154,47.332590,0 0.674390,47.331600,0 0.675568,47.331085,0 0.677133,47.330750,0 0.681688,47.330914,0 0.683112,47.330196,0 0.683646,47.330400,0 0.684002,47.331650,0 0.684821,47.332462,0 0.688556,47.333416,0 0.690678,47.334538,0 0.690680,47.334920,0 0.691567,47.336468,0 0.692856,47.336407,0 0.700891,47.337532,0 0.701336,47.337456,0 0.704798,47.338264,0 0.705486,47.338116,0 0.705573,47.337880,0 0.705398,47.337677,0 0.704521,47.337620,0 0.701102,47.348810,0 0.701943,47.348730,0 0.709205,47.346130,0 0.711501,47.346664,0 0.712392,47.347622,0 0.713323,47.349110,0 0.714477,47.349663,0 0.714196,47.349735,0 0.713323,47.349110,0 0.711501,47.346664,0 0.709205,47.346130,0 0.700955,47.349210,0 0.698918,47.355650,0 0.700367,47.355564,0 0.702861,47.356056,0 0.701861,47.358395,0 0.700593,47.358227,0 0.699922,47.359737,0 0.699853,47.359936,0 0.700035,47.360120,0 0.701092,47.360410,0 0.700227,47.360264,0</coordinates>
          </LineString>
          <LineString>
            <tessellate>1</tessellate>
            <coordinates>0.692325,47.390470,0 0.692025,47.390540,0 0.699245,47.391525,0 0.701870,47.392840,0 0.704052,47.394306,0 0.704650,47.394270,0 0.705270,47.393288,0 0.706035,47.391300,0 0.713690,47.378242,0 0.715000,47.375088,0 0.715450,47.372036,0 0.715337,47.370148,0 0.714987,47.368443,0 0.713886,47.366440,0 0.712430,47.365322,0 0.700775,47.363663,0 0.699589,47.363956,0 0.699524,47.363790,0 0.699946,47.363495,0 0.701115,47.363438,0 0.701367,47.362785,0 0.702085,47.362286,0 0.703085,47.361150,0 0.703042,47.360950,0 0.699297,47.360080,0 0.698363,47.359550,0 0.697459,47.359750,0 0.698797,47.355736,0 0.700367,47.355564,0 0.702861,47.356056,0 0.703818,47.353860,0 0.702159,47.352287,0 0.700375,47.351013,0 0.700816,47.349064,0 0.709205,47.346130,0 0.711501,47.346664,0 0.712392,47.347622,0 0.713323,47.349110,0 0.713780,47.349450,0 0.714473,47.349620,0 0.714196,47.349735,0 0.713323,47.349110,0 0.711501,47.346664,0 0.709205,47.346130,0 0.703691,47.348240,0 0.701205,47.349106,0 0.700816,47.349064,0 0.701865,47.345695,0 0.702044,47.344524,0 0.702590,47.343388,0 0.703731,47.339806,0 0.703949,47.339024,0 0.703784,47.338787,0 0.701979,47.338318,0 0.700628,47.337532,0 0.692856,47.336407,0 0.692111,47.336483,0 0.691702,47.336853,0 0.691369,47.336880,0 0.691179,47.336685,0 0.691289,47.336310,0 0.690707,47.335114,0 0.690165,47.334820,0 0.690032,47.334400,0 0.689207,47.333828,0 0.688122,47.333366,0 0.685002,47.332653,0 0.684113,47.332184,0 0.682791,47.332073,0 0.682075,47.331450,0 0.681355,47.331177,0 0.678933,47.330837,0 0.677323,47.330826,0 0.675628,47.331170,0 0.674230,47.331830,0 0.673100,47.332836,0 0.668540,47.338318,0 0.667684,47.340164,0 0.665246,47.339070,0 0.664702,47.339104,0 0.659775,47.337875,0 0.656659,47.337990,0 0.657402,47.337790,0 0.658690,47.337856,0 0.659036,47.337254,0 0.658749,47.335728,0 0.659600,47.335640,0 0.660313,47.334590,0 0.664649,47.334515,0 0.664169,47.329910,0 0.663033,47.327564,0 0.662369,47.323734,0 0.661827,47.323105,0 0.661679,47.322550,0 0.657547,47.315826,0 0.657115,47.315487,0 0.657146,47.315033,0 0.656373,47.313877,0 0.653859,47.311592,0 0.652360,47.309265,0 0.650640,47.307396,0 0.649455,47.305004,0 0.647120,47.302610,0 0.645159,47.299988,0 0.642686,47.297825,0 0.641049,47.296100,0 0.641356,47.295950,0 0.642127,47.296185,0 0.649929,47.297165,0 0.654787,47.296795,0 0.658114,47.297170,0 0.657969,47.296320,0 0.658087,47.295850,0 0.656048,47.289280,0 0.655235,47.286148,0 0.654685,47.282963,0 0.653925,47.280403,0 0.654715,47.283173,0 0.653157,47.282593,0 0.648003,47.281612,0 0.642903,47.279827,0 0.637867,47.277542,0 0.634672,47.276620,0 0.631035,47.276340,0 0.627063,47.277153,0 0.624316,47.278065,0 0.622970,47.278040,0 0.620587,47.277233,0 0.612281,47.275936,0 0.605157,47.272460,0 0.603736,47.270958,0 0.603206,47.269960,0 0.602201,47.269043,0 0.601703,47.269200,0 0.600032,47.271970,0 0.598692,47.272903,0 0.597117,47.271954,0 0.590173,47.269634,0 0.585273,47.268540,0 0.582554,47.267628,0 0.580017,47.267403,0 0.578966,47.266914,0 0.575276,47.262140,0 0.575514,47.259810,0 0.574390,47.259280,0 0.573799,47.258762,0 0.575109,47.257294,0 0.576511,47.256330,0 0.577065,47.255642,0 0.577383,47.254460,0 0.577535,47.252026,0 0.578787,47.250103,0 0.580146,47.247208,0 0.580452,47.244730,0 0.582326,47.242554,0 0.582262,47.241150,0 0.583451,47.238453,0 0.583716,47.237247,0 0.583913,47.233160,0 0.581989,47.230522,0 0.581721,47.229230,0 0.580858,47.227047,0 0.580453,47.226337,0 0.579630,47.225540,0 0.579667,47.224470,0 0.579044,47.223830,0 0.576062,47.224678,0 0.575242,47.225056,0 0.574291,47.225803,0 0.573976,47.227337,0 0.573996,47.229670,0 0.574985,47.231655,0 0.573637,47.232830,0 0.572077,47.234787,0 0.570627,47.237362,0 0.568257,47.239210,0 0.566349,47.240353,0 0.566379,47.242737,0 0.565737,47.243960,0 0.564150,47.245495,0 0.561670,47.248880,0 0.559691,47.250576,0 0.558257,47.251270,0 0.553840,47.249230,0 0.547375,47.247894,0 0.544837,47.247720,0 0.544238,47.247280,0 0.544253,47.246723,0 0.543898,47.246418,0 0.542939,47.246517,0</coordinates>
          </LineString>
          <LineString>
            <tessellate>1</tessellate>
            <coordinates>0.692325,47.390470,0 0.692025,47.390540,0 0.699245,47.391525,0 0.701870,47.392840,0 0.704052,47.394306,0 0.704650,47.394270,0 0.705270,47.393288,0 0.706035,47.391300,0 0.712932,47.379580,0 0.714536,47.376488,0 0.715170,47.374390,0 0.715429,47.372593,0 0.715366,47.370377,0 0.714987,47.368443,0 0.713886,47.366440,0 0.712430,47.365322,0 0.700775,47.363663,0 0.699589,47.363956,0 0.699524,47.363790,0 0.699946,47.363495,0 0.701115,47.363438,0 0.701367,47.362785,0 0.702085,47.362286,0 0.703085,47.361150,0 0.703042,47.360950,0 0.699297,47.360080,0 0.698363,47.359550,0 0.697459,47.359750,0 0.698797,47.355736,0 0.700367,47.355564,0 0.702861,47.356056,0 0.703818,47.353860,0 0.702159,47.352287,0 0.700329,47.350887,0 0.701865,47.345695,0 0.702044,47.344524,0 0.702713,47.343033,0 0.703949,47.339024,0 0.703686,47.338710,0 0.701979,47.338318,0 0.700803,47.337570,0 0.698015,47.337135,0 0.692746,47.336400,0 0.692032,47.336510,0 0.691702,47.336853,0 0.691369,47.336880,0 0.691179,47.336685,0 0.691289,47.336310,0 0.690707,47.335114,0 0.690165,47.334820,0 0.690032,47.334400,0 0.689068,47.333750,0 0.687848,47.333290,0 0.685002,47.332653,0 0.684113,47.332184,0 0.682791,47.332073,0 0.681578,47.331230,0 0.678228,47.330795,0 0.675628,47.331170,0 0.674481,47.331676,0 0.673558,47.332350,0 0.668540,47.338318,0 0.667684,47.340164,0 0.665246,47.339070,0 0.664702,47.339104,0 0.659775,47.337875,0 0.656659,47.337990,0 0.657402,47.337790,0 0.658690,47.337856,0 0.659036,47.337254,0 0.658749,47.335728,0 0.659600,47.335640,0 0.660313,47.334590,0 0.664649,47.334515,0 0.664169,47.329910,0 0.663033,47.327564,0 0.662369,47.323734,0 0.661827,47.323105,0 0.661679,47.322550,0 0.657547,47.315826,0 0.657115,47.315487,0 0.657146,47.315033,0 0.656373,47.313877,0 0.653859,47.311592,0 0.652360,47.309265,0 0.650640,47.307396,0 0.649455,47.305004,0 0.647120,47.302610,0 0.645159,47.299988,0 0.642686,47.297825,0 0.641049,47.296100,0 0.641356,47.295950,0 0.642127,47.296185,0 0.649929,47.297165,0 0.654787,47.296795,0 0.658114,47.297170,0 0.657969,47.296320,0 0.658087,47.295850,0 0.656048,47.289280,0 0.655235,47.286148,0 0.654715,47.283173,0 0.653157,47.282593,0 0.648003,47.281612,0 0.642903,47.279827,0 0.637867,47.277542,0 0.634672,47.276620,0 0.630884,47.276360,0 0.627063,47.277153,0 0.625994,47.277615,0 0.623737,47.278095,0 0.622970,47.278040,0 0.619939,47.277110,0 0.612673,47.276054,0 0.605157,47.272460,0 0.603736,47.270958,0 0.603206,47.269960,0 0.602201,47.269043,0 0.601703,47.269200,0 0.600032,47.271970,0 0.598692,47.272903,0 0.597117,47.271954,0 0.590173,47.269634,0 0.585273,47.268540,0 0.582554,47.267628,0 0.580017,47.267403,0 0.578966,47.266914,0 0.575276,47.262140,0 0.575514,47.259810,0 0.574390,47.259280,0 0.573799,47.258762,0 0.575109,47.257294,0 0.576511,47.256330,0 0.577065,47.255642,0 0.577383,47.254460,0 0.577535,47.252026,0 0.578787,47.250103,0 0.580146,47.247208,0 0.580452,47.244730,0 0.582326,47.242554,0 0.582262,47.241150,0 0.583451,47.238453,0 0.583716,47.237247,0 0.583913,47.233160,0 0.581989,47.230522,0 0.581721,47.229230,0 0.580858,47.227047,0 0.580453,47.226337,0 0.579630,47.225540,0 0.579667,47.224470,0 0.579044,47.223830,0 0.576062,47.224678,0 0.575242,47.225056,0 0.574291,47.225803,0 0.573976,47.227337,0 0.573996,47.229670,0 0.574985,47.231655,0 0.573637,47.232830,0 0.572077,47.234787,0 0.570627,47.237362,0 0.568257,47.239210,0 0.566349,47.240353,0 0.566379,47.242737,0 0.565737,47.243960,0 0.564150,47.245495,0 0.561670,47.248880,0 0.559691,47.250576,0 0.558257,47.251270,0 0.553840,47.249230,0 0.547375,47.247894,0 0.544837,47.247720,0 0.544238,47.247280,0 0.544253,47.246723,0 0.543898,47.246418,0 0.542939,47.246517,0</coordinates>
          </LineString>
          <LineString>
            <tessellate>1</tessellate>
            <coordinates>0.542957,47.246490,0 0.543964,47.246460,0 0.544253,47.246723,0 0.544198,47.247223,0 0.544837,47.247720,0 0.547375,47.247894,0 0.553840,47.249230,0 0.558257,47.251270,0 0.559691,47.250576,0 0.561670,47.248880,0 0.564150,47.245495,0 0.565737,47.243960,0 0.566379,47.242737,0 0.566349,47.240353,0 0.568257,47.239210,0 0.570627,47.237362,0 0.572077,47.234787,0 0.573637,47.232830,0 0.574985,47.231655,0 0.573996,47.229670,0 0.573976,47.227337,0 0.574291,47.225803,0 0.575242,47.225056,0 0.576062,47.224678,0 0.579044,47.223830,0 0.579667,47.224470,0 0.579630,47.225540,0 0.580453,47.226337,0 0.580858,47.227047,0 0.581721,47.229230,0 0.581989,47.230522,0 0.583913,47.233160,0 0.583716,47.237247,0 0.583451,47.238453,0 0.582262,47.241150,0 0.582326,47.242554,0 0.580452,47.244730,0 0.580146,47.247208,0 0.578787,47.250103,0 0.577535,47.252026,0 0.577383,47.254460,0 0.577065,47.255642,0 0.576511,47.256330,0 0.575109,47.257294,0 0.573799,47.258762,0 0.574390,47.259280,0 0.575514,47.259810,0 0.575276,47.262140,0 0.578966,47.266914,0 0.580017,47.267403,0 0.582554,47.267628,0 0.585273,47.268540,0 0.590173,47.269634,0 0.597117,47.271954,0 0.598692,47.272903,0 0.599430,47.272446,0 0.598965,47.272200,0 0.599430,47.272446,0 0.600032,47.271970,0 0.601703,47.269200,0 0.602201,47.269043,0 0.603206,47.269960,0 0.603736,47.270958,0 0.605157,47.272460,0 0.612673,47.276054,0 0.619143,47.277042,0 0.620990,47.277160,0 0.621102,47.277332,0 0.620826,47.277336,0 0.621030,47.277170,0 0.622797,47.277985,0 0.623737,47.278095,0 0.625994,47.277615,0 0.627063,47.277153,0 0.630884,47.276360,0 0.634672,47.276620,0 0.637867,47.277542,0 0.642903,47.279827,0 0.648003,47.281612,0 0.652884,47.282530,0 0.654760,47.283077,0 0.655235,47.286148,0 0.656048,47.289280,0 0.657985,47.295450,0 0.658289,47.295800,0 0.657969,47.296320,0 0.658114,47.297170,0 0.654787,47.296795,0 0.649929,47.297165,0 0.641697,47.296140,0 0.641496,47.296143,0 0.641460,47.296326,0 0.642285,47.297443,0 0.644939,47.299747,0 0.647120,47.302610,0 0.649455,47.305004,0 0.650640,47.307396,0 0.652360,47.309265,0 0.653715,47.311413,0 0.655962,47.313396,0 0.657278,47.315197,0 0.657583,47.315350,0 0.657547,47.315826,0 0.658140,47.316950,0 0.661679,47.322550,0 0.662316,47.322987,0 0.663033,47.327564,0 0.664154,47.329697,0 0.664301,47.332157,0 0.664965,47.334682,0 0.664747,47.334720,0 0.664649,47.334515,0 0.660313,47.334590,0 0.659600,47.335640,0 0.658749,47.335728,0 0.659036,47.337254,0 0.658690,47.337856,0 0.656659,47.337990,0 0.657402,47.337790,0 0.659576,47.337840,0 0.664135,47.338890,0 0.664937,47.338700,0 0.666185,47.339320,0 0.666753,47.339280,0 0.667635,47.338863,0 0.668536,47.338127,0 0.673154,47.332590,0 0.674390,47.331600,0 0.675568,47.331085,0 0.677133,47.330750,0 0.681688,47.330914,0 0.683112,47.330196,0 0.683646,47.330400,0 0.684002,47.331650,0 0.684821,47.332462,0 0.688556,47.333416,0 0.690678,47.334538,0 0.690680,47.334920,0 0.691567,47.336468,0 0.692856,47.336407,0 0.700891,47.337532,0 0.701336,47.337456,0 0.704798,47.338264,0 0.705371,47.338200,0 0.705573,47.337880,0 0.705325,47.337643,0 0.704521,47.337620,0 0.698918,47.355650,0 0.700367,47.355564,0 0.702861,47.356056,0 0.701861,47.358395,0 0.700593,47.358227,0 0.699922,47.359737,0 0.699853,47.359936,0 0.700035,47.360120,0 0.701077,47.360428,0 0.699297,47.360080,0 0.698451,47.359580,0 0.698026,47.359592,0 0.697586,47.359756,0 0.697099,47.360950,0 0.695918,47.362000,0 0.695846,47.362377,0 0.696276,47.362762,0 0.698652,47.363350,0 0.699505,47.363840,0 0.700441,47.363600,0 0.715006,47.365547,0 0.715081,47.368053,0 0.715642,47.371310,0 0.715575,47.373066,0 0.715249,47.374878,0 0.714616,47.376736,0 0.713732,47.378510,0 0.706322,47.391285,0 0.706044,47.392467,0 0.706080,47.393257,0 0.706877,47.395150,0 0.706432,47.395720,0 0.706192,47.395800,0 0.705437,47.395490,0 0.702300,47.393406,0 0.699130,47.391790,0 0.693566,47.391010,0 0.693570,47.390720,0 0.694070,47.390266,0 0.693312,47.389893,0 0.692325,47.390470,0</coordinates>
          </LineString>
        </MultiGeometry>
      </Placemark>
      <Placemark>
        <name>IV — Villaines-les-Rochers - Azay-le-Rideau — Ligne faible</name>
        <description>Groupe horaire : Ligne faible
Ligne régionale Rémi IV. Tracé issu des shapes GTFS officiels fournis.</description>
        <styleUrl>#route_REMI37_Line_145</styleUrl>
        <MultiGeometry>
          <LineString>
            <tessellate>1</tessellate>
            <coordinates>0.496336,47.221245,0 0.496542,47.221380,0 0.496212,47.222237,0 0.496172,47.223145,0 0.495704,47.224087,0 0.495766,47.225600,0 0.494856,47.226494,0 0.494747,47.227560,0 0.494108,47.228546,0 0.494361,47.228910,0 0.497794,47.231230,0 0.497838,47.231724,0 0.496830,47.233560,0 0.496040,47.233997,0 0.487897,47.234844,0 0.483890,47.237244,0 0.479681,47.237870,0 0.478926,47.238235,0 0.478574,47.238785,0 0.478201,47.240498,0 0.475848,47.242817,0 0.472776,47.249283,0 0.472864,47.251310,0 0.472719,47.251602,0 0.470818,47.251884,0 0.469196,47.252457,0 0.466982,47.252720,0 0.462736,47.254234,0 0.462162,47.254590,0 0.453882,47.251354,0 0.453138,47.251488,0 0.453765,47.252113,0 0.454403,47.253155,0 0.456699,47.258400,0 0.457660,47.261303,0 0.459417,47.262790,0 0.463612,47.261740,0 0.465021,47.262062,0 0.465814,47.261818,0 0.467385,47.264683,0 0.468342,47.265377,0 0.472180,47.266804,0 0.473501,47.266457,0 0.474451,47.265984,0 0.474622,47.265644,0 0.474876,47.265766,0 0.471926,47.267178,0 0.470455,47.266280,0 0.469587,47.266030,0 0.461759,47.264603,0 0.460250,47.264160,0 0.458830,47.263280,0 0.457821,47.261790,0 0.457316,47.261517,0 0.457057,47.261772,0 0.457513,47.263046,0 0.447024,47.265000,0 0.447846,47.266327,0</coordinates>
          </LineString>
          <LineString>
            <tessellate>1</tessellate>
            <coordinates>0.447846,47.266327,0 0.447024,47.265000,0 0.449035,47.264507,0 0.459921,47.262720,0 0.463728,47.261726,0 0.465021,47.262062,0 0.465814,47.261818,0 0.467599,47.264977,0 0.468910,47.265617,0 0.472180,47.266804,0 0.473501,47.266457,0 0.474554,47.265890,0 0.474622,47.265644,0 0.474215,47.264590,0 0.473956,47.264477,0 0.474065,47.264340,0 0.474352,47.264446,0 0.474215,47.264590,0 0.474622,47.265644,0 0.474554,47.265890,0 0.471926,47.267178,0 0.470168,47.266186,0 0.461387,47.264520,0 0.459302,47.263650,0 0.458571,47.263023,0 0.457962,47.262140,0 0.456699,47.258400,0 0.454403,47.253155,0 0.453098,47.251312,0 0.453558,47.251230,0 0.462162,47.254590,0 0.462736,47.254234,0 0.466982,47.252720,0 0.469196,47.252457,0 0.470818,47.251884,0 0.472719,47.251602,0 0.472864,47.251310,0 0.472776,47.249283,0 0.475848,47.242817,0 0.478201,47.240498,0 0.478574,47.238785,0 0.478926,47.238235,0 0.479681,47.237870,0 0.483890,47.237244,0 0.487897,47.234844,0 0.496040,47.233997,0 0.496830,47.233560,0 0.497838,47.231724,0 0.497807,47.231255,0 0.494361,47.228910,0 0.494108,47.228546,0 0.494747,47.227560,0 0.494856,47.226494,0 0.495766,47.225600,0 0.495704,47.224087,0 0.496172,47.223145,0 0.496212,47.222237,0 0.496542,47.221380,0 0.496336,47.221245,0</coordinates>
          </LineString>
        </MultiGeometry>
      </Placemark>
      <Placemark>
        <name>J — Sainte-Maure-de-Touraine - Loches - Amboise — Ligne faible</name>
        <description>Groupe horaire : Ligne faible
Ligne régionale Rémi J. Tracé issu des shapes GTFS officiels fournis.</description>
        <styleUrl>#route_REMI37_Line_384</styleUrl>
        <MultiGeometry>
          <LineString>
            <tessellate>1</tessellate>
            <coordinates>0.981594,47.399467,0 0.981412,47.399075,0 0.981457,47.397846,0 0.979723,47.397636,0 0.979373,47.392635,0 0.979835,47.391968,0 0.979632,47.391792,0 0.979329,47.391926,0 0.979391,47.392140,0 0.979651,47.392190,0 0.979875,47.391730,0 0.979023,47.390010,0 0.978890,47.388756,0 0.981778,47.376040,0 0.987911,47.357720,0 0.988396,47.355965,0 0.988333,47.355050,0 0.988871,47.354855,0 0.989821,47.351997,0 0.990050,47.337414,0 0.991769,47.332260,0 0.991779,47.331800,0 0.991252,47.330193,0 0.991783,47.330093,0 0.991656,47.328390,0 0.992024,47.327880,0 0.992222,47.327152,0 0.992174,47.325886,0 0.993157,47.324497,0 0.993089,47.323864,0 0.991717,47.322887,0 0.990604,47.321495,0 0.988613,47.316086,0 0.988664,47.314610,0 0.989026,47.313260,0 0.989870,47.311840,0 0.991501,47.310013,0 0.992318,47.308723,0 0.992769,47.307470,0 0.993013,47.305430,0 0.992803,47.304417,0 0.991862,47.302666,0 0.991152,47.300540,0 0.990300,47.298985,0 0.990024,47.298040,0 0.990442,47.293793,0 0.990163,47.291096,0 0.990329,47.288883,0 0.989784,47.286736,0 0.988897,47.286087,0 0.989506,47.285770,0 0.989675,47.285465,0 0.989009,47.284344,0 0.988982,47.282608,0 0.989340,47.280040,0 0.988870,47.277317,0 0.988878,47.275010,0 0.987853,47.270897,0 0.987883,47.268990,0 0.988696,47.267310,0 0.991221,47.264866,0 0.992576,47.262512,0 0.995546,47.260204,0 0.999810,47.254307,0 1.001685,47.252810,0 1.007694,47.249332,0 1.009889,47.246940,0 1.021084,47.236855,0 1.022299,47.235226,0 1.023117,47.233307,0 1.023856,47.232100,0 1.024851,47.231010,0 1.028669,47.227737,0 1.029520,47.226517,0 1.029933,47.225270,0 1.029755,47.221798,0 1.031094,47.216682,0 1.030928,47.215748,0 1.030576,47.215073,0 1.028671,47.213097,0 1.028147,47.212082,0 1.028231,47.211056,0 1.029324,47.209045,0 1.029315,47.207640,0 1.028013,47.205627,0 1.027363,47.205210,0 1.026899,47.205284,0 1.026605,47.205074,0 1.026759,47.204823,0 1.025457,47.203560,0 1.022954,47.202800,0 1.022518,47.202328,0 1.022389,47.201824,0 1.022626,47.200546,0 1.022968,47.199820,0 1.025058,47.197643,0 1.025521,47.196632,0 1.025460,47.194286,0 1.024085,47.190056,0 1.023921,47.188840,0 1.025221,47.181664,0 1.028173,47.172450,0 1.028105,47.171833,0 1.028441,47.171320,0 1.029506,47.163330,0 1.028951,47.161507,0 1.027370,47.159317,0 1.026105,47.156967,0 1.023192,47.153515,0 1.020921,47.149020,0 1.020314,47.146210,0 1.020353,47.145454,0 1.020058,47.145090,0 1.016012,47.142840,0 1.014259,47.142300,0 1.013501,47.141808,0 1.012389,47.141705,0 1.009631,47.141010,0 1.008451,47.140526,0 1.007979,47.139973,0 1.007246,47.139633,0 1.003935,47.139530,0 1.001338,47.140070,0 1.000901,47.140820,0 1.000346,47.140790,0 1.000432,47.140080,0 0.999531,47.136910,0 0.999243,47.134354,0 0.998452,47.132538,0 0.997982,47.132100,0 0.997952,47.131657,0 0.998916,47.129490,0 0.999966,47.130120,0 1.000377,47.130030,0 1.000295,47.130230,0 0.998935,47.129585,0 0.997051,47.128124,0 0.995713,47.128693,0 0.993798,47.127464,0 0.991312,47.126810,0 0.990301,47.126114,0 0.987469,47.125230,0 0.984456,47.124580,0 0.983990,47.125473,0 0.982354,47.125330,0 0.981428,47.125920,0 0.980353,47.125942,0 0.979925,47.126220,0 0.980774,47.127773,0 0.979925,47.126220,0 0.980353,47.125942,0 0.981428,47.125920,0 0.982354,47.125330,0 0.983990,47.125473,0 0.984456,47.124580,0 0.978904,47.123390,0 0.972851,47.122750,0 0.971334,47.122820,0 0.970059,47.123344,0 0.967117,47.125706,0 0.964483,47.128820,0 0.960433,47.131130,0 0.959090,47.131480,0 0.953551,47.131930,0 0.951198,47.132010,0 0.949306,47.131840,0 0.899360,47.125046,0 0.897819,47.125423,0 0.896298,47.126266,0 0.894921,47.126553,0 0.866351,47.126953,0 0.851154,47.127453,0 0.794103,47.134357,0 0.791998,47.134050,0 0.751115,47.119766,0 0.737518,47.114900,0 0.731265,47.112010,0 0.729012,47.112170,0 0.727918,47.111893,0 0.724305,47.112087,0 0.711133,47.111660,0 0.709623,47.111423,0 0.703396,47.108880,0 0.694345,47.102528,0 0.693121,47.101880,0 0.691550,47.101456,0 0.680374,47.099747,0 0.677729,47.099583,0 0.675038,47.099970,0 0.673381,47.100520,0 0.668559,47.102630,0 0.665978,47.103363,0 0.650505,47.104830,0 0.644950,47.104656,0 0.640158,47.104996,0 0.637610,47.104850,0 0.631357,47.103687,0 0.623091,47.101402,0 0.620889,47.100964,0 0.620375,47.101242,0 0.614207,47.108562,0 0.613960,47.108604,0 0.613999,47.108418,0</coordinates>
          </LineString>
          <LineString>
            <tessellate>1</tessellate>
            <coordinates>0.614010,47.108414,0 0.614361,47.108260,0 0.619617,47.102130,0 0.620601,47.100727,0 0.630601,47.103508,0 0.637610,47.104850,0 0.640158,47.104996,0 0.644950,47.104656,0 0.650505,47.104830,0 0.665978,47.103363,0 0.668559,47.102630,0 0.673381,47.100520,0 0.675038,47.099970,0 0.677729,47.099583,0 0.680374,47.099747,0 0.691550,47.101456,0 0.693121,47.101880,0 0.694345,47.102528,0 0.703396,47.108880,0 0.709623,47.111423,0 0.711133,47.111660,0 0.722644,47.111990,0 0.723602,47.111813,0 0.724692,47.112050,0 0.727918,47.111893,0 0.729012,47.112170,0 0.731159,47.111866,0 0.731906,47.112034,0 0.732436,47.112514,0 0.734058,47.113346,0 0.738236,47.115173,0 0.791998,47.134050,0 0.792770,47.133972,0 0.794103,47.134357,0 0.851154,47.127453,0 0.863618,47.127150,0 0.866351,47.126953,0 0.867075,47.126740,0 0.867810,47.126926,0 0.871034,47.126995,0 0.894921,47.126553,0 0.896298,47.126266,0 0.897819,47.125423,0 0.899360,47.125046,0 0.949306,47.131840,0 0.951198,47.132010,0 0.953551,47.131930,0 0.959090,47.131480,0 0.960433,47.131130,0 0.964483,47.128820,0 0.967117,47.125706,0 0.970059,47.123344,0 0.971334,47.122820,0 0.972851,47.122750,0 0.978904,47.123390,0 0.984456,47.124580,0 0.983990,47.125473,0 0.982354,47.125330,0 0.981428,47.125920,0 0.980353,47.125942,0 0.979925,47.126220,0 0.980774,47.127773,0 0.979925,47.126220,0 0.980353,47.125942,0 0.981428,47.125920,0 0.982354,47.125330,0 0.983990,47.125473,0 0.984456,47.124580,0 0.987799,47.125324,0 0.990301,47.126114,0 0.991274,47.126710,0 0.993450,47.127310,0 0.994439,47.127785,0 0.998246,47.130527,0 0.998968,47.129470,0 0.999966,47.130120,0 1.000316,47.129974,0 1.000343,47.130240,0 0.998935,47.129585,0 0.998333,47.130547,0 0.997952,47.131733,0 0.997982,47.132100,0 0.998452,47.132538,0 0.999243,47.134354,0 0.999531,47.136910,0 1.000621,47.140340,0 1.004081,47.139507,0 1.007246,47.139633,0 1.008716,47.140278,0 1.009139,47.140755,0 1.009750,47.141052,0 1.012555,47.141724,0 1.013863,47.141510,0 1.013916,47.141975,0 1.014229,47.142246,0 1.016429,47.143032,0 1.020775,47.145520,0 1.020836,47.145720,0 1.020431,47.145970,0 1.020357,47.146347,0 1.021049,47.149296,0 1.023406,47.153854,0 1.025449,47.156020,0 1.027370,47.159317,0 1.028736,47.161125,0 1.029262,47.162262,0 1.029506,47.163330,0 1.028441,47.171320,0 1.028645,47.171856,0 1.028173,47.172450,0 1.025221,47.181664,0 1.023921,47.188840,0 1.024085,47.190056,0 1.025460,47.194286,0 1.025521,47.196632,0 1.025058,47.197643,0 1.022968,47.199820,0 1.022626,47.200546,0 1.022389,47.201824,0 1.022518,47.202328,0 1.022954,47.202800,0 1.025457,47.203560,0 1.026325,47.204500,0 1.027363,47.205210,0 1.026899,47.205284,0 1.026605,47.205074,0 1.026759,47.204823,0 1.028013,47.205627,0 1.029315,47.207640,0 1.029324,47.209045,0 1.028231,47.211056,0 1.028147,47.212082,0 1.028671,47.213097,0 1.030576,47.215073,0 1.030928,47.215748,0 1.031094,47.216682,0 1.029755,47.221798,0 1.029933,47.225270,0 1.029520,47.226517,0 1.028669,47.227737,0 1.024851,47.231010,0 1.023856,47.232100,0 1.023117,47.233307,0 1.022299,47.235226,0 1.021084,47.236855,0 1.009889,47.246940,0 1.007694,47.249332,0 1.001685,47.252810,0 0.999810,47.254307,0 0.995654,47.260080,0 0.992714,47.262450,0 0.991221,47.264866,0 0.989122,47.266827,0 0.987871,47.269090,0 0.987853,47.270897,0 0.988878,47.275010,0 0.988870,47.277317,0 0.989340,47.280040,0 0.988982,47.282608,0 0.989025,47.284485,0 0.989675,47.285465,0 0.989493,47.286186,0 0.989743,47.286583,0 0.990329,47.288883,0 0.990163,47.291096,0 0.990442,47.293793,0 0.990024,47.298040,0 0.990300,47.298985,0 0.991152,47.300540,0 0.991862,47.302666,0 0.992803,47.304417,0 0.993013,47.305430,0 0.992769,47.307470,0 0.992318,47.308723,0 0.991501,47.310013,0 0.989870,47.311840,0 0.989026,47.313260,0 0.988664,47.314610,0 0.988613,47.316086,0 0.990604,47.321495,0 0.991717,47.322887,0 0.993089,47.323864,0 0.993157,47.324497,0 0.992174,47.325886,0 0.992301,47.326710,0 0.992130,47.327410,0 0.990589,47.327435,0 0.991026,47.328650,0 0.991152,47.330030,0 0.990410,47.330270,0 0.991252,47.330193,0 0.991845,47.331985,0 0.990518,47.335667,0 0.990024,47.337654,0 0.989821,47.351997,0 0.988871,47.354855,0 0.988483,47.355244,0 0.988489,47.355865,0 0.987911,47.357720,0 0.981778,47.376040,0 0.978890,47.388756,0 0.979114,47.390255,0 0.980250,47.391872,0 0.980028,47.392044,0 0.979632,47.391792,0 0.979329,47.391926,0 0.979623,47.392193,0 0.979910,47.391766,0 0.980250,47.391872,0 0.979609,47.392334,0 0.979388,47.392790,0 0.979723,47.397636,0 0.981457,47.397846,0 0.981426,47.398890,0 0.982541,47.398987,0 0.982442,47.399525,0 0.981594,47.399467,0</coordinates>
          </LineString>
        </MultiGeometry>
      </Placemark>
      <Placemark>
        <name>M — Saint-Christophe-sur-le-Nais - Tours — Ligne forte</name>
        <description>Groupe horaire : Ligne forte
Ligne régionale Rémi M. Tracé issu des shapes GTFS officiels fournis.</description>
        <styleUrl>#route_REMI37_Line_152</styleUrl>
        <MultiGeometry>
          <LineString>
            <tessellate>1</tessellate>
            <coordinates>0.692325,47.390470,0 0.692025,47.390540,0 0.699245,47.391525,0 0.701245,47.392520,0 0.700065,47.393997,0 0.699460,47.397644,0 0.702774,47.404330,0 0.703518,47.409310,0 0.703052,47.413353,0 0.703506,47.415825,0 0.704535,47.418633,0 0.704766,47.418835,0 0.704696,47.420000,0 0.704044,47.420937,0 0.704384,47.421688,0 0.705966,47.422430,0 0.705370,47.423424,0 0.705356,47.425007,0 0.705153,47.425550,0 0.705255,47.425770,0 0.705059,47.425850,0 0.704917,47.426483,0 0.704855,47.428070,0 0.703068,47.428387,0 0.702151,47.428234,0 0.696636,47.428314,0 0.693212,47.428734,0 0.690343,47.428463,0 0.690715,47.430710,0 0.690490,47.431416,0 0.690194,47.431503,0 0.687404,47.430523,0 0.686932,47.430557,0 0.685956,47.432632,0 0.684990,47.435654,0 0.683783,47.436730,0 0.678682,47.435604,0 0.678394,47.435387,0 0.677706,47.434067,0 0.674373,47.433850,0 0.673820,47.432922,0 0.673009,47.430817,0 0.672588,47.430630,0 0.667674,47.431140,0 0.666890,47.432133,0 0.666734,47.432606,0 0.666454,47.432663,0 0.666355,47.432476,0 0.666968,47.431843,0 0.667391,47.431026,0 0.665227,47.430450,0 0.662198,47.428710,0 0.660706,47.428432,0 0.660102,47.428528,0 0.659754,47.428207,0 0.656819,47.426884,0 0.655507,47.426476,0 0.654750,47.426525,0 0.653003,47.427307,0 0.650882,47.428917,0 0.650496,47.429474,0 0.649683,47.429295,0 0.646322,47.429317,0 0.643876,47.429350,0 0.643396,47.429543,0 0.642149,47.431774,0 0.641297,47.433770,0 0.641213,47.434483,0 0.641591,47.437200,0 0.641271,47.438324,0 0.640152,47.439514,0 0.638607,47.440250,0 0.638106,47.440765,0 0.629855,47.450775,0 0.618787,47.468624,0 0.615358,47.473495,0 0.609013,47.469670,0 0.609855,47.469032,0 0.611122,47.468730,0 0.612168,47.469303,0 0.615120,47.469200,0 0.617941,47.469887,0 0.614655,47.474490,0 0.608057,47.488304,0 0.614929,47.490578,0 0.618281,47.490982,0 0.624075,47.493935,0 0.626976,47.493580,0 0.628738,47.493015,0 0.631737,47.492683,0 0.632323,47.492718,0 0.633693,47.493280,0 0.633633,47.493940,0 0.633123,47.494510,0 0.632484,47.494790,0 0.632378,47.495480,0 0.631188,47.496100,0 0.631275,47.496807,0 0.631022,47.497734,0 0.629954,47.499150,0 0.629779,47.500220,0 0.626986,47.503597,0 0.625759,47.506540,0 0.620766,47.504158,0 0.616717,47.503204,0 0.614315,47.503254,0 0.611774,47.502865,0 0.606698,47.503227,0 0.598743,47.501095,0 0.590775,47.499880,0 0.583597,47.500336,0 0.583836,47.501312,0 0.584577,47.502250,0 0.589600,47.507360,0 0.589826,47.507977,0 0.589782,47.510580,0 0.590414,47.512753,0 0.583461,47.520250,0 0.569607,47.528156,0 0.567176,47.529785,0 0.557158,47.539467,0 0.552857,47.544510,0 0.551193,47.547874,0 0.548695,47.553967,0 0.548859,47.556465,0 0.549851,47.563046,0 0.549764,47.563720,0 0.537924,47.588670,0 0.526342,47.597030,0 0.509202,47.594930,0 0.505921,47.595200,0 0.505437,47.595078,0 0.504167,47.594230,0 0.502751,47.594204,0 0.500962,47.593815,0 0.499228,47.593075,0 0.498540,47.593120,0 0.497887,47.594433,0 0.496216,47.595936,0 0.494601,47.596474,0 0.492068,47.596810,0 0.490290,47.597920,0 0.488236,47.598650,0 0.487120,47.599550,0 0.485944,47.601074,0 0.485570,47.601980,0 0.485594,47.602917,0 0.484012,47.602860,0 0.482622,47.603200,0 0.478589,47.602684,0 0.476624,47.603188,0 0.473732,47.604366,0 0.473513,47.604584,0 0.473195,47.612576,0 0.473637,47.613575,0 0.473604,47.614555,0 0.474788,47.615140,0 0.475248,47.615795,0 0.469323,47.616580,0</coordinates>
          </LineString>
          <LineString>
            <tessellate>1</tessellate>
            <coordinates>0.469323,47.616580,0 0.475248,47.615795,0 0.474788,47.615140,0 0.473604,47.614555,0 0.473637,47.613575,0 0.473195,47.612576,0 0.473528,47.605015,0 0.473334,47.604313,0 0.474041,47.604294,0 0.476624,47.603188,0 0.478706,47.602670,0 0.482622,47.603200,0 0.484012,47.602860,0 0.485594,47.602917,0 0.485570,47.601980,0 0.485944,47.601074,0 0.487120,47.599550,0 0.488236,47.598650,0 0.490290,47.597920,0 0.492068,47.596810,0 0.494601,47.596474,0 0.496216,47.595936,0 0.497887,47.594433,0 0.498540,47.593120,0 0.499228,47.593075,0 0.500962,47.593815,0 0.502751,47.594204,0 0.504167,47.594230,0 0.505437,47.595078,0 0.505921,47.595200,0 0.509202,47.594930,0 0.526342,47.597030,0 0.537924,47.588670,0 0.549764,47.563720,0 0.549851,47.563046,0 0.548859,47.556465,0 0.548695,47.553967,0 0.552716,47.544548,0 0.557158,47.539467,0 0.567176,47.529785,0 0.569607,47.528156,0 0.583710,47.520046,0 0.599664,47.502716,0 0.601558,47.500435,0 0.603576,47.497566,0 0.614655,47.474490,0 0.618787,47.468624,0 0.629855,47.450775,0 0.638524,47.440130,0 0.640068,47.439438,0 0.641135,47.438362,0 0.641481,47.437016,0 0.641132,47.434520,0 0.641232,47.433640,0 0.643066,47.429817,0 0.643103,47.429153,0 0.649935,47.429222,0 0.650712,47.428944,0 0.652893,47.427280,0 0.655141,47.426098,0 0.656536,47.426666,0 0.657474,47.426790,0 0.657952,47.427270,0 0.659691,47.428060,0 0.662695,47.428783,0 0.665190,47.430305,0 0.666981,47.430850,0 0.668981,47.430935,0 0.672837,47.430320,0 0.673842,47.430504,0 0.678281,47.429970,0 0.678797,47.429676,0 0.679344,47.429920,0 0.687002,47.430202,0 0.689725,47.431267,0 0.690403,47.431230,0 0.691023,47.431736,0 0.693143,47.432392,0 0.696957,47.432080,0 0.697352,47.431770,0 0.696599,47.427788,0 0.697375,47.423958,0 0.698243,47.423620,0 0.697345,47.424053,0 0.698727,47.423140,0 0.703328,47.421060,0 0.704129,47.420498,0 0.704511,47.419840,0 0.704476,47.419083,0 0.704283,47.418884,0 0.704330,47.418610,0 0.703314,47.415604,0 0.702883,47.413128,0 0.703313,47.409980,0 0.703321,47.407883,0 0.702734,47.404167,0 0.699327,47.397663,0 0.700377,47.392410,0 0.699130,47.391790,0 0.693566,47.391010,0 0.693570,47.390720,0 0.694070,47.390266,0 0.693312,47.389893,0 0.692325,47.390470,0</coordinates>
          </LineString>
          <LineString>
            <tessellate>1</tessellate>
            <coordinates>0.547823,47.546810,0 0.551287,47.547672,0 0.552716,47.544548,0 0.556172,47.540497,0 0.567176,47.529785,0 0.569607,47.528156,0 0.583710,47.520046,0 0.600630,47.501595,0 0.606887,47.503250,0 0.611774,47.502865,0 0.614315,47.503254,0 0.617498,47.503330,0 0.620766,47.504158,0 0.625759,47.506540,0 0.626986,47.503597,0 0.628265,47.502180,0 0.629607,47.500263,0 0.629954,47.499150,0 0.631022,47.497734,0 0.631275,47.496807,0 0.631188,47.496100,0 0.632378,47.495480,0 0.633616,47.495180,0 0.635120,47.493340,0 0.638020,47.493202,0 0.639466,47.492535,0 0.642095,47.490370,0 0.646998,47.488870,0 0.657962,47.484005,0 0.658727,47.483868,0 0.660518,47.484104,0 0.662448,47.483910,0 0.663855,47.480670,0 0.662999,47.475716,0 0.663090,47.474950,0 0.663760,47.474045,0 0.665644,47.472855,0 0.666180,47.472237,0 0.667757,47.469658,0 0.669044,47.466410,0 0.670275,47.464073,0 0.672676,47.460358,0 0.672639,47.459350,0 0.673292,47.455425,0 0.675070,47.450768,0 0.675373,47.449520,0 0.675812,47.441074,0 0.675145,47.438187,0 0.674954,47.435314,0 0.673079,47.430958,0 0.672608,47.430550,0 0.672824,47.430054,0 0.672514,47.425182,0 0.672709,47.423763,0 0.675478,47.424118,0 0.675915,47.422306,0 0.679189,47.422684,0 0.678412,47.423360,0 0.677112,47.425350,0 0.679529,47.425632,0 0.679020,47.429450,0 0.679123,47.429832,0 0.687161,47.430305,0 0.685956,47.432632,0 0.684990,47.435654,0 0.683783,47.436730,0 0.683740,47.437443,0 0.683783,47.436730,0 0.684678,47.436054,0 0.685166,47.435250,0 0.685956,47.432632,0 0.686931,47.430656,0 0.686656,47.430313,0 0.687002,47.430202,0 0.689725,47.431267,0 0.690332,47.431210,0 0.690630,47.430710,0 0.690343,47.428463,0 0.693212,47.428734,0 0.696636,47.428314,0 0.702151,47.428234,0 0.703068,47.428387,0 0.704855,47.428070,0 0.705059,47.425850,0 0.704937,47.425720,0 0.705145,47.425636,0 0.705356,47.425007,0 0.705370,47.423424,0 0.705966,47.422430,0 0.704551,47.421814,0 0.704057,47.421160,0 0.703463,47.420980,0 0.704289,47.420310,0 0.704536,47.419510,0 0.703370,47.415825,0 0.702883,47.413128,0 0.703313,47.409980,0 0.703321,47.407883,0 0.702774,47.404330,0 0.699325,47.397648,0 0.700377,47.392410,0 0.699130,47.391790,0 0.693566,47.391010,0 0.693570,47.390720,0 0.694070,47.390266,0 0.693312,47.389893,0 0.692325,47.390470,0</coordinates>
          </LineString>
          <LineString>
            <tessellate>1</tessellate>
            <coordinates>0.692325,47.390470,0 0.692025,47.390540,0 0.699245,47.391525,0 0.701245,47.392520,0 0.700065,47.393997,0 0.699460,47.397644,0 0.702774,47.404330,0 0.703518,47.409310,0 0.703052,47.413353,0 0.703506,47.415825,0 0.704535,47.418633,0 0.704766,47.418835,0 0.704696,47.420000,0 0.704044,47.420937,0 0.704384,47.421688,0 0.705966,47.422430,0 0.705370,47.423424,0 0.705356,47.425007,0 0.705153,47.425550,0 0.705255,47.425770,0 0.705059,47.425850,0 0.704917,47.426483,0 0.704855,47.428070,0 0.703068,47.428387,0 0.702151,47.428234,0 0.696636,47.428314,0 0.693212,47.428734,0 0.690343,47.428463,0 0.690715,47.430710,0 0.690490,47.431416,0 0.690194,47.431503,0 0.687404,47.430523,0 0.686932,47.430557,0 0.685956,47.432632,0 0.684990,47.435654,0 0.683783,47.436730,0 0.678682,47.435604,0 0.678394,47.435387,0 0.677706,47.434067,0 0.674373,47.433850,0 0.673820,47.432922,0 0.673009,47.430817,0 0.672588,47.430630,0 0.667674,47.431140,0 0.666890,47.432133,0 0.666734,47.432606,0 0.666454,47.432663,0 0.666355,47.432476,0 0.666968,47.431843,0 0.667391,47.431026,0 0.665227,47.430450,0 0.662198,47.428710,0 0.660706,47.428432,0 0.660102,47.428528,0 0.659754,47.428207,0 0.656819,47.426884,0 0.655507,47.426476,0 0.654750,47.426525,0 0.653003,47.427307,0 0.650882,47.428917,0 0.650496,47.429474,0 0.649683,47.429295,0 0.646322,47.429317,0 0.643876,47.429350,0 0.643396,47.429543,0 0.642149,47.431774,0 0.641297,47.433770,0 0.641213,47.434483,0 0.641591,47.437200,0 0.641271,47.438324,0 0.640152,47.439514,0 0.638607,47.440250,0 0.638106,47.440765,0 0.629855,47.450775,0 0.618787,47.468624,0 0.615358,47.473495,0 0.609013,47.469670,0 0.609855,47.469032,0 0.611122,47.468730,0 0.612168,47.469303,0 0.615120,47.469200,0 0.617941,47.469887,0 0.614655,47.474490,0 0.608057,47.488304,0 0.614929,47.490578,0 0.618281,47.490982,0 0.624075,47.493935,0 0.626976,47.493580,0 0.628738,47.493015,0 0.631737,47.492683,0 0.632323,47.492718,0 0.633693,47.493280,0 0.633633,47.493940,0 0.633123,47.494510,0 0.632484,47.494790,0 0.632378,47.495480,0 0.631188,47.496100,0 0.631275,47.496807,0 0.631022,47.497734,0 0.629954,47.499150,0 0.629779,47.500220,0 0.626986,47.503597,0 0.625759,47.506540,0 0.620766,47.504158,0 0.616717,47.503204,0 0.614315,47.503254,0 0.611774,47.502865,0 0.606698,47.503227,0 0.598743,47.501095,0 0.590775,47.499880,0 0.583597,47.500336,0 0.581766,47.499725,0 0.580945,47.499120,0 0.578751,47.498363,0 0.576264,47.496746,0 0.575418,47.498130,0 0.578839,47.498400,0 0.581012,47.499150,0 0.581766,47.499725,0 0.583701,47.500237,0 0.583585,47.500420,0 0.583785,47.501210,0 0.584577,47.502250,0 0.589600,47.507360,0 0.589826,47.507977,0 0.589782,47.510580,0 0.590414,47.512753,0 0.583461,47.520250,0 0.569607,47.528156,0 0.567176,47.529785,0 0.557158,47.539467,0 0.552857,47.544510,0 0.551193,47.547874,0 0.548695,47.553967,0 0.548859,47.556465,0 0.549851,47.563046,0 0.549764,47.563720,0 0.537924,47.588670,0 0.526342,47.597030,0 0.509202,47.594930,0 0.505921,47.595200,0 0.505437,47.595078,0 0.504167,47.594230,0 0.502751,47.594204,0 0.500962,47.593815,0 0.499228,47.593075,0 0.498540,47.593120,0 0.497887,47.594433,0 0.496216,47.595936,0 0.494601,47.596474,0 0.492068,47.596810,0 0.490290,47.597920,0 0.488236,47.598650,0 0.487120,47.599550,0 0.485944,47.601074,0 0.485570,47.601980,0 0.485594,47.602917,0 0.484012,47.602860,0 0.482622,47.603200,0 0.478589,47.602684,0 0.476624,47.603188,0 0.473732,47.604366,0 0.473513,47.604584,0 0.473195,47.612576,0 0.473637,47.613575,0 0.473604,47.614555,0 0.474788,47.615140,0 0.475248,47.615795,0 0.469323,47.616580,0</coordinates>
          </LineString>
          <LineString>
            <tessellate>1</tessellate>
            <coordinates>0.469323,47.616580,0 0.475248,47.615795,0 0.474788,47.615140,0 0.473604,47.614555,0 0.473637,47.613575,0 0.473195,47.612576,0 0.473528,47.605015,0 0.473334,47.604313,0 0.474041,47.604294,0 0.476624,47.603188,0 0.478706,47.602670,0 0.482622,47.603200,0 0.484012,47.602860,0 0.485594,47.602917,0 0.485570,47.601980,0 0.485944,47.601074,0 0.487120,47.599550,0 0.488236,47.598650,0 0.490290,47.597920,0 0.492068,47.596810,0 0.494601,47.596474,0 0.496216,47.595936,0 0.497887,47.594433,0 0.498540,47.593120,0 0.499228,47.593075,0 0.500962,47.593815,0 0.502751,47.594204,0 0.504167,47.594230,0 0.505437,47.595078,0 0.505921,47.595200,0 0.509202,47.594930,0 0.526342,47.597030,0 0.537924,47.588670,0 0.549764,47.563720,0 0.549851,47.563046,0 0.548859,47.556465,0 0.548695,47.553967,0 0.552716,47.544548,0 0.557158,47.539467,0 0.567176,47.529785,0 0.569607,47.528156,0 0.583461,47.520250,0 0.590414,47.512753,0 0.589782,47.510580,0 0.589826,47.507977,0 0.589600,47.507360,0 0.584577,47.502250,0 0.583836,47.501312,0 0.583545,47.500214,0 0.590775,47.499880,0 0.598743,47.501095,0 0.606698,47.503227,0 0.611774,47.502865,0 0.614315,47.503254,0 0.616717,47.503204,0 0.620766,47.504158,0 0.625759,47.506540,0 0.626986,47.503597,0 0.628265,47.502180,0 0.629607,47.500263,0 0.629954,47.499150,0 0.631022,47.497734,0 0.631275,47.496807,0 0.631188,47.496100,0 0.632378,47.495480,0 0.633616,47.495180,0 0.635120,47.493340,0 0.638020,47.493202,0 0.639466,47.492535,0 0.642095,47.490370,0 0.646998,47.488870,0 0.657962,47.484005,0 0.658727,47.483868,0 0.660518,47.484104,0 0.662448,47.483910,0 0.663855,47.480670,0 0.662999,47.475716,0 0.663090,47.474950,0 0.663760,47.474045,0 0.665644,47.472855,0 0.666180,47.472237,0 0.667757,47.469658,0 0.669044,47.466410,0 0.670275,47.464073,0 0.672676,47.460358,0 0.672639,47.459350,0 0.673292,47.455425,0 0.675070,47.450768,0 0.675373,47.449520,0 0.675812,47.441074,0 0.675145,47.438187,0 0.674954,47.435314,0 0.673079,47.430958,0 0.672608,47.430550,0 0.672824,47.430054,0 0.672514,47.425182,0 0.672709,47.423763,0 0.675478,47.424118,0 0.675915,47.422306,0 0.679189,47.422684,0 0.678412,47.423360,0 0.677112,47.425350,0 0.679529,47.425632,0 0.679020,47.429450,0 0.679123,47.429832,0 0.687161,47.430305,0 0.685956,47.432632,0 0.684990,47.435654,0 0.683783,47.436730,0 0.683740,47.437443,0 0.683783,47.436730,0 0.684678,47.436054,0 0.685166,47.435250,0 0.685956,47.432632,0 0.686931,47.430656,0 0.686656,47.430313,0 0.687002,47.430202,0 0.689725,47.431267,0 0.690332,47.431210,0 0.690630,47.430710,0 0.690343,47.428463,0 0.693212,47.428734,0 0.696636,47.428314,0 0.702151,47.428234,0 0.703068,47.428387,0 0.704855,47.428070,0 0.705059,47.425850,0 0.704937,47.425720,0 0.705145,47.425636,0 0.705356,47.425007,0 0.705370,47.423424,0 0.705966,47.422430,0 0.704551,47.421814,0 0.704057,47.421160,0 0.703463,47.420980,0 0.704289,47.420310,0 0.704536,47.419510,0 0.703370,47.415825,0 0.702883,47.413128,0 0.703313,47.409980,0 0.703321,47.407883,0 0.702774,47.404330,0 0.699325,47.397648,0 0.700377,47.392410,0 0.699130,47.391790,0 0.693566,47.391010,0 0.693570,47.390720,0 0.694070,47.390266,0 0.693312,47.389893,0 0.692325,47.390470,0</coordinates>
          </LineString>
          <LineString>
            <tessellate>1</tessellate>
            <coordinates>0.675873,47.422478,0 0.676498,47.419890,0 0.677461,47.420006,0 0.679296,47.419846,0 0.680850,47.420036,0 0.681388,47.418884,0 0.683424,47.418697,0 0.683781,47.418472,0 0.686110,47.418670,0 0.691869,47.418648,0 0.692432,47.418465,0 0.692725,47.418648,0 0.697394,47.418865,0 0.704283,47.418884,0 0.704577,47.418700,0 0.704766,47.418835,0 0.704759,47.419647,0 0.704588,47.420265,0 0.704040,47.420864,0 0.704157,47.421320,0 0.704551,47.421814,0 0.705966,47.422430,0 0.705370,47.423424,0 0.705356,47.425007,0 0.705153,47.425550,0 0.705255,47.425770,0 0.705059,47.425850,0 0.704917,47.426483,0 0.704855,47.428070,0 0.703068,47.428387,0 0.702151,47.428234,0 0.696636,47.428314,0 0.693212,47.428734,0 0.690343,47.428463,0 0.690715,47.430710,0 0.690490,47.431416,0 0.690194,47.431503,0 0.687404,47.430523,0 0.686932,47.430557,0 0.685956,47.432632,0 0.684990,47.435654,0 0.683783,47.436730,0 0.678682,47.435604,0 0.678394,47.435387,0 0.677706,47.434067,0 0.674373,47.433850,0 0.673820,47.432922,0 0.673009,47.430817,0 0.672588,47.430630,0 0.667674,47.431140,0 0.666890,47.432133,0 0.666734,47.432606,0 0.666454,47.432663,0 0.666355,47.432476,0 0.666968,47.431843,0 0.667391,47.431026,0 0.665227,47.430450,0 0.662198,47.428710,0 0.660706,47.428432,0 0.660102,47.428528,0 0.659754,47.428207,0 0.656819,47.426884,0 0.655507,47.426476,0 0.654750,47.426525,0 0.653003,47.427307,0 0.650882,47.428917,0 0.650496,47.429474,0 0.649683,47.429295,0 0.646322,47.429317,0 0.643876,47.429350,0 0.643396,47.429543,0 0.642149,47.431774,0 0.641297,47.433770,0 0.641213,47.434483,0 0.641591,47.437200,0 0.641271,47.438324,0 0.640152,47.439514,0 0.638607,47.440250,0 0.638106,47.440765,0 0.629855,47.450775,0 0.618787,47.468624,0 0.615358,47.473495,0 0.609013,47.469670,0 0.609855,47.469032,0 0.611122,47.468730,0 0.612168,47.469303,0 0.615120,47.469200,0 0.617941,47.469887,0 0.614655,47.474490,0 0.612122,47.480040,0 0.603324,47.498062,0 0.600630,47.501595,0 0.598743,47.501095,0 0.590775,47.499880,0 0.583597,47.500336,0 0.581766,47.499725,0 0.580945,47.499120,0 0.578751,47.498363,0 0.576264,47.496746,0 0.575418,47.498130,0 0.578839,47.498400,0 0.581012,47.499150,0 0.581766,47.499725,0 0.583701,47.500237,0 0.583585,47.500420,0 0.583785,47.501210,0 0.584577,47.502250,0 0.589600,47.507360,0 0.589826,47.507977,0 0.589782,47.510580,0 0.590414,47.512753,0 0.583600,47.520140,0 0.567671,47.529415,0 0.557158,47.539467,0 0.553817,47.543310,0 0.552910,47.544624,0 0.552463,47.544600,0 0.547882,47.546040,0 0.547159,47.546660,0 0.547823,47.546810,0</coordinates>
          </LineString>
          <LineString>
            <tessellate>1</tessellate>
            <coordinates>0.469323,47.616580,0 0.475248,47.615795,0 0.474788,47.615140,0 0.473604,47.614555,0 0.473637,47.613575,0 0.473195,47.612576,0 0.473528,47.605015,0 0.473334,47.604313,0 0.474041,47.604294,0 0.476624,47.603188,0 0.478706,47.602670,0 0.482622,47.603200,0 0.484012,47.602860,0 0.485594,47.602917,0 0.485570,47.601980,0 0.485944,47.601074,0 0.487120,47.599550,0 0.488236,47.598650,0 0.490290,47.597920,0 0.492068,47.596810,0 0.494601,47.596474,0 0.496216,47.595936,0 0.497887,47.594433,0 0.498540,47.593120,0 0.499228,47.593075,0 0.500962,47.593815,0 0.502751,47.594204,0 0.504167,47.594230,0 0.505437,47.595078,0 0.505921,47.595200,0 0.509202,47.594930,0 0.526342,47.597030,0 0.537616,47.588940,0 0.538188,47.588352,0 0.549764,47.563720,0 0.549851,47.563046,0 0.548859,47.556465,0 0.548695,47.553967,0 0.552716,47.544548,0 0.557158,47.539467,0 0.567176,47.529785,0 0.569607,47.528156,0 0.583710,47.520046,0 0.600630,47.501595,0 0.606887,47.503250,0 0.611774,47.502865,0 0.614315,47.503254,0 0.617498,47.503330,0 0.620766,47.504158,0 0.625759,47.506540,0 0.626986,47.503597,0 0.628265,47.502180,0 0.629607,47.500263,0 0.629954,47.499150,0 0.631022,47.497734,0 0.631275,47.496807,0 0.631188,47.496100,0 0.632378,47.495480,0 0.633616,47.495180,0 0.635120,47.493340,0 0.638020,47.493202,0 0.639466,47.492535,0 0.642095,47.490370,0 0.646998,47.488870,0 0.657962,47.484005,0 0.658727,47.483868,0 0.660518,47.484104,0 0.662448,47.483910,0 0.663855,47.480670,0 0.662999,47.475716,0 0.663090,47.474950,0 0.663760,47.474045,0 0.665644,47.472855,0 0.666180,47.472237,0 0.667757,47.469658,0 0.669044,47.466410,0 0.670275,47.464073,0 0.672676,47.460358,0 0.672639,47.459350,0 0.673292,47.455425,0 0.675070,47.450768,0 0.675521,47.448334,0 0.675586,47.443672,0 0.675835,47.441380,0 0.675145,47.438187,0 0.675038,47.435660,0 0.673009,47.430817,0 0.672398,47.430610,0 0.667828,47.431090,0 0.667364,47.431442,0 0.666734,47.432606,0 0.666454,47.432663,0 0.666355,47.432476,0 0.666968,47.431843,0 0.667547,47.430794,0 0.668981,47.430935,0 0.672837,47.430320,0 0.673842,47.430504,0 0.678281,47.429970,0 0.678797,47.429676,0 0.679344,47.429920,0 0.687002,47.430202,0 0.689725,47.431267,0 0.690403,47.431230,0 0.691023,47.431736,0 0.693143,47.432392,0 0.696957,47.432080,0 0.697352,47.431770,0 0.696599,47.427788,0 0.697375,47.423958,0 0.698243,47.423620,0 0.697345,47.424053,0 0.698727,47.423140,0 0.703463,47.420980,0 0.704218,47.420403,0 0.704533,47.419674,0 0.703314,47.415604,0 0.702883,47.413128,0 0.703313,47.409980,0 0.703321,47.407883,0 0.702774,47.404330,0 0.699327,47.397663,0 0.700377,47.392410,0 0.699130,47.391790,0 0.679240,47.389008,0 0.677080,47.392143,0 0.674704,47.391514,0 0.673373,47.394010,0 0.669002,47.392240,0 0.668014,47.392075,0 0.667247,47.394220,0 0.661584,47.393448,0 0.657051,47.391888,0 0.653290,47.391230,0 0.649743,47.390180,0 0.647602,47.389782,0 0.646812,47.389214,0 0.646698,47.388535,0 0.647225,47.387737,0 0.648182,47.387253,0 0.649653,47.387432,0 0.648914,47.388798,0 0.647015,47.394386,0 0.647108,47.395350,0 0.648074,47.397923,0 0.648167,47.399754,0 0.648367,47.400124,0 0.648125,47.400185,0 0.647773,47.399940,0 0.646433,47.399616,0 0.646909,47.398560,0 0.646682,47.398310,0 0.646628,47.398533,0 0.646598,47.398197,0 0.646267,47.398040,0 0.645673,47.398033,0 0.644854,47.399290,0 0.644346,47.399605,0 0.643690,47.399640,0 0.642131,47.399036,0 0.641414,47.398956,0 0.639160,47.400387,0 0.638443,47.400600,0 0.637254,47.400562,0 0.635193,47.399803,0</coordinates>
          </LineString>
          <LineString>
            <tessellate>1</tessellate>
            <coordinates>0.547823,47.546810,0 0.551287,47.547672,0 0.552716,47.544548,0 0.556172,47.540497,0 0.566831,47.530080,0 0.569607,47.528156,0 0.583461,47.520250,0 0.590414,47.512753,0 0.589782,47.510580,0 0.589826,47.507977,0 0.589600,47.507360,0 0.584577,47.502250,0 0.583836,47.501312,0 0.583597,47.500336,0 0.581766,47.499725,0 0.580945,47.499120,0 0.578751,47.498363,0 0.576264,47.496746,0 0.575418,47.498130,0 0.578839,47.498400,0 0.581012,47.499150,0 0.581766,47.499725,0 0.583511,47.500250,0 0.590775,47.499880,0 0.598743,47.501095,0 0.600630,47.501595,0 0.603324,47.498062,0 0.614655,47.474490,0 0.615358,47.473495,0 0.609013,47.469670,0 0.609855,47.469032,0 0.611122,47.468730,0 0.612168,47.469303,0 0.615120,47.469200,0 0.617941,47.469887,0 0.629855,47.450775,0 0.638524,47.440130,0 0.640068,47.439438,0 0.641135,47.438362,0 0.641481,47.437016,0 0.641132,47.434520,0 0.641232,47.433640,0 0.643066,47.429817,0 0.643103,47.429153,0 0.649935,47.429222,0 0.650712,47.428944,0 0.652893,47.427280,0 0.655141,47.426098,0 0.656536,47.426666,0 0.657474,47.426790,0 0.657952,47.427270,0 0.659691,47.428060,0 0.662695,47.428783,0 0.665523,47.430450,0 0.666981,47.430850,0 0.667857,47.430855,0 0.667874,47.431050,0 0.667511,47.431250,0 0.666734,47.432606,0 0.666528,47.432680,0 0.666355,47.432476,0 0.666968,47.431843,0 0.667547,47.430794,0 0.668981,47.430935,0 0.672837,47.430320,0 0.673842,47.430504,0 0.678281,47.429970,0 0.678797,47.429676,0 0.679344,47.429920,0 0.687002,47.430202,0 0.689725,47.431267,0 0.690403,47.431230,0 0.691023,47.431736,0 0.693143,47.432392,0 0.696957,47.432080,0 0.697384,47.431664,0 0.696636,47.428314,0 0.696611,47.427486,0 0.697375,47.423958,0 0.698243,47.423620,0 0.697345,47.424053,0 0.698727,47.423140,0 0.703328,47.421060,0 0.704065,47.420560,0 0.704479,47.419960,0 0.704476,47.419083,0 0.703370,47.415825,0 0.702883,47.413128,0 0.703313,47.409980,0 0.703321,47.407883,0 0.702774,47.404330,0 0.699327,47.397663,0 0.700377,47.392410,0 0.699130,47.391790,0 0.679240,47.389008,0 0.677080,47.392143,0 0.674704,47.391514,0 0.673373,47.394010,0 0.669002,47.392240,0 0.668014,47.392075,0 0.667247,47.394220,0 0.661584,47.393448,0 0.657051,47.391888,0 0.653290,47.391230,0 0.649743,47.390180,0 0.647602,47.389782,0 0.646812,47.389214,0 0.646698,47.388535,0 0.647225,47.387737,0 0.648182,47.387253,0 0.649653,47.387432,0 0.648914,47.388798,0 0.647015,47.394386,0 0.647108,47.395350,0 0.648074,47.397923,0 0.648167,47.399754,0 0.648367,47.400124,0 0.648125,47.400185,0 0.647773,47.399940,0 0.646433,47.399616,0 0.646909,47.398560,0 0.646682,47.398310,0 0.646628,47.398533,0 0.646598,47.398197,0 0.646267,47.398040,0 0.645673,47.398033,0 0.644854,47.399290,0 0.644346,47.399605,0 0.643690,47.399640,0 0.642131,47.399036,0 0.641414,47.398956,0 0.639160,47.400387,0 0.638443,47.400600,0 0.637254,47.400562,0 0.635193,47.399803,0</coordinates>
          </LineString>
          <LineString>
            <tessellate>1</tessellate>
            <coordinates>0.577244,47.497390,0 0.578751,47.498363,0 0.581012,47.499150,0 0.581766,47.499725,0 0.583511,47.500250,0 0.590775,47.499880,0 0.598743,47.501095,0 0.600630,47.501595,0 0.603324,47.498062,0 0.614655,47.474490,0 0.615358,47.473495,0 0.609013,47.469670,0 0.609855,47.469032,0 0.611122,47.468730,0 0.612168,47.469303,0 0.615120,47.469200,0 0.617941,47.469887,0 0.629855,47.450775,0 0.638524,47.440130,0 0.640068,47.439438,0 0.641135,47.438362,0 0.641481,47.437016,0 0.641132,47.434520,0 0.641232,47.433640,0 0.643066,47.429817,0 0.643151,47.429115,0 0.644284,47.429268,0 0.649935,47.429222,0 0.650712,47.428944,0 0.652893,47.427280,0 0.655141,47.426098,0 0.656536,47.426666,0 0.657474,47.426790,0 0.657952,47.427270,0 0.659691,47.428060,0 0.662695,47.428783,0 0.665523,47.430450,0 0.666981,47.430850,0 0.667857,47.430855,0 0.667874,47.431050,0 0.667511,47.431250,0 0.666600,47.432674,0 0.666355,47.432476,0 0.667404,47.431220,0 0.667493,47.430813,0 0.668981,47.430935,0 0.672448,47.430496,0 0.672717,47.430330,0 0.672825,47.429955,0 0.672571,47.427944,0 0.672514,47.425182,0 0.672709,47.423763,0 0.675478,47.424118,0 0.675915,47.422306,0 0.679189,47.422684,0 0.678412,47.423360,0 0.677112,47.425350,0 0.679529,47.425632,0 0.679020,47.429450,0 0.679123,47.429832,0 0.684483,47.430200,0 0.686917,47.430190,0 0.687179,47.430350,0 0.685956,47.432632,0 0.684990,47.435654,0 0.683783,47.436730,0 0.683740,47.437443,0 0.683783,47.436730,0 0.684678,47.436054,0 0.685166,47.435250,0 0.685956,47.432632,0 0.686931,47.430656,0 0.686656,47.430313,0 0.687002,47.430202,0 0.689725,47.431267,0 0.690332,47.431210,0 0.690630,47.430710,0 0.690343,47.428463,0 0.693212,47.428734,0 0.696636,47.428314,0 0.702151,47.428234,0 0.703068,47.428387,0 0.704855,47.428070,0 0.705059,47.425850,0 0.704937,47.425720,0 0.705145,47.425636,0 0.705356,47.425007,0 0.705370,47.423424,0 0.705966,47.422430,0 0.704551,47.421814,0 0.704057,47.421160,0 0.703463,47.420980,0 0.704289,47.420310,0 0.704536,47.419510,0 0.703370,47.415825,0 0.702883,47.413128,0 0.703313,47.409980,0 0.703321,47.407883,0 0.702774,47.404330,0 0.699325,47.397648,0 0.700377,47.392410,0 0.699130,47.391790,0 0.693566,47.391010,0 0.693570,47.390720,0 0.694070,47.390266,0 0.693312,47.389893,0 0.692325,47.390470,0</coordinates>
          </LineString>
          <LineString>
            <tessellate>1</tessellate>
            <coordinates>0.692325,47.390470,0 0.692025,47.390540,0 0.699245,47.391525,0 0.701245,47.392520,0 0.700065,47.393997,0 0.699460,47.397644,0 0.702774,47.404330,0 0.703518,47.409310,0 0.703052,47.413353,0 0.703506,47.415825,0 0.704535,47.418633,0 0.704766,47.418835,0 0.704696,47.420000,0 0.704285,47.420660,0 0.703721,47.421062,0 0.697375,47.423958,0 0.698243,47.423620,0 0.697445,47.424050,0 0.697168,47.425450,0 0.697432,47.425820,0 0.697009,47.426113,0 0.696679,47.427876,0 0.697526,47.431644,0 0.697784,47.431934,0 0.697606,47.432167,0 0.693042,47.432446,0 0.687404,47.430523,0 0.686932,47.430557,0 0.685956,47.432632,0 0.684990,47.435654,0 0.683783,47.436730,0 0.678682,47.435604,0 0.678394,47.435387,0 0.677706,47.434067,0 0.674373,47.433850,0 0.673246,47.431590,0 0.675014,47.435530,0 0.675145,47.438187,0 0.675812,47.441074,0 0.675586,47.443672,0 0.675521,47.448334,0 0.675281,47.450000,0 0.673292,47.455425,0 0.672639,47.459350,0 0.672746,47.460430,0 0.670275,47.464073,0 0.669044,47.466410,0 0.667757,47.469658,0 0.666180,47.472237,0 0.665644,47.472855,0 0.663760,47.474045,0 0.663090,47.474950,0 0.662999,47.475716,0 0.663855,47.480670,0 0.662448,47.483910,0 0.660518,47.484104,0 0.658727,47.483868,0 0.657962,47.484005,0 0.646998,47.488870,0 0.642095,47.490370,0 0.640167,47.491848,0 0.639638,47.492520,0 0.638020,47.493202,0 0.635120,47.493340,0 0.633616,47.495180,0 0.632378,47.495480,0 0.631188,47.496100,0 0.631275,47.496807,0 0.631022,47.497734,0 0.629954,47.499150,0 0.629779,47.500220,0 0.626986,47.503597,0 0.625759,47.506540,0 0.620766,47.504158,0 0.617498,47.503330,0 0.614315,47.503254,0 0.611774,47.502865,0 0.606887,47.503250,0 0.600630,47.501595,0 0.583710,47.520046,0 0.569607,47.528156,0 0.567176,47.529785,0 0.557158,47.539467,0 0.552857,47.544510,0 0.551193,47.547874,0 0.548695,47.553967,0 0.548859,47.556465,0 0.549851,47.563046,0 0.549764,47.563720,0 0.538188,47.588352,0 0.537616,47.588940,0 0.526342,47.597030,0 0.509202,47.594930,0 0.505921,47.595200,0 0.505437,47.595078,0 0.504167,47.594230,0 0.502751,47.594204,0 0.500962,47.593815,0 0.499228,47.593075,0 0.498540,47.593120,0 0.497887,47.594433,0 0.496216,47.595936,0 0.494601,47.596474,0 0.492068,47.596810,0 0.490290,47.597920,0 0.488236,47.598650,0 0.487120,47.599550,0 0.485944,47.601074,0 0.485570,47.601980,0 0.485594,47.602917,0 0.484012,47.602860,0 0.482622,47.603200,0 0.478589,47.602684,0 0.476624,47.603188,0 0.473732,47.604366,0 0.473513,47.604584,0 0.473195,47.612576,0 0.473637,47.613575,0 0.473604,47.614555,0 0.474788,47.615140,0 0.475248,47.615795,0 0.469323,47.616580,0</coordinates>
          </LineString>
          <LineString>
            <tessellate>1</tessellate>
            <coordinates>0.469323,47.616580,0 0.475248,47.615795,0 0.474788,47.615140,0 0.473604,47.614555,0 0.473637,47.613575,0 0.473195,47.612576,0 0.473528,47.605015,0 0.473334,47.604313,0 0.474041,47.604294,0 0.476624,47.603188,0 0.478706,47.602670,0 0.482622,47.603200,0 0.484012,47.602860,0 0.485594,47.602917,0 0.485570,47.601980,0 0.485944,47.601074,0 0.487120,47.599550,0 0.488236,47.598650,0 0.490290,47.597920,0 0.492068,47.596810,0 0.494601,47.596474,0 0.496216,47.595936,0 0.497887,47.594433,0 0.498540,47.593120,0 0.499228,47.593075,0 0.500962,47.593815,0 0.502751,47.594204,0 0.504167,47.594230,0 0.505437,47.595078,0 0.505921,47.595200,0 0.509202,47.594930,0 0.526342,47.597030,0 0.537924,47.588670,0 0.549764,47.563720,0 0.549851,47.563046,0 0.548859,47.556465,0 0.548695,47.553967,0 0.552716,47.544548,0 0.557158,47.539467,0 0.567176,47.529785,0 0.569607,47.528156,0 0.583461,47.520250,0 0.590414,47.512753,0 0.589782,47.510580,0 0.589826,47.507977,0 0.589600,47.507360,0 0.584577,47.502250,0 0.583836,47.501312,0 0.583545,47.500214,0 0.590775,47.499880,0 0.598743,47.501095,0 0.606698,47.503227,0 0.611774,47.502865,0 0.614315,47.503254,0 0.616717,47.503204,0 0.620766,47.504158,0 0.625759,47.506540,0 0.626986,47.503597,0 0.628265,47.502180,0 0.629607,47.500263,0 0.629954,47.499150,0 0.631022,47.497734,0 0.631275,47.496807,0 0.631188,47.496100,0 0.632378,47.495480,0 0.632484,47.494790,0 0.633123,47.494510,0 0.633633,47.493940,0 0.633693,47.493280,0 0.632323,47.492718,0 0.631737,47.492683,0 0.628738,47.493015,0 0.626976,47.493580,0 0.624075,47.493935,0 0.618281,47.490982,0 0.614929,47.490578,0 0.608057,47.488304,0 0.614655,47.474490,0 0.615358,47.473495,0 0.609013,47.469670,0 0.609855,47.469032,0 0.611122,47.468730,0 0.612168,47.469303,0 0.615120,47.469200,0 0.617941,47.469887,0 0.629855,47.450775,0 0.638524,47.440130,0 0.640068,47.439438,0 0.641135,47.438362,0 0.641481,47.437016,0 0.641132,47.434520,0 0.641232,47.433640,0 0.643066,47.429817,0 0.643037,47.429260,0 0.643208,47.429090,0 0.644284,47.429268,0 0.649935,47.429222,0 0.650712,47.428944,0 0.652893,47.427280,0 0.655141,47.426098,0 0.656536,47.426666,0 0.657474,47.426790,0 0.657952,47.427270,0 0.659691,47.428060,0 0.662695,47.428783,0 0.665523,47.430450,0 0.666981,47.430850,0 0.667857,47.430855,0 0.667874,47.431050,0 0.667511,47.431250,0 0.666734,47.432606,0 0.666528,47.432680,0 0.666355,47.432476,0 0.666968,47.431843,0 0.667547,47.430794,0 0.668981,47.430935,0 0.672837,47.430320,0 0.673842,47.430504,0 0.678281,47.429970,0 0.678797,47.429676,0 0.679344,47.429920,0 0.687002,47.430202,0 0.689725,47.431267,0 0.690403,47.431230,0 0.691023,47.431736,0 0.693143,47.432392,0 0.697147,47.431976,0 0.697384,47.431664,0 0.696599,47.427788,0 0.697375,47.423958,0 0.698243,47.423620,0 0.697345,47.424053,0 0.698727,47.423140,0 0.703328,47.421060,0 0.704129,47.420498,0 0.704511,47.419840,0 0.704476,47.419083,0 0.704283,47.418884,0 0.704330,47.418610,0 0.703314,47.415604,0 0.702883,47.413128,0 0.703313,47.409980,0 0.703321,47.407883,0 0.702734,47.404167,0 0.699327,47.397663,0 0.700377,47.392410,0 0.699130,47.391790,0 0.693566,47.391010,0 0.693570,47.390720,0 0.694070,47.390266,0 0.693312,47.389893,0 0.692325,47.390470,0</coordinates>
          </LineString>
          <LineString>
            <tessellate>1</tessellate>
            <coordinates>0.692325,47.390470,0 0.692025,47.390540,0 0.699245,47.391525,0 0.701245,47.392520,0 0.700065,47.393997,0 0.699460,47.397644,0 0.702734,47.404167,0 0.703452,47.408283,0 0.703497,47.409700,0 0.703052,47.413353,0 0.703506,47.415825,0 0.704535,47.418633,0 0.704766,47.418835,0 0.704696,47.420000,0 0.704285,47.420660,0 0.703721,47.421062,0 0.697375,47.423958,0 0.698243,47.423620,0 0.697445,47.424050,0 0.697168,47.425450,0 0.697432,47.425820,0 0.697009,47.426113,0 0.696679,47.427876,0 0.697721,47.432106,0 0.693272,47.432476,0 0.687250,47.430492,0 0.679096,47.429977,0 0.672926,47.430714,0 0.672340,47.430614,0 0.667828,47.431090,0 0.667511,47.431250,0 0.666734,47.432606,0 0.666528,47.432680,0 0.666355,47.432476,0 0.666968,47.431843,0 0.667391,47.431026,0 0.665227,47.430450,0 0.662198,47.428710,0 0.660706,47.428432,0 0.660102,47.428528,0 0.659754,47.428207,0 0.656819,47.426884,0 0.655355,47.426460,0 0.654750,47.426525,0 0.653003,47.427307,0 0.650882,47.428917,0 0.650496,47.429474,0 0.649683,47.429295,0 0.643782,47.429375,0 0.643204,47.429750,0 0.641341,47.433594,0 0.641213,47.434483,0 0.641591,47.437200,0 0.641271,47.438324,0 0.640152,47.439514,0 0.638607,47.440250,0 0.638106,47.440765,0 0.629855,47.450775,0 0.618787,47.468624,0 0.615358,47.473495,0 0.609013,47.469670,0 0.609855,47.469032,0 0.611122,47.468730,0 0.612168,47.469303,0 0.615120,47.469200,0 0.617941,47.469887,0 0.614655,47.474490,0 0.608057,47.488304,0 0.614929,47.490578,0 0.618281,47.490982,0 0.624075,47.493935,0 0.626976,47.493580,0 0.628738,47.493015,0 0.631737,47.492683,0 0.632323,47.492718,0 0.633693,47.493280,0 0.633633,47.493940,0 0.633123,47.494510,0 0.632484,47.494790,0 0.632378,47.495480,0 0.631188,47.496100,0 0.631275,47.496807,0 0.631022,47.497734,0 0.629954,47.499150,0 0.629779,47.500220,0 0.626986,47.503597,0 0.625759,47.506540,0 0.620766,47.504158,0 0.616717,47.503204,0 0.614315,47.503254,0 0.611774,47.502865,0 0.606698,47.503227,0 0.598743,47.501095,0 0.590775,47.499880,0 0.583597,47.500336,0 0.583836,47.501312,0 0.584577,47.502250,0 0.589600,47.507360,0 0.589826,47.507977,0 0.589782,47.510580,0 0.590414,47.512753,0 0.583461,47.520250,0 0.569607,47.528156,0 0.567176,47.529785,0 0.557158,47.539467,0 0.552857,47.544510,0 0.551193,47.547874,0 0.548695,47.553967,0 0.548859,47.556465,0 0.549851,47.563046,0 0.549764,47.563720,0 0.537924,47.588670,0 0.526342,47.597030,0 0.509202,47.594930,0 0.505921,47.595200,0 0.505437,47.595078,0 0.504167,47.594230,0 0.502751,47.594204,0 0.500962,47.593815,0 0.499228,47.593075,0 0.498540,47.593120,0 0.497887,47.594433,0 0.496216,47.595936,0 0.494601,47.596474,0 0.492068,47.596810,0 0.490290,47.597920,0 0.488236,47.598650,0 0.487120,47.599550,0 0.485944,47.601074,0 0.485570,47.601980,0 0.485594,47.602917,0 0.484012,47.602860,0 0.482622,47.603200,0 0.478589,47.602684,0 0.476624,47.603188,0 0.473732,47.604366,0 0.473513,47.604584,0 0.473195,47.612576,0 0.473637,47.613575,0 0.473604,47.614555,0 0.474788,47.615140,0 0.475248,47.615795,0 0.469323,47.616580,0</coordinates>
          </LineString>
        </MultiGeometry>
      </Placemark>
      <Placemark>
        <name>N1 — Bourgueil - Saumur — Ligne de semaine</name>
        <description>Groupe horaire : Ligne de semaine
Ligne régionale Rémi N1. Tracé issu des shapes GTFS officiels fournis.</description>
        <styleUrl>#route_REMI37_Line_156</styleUrl>
        <MultiGeometry>
          <LineString>
            <tessellate>1</tessellate>
            <coordinates>0.167232,47.275578,0 0.167405,47.276268,0 0.178427,47.274555,0 0.179979,47.274574,0 0.180105,47.278954,0 0.181375,47.282047,0 0.181165,47.282288,0 0.179004,47.282444,0 0.171582,47.282345,0 0.170585,47.281307,0 0.170600,47.280277,0 0.168977,47.279860,0 0.167460,47.276573,0 0.165490,47.277065,0 0.165253,47.276543,0 0.164728,47.276405,0 0.162588,47.277515,0 0.162112,47.278885,0 0.162434,47.279617,0 0.162830,47.281696,0 0.165137,47.283962,0 0.163311,47.284927,0 0.158402,47.286552,0 0.156810,47.286346,0 0.156210,47.286564,0 0.154253,47.285954,0 0.148152,47.285020,0 0.139714,47.285286,0 0.109161,47.282970,0 0.095133,47.282806,0 0.089996,47.282980,0 0.081472,47.282772,0 0.075742,47.283195,0 0.065664,47.284634,0 0.049493,47.287823,0 0.024242,47.293090,0 0.021804,47.293770,0 0.004379,47.297130,0 -0.001269,47.298460,0 -0.012887,47.302307,0 -0.015392,47.302574,0 -0.020273,47.302450,0 -0.023322,47.302840,0 -0.029473,47.304794,0 -0.030082,47.305720,0 -0.029683,47.306900,0 -0.029694,47.307415,0 -0.030458,47.308613,0 -0.030807,47.308746,0 -0.031120,47.308628,0 -0.031487,47.307950,0 -0.032234,47.307480,0 -0.035508,47.305454,0 -0.036582,47.305170,0 -0.036535,47.304850,0 -0.036052,47.304720,0 -0.035303,47.304897,0 -0.035229,47.305336,0 -0.035408,47.305347,0 -0.035497,47.304960,0 -0.035980,47.305340,0 -0.036582,47.305170,0 -0.036312,47.304550,0 -0.037001,47.303005,0 -0.043053,47.291010,0 -0.044311,47.289574,0 -0.047674,47.286940,0 -0.050364,47.285503,0 -0.053382,47.284393,0 -0.065957,47.281506,0 -0.069087,47.280468,0 -0.088899,47.268490,0 -0.092410,47.266060,0 -0.093416,47.265594,0 -0.094144,47.265540,0 -0.094614,47.265705,0 -0.094940,47.265530,0 -0.094703,47.265182,0 -0.094094,47.265180,0 -0.090981,47.264065,0 -0.089156,47.259785,0 -0.088229,47.259950,0 -0.081394,47.257378,0 -0.079105,47.252968,0 -0.078257,47.251827,0 -0.079102,47.251278,0 -0.079708,47.251526,0 -0.079581,47.251034,0 -0.078119,47.251760,0 -0.071731,47.250076,0 -0.070074,47.250046,0 -0.067886,47.249557,0 -0.067996,47.250270,0 -0.068705,47.250977,0 -0.067642,47.251686,0 -0.071454,47.254704,0 -0.072119,47.255430,0 -0.073076,47.254780,0 -0.073631,47.255330,0 -0.073652,47.255505,0 -0.070964,47.256664,0 -0.069855,47.256447,0 -0.067798,47.255306,0 -0.066607,47.255608,0 -0.062670,47.253353,0</coordinates>
          </LineString>
          <LineString>
            <tessellate>1</tessellate>
            <coordinates>0.173069,47.283524,0 0.172730,47.283127,0 0.171023,47.283620,0 0.171132,47.283928,0 0.169613,47.284042,0 0.169751,47.284714,0 0.166953,47.284880,0 0.166196,47.285084,0 0.165486,47.285084,0 0.165137,47.283962,0 0.163311,47.284927,0 0.158488,47.286545,0 0.156810,47.286346,0 0.156210,47.286564,0 0.154253,47.285954,0 0.148152,47.285020,0 0.140106,47.285305,0 0.109161,47.282970,0 0.095883,47.282806,0</coordinates>
          </LineString>
          <LineString>
            <tessellate>1</tessellate>
            <coordinates>-0.062670,47.253353,0 -0.066607,47.255608,0 -0.067798,47.255306,0 -0.068463,47.255810,0 -0.070429,47.256638,0 -0.071246,47.256615,0 -0.073574,47.255535,0 -0.073901,47.255577,0 -0.073175,47.254787,0 -0.072080,47.255253,0 -0.067642,47.251686,0 -0.068797,47.251020,0 -0.067996,47.250270,0 -0.068077,47.249622,0 -0.070074,47.250046,0 -0.071731,47.250076,0 -0.078203,47.251840,0 -0.078498,47.251545,0 -0.079332,47.251300,0 -0.080246,47.251910,0 -0.080147,47.252130,0 -0.080381,47.253130,0 -0.084081,47.253036,0 -0.085297,47.253630,0 -0.085306,47.253810,0 -0.081102,47.257350,0 -0.088229,47.259950,0 -0.088952,47.260010,0 -0.091036,47.264580,0 -0.092284,47.264915,0 -0.092580,47.265232,0 -0.092565,47.265530,0 -0.091493,47.266598,0 -0.089147,47.268196,0 -0.069317,47.280250,0 -0.066239,47.281340,0 -0.053649,47.284218,0 -0.048619,47.286090,0 -0.044420,47.289337,0 -0.042927,47.290980,0 -0.037090,47.302440,0 -0.036208,47.304523,0 -0.036052,47.304720,0 -0.035303,47.304897,0 -0.035239,47.305374,0 -0.035408,47.305347,0 -0.035497,47.304960,0 -0.035675,47.305040,0 -0.035508,47.305454,0 -0.030895,47.308228,0 -0.030194,47.307983,0 -0.029673,47.307340,0 -0.030087,47.305890,0 -0.029938,47.304676,0 -0.027325,47.304188,0 -0.022703,47.302630,0 -0.020048,47.302390,0 -0.015392,47.302574,0 -0.012887,47.302307,0 -0.001269,47.298460,0 0.003831,47.297253,0 0.004440,47.296757,0 0.004986,47.297012,0 0.005478,47.296950,0 0.021804,47.293770,0 0.022775,47.293407,0 0.034367,47.291054,0 0.035192,47.290466,0 0.035860,47.290684,0 0.036467,47.290610,0 0.065664,47.284634,0 0.075742,47.283195,0 0.081472,47.282772,0 0.089996,47.282980,0 0.095133,47.282806,0 0.109161,47.282970,0 0.139714,47.285286,0 0.148152,47.285020,0 0.153248,47.285797,0 0.154185,47.285698,0 0.156027,47.286450,0 0.156644,47.286312,0 0.158488,47.286545,0 0.163311,47.284927,0 0.165137,47.283962,0 0.162830,47.281696,0 0.162434,47.279617,0 0.162112,47.278885,0 0.162588,47.277515,0 0.164520,47.276480,0 0.163952,47.274567,0 0.167016,47.274193,0 0.167397,47.276417,0 0.168977,47.279860,0 0.170600,47.280277,0 0.170585,47.281307,0 0.171493,47.282314,0 0.178679,47.282444,0 0.180778,47.282288,0 0.181375,47.282047,0 0.180105,47.278954,0 0.179979,47.274574,0 0.179731,47.274567,0</coordinates>
          </LineString>
          <LineString>
            <tessellate>1</tessellate>
            <coordinates>0.095997,47.282810,0 0.109161,47.282970,0 0.140106,47.285305,0 0.148152,47.285020,0 0.153248,47.285797,0 0.154185,47.285698,0 0.156027,47.286450,0 0.156644,47.286312,0 0.158286,47.286556,0 0.163311,47.284927,0 0.165137,47.283962,0 0.165631,47.285070,0 0.169797,47.284695,0 0.170578,47.285410,0 0.172011,47.285570,0 0.173918,47.285004,0 0.173069,47.283524,0</coordinates>
          </LineString>
        </MultiGeometry>
      </Placemark>
      <Placemark>
        <name>N2 — Bourgueil - Langeais — Ligne faible</name>
        <description>Groupe horaire : Ligne faible
Ligne régionale Rémi N2. Tracé issu des shapes GTFS officiels fournis.</description>
        <styleUrl>#route_REMI37_Line_157</styleUrl>
        <MultiGeometry>
          <LineString>
            <tessellate>1</tessellate>
            <coordinates>0.171201,47.282010,0 0.171582,47.282345,0 0.172571,47.282406,0 0.180049,47.282368,0 0.181225,47.282166,0 0.183139,47.280605,0 0.184087,47.280235,0 0.190853,47.280308,0 0.193783,47.280760,0 0.199910,47.280790,0 0.206289,47.281853,0 0.210704,47.282040,0 0.216836,47.281986,0 0.220701,47.282270,0 0.222148,47.282543,0 0.225580,47.282665,0 0.226671,47.282840,0 0.229367,47.283855,0 0.231143,47.284046,0 0.235309,47.283997,0 0.240058,47.284744,0 0.248453,47.283127,0 0.262189,47.281090,0 0.263860,47.281013,0 0.263788,47.282120,0 0.267038,47.282494,0 0.267557,47.280903,0 0.267786,47.280903,0 0.276046,47.281837,0 0.287006,47.282597,0 0.290470,47.282516,0 0.293791,47.282800,0 0.296281,47.283726,0 0.298385,47.284016,0 0.305515,47.286430,0 0.306814,47.286270,0 0.309229,47.286324,0 0.309685,47.285748,0 0.309481,47.285656,0 0.309370,47.285797,0 0.309542,47.285934,0 0.309229,47.286324,0 0.311535,47.287205,0 0.313819,47.287810,0 0.315665,47.288700,0 0.315972,47.288580,0 0.316730,47.287178,0 0.317161,47.286740,0 0.318288,47.286247,0 0.319547,47.286217,0 0.323586,47.288105,0 0.326449,47.288340,0 0.331208,47.291160,0 0.334635,47.292755,0 0.338350,47.295647,0 0.342008,47.297110,0 0.351193,47.301790,0 0.353058,47.303646,0 0.354457,47.304546,0 0.358011,47.306050,0 0.362801,47.307518,0 0.363020,47.307823,0 0.362958,47.308853,0 0.363114,47.309425,0 0.363584,47.310036,0 0.364479,47.310604,0 0.392843,47.318535,0 0.398942,47.320843,0 0.400386,47.321080,0 0.400514,47.321445,0 0.404858,47.323230,0 0.405662,47.322773,0 0.406151,47.322840,0 0.409430,47.324093,0 0.408114,47.325085,0 0.408839,47.326035,0 0.408283,47.327553,0 0.408827,47.328070,0 0.410276,47.328644,0 0.410811,47.329174,0 0.411416,47.330170,0 0.411430,47.331960,0 0.411191,47.332417,0 0.410021,47.333454,0 0.409228,47.333015,0 0.408281,47.331932,0 0.407388,47.331577,0</coordinates>
          </LineString>
          <LineString>
            <tessellate>1</tessellate>
            <coordinates>0.407388,47.331577,0 0.405564,47.330826,0 0.402929,47.329247,0 0.402112,47.328240,0 0.401464,47.326900,0 0.400219,47.325710,0 0.399643,47.325523,0 0.400512,47.324570,0 0.402013,47.324040,0 0.403353,47.324146,0 0.405652,47.324740,0 0.406149,47.325070,0 0.406360,47.324978,0 0.406399,47.324467,0 0.404858,47.323230,0 0.400128,47.321170,0 0.393125,47.318623,0 0.364479,47.310604,0 0.363584,47.310036,0 0.363114,47.309425,0 0.362958,47.308853,0 0.363020,47.307823,0 0.362801,47.307518,0 0.358011,47.306050,0 0.354937,47.304783,0 0.353058,47.303646,0 0.351193,47.301790,0 0.342008,47.297110,0 0.338350,47.295647,0 0.334635,47.292755,0 0.332285,47.291730,0 0.329906,47.290310,0 0.327834,47.288437,0 0.326297,47.286340,0 0.324898,47.285286,0 0.324106,47.284950,0 0.322298,47.285145,0 0.320310,47.286156,0 0.317919,47.286354,0 0.316909,47.286945,0 0.315972,47.288580,0 0.315665,47.288700,0 0.313819,47.287810,0 0.311535,47.287205,0 0.309229,47.286324,0 0.309685,47.285748,0 0.309481,47.285656,0 0.309370,47.285797,0 0.309542,47.285934,0 0.309229,47.286324,0 0.306814,47.286270,0 0.305515,47.286430,0 0.298385,47.284016,0 0.296281,47.283726,0 0.293791,47.282800,0 0.290470,47.282516,0 0.287006,47.282597,0 0.276046,47.281837,0 0.268069,47.280914,0 0.267557,47.280903,0 0.266839,47.282898,0 0.266337,47.282852,0 0.266163,47.282420,0 0.265900,47.282310,0 0.263788,47.282120,0 0.263860,47.281013,0 0.262189,47.281090,0 0.248453,47.283127,0 0.240058,47.284744,0 0.235309,47.283997,0 0.231143,47.284046,0 0.229367,47.283855,0 0.226671,47.282840,0 0.225580,47.282665,0 0.222148,47.282543,0 0.220701,47.282270,0 0.216836,47.281986,0 0.210704,47.282040,0 0.206289,47.281853,0 0.199910,47.280790,0 0.193783,47.280760,0 0.190853,47.280308,0 0.184087,47.280235,0 0.183139,47.280605,0 0.181165,47.282288,0 0.179004,47.282444,0 0.172571,47.282406,0 0.171582,47.282345,0 0.171123,47.281925,0</coordinates>
          </LineString>
        </MultiGeometry>
      </Placemark>
      <Placemark>
        <name>P — Savigné-sur-Lathan - Tours — Ligne régulière hors dimanche</name>
        <description>Groupe horaire : Ligne régulière hors dimanche
Ligne régionale Rémi P. Tracé issu des shapes GTFS officiels fournis.</description>
        <styleUrl>#route_REMI37_Line_303</styleUrl>
        <MultiGeometry>
          <LineString>
            <tessellate>1</tessellate>
            <coordinates>0.692325,47.390470,0 0.692025,47.390540,0 0.691922,47.390785,0 0.679240,47.389008,0 0.677080,47.392143,0 0.674704,47.391514,0 0.673373,47.394010,0 0.669002,47.392240,0 0.668014,47.392075,0 0.667247,47.394220,0 0.661584,47.393448,0 0.657051,47.391888,0 0.653290,47.391230,0 0.649743,47.390180,0 0.647602,47.389782,0 0.646884,47.389313,0 0.646680,47.388650,0 0.647162,47.387794,0 0.647969,47.387295,0 0.649653,47.387432,0 0.648914,47.388798,0 0.647015,47.394386,0 0.647108,47.395350,0 0.648074,47.397923,0 0.648324,47.400154,0 0.646433,47.399616,0 0.646909,47.398560,0 0.646682,47.398310,0 0.646628,47.398533,0 0.646598,47.398197,0 0.646267,47.398040,0 0.645673,47.398033,0 0.644854,47.399290,0 0.644346,47.399605,0 0.643690,47.399640,0 0.642131,47.399036,0 0.641414,47.398956,0 0.639160,47.400387,0 0.638443,47.400600,0 0.637254,47.400562,0 0.634981,47.399723,0 0.634056,47.399746,0 0.631250,47.401940,0 0.628959,47.402657,0 0.628707,47.403550,0 0.627450,47.404537,0 0.620455,47.407356,0 0.614530,47.408930,0 0.610692,47.411674,0 0.610169,47.412410,0 0.609791,47.412300,0 0.609733,47.411682,0 0.606884,47.407880,0 0.605971,47.408405,0 0.604279,47.407536,0 0.600890,47.406870,0 0.601663,47.406105,0 0.602147,47.404900,0 0.599512,47.404520,0 0.598522,47.404200,0 0.598256,47.404575,0 0.596973,47.405010,0 0.595530,47.405125,0 0.594423,47.406330,0 0.591298,47.407720,0 0.590760,47.410107,0 0.589312,47.412487,0 0.586977,47.412304,0 0.584768,47.411892,0 0.581261,47.412727,0 0.580836,47.413177,0 0.580766,47.413574,0 0.581977,47.415210,0 0.581967,47.415718,0 0.581009,47.416214,0 0.579243,47.418114,0 0.574822,47.421170,0 0.571950,47.421990,0 0.570540,47.422783,0 0.567815,47.422413,0 0.565179,47.422985,0 0.562543,47.423050,0 0.559296,47.424330,0 0.556529,47.424873,0 0.554391,47.425920,0 0.550645,47.427204,0 0.540572,47.431630,0 0.538812,47.432060,0 0.535844,47.433180,0 0.533615,47.434400,0 0.531030,47.435184,0 0.528431,47.436460,0 0.524962,47.436764,0 0.515659,47.438930,0 0.507776,47.441387,0 0.503618,47.442245,0 0.501993,47.442883,0 0.496317,47.444317,0 0.491725,47.444115,0 0.489513,47.444874,0 0.487475,47.445080,0 0.483671,47.444450,0 0.480464,47.444527,0 0.478287,47.445020,0 0.476591,47.446020,0 0.474847,47.446613,0 0.472191,47.446970,0 0.468836,47.447850,0 0.463762,47.447890,0 0.460979,47.448200,0 0.459275,47.448654,0 0.455776,47.450047,0 0.448844,47.451164,0 0.446679,47.451874,0 0.445316,47.451656,0 0.444222,47.451965,0 0.442837,47.450607,0 0.440689,47.449062,0 0.439798,47.448193,0 0.433933,47.445070,0 0.426345,47.437042,0 0.410108,47.430634,0 0.400740,47.426643,0 0.398248,47.426240,0 0.396463,47.425740,0 0.396179,47.425500,0 0.392579,47.425358,0 0.390735,47.425636,0 0.387306,47.425625,0 0.324187,47.444450,0 0.323642,47.444523,0 0.322888,47.444320,0 0.323442,47.443817,0</coordinates>
          </LineString>
          <LineString>
            <tessellate>1</tessellate>
            <coordinates>0.267438,47.439865,0 0.249288,47.448547,0 0.247869,47.449574,0 0.248239,47.450054,0 0.247990,47.450730,0 0.248602,47.453342,0 0.248679,47.454754,0 0.249279,47.456260,0 0.250780,47.458427,0 0.254118,47.462265,0 0.254788,47.463627,0 0.256623,47.466090,0 0.262527,47.478160,0 0.265923,47.478390,0 0.265447,47.479538,0 0.264604,47.480076,0 0.263935,47.479880,0 0.262875,47.481590,0 0.264518,47.481940,0 0.264604,47.480076,0 0.265447,47.479538,0 0.266009,47.478070,0 0.267034,47.476555,0 0.270746,47.475838,0 0.274746,47.476350,0 0.278115,47.476090,0 0.280593,47.475510,0 0.280695,47.475994,0 0.283042,47.479008,0 0.285716,47.481483,0 0.285804,47.481910,0 0.307702,47.482307,0 0.307825,47.481876,0 0.310256,47.481520,0 0.311366,47.481550,0 0.320615,47.476868,0 0.321890,47.476520,0 0.323836,47.476660,0 0.326746,47.477997,0 0.331708,47.477880,0 0.334362,47.478577,0 0.338675,47.478580,0 0.339676,47.478493,0 0.340990,47.477924,0 0.342789,47.478010,0 0.343690,47.477856,0 0.347455,47.476380,0 0.348902,47.476234,0 0.350995,47.475384,0 0.355355,47.474520,0 0.357754,47.474400,0 0.369704,47.476334,0 0.389079,47.427130,0 0.389958,47.425630,0 0.392579,47.425358,0 0.396411,47.425457,0 0.396553,47.425755,0 0.398248,47.426240,0 0.400740,47.426643,0 0.410108,47.430634,0 0.426025,47.436890,0 0.426852,47.437430,0 0.433933,47.445070,0 0.439798,47.448193,0 0.440689,47.449062,0 0.442837,47.450607,0 0.444222,47.451965,0 0.445316,47.451656,0 0.446679,47.451874,0 0.448844,47.451164,0 0.452281,47.450687,0 0.456696,47.449726,0 0.459275,47.448654,0 0.460979,47.448200,0 0.463762,47.447890,0 0.468836,47.447850,0 0.472191,47.446970,0 0.474847,47.446613,0 0.476591,47.446020,0 0.478287,47.445020,0 0.480464,47.444527,0 0.483671,47.444450,0 0.487475,47.445080,0 0.489513,47.444874,0 0.491725,47.444115,0 0.496317,47.444317,0 0.501993,47.442883,0 0.503618,47.442245,0 0.507776,47.441387,0 0.515659,47.438930,0 0.524962,47.436764,0 0.528431,47.436460,0 0.531030,47.435184,0 0.533615,47.434400,0 0.535844,47.433180,0 0.538812,47.432060,0 0.540572,47.431630,0 0.550645,47.427204,0 0.554391,47.425920,0 0.556529,47.424873,0 0.559296,47.424330,0 0.562543,47.423050,0 0.565179,47.422985,0 0.567815,47.422413,0 0.570540,47.422783,0 0.571950,47.421990,0 0.574822,47.421170,0 0.579243,47.418114,0 0.581009,47.416214,0 0.581967,47.415718,0 0.581977,47.415210,0 0.580843,47.413727,0 0.580758,47.413376,0 0.581261,47.412727,0 0.582582,47.412290,0 0.585187,47.411903,0 0.586977,47.412304,0 0.591743,47.412853,0 0.593218,47.413162,0 0.593244,47.413380,0 0.595730,47.412746,0 0.600366,47.412945,0 0.603072,47.412746,0 0.605442,47.415230,0 0.606702,47.415680,0 0.609696,47.412580,0 0.609823,47.412140,0 0.610399,47.411934,0 0.613595,47.409473,0 0.615028,47.408726,0 0.622726,47.406544,0 0.626822,47.404724,0 0.627190,47.404327,0 0.628680,47.403580,0 0.628820,47.403152,0 0.628691,47.402880,0 0.628959,47.402657,0 0.631474,47.401806,0 0.634231,47.399433,0 0.636917,47.400460,0 0.638053,47.400642,0 0.639160,47.400387,0 0.641414,47.398956,0 0.642131,47.399036,0 0.643785,47.399654,0 0.644704,47.399430,0 0.645678,47.398006,0 0.645330,47.396595,0 0.645357,47.395676,0 0.646181,47.395490,0 0.646535,47.395103,0 0.648390,47.389780,0 0.648631,47.388500,0 0.648498,47.387623,0 0.648216,47.387333,0 0.647448,47.387665,0 0.646821,47.388470,0 0.646951,47.389250,0 0.647654,47.389720,0 0.649779,47.390110,0 0.653343,47.391167,0 0.657157,47.391840,0 0.661332,47.393303,0 0.671295,47.394855,0 0.671734,47.393665,0 0.672370,47.392810,0 0.678083,47.393982,0 0.678747,47.392690,0 0.680120,47.392030,0 0.681455,47.390648,0 0.682150,47.390580,0 0.682826,47.389250,0 0.688167,47.390000,0 0.688957,47.389755,0 0.689490,47.389890,0 0.689644,47.390200,0 0.693550,47.390750,0 0.694070,47.390266,0 0.693312,47.389893,0 0.692542,47.390450,0 0.692025,47.390540,0 0.699245,47.391525,0 0.701245,47.392520,0 0.700065,47.393997,0 0.699460,47.397644,0 0.702734,47.404167,0 0.703518,47.409310,0 0.703052,47.413353,0 0.703506,47.415825,0 0.704535,47.418633,0 0.704766,47.418835,0 0.704696,47.420000,0 0.704044,47.420937,0 0.704384,47.421688,0 0.705966,47.422430,0 0.705792,47.422653,0</coordinates>
          </LineString>
          <LineString>
            <tessellate>1</tessellate>
            <coordinates>0.705792,47.422653,0 0.705966,47.422430,0 0.704551,47.421814,0 0.704057,47.421160,0 0.703721,47.421062,0 0.697487,47.423992,0 0.697168,47.425450,0 0.697432,47.425820,0 0.696943,47.426323,0 0.696729,47.428310,0 0.693212,47.428734,0 0.690343,47.428463,0 0.690716,47.430790,0 0.690331,47.431507,0 0.687404,47.430523,0 0.686932,47.430557,0 0.685956,47.432632,0 0.684990,47.435654,0 0.683783,47.436730,0 0.678682,47.435604,0 0.678394,47.435387,0 0.677706,47.434067,0 0.674373,47.433850,0 0.673820,47.432922,0 0.673009,47.430817,0 0.672621,47.430584,0 0.672824,47.430054,0 0.672514,47.425182,0 0.672709,47.423763,0 0.675478,47.424118,0 0.676323,47.420616,0 0.675837,47.420520,0 0.673501,47.420353,0 0.672514,47.425182,0 0.672585,47.428090,0 0.672825,47.429955,0 0.673161,47.430600,0 0.667828,47.431090,0 0.667511,47.431250,0 0.666600,47.432674,0 0.666355,47.432476,0 0.666968,47.431843,0 0.667391,47.431026,0 0.665227,47.430450,0 0.662198,47.428710,0 0.660706,47.428432,0 0.660102,47.428528,0 0.659754,47.428207,0 0.656819,47.426884,0 0.655507,47.426476,0 0.654750,47.426525,0 0.653003,47.427307,0 0.650882,47.428917,0 0.650496,47.429474,0 0.649683,47.429295,0 0.643782,47.429375,0 0.643204,47.429750,0 0.641341,47.433594,0 0.641213,47.434483,0 0.641591,47.436787,0 0.641458,47.437935,0 0.640701,47.439045,0 0.639352,47.439960,0 0.636235,47.440730,0 0.628333,47.441124,0 0.624666,47.441950,0 0.622408,47.442936,0 0.616728,47.446033,0 0.610093,47.448425,0 0.603518,47.451510,0 0.599423,47.452780,0 0.592823,47.454178,0 0.575337,47.459995,0 0.545087,47.474510,0 0.535373,47.465466,0 0.523532,47.454830,0 0.512802,47.446632,0 0.504969,47.441998,0 0.496317,47.444317,0 0.491725,47.444115,0 0.489513,47.444874,0 0.487475,47.445080,0 0.483671,47.444450,0 0.480317,47.444550,0 0.478287,47.445020,0 0.476591,47.446020,0 0.475414,47.446450,0 0.472191,47.446970,0 0.469294,47.447773,0 0.467427,47.447950,0 0.463762,47.447890,0 0.460979,47.448200,0 0.459275,47.448654,0 0.455776,47.450047,0 0.448844,47.451164,0 0.446679,47.451874,0 0.445316,47.451656,0 0.444222,47.451965,0 0.442837,47.450607,0 0.440689,47.449062,0 0.439798,47.448193,0 0.433848,47.445000,0 0.426852,47.437430,0 0.426025,47.436890,0 0.410108,47.430634,0 0.400580,47.426594,0 0.398248,47.426240,0 0.396463,47.425740,0 0.396179,47.425500,0 0.392579,47.425358,0 0.390735,47.425636,0 0.387306,47.425625,0 0.323965,47.444510,0 0.322888,47.444320,0 0.324914,47.442440,0 0.323402,47.442406,0 0.320010,47.442802,0 0.320250,47.444492,0 0.320038,47.445410,0 0.318509,47.447350,0 0.314626,47.448387,0 0.310801,47.450130,0 0.306900,47.453613,0 0.303549,47.456043,0 0.303069,47.456753,0 0.304315,47.460842,0 0.304393,47.463444,0 0.303698,47.466310,0 0.299926,47.471730,0 0.299845,47.472680,0 0.300504,47.476490,0 0.301089,47.477604,0 0.302194,47.478540,0 0.307501,47.480946,0 0.307798,47.481290,0 0.307837,47.482155,0 0.307702,47.482307,0 0.285804,47.481910,0 0.285716,47.481483,0 0.283042,47.479008,0 0.280695,47.475994,0 0.280593,47.475510,0 0.278115,47.476090,0 0.274746,47.476350,0 0.270746,47.475838,0 0.267034,47.476555,0 0.266009,47.478070,0 0.265447,47.479538,0 0.264604,47.480076,0 0.264472,47.481693,0 0.263449,47.480762,0 0.263608,47.480530,0 0.263082,47.479930,0 0.262360,47.477720,0 0.256623,47.466090,0 0.254788,47.463627,0 0.254118,47.462265,0 0.250780,47.458427,0 0.249279,47.456260,0 0.248679,47.454754,0 0.248602,47.453342,0 0.247990,47.450730,0 0.248239,47.450054,0 0.247869,47.449574,0 0.249288,47.448547,0 0.253712,47.446550,0 0.294963,47.426410,0 0.296328,47.425983,0 0.296908,47.423460,0 0.296724,47.423058,0 0.294998,47.422314,0 0.291591,47.418053,0 0.290039,47.416653,0 0.284634,47.413530,0 0.284061,47.412838,0 0.283616,47.411846,0 0.282052,47.410250,0 0.282437,47.407124,0 0.283551,47.404440,0 0.283424,47.401510,0 0.286347,47.396606,0 0.286678,47.395565,0 0.286398,47.394350,0 0.286833,47.394210,0</coordinates>
          </LineString>
          <LineString>
            <tessellate>1</tessellate>
            <coordinates>0.267438,47.439865,0 0.249288,47.448547,0 0.247869,47.449574,0 0.248239,47.450054,0 0.247990,47.450730,0 0.248602,47.453342,0 0.248679,47.454754,0 0.249279,47.456260,0 0.250780,47.458427,0 0.254118,47.462265,0 0.254788,47.463627,0 0.256623,47.466090,0 0.262527,47.478160,0 0.265923,47.478390,0 0.265447,47.479538,0 0.264604,47.480076,0 0.263935,47.479880,0 0.262875,47.481590,0 0.264366,47.481934,0 0.264518,47.481940,0 0.264604,47.480076,0 0.265447,47.479538,0 0.266009,47.478070,0 0.267034,47.476555,0 0.270746,47.475838,0 0.274746,47.476350,0 0.278115,47.476090,0 0.280593,47.475510,0 0.280695,47.475994,0 0.283042,47.479008,0 0.285716,47.481483,0 0.285804,47.481910,0 0.307702,47.482307,0 0.307837,47.482155,0 0.307798,47.481290,0 0.307501,47.480946,0 0.302194,47.478540,0 0.301089,47.477604,0 0.300504,47.476490,0 0.299845,47.472680,0 0.299926,47.471730,0 0.303698,47.466310,0 0.304393,47.463444,0 0.304315,47.460842,0 0.303069,47.456753,0 0.303549,47.456043,0 0.306900,47.453613,0 0.310801,47.450130,0 0.314626,47.448387,0 0.318509,47.447350,0 0.320038,47.445410,0 0.320071,47.445164,0 0.318844,47.444748,0 0.318965,47.444016,0 0.320094,47.443577,0 0.319853,47.442795,0 0.323402,47.442406,0 0.324914,47.442440,0 0.322888,47.444320,0 0.323965,47.444510,0 0.387306,47.425625,0 0.390735,47.425636,0 0.392579,47.425358,0 0.396411,47.425457,0 0.396553,47.425755,0 0.398248,47.426240,0 0.400740,47.426643,0 0.410108,47.430634,0 0.426345,47.437042,0 0.433848,47.445000,0 0.439798,47.448193,0 0.440689,47.449062,0 0.442837,47.450607,0 0.444222,47.451965,0 0.445316,47.451656,0 0.446679,47.451874,0 0.448844,47.451164,0 0.452281,47.450687,0 0.456696,47.449726,0 0.459275,47.448654,0 0.460979,47.448200,0 0.463762,47.447890,0 0.467427,47.447950,0 0.469294,47.447773,0 0.472191,47.446970,0 0.475414,47.446450,0 0.476591,47.446020,0 0.478287,47.445020,0 0.480317,47.444550,0 0.483671,47.444450,0 0.487475,47.445080,0 0.489513,47.444874,0 0.491725,47.444115,0 0.496317,47.444317,0 0.504969,47.441998,0 0.512802,47.446632,0 0.523532,47.454830,0 0.545164,47.474390,0 0.575496,47.459843,0 0.592823,47.454178,0 0.599002,47.452885,0 0.602747,47.451790,0 0.605724,47.450596,0 0.610093,47.448425,0 0.616728,47.446033,0 0.623334,47.442400,0 0.626943,47.441210,0 0.635326,47.440807,0 0.639306,47.439865,0 0.640730,47.438890,0 0.641339,47.437943,0 0.641481,47.437016,0 0.641132,47.434520,0 0.641232,47.433640,0 0.643066,47.429817,0 0.643050,47.429222,0 0.643272,47.429066,0 0.644284,47.429268,0 0.649935,47.429222,0 0.650712,47.428944,0 0.652893,47.427280,0 0.655141,47.426098,0 0.656536,47.426666,0 0.657474,47.426790,0 0.657952,47.427270,0 0.659691,47.428060,0 0.662695,47.428783,0 0.665523,47.430450,0 0.666981,47.430850,0 0.667857,47.430855,0 0.667874,47.431050,0 0.667511,47.431250,0 0.666734,47.432606,0 0.666528,47.432680,0 0.666355,47.432476,0 0.666569,47.432392,0 0.667404,47.431220,0 0.667404,47.430878,0 0.667618,47.430782,0 0.668981,47.430935,0 0.672837,47.430320,0 0.673842,47.430504,0 0.678281,47.429970,0 0.678797,47.429676,0 0.679344,47.429920,0 0.687077,47.430230,0 0.687178,47.430405,0 0.686932,47.430557,0 0.685956,47.432632,0 0.684990,47.435654,0 0.683783,47.436730,0 0.683740,47.437443,0 0.683783,47.436730,0 0.684678,47.436054,0 0.685166,47.435250,0 0.685956,47.432632,0 0.686931,47.430656,0 0.686694,47.430267,0 0.687002,47.430202,0 0.689824,47.431286,0 0.690332,47.431210,0 0.690579,47.430973,0 0.690303,47.428700,0 0.690734,47.426970,0 0.688519,47.426853,0 0.686337,47.426380,0 0.675223,47.425137,0 0.675873,47.422478,0</coordinates>
          </LineString>
          <LineString>
            <tessellate>1</tessellate>
            <coordinates>0.323429,47.443832,0 0.322888,47.444320,0 0.323642,47.444523,0 0.324187,47.444450,0 0.387306,47.425625,0 0.390735,47.425636,0 0.392579,47.425358,0 0.396411,47.425457,0 0.396724,47.425816,0 0.400580,47.426594,0 0.403378,47.427654,0 0.408030,47.429787,0 0.426345,47.437042,0 0.433933,47.445070,0 0.439798,47.448193,0 0.440689,47.449062,0 0.442837,47.450607,0 0.444222,47.451965,0 0.445316,47.451656,0 0.446679,47.451874,0 0.448844,47.451164,0 0.452281,47.450687,0 0.456696,47.449726,0 0.459275,47.448654,0 0.460979,47.448200,0 0.463762,47.447890,0 0.468836,47.447850,0 0.472191,47.446970,0 0.474847,47.446613,0 0.476591,47.446020,0 0.478287,47.445020,0 0.480464,47.444527,0 0.483671,47.444450,0 0.487475,47.445080,0 0.489513,47.444874,0 0.491725,47.444115,0 0.496317,47.444317,0 0.501993,47.442883,0 0.503618,47.442245,0 0.507776,47.441387,0 0.515659,47.438930,0 0.524962,47.436764,0 0.528431,47.436460,0 0.531030,47.435184,0 0.533615,47.434400,0 0.535844,47.433180,0 0.538812,47.432060,0 0.540572,47.431630,0 0.550645,47.427204,0 0.554391,47.425920,0 0.556529,47.424873,0 0.559296,47.424330,0 0.562543,47.423050,0 0.565179,47.422985,0 0.567815,47.422413,0 0.570540,47.422783,0 0.571950,47.421990,0 0.574822,47.421170,0 0.579243,47.418114,0 0.581009,47.416214,0 0.581967,47.415718,0 0.581977,47.415210,0 0.580766,47.413574,0 0.580836,47.413177,0 0.581574,47.412582,0 0.584934,47.411890,0 0.593218,47.413162,0 0.598522,47.404200,0 0.599512,47.404520,0 0.602147,47.404900,0 0.601663,47.406105,0 0.600890,47.406870,0 0.604279,47.407536,0 0.605971,47.408405,0 0.606939,47.407850,0 0.609842,47.411877,0 0.610154,47.412070,0 0.614530,47.408930,0 0.622726,47.406544,0 0.626849,47.404710,0 0.627190,47.404327,0 0.628680,47.403580,0 0.628820,47.403152,0 0.628691,47.402880,0 0.628959,47.402657,0 0.631474,47.401806,0 0.634231,47.399433,0 0.636917,47.400460,0 0.638053,47.400642,0 0.639160,47.400387,0 0.641414,47.398956,0 0.642131,47.399036,0 0.643785,47.399654,0 0.644704,47.399430,0 0.645678,47.398006,0 0.645330,47.396595,0 0.645357,47.395676,0 0.646181,47.395490,0 0.646535,47.395103,0 0.648390,47.389780,0 0.648631,47.388500,0 0.648474,47.387560,0 0.648040,47.387363,0 0.647147,47.387940,0 0.646782,47.388695,0 0.647003,47.389320,0 0.647778,47.389760,0 0.649779,47.390110,0 0.653343,47.391167,0 0.657157,47.391840,0 0.661332,47.393303,0 0.671295,47.394855,0 0.671734,47.393665,0 0.672370,47.392810,0 0.678083,47.393982,0 0.678747,47.392690,0 0.680120,47.392030,0 0.681455,47.390648,0 0.682150,47.390580,0 0.682826,47.389250,0 0.688167,47.390000,0 0.688957,47.389755,0 0.689490,47.389890,0 0.689644,47.390200,0 0.693550,47.390750,0 0.694070,47.390266,0 0.693171,47.389896,0 0.692325,47.390470,0</coordinates>
          </LineString>
          <LineString>
            <tessellate>1</tessellate>
            <coordinates>0.323429,47.443832,0 0.322888,47.444320,0 0.323642,47.444523,0 0.324187,47.444450,0 0.387306,47.425625,0 0.390735,47.425636,0 0.392851,47.425358,0 0.396411,47.425457,0 0.396553,47.425755,0 0.398248,47.426240,0 0.400740,47.426643,0 0.410108,47.430634,0 0.426345,47.437042,0 0.433848,47.445000,0 0.439798,47.448193,0 0.440689,47.449062,0 0.442837,47.450607,0 0.444222,47.451965,0 0.445316,47.451656,0 0.446679,47.451874,0 0.448844,47.451164,0 0.452281,47.450687,0 0.456696,47.449726,0 0.459275,47.448654,0 0.460979,47.448200,0 0.463762,47.447890,0 0.467427,47.447950,0 0.469294,47.447773,0 0.472191,47.446970,0 0.475414,47.446450,0 0.476591,47.446020,0 0.478287,47.445020,0 0.480464,47.444527,0 0.483671,47.444450,0 0.487475,47.445080,0 0.489513,47.444874,0 0.491725,47.444115,0 0.496317,47.444317,0 0.501993,47.442883,0 0.503618,47.442245,0 0.507776,47.441387,0 0.515659,47.438930,0 0.524962,47.436764,0 0.528431,47.436460,0 0.531030,47.435184,0 0.533615,47.434400,0 0.535844,47.433180,0 0.538812,47.432060,0 0.540572,47.431630,0 0.550645,47.427204,0 0.554391,47.425920,0 0.556529,47.424873,0 0.559296,47.424330,0 0.562175,47.423145,0 0.565179,47.422985,0 0.567815,47.422413,0 0.570395,47.422810,0 0.571950,47.421990,0 0.574822,47.421170,0 0.579243,47.418114,0 0.581009,47.416214,0 0.581967,47.415718,0 0.581977,47.415210,0 0.580766,47.413574,0 0.580836,47.413177,0 0.581496,47.412613,0 0.584934,47.411890,0 0.593218,47.413162,0 0.598522,47.404200,0 0.599512,47.404520,0 0.602147,47.404900,0 0.601663,47.406105,0 0.600890,47.406870,0 0.604279,47.407536,0 0.605971,47.408405,0 0.606939,47.407850,0 0.609842,47.411877,0 0.610154,47.412070,0 0.614530,47.408930,0 0.622726,47.406544,0 0.626849,47.404710,0 0.627190,47.404327,0 0.628680,47.403580,0 0.628820,47.403152,0 0.628691,47.402880,0 0.628959,47.402657,0 0.631474,47.401806,0 0.634231,47.399433,0 0.636917,47.400460,0 0.638053,47.400642,0 0.639160,47.400387,0 0.641414,47.398956,0 0.642131,47.399036,0 0.643690,47.399640,0 0.644346,47.399605,0 0.644854,47.399290,0 0.645624,47.398160,0 0.645659,47.397630,0 0.645330,47.396595,0 0.645357,47.395676,0 0.646181,47.395490,0 0.646535,47.395103,0 0.648390,47.389780,0 0.648631,47.388500,0 0.648498,47.387623,0 0.648216,47.387333,0 0.647448,47.387665,0 0.646821,47.388470,0 0.646951,47.389250,0 0.647654,47.389720,0 0.649779,47.390110,0 0.653343,47.391167,0 0.657157,47.391840,0 0.661332,47.393303,0 0.671295,47.394855,0 0.671734,47.393665,0 0.672370,47.392810,0 0.678083,47.393982,0 0.678747,47.392690,0 0.680120,47.392030,0 0.681455,47.390648,0 0.682150,47.390580,0 0.682826,47.389250,0 0.688167,47.390000,0 0.688957,47.389755,0 0.689490,47.389890,0 0.689644,47.390200,0 0.693550,47.390750,0 0.694070,47.390266,0 0.693312,47.389893,0 0.692542,47.390450,0 0.692025,47.390540,0 0.699245,47.391525,0 0.701245,47.392520,0 0.700065,47.393997,0 0.699460,47.397644,0 0.702734,47.404167,0 0.703518,47.409310,0 0.703052,47.413353,0 0.703506,47.415825,0 0.704535,47.418633,0 0.704766,47.418835,0 0.704696,47.420000,0 0.704044,47.420937,0 0.704384,47.421688,0 0.705966,47.422430,0 0.705792,47.422653,0</coordinates>
          </LineString>
          <LineString>
            <tessellate>1</tessellate>
            <coordinates>0.286825,47.394215,0 0.286398,47.394350,0 0.286678,47.395565,0 0.286347,47.396606,0 0.283424,47.401510,0 0.283551,47.404440,0 0.282437,47.407124,0 0.282052,47.410250,0 0.283616,47.411846,0 0.284061,47.412838,0 0.284634,47.413530,0 0.290039,47.416653,0 0.291591,47.418053,0 0.294998,47.422314,0 0.296724,47.423058,0 0.296999,47.423412,0 0.296544,47.424660,0 0.296328,47.425983,0 0.294963,47.426410,0 0.253712,47.446550,0 0.249288,47.448547,0 0.247869,47.449574,0 0.248239,47.450054,0 0.247990,47.450730,0 0.248602,47.453342,0 0.248679,47.454754,0 0.249279,47.456260,0 0.250780,47.458427,0 0.254118,47.462265,0 0.254788,47.463627,0 0.256623,47.466090,0 0.262527,47.478160,0 0.265923,47.478390,0 0.265447,47.479538,0 0.264604,47.480076,0 0.263935,47.479880,0 0.262875,47.481590,0 0.264518,47.481940,0 0.264604,47.480076,0 0.265447,47.479538,0 0.266009,47.478070,0 0.267034,47.476555,0 0.270746,47.475838,0 0.274746,47.476350,0 0.278115,47.476090,0 0.280593,47.475510,0 0.280695,47.475994,0 0.283042,47.479008,0 0.285716,47.481483,0 0.285804,47.481910,0 0.307702,47.482307,0 0.307837,47.482155,0 0.307798,47.481290,0 0.307501,47.480946,0 0.302194,47.478540,0 0.301089,47.477604,0 0.300504,47.476490,0 0.299845,47.472680,0 0.299926,47.471730,0 0.303698,47.466310,0 0.304393,47.463444,0 0.304315,47.460842,0 0.303069,47.456753,0 0.303549,47.456043,0 0.306900,47.453613,0 0.310801,47.450130,0 0.314626,47.448387,0 0.318509,47.447350,0 0.319978,47.445570,0 0.320071,47.445164,0 0.321830,47.445366,0 0.322057,47.444973,0 0.322465,47.444790,0 0.323429,47.443832,0</coordinates>
          </LineString>
          <LineString>
            <tessellate>1</tessellate>
            <coordinates>0.685223,47.435066,0 0.685956,47.432632,0 0.686931,47.430656,0 0.686694,47.430267,0 0.687002,47.430202,0 0.689824,47.431286,0 0.690332,47.431210,0 0.690579,47.430973,0 0.690303,47.428700,0 0.690734,47.426970,0 0.688519,47.426853,0 0.686337,47.426380,0 0.682478,47.425945,0 0.683280,47.422640,0 0.679733,47.422234,0 0.679189,47.422684,0 0.675915,47.422306,0 0.675478,47.424118,0 0.672709,47.423763,0 0.672514,47.425182,0 0.672571,47.427944,0 0.672825,47.429955,0 0.673184,47.430480,0 0.672963,47.430710,0 0.672340,47.430614,0 0.667591,47.431140,0 0.665227,47.430450,0 0.662198,47.428710,0 0.660706,47.428432,0 0.660102,47.428528,0 0.659754,47.428207,0 0.656819,47.426884,0 0.655355,47.426460,0 0.654750,47.426525,0 0.653003,47.427307,0 0.650882,47.428917,0 0.650496,47.429474,0 0.649683,47.429295,0 0.643782,47.429375,0 0.643204,47.429750,0 0.641341,47.433594,0 0.641213,47.434483,0 0.641591,47.436787,0 0.641458,47.437935,0 0.640701,47.439045,0 0.639352,47.439960,0 0.636235,47.440730,0 0.628333,47.441124,0 0.624666,47.441950,0 0.622408,47.442936,0 0.616728,47.446033,0 0.610093,47.448425,0 0.603518,47.451510,0 0.599423,47.452780,0 0.592823,47.454178,0 0.575337,47.459995,0 0.545087,47.474510,0 0.535373,47.465466,0 0.523532,47.454830,0 0.512802,47.446632,0 0.504969,47.441998,0 0.496317,47.444317,0 0.491725,47.444115,0 0.489513,47.444874,0 0.487475,47.445080,0 0.483671,47.444450,0 0.480317,47.444550,0 0.478287,47.445020,0 0.476591,47.446020,0 0.475414,47.446450,0 0.472191,47.446970,0 0.469294,47.447773,0 0.467427,47.447950,0 0.463762,47.447890,0 0.460979,47.448200,0 0.459275,47.448654,0 0.455776,47.450047,0 0.448844,47.451164,0 0.446679,47.451874,0 0.445316,47.451656,0 0.444222,47.451965,0 0.442837,47.450607,0 0.440689,47.449062,0 0.439798,47.448193,0 0.433848,47.445000,0 0.426852,47.437430,0 0.426025,47.436890,0 0.410108,47.430634,0 0.400580,47.426594,0 0.398248,47.426240,0 0.396463,47.425740,0 0.396179,47.425500,0 0.392579,47.425358,0 0.390735,47.425636,0 0.387306,47.425625,0 0.323965,47.444510,0 0.322888,47.444320,0 0.324914,47.442440,0 0.323402,47.442406,0 0.320010,47.442802,0 0.320250,47.444492,0 0.320038,47.445410,0 0.318509,47.447350,0 0.314626,47.448387,0 0.310801,47.450130,0 0.306900,47.453613,0 0.303549,47.456043,0 0.303069,47.456753,0 0.304315,47.460842,0 0.304393,47.463444,0 0.303698,47.466310,0 0.299926,47.471730,0 0.299845,47.472680,0 0.300504,47.476490,0 0.301089,47.477604,0 0.302194,47.478540,0 0.307501,47.480946,0 0.307798,47.481290,0 0.307837,47.482155,0 0.307702,47.482307,0 0.285804,47.481910,0 0.285716,47.481483,0 0.283042,47.479008,0 0.280695,47.475994,0 0.280593,47.475510,0 0.278115,47.476090,0 0.274746,47.476350,0 0.270746,47.475838,0 0.267034,47.476555,0 0.266009,47.478070,0 0.265447,47.479538,0 0.264604,47.480076,0 0.264540,47.481710,0 0.263449,47.480762,0 0.263608,47.480530,0 0.263082,47.479930,0 0.262360,47.477720,0 0.256623,47.466090,0 0.254788,47.463627,0 0.254118,47.462265,0 0.250780,47.458427,0 0.249279,47.456260,0 0.248679,47.454754,0 0.248602,47.453342,0 0.247990,47.450730,0 0.248239,47.450054,0 0.247869,47.449574,0 0.249288,47.448547,0 0.267432,47.439870,0</coordinates>
          </LineString>
          <LineString>
            <tessellate>1</tessellate>
            <coordinates>0.286825,47.394215,0 0.286398,47.394350,0 0.286678,47.395565,0 0.286347,47.396606,0 0.283424,47.401510,0 0.283551,47.404440,0 0.282437,47.407124,0 0.282004,47.409946,0 0.282171,47.410454,0 0.283616,47.411846,0 0.284061,47.412838,0 0.284634,47.413530,0 0.290039,47.416653,0 0.291591,47.418053,0 0.294998,47.422314,0 0.296724,47.423058,0 0.296999,47.423412,0 0.296544,47.424660,0 0.296360,47.425930,0 0.296070,47.426160,0 0.296223,47.426290,0 0.319664,47.442738,0 0.323402,47.442406,0 0.324947,47.442470,0 0.322888,47.444320,0 0.323642,47.444523,0 0.324187,47.444450,0 0.387306,47.425625,0 0.390735,47.425636,0 0.392579,47.425358,0 0.396411,47.425457,0 0.396724,47.425816,0 0.400580,47.426594,0 0.403378,47.427654,0 0.408030,47.429787,0 0.426345,47.437042,0 0.433848,47.445000,0 0.439798,47.448193,0 0.440689,47.449062,0 0.442837,47.450607,0 0.444222,47.451965,0 0.445316,47.451656,0 0.446679,47.451874,0 0.448844,47.451164,0 0.452281,47.450687,0 0.456696,47.449726,0 0.459275,47.448654,0 0.460979,47.448200,0 0.463762,47.447890,0 0.467427,47.447950,0 0.469294,47.447773,0 0.472191,47.446970,0 0.475414,47.446450,0 0.476591,47.446020,0 0.478287,47.445020,0 0.480317,47.444550,0 0.483671,47.444450,0 0.487475,47.445080,0 0.489513,47.444874,0 0.491725,47.444115,0 0.496317,47.444317,0 0.504969,47.441998,0 0.512802,47.446632,0 0.523532,47.454830,0 0.545164,47.474390,0 0.575496,47.459843,0 0.592823,47.454178,0 0.599002,47.452885,0 0.602747,47.451790,0 0.605724,47.450596,0 0.610093,47.448425,0 0.616728,47.446033,0 0.623334,47.442400,0 0.626943,47.441210,0 0.635326,47.440807,0 0.639306,47.439865,0 0.640730,47.438890,0 0.641339,47.437943,0 0.641481,47.437016,0 0.641132,47.434520,0 0.641232,47.433640,0 0.643066,47.429817,0 0.643050,47.429222,0 0.643272,47.429066,0 0.644284,47.429268,0 0.649935,47.429222,0 0.650712,47.428944,0 0.652893,47.427280,0 0.655141,47.426098,0 0.656536,47.426666,0 0.657474,47.426790,0 0.657952,47.427270,0 0.659691,47.428060,0 0.662695,47.428783,0 0.665523,47.430450,0 0.666981,47.430850,0 0.667857,47.430855,0 0.667874,47.431050,0 0.667511,47.431250,0 0.666734,47.432606,0 0.666528,47.432680,0 0.666355,47.432476,0 0.666569,47.432392,0 0.667404,47.431220,0 0.667404,47.430878,0 0.667618,47.430782,0 0.668981,47.430935,0 0.672837,47.430320,0 0.673842,47.430504,0 0.678281,47.429970,0 0.678797,47.429676,0 0.679344,47.429920,0 0.687077,47.430230,0 0.687178,47.430405,0 0.686932,47.430557,0 0.685956,47.432632,0 0.684990,47.435654,0 0.683783,47.436730,0 0.683740,47.437443,0 0.683783,47.436730,0 0.684678,47.436054,0 0.685166,47.435250,0 0.685956,47.432632,0 0.686931,47.430656,0 0.686694,47.430267,0 0.687002,47.430202,0 0.689824,47.431286,0 0.690332,47.431210,0 0.690579,47.430973,0 0.690303,47.428700,0 0.690734,47.426970,0 0.688519,47.426853,0 0.686337,47.426380,0 0.675223,47.425137,0 0.675873,47.422478,0</coordinates>
          </LineString>
          <LineString>
            <tessellate>1</tessellate>
            <coordinates>0.692325,47.390470,0 0.692025,47.390540,0 0.699245,47.391525,0 0.701245,47.392520,0 0.700065,47.393997,0 0.699460,47.397644,0 0.702734,47.404167,0 0.703518,47.409310,0 0.703052,47.413353,0 0.703506,47.415825,0 0.704535,47.418633,0 0.704766,47.418835,0 0.704696,47.420000,0 0.704044,47.420937,0 0.704384,47.421688,0 0.704978,47.421993,0 0.704627,47.422157,0 0.704672,47.422836,0 0.705684,47.422832,0 0.705966,47.422430,0 0.704551,47.421814,0 0.704057,47.421160,0 0.703721,47.421062,0 0.697487,47.423992,0 0.697168,47.425450,0 0.697432,47.425820,0 0.696943,47.426323,0 0.696729,47.428310,0 0.693212,47.428734,0 0.690343,47.428463,0 0.690715,47.430710,0 0.690395,47.431490,0 0.687404,47.430523,0 0.686932,47.430557,0 0.685956,47.432632,0 0.684990,47.435654,0 0.683783,47.436730,0 0.678682,47.435604,0 0.678394,47.435387,0 0.677706,47.434067,0 0.674373,47.433850,0 0.673820,47.432922,0 0.673009,47.430817,0 0.672588,47.430630,0 0.667674,47.431140,0 0.666890,47.432133,0 0.666734,47.432606,0 0.666454,47.432663,0 0.666355,47.432476,0 0.666968,47.431843,0 0.667391,47.431026,0 0.665227,47.430450,0 0.662198,47.428710,0 0.660706,47.428432,0 0.660102,47.428528,0 0.659754,47.428207,0 0.656819,47.426884,0 0.655507,47.426476,0 0.654750,47.426525,0 0.653003,47.427307,0 0.650882,47.428917,0 0.650496,47.429474,0 0.649683,47.429295,0 0.643782,47.429375,0 0.643204,47.429750,0 0.641341,47.433594,0 0.641213,47.434483,0 0.641591,47.436787,0 0.641458,47.437935,0 0.640701,47.439045,0 0.639352,47.439960,0 0.636235,47.440730,0 0.628333,47.441124,0 0.624666,47.441950,0 0.622408,47.442936,0 0.616728,47.446033,0 0.610093,47.448425,0 0.603518,47.451510,0 0.599423,47.452780,0 0.592823,47.454178,0 0.575337,47.459995,0 0.545087,47.474510,0 0.535373,47.465466,0 0.523532,47.454830,0 0.512802,47.446632,0 0.504969,47.441998,0 0.496317,47.444317,0 0.491725,47.444115,0 0.489513,47.444874,0 0.487475,47.445080,0 0.483671,47.444450,0 0.480317,47.444550,0 0.478287,47.445020,0 0.476591,47.446020,0 0.475414,47.446450,0 0.472191,47.446970,0 0.469294,47.447773,0 0.467427,47.447950,0 0.463762,47.447890,0 0.460979,47.448200,0 0.459275,47.448654,0 0.455776,47.450047,0 0.448844,47.451164,0 0.446679,47.451874,0 0.445316,47.451656,0 0.444222,47.451965,0 0.442837,47.450607,0 0.440689,47.449062,0 0.439798,47.448193,0 0.433848,47.445000,0 0.426345,47.437042,0 0.410108,47.430634,0 0.400740,47.426643,0 0.398248,47.426240,0 0.396463,47.425740,0 0.396179,47.425500,0 0.392579,47.425358,0 0.390735,47.425636,0 0.387306,47.425625,0 0.324187,47.444450,0 0.323642,47.444523,0 0.322888,47.444320,0 0.323442,47.443817,0</coordinates>
          </LineString>
          <LineString>
            <tessellate>1</tessellate>
            <coordinates>0.705792,47.422653,0 0.705966,47.422430,0 0.704551,47.421814,0 0.704057,47.421160,0 0.703721,47.421062,0 0.697487,47.423992,0 0.697168,47.425450,0 0.697432,47.425820,0 0.696943,47.426323,0 0.696729,47.428310,0 0.693212,47.428734,0 0.690343,47.428463,0 0.690716,47.430790,0 0.690331,47.431507,0 0.687404,47.430523,0 0.686932,47.430557,0 0.685956,47.432632,0 0.684990,47.435654,0 0.683783,47.436730,0 0.678682,47.435604,0 0.678394,47.435387,0 0.677706,47.434067,0 0.674373,47.433850,0 0.673820,47.432922,0 0.673009,47.430817,0 0.672588,47.430630,0 0.667674,47.431140,0 0.666890,47.432133,0 0.666734,47.432606,0 0.666454,47.432663,0 0.666355,47.432476,0 0.666968,47.431843,0 0.667391,47.431026,0 0.665227,47.430450,0 0.662198,47.428710,0 0.660706,47.428432,0 0.660102,47.428528,0 0.659754,47.428207,0 0.656819,47.426884,0 0.655507,47.426476,0 0.654750,47.426525,0 0.653003,47.427307,0 0.650882,47.428917,0 0.650496,47.429474,0 0.649683,47.429295,0 0.643782,47.429375,0 0.643204,47.429750,0 0.641341,47.433594,0 0.641213,47.434483,0 0.641591,47.436787,0 0.641458,47.437935,0 0.640701,47.439045,0 0.639352,47.439960,0 0.636235,47.440730,0 0.628333,47.441124,0 0.624666,47.441950,0 0.622408,47.442936,0 0.616728,47.446033,0 0.610093,47.448425,0 0.603518,47.451510,0 0.599423,47.452780,0 0.592823,47.454178,0 0.575337,47.459995,0 0.545087,47.474510,0 0.535373,47.465466,0 0.523532,47.454830,0 0.512802,47.446632,0 0.504969,47.441998,0 0.496317,47.444317,0 0.491725,47.444115,0 0.489513,47.444874,0 0.487475,47.445080,0 0.483671,47.444450,0 0.480317,47.444550,0 0.478287,47.445020,0 0.476591,47.446020,0 0.475414,47.446450,0 0.472191,47.446970,0 0.469294,47.447773,0 0.467427,47.447950,0 0.463762,47.447890,0 0.460979,47.448200,0 0.459275,47.448654,0 0.455776,47.450047,0 0.448844,47.451164,0 0.446679,47.451874,0 0.445316,47.451656,0 0.444222,47.451965,0 0.442837,47.450607,0 0.440689,47.449062,0 0.439798,47.448193,0 0.433848,47.445000,0 0.426852,47.437430,0 0.426025,47.436890,0 0.410108,47.430634,0 0.400580,47.426594,0 0.398248,47.426240,0 0.396463,47.425740,0 0.396179,47.425500,0 0.392579,47.425358,0 0.390735,47.425636,0 0.387306,47.425625,0 0.323965,47.444510,0 0.322888,47.444320,0 0.324914,47.442440,0 0.323402,47.442406,0 0.320010,47.442802,0 0.320250,47.444492,0 0.320038,47.445410,0 0.318509,47.447350,0 0.314626,47.448387,0 0.310801,47.450130,0 0.306900,47.453613,0 0.303549,47.456043,0 0.303069,47.456753,0 0.304315,47.460842,0 0.304393,47.463444,0 0.303698,47.466310,0 0.299926,47.471730,0 0.299845,47.472680,0 0.300504,47.476490,0 0.301089,47.477604,0 0.302194,47.478540,0 0.307501,47.480946,0 0.307798,47.481290,0 0.307837,47.482155,0 0.307702,47.482307,0 0.285804,47.481910,0 0.285716,47.481483,0 0.283042,47.479008,0 0.280695,47.475994,0 0.280593,47.475510,0 0.278115,47.476090,0 0.274746,47.476350,0 0.270746,47.475838,0 0.267034,47.476555,0 0.266009,47.478070,0 0.265447,47.479538,0 0.264604,47.480076,0 0.264472,47.481693,0 0.263449,47.480762,0 0.263608,47.480530,0 0.263082,47.479930,0 0.262360,47.477720,0 0.256623,47.466090,0 0.254788,47.463627,0 0.254118,47.462265,0 0.250780,47.458427,0 0.249279,47.456260,0 0.248679,47.454754,0 0.248602,47.453342,0 0.247990,47.450730,0 0.248239,47.450054,0 0.247869,47.449574,0 0.249288,47.448547,0 0.253712,47.446550,0 0.294963,47.426410,0 0.296328,47.425983,0 0.296908,47.423460,0 0.296724,47.423058,0 0.294998,47.422314,0 0.291591,47.418053,0 0.290039,47.416653,0 0.284634,47.413530,0 0.284061,47.412838,0 0.283616,47.411846,0 0.282052,47.410250,0 0.282437,47.407124,0 0.283551,47.404440,0 0.283424,47.401510,0 0.286347,47.396606,0 0.286678,47.395565,0 0.286398,47.394350,0 0.286833,47.394210,0</coordinates>
          </LineString>
          <LineString>
            <tessellate>1</tessellate>
            <coordinates>0.286825,47.394215,0 0.286398,47.394350,0 0.286678,47.395565,0 0.286347,47.396606,0 0.283424,47.401510,0 0.283551,47.404440,0 0.282437,47.407124,0 0.282004,47.409946,0 0.282171,47.410454,0 0.283616,47.411846,0 0.284061,47.412838,0 0.284634,47.413530,0 0.290039,47.416653,0 0.291591,47.418053,0 0.294998,47.422314,0 0.296724,47.423058,0 0.296999,47.423412,0 0.296544,47.424660,0 0.296360,47.425930,0 0.296070,47.426160,0 0.296223,47.426290,0 0.319664,47.442738,0 0.324914,47.442440,0 0.322888,47.444320,0 0.323800,47.444534,0 0.387306,47.425625,0 0.390735,47.425636,0 0.392579,47.425358,0 0.396411,47.425457,0 0.396553,47.425755,0 0.398248,47.426240,0 0.400740,47.426643,0 0.410108,47.430634,0 0.426345,47.437042,0 0.433848,47.445000,0 0.439798,47.448193,0 0.440689,47.449062,0 0.442837,47.450607,0 0.444222,47.451965,0 0.445316,47.451656,0 0.446679,47.451874,0 0.448844,47.451164,0 0.452281,47.450687,0 0.456696,47.449726,0 0.459275,47.448654,0 0.460979,47.448200,0 0.463762,47.447890,0 0.467427,47.447950,0 0.469294,47.447773,0 0.472191,47.446970,0 0.475414,47.446450,0 0.476591,47.446020,0 0.478287,47.445020,0 0.480464,47.444527,0 0.483671,47.444450,0 0.487475,47.445080,0 0.489513,47.444874,0 0.491725,47.444115,0 0.496317,47.444317,0 0.501993,47.442883,0 0.503618,47.442245,0 0.507776,47.441387,0 0.515659,47.438930,0 0.524962,47.436764,0 0.528431,47.436460,0 0.531030,47.435184,0 0.533615,47.434400,0 0.535844,47.433180,0 0.538812,47.432060,0 0.540572,47.431630,0 0.550645,47.427204,0 0.554391,47.425920,0 0.556529,47.424873,0 0.559296,47.424330,0 0.562175,47.423145,0 0.565179,47.422985,0 0.567815,47.422413,0 0.570540,47.422783,0 0.571950,47.421990,0 0.575117,47.421030,0 0.575992,47.420498,0 0.577207,47.419395,0 0.579243,47.418114,0 0.581009,47.416214,0 0.581967,47.415718,0 0.581977,47.415210,0 0.580843,47.413727,0 0.580758,47.413376,0 0.581261,47.412727,0 0.582582,47.412290,0 0.585187,47.411903,0 0.586977,47.412304,0 0.591743,47.412853,0 0.593218,47.413162,0 0.593244,47.413380,0 0.595730,47.412746,0 0.600366,47.412945,0 0.603072,47.412746,0 0.605442,47.415230,0 0.606702,47.415680,0 0.609696,47.412580,0 0.609823,47.412140,0 0.610399,47.411934,0 0.613595,47.409473,0 0.615028,47.408726,0 0.622726,47.406544,0 0.626822,47.404724,0 0.627190,47.404327,0 0.628680,47.403580,0 0.628820,47.403152,0 0.628691,47.402880,0 0.628959,47.402657,0 0.631474,47.401806,0 0.634231,47.399433,0 0.636917,47.400460,0 0.638053,47.400642,0 0.639160,47.400387,0 0.641414,47.398956,0 0.642131,47.399036,0 0.643785,47.399654,0 0.644704,47.399430,0 0.645678,47.398006,0 0.645330,47.396595,0 0.645357,47.395676,0 0.646181,47.395490,0 0.646535,47.395103,0 0.648390,47.389780,0 0.648631,47.388500,0 0.648498,47.387623,0 0.648216,47.387333,0 0.647448,47.387665,0 0.646821,47.388470,0 0.646951,47.389250,0 0.647654,47.389720,0 0.649779,47.390110,0 0.653343,47.391167,0 0.657157,47.391840,0 0.661332,47.393303,0 0.671295,47.394855,0 0.671734,47.393665,0 0.672370,47.392810,0 0.678083,47.393982,0 0.678747,47.392690,0 0.680120,47.392030,0 0.681455,47.390648,0 0.682150,47.390580,0 0.682826,47.389250,0 0.688167,47.390000,0 0.688957,47.389755,0 0.689490,47.389890,0 0.689644,47.390200,0 0.693550,47.390750,0 0.694070,47.390266,0 0.693312,47.389893,0 0.692542,47.390450,0 0.692025,47.390540,0 0.699245,47.391525,0 0.701245,47.392520,0 0.700065,47.393997,0 0.699460,47.397644,0 0.702734,47.404167,0 0.703518,47.409310,0 0.703052,47.413353,0 0.703506,47.415825,0 0.704535,47.418633,0 0.704766,47.418835,0 0.704696,47.420000,0 0.704044,47.420937,0 0.704384,47.421688,0 0.705966,47.422430,0 0.705792,47.422653,0</coordinates>
          </LineString>
          <LineString>
            <tessellate>1</tessellate>
            <coordinates>0.323442,47.443817,0 0.322888,47.444320,0 0.320094,47.443577,0 0.320250,47.444492,0 0.319978,47.445570,0 0.318509,47.447350,0 0.314626,47.448387,0 0.310801,47.450130,0 0.306900,47.453613,0 0.303549,47.456043,0 0.303069,47.456753,0 0.304315,47.460842,0 0.304393,47.463444,0 0.303698,47.466310,0 0.299926,47.471730,0 0.299845,47.472680,0 0.300504,47.476490,0 0.301089,47.477604,0 0.302194,47.478540,0 0.307501,47.480946,0 0.307798,47.481290,0 0.307837,47.482155,0 0.307702,47.482307,0 0.285804,47.481910,0 0.285716,47.481483,0 0.283042,47.479008,0 0.280695,47.475994,0 0.280593,47.475510,0 0.278115,47.476090,0 0.274746,47.476350,0 0.270746,47.475838,0 0.267034,47.476555,0 0.266009,47.478070,0 0.265447,47.479538,0 0.264604,47.480076,0 0.264540,47.481710,0 0.263449,47.480762,0 0.263608,47.480530,0 0.263082,47.479930,0 0.262360,47.477720,0 0.256623,47.466090,0 0.254788,47.463627,0 0.254118,47.462265,0 0.250780,47.458427,0 0.249279,47.456260,0 0.248679,47.454754,0 0.248602,47.453342,0 0.247990,47.450730,0 0.248239,47.450054,0 0.247869,47.449574,0 0.249288,47.448547,0 0.253712,47.446550,0 0.294963,47.426410,0 0.296328,47.425983,0 0.296908,47.423460,0 0.296724,47.423058,0 0.294998,47.422314,0 0.291591,47.418053,0 0.290039,47.416653,0 0.284634,47.413530,0 0.284061,47.412838,0 0.283616,47.411846,0 0.282052,47.410250,0 0.282437,47.407124,0 0.283551,47.404440,0 0.283424,47.401510,0 0.286347,47.396606,0 0.286678,47.395565,0 0.286398,47.394350,0 0.286833,47.394210,0</coordinates>
          </LineString>
          <LineString>
            <tessellate>1</tessellate>
            <coordinates>0.692325,47.390470,0 0.692025,47.390540,0 0.691922,47.390785,0 0.679240,47.389008,0 0.677080,47.392143,0 0.674704,47.391514,0 0.673373,47.394010,0 0.669002,47.392240,0 0.668014,47.392075,0 0.667247,47.394220,0 0.661584,47.393448,0 0.657051,47.391888,0 0.653290,47.391230,0 0.649743,47.390180,0 0.647602,47.389782,0 0.646884,47.389313,0 0.646680,47.388650,0 0.647162,47.387794,0 0.647969,47.387295,0 0.649653,47.387432,0 0.648914,47.388798,0 0.647015,47.394386,0 0.647108,47.395350,0 0.648074,47.397923,0 0.648324,47.400154,0 0.646433,47.399616,0 0.646909,47.398560,0 0.646682,47.398310,0 0.646628,47.398533,0 0.646598,47.398197,0 0.646267,47.398040,0 0.645673,47.398033,0 0.644854,47.399290,0 0.644346,47.399605,0 0.643690,47.399640,0 0.642131,47.399036,0 0.641414,47.398956,0 0.639160,47.400387,0 0.638443,47.400600,0 0.637254,47.400562,0 0.634981,47.399723,0 0.634056,47.399746,0 0.631250,47.401940,0 0.628959,47.402657,0 0.628707,47.403550,0 0.627450,47.404537,0 0.620455,47.407356,0 0.614530,47.408930,0 0.610692,47.411674,0 0.610169,47.412410,0 0.609791,47.412300,0 0.609733,47.411682,0 0.606884,47.407880,0 0.605971,47.408405,0 0.604279,47.407536,0 0.600890,47.406870,0 0.601663,47.406105,0 0.602147,47.404900,0 0.599512,47.404520,0 0.598522,47.404200,0 0.598256,47.404575,0 0.596973,47.405010,0 0.595530,47.405125,0 0.594423,47.406330,0 0.591298,47.407720,0 0.590760,47.410107,0 0.589312,47.412487,0 0.586977,47.412304,0 0.584768,47.411892,0 0.581261,47.412727,0 0.580836,47.413177,0 0.580766,47.413574,0 0.581977,47.415210,0 0.581967,47.415718,0 0.581009,47.416214,0 0.579243,47.418114,0 0.574822,47.421170,0 0.571950,47.421990,0 0.570540,47.422783,0 0.567815,47.422413,0 0.565179,47.422985,0 0.562543,47.423050,0 0.559296,47.424330,0 0.556529,47.424873,0 0.554391,47.425920,0 0.550645,47.427204,0 0.540572,47.431630,0 0.538812,47.432060,0 0.535844,47.433180,0 0.533615,47.434400,0 0.531030,47.435184,0 0.528431,47.436460,0 0.524962,47.436764,0 0.515659,47.438930,0 0.507776,47.441387,0 0.503618,47.442245,0 0.501993,47.442883,0 0.496317,47.444317,0 0.491725,47.444115,0 0.489513,47.444874,0 0.487475,47.445080,0 0.483671,47.444450,0 0.480464,47.444527,0 0.478287,47.445020,0 0.476591,47.446020,0 0.474847,47.446613,0 0.472191,47.446970,0 0.468836,47.447850,0 0.463762,47.447890,0 0.460979,47.448200,0 0.459275,47.448654,0 0.455776,47.450047,0 0.448844,47.451164,0 0.446679,47.451874,0 0.445316,47.451656,0 0.444222,47.451965,0 0.442837,47.450607,0 0.440689,47.449062,0 0.439798,47.448193,0 0.433933,47.445070,0 0.426852,47.437430,0 0.426025,47.436890,0 0.410108,47.430634,0 0.400580,47.426594,0 0.398248,47.426240,0 0.396463,47.425740,0 0.396179,47.425500,0 0.392579,47.425358,0 0.390735,47.425636,0 0.387306,47.425625,0 0.323965,47.444510,0 0.322888,47.444320,0 0.324914,47.442440,0 0.323402,47.442406,0 0.320010,47.442802,0 0.320250,47.444492,0 0.320038,47.445410,0 0.318509,47.447350,0 0.314626,47.448387,0 0.310801,47.450130,0 0.306900,47.453613,0 0.303549,47.456043,0 0.303069,47.456753,0 0.304315,47.460842,0 0.304393,47.463444,0 0.303698,47.466310,0 0.299926,47.471730,0 0.299845,47.472680,0 0.300504,47.476490,0 0.301089,47.477604,0 0.302194,47.478540,0 0.307501,47.480946,0 0.307798,47.481290,0 0.307837,47.482155,0 0.307702,47.482307,0 0.285804,47.481910,0 0.285716,47.481483,0 0.283042,47.479008,0 0.280695,47.475994,0 0.280593,47.475510,0 0.278115,47.476090,0 0.274746,47.476350,0 0.270746,47.475838,0 0.267034,47.476555,0 0.266009,47.478070,0 0.265447,47.479538,0 0.264604,47.480076,0 0.264472,47.481693,0 0.263449,47.480762,0 0.263608,47.480530,0 0.263082,47.479930,0 0.262360,47.477720,0 0.256623,47.466090,0 0.254788,47.463627,0 0.254118,47.462265,0 0.250780,47.458427,0 0.249279,47.456260,0 0.248679,47.454754,0 0.248602,47.453342,0 0.247990,47.450730,0 0.248239,47.450054,0 0.247869,47.449574,0 0.249288,47.448547,0 0.253712,47.446550,0 0.294963,47.426410,0 0.296328,47.425983,0 0.296908,47.423460,0 0.296724,47.423058,0 0.294998,47.422314,0 0.291591,47.418053,0 0.290039,47.416653,0 0.284634,47.413530,0 0.284061,47.412838,0 0.283616,47.411846,0 0.282052,47.410250,0 0.282437,47.407124,0 0.283551,47.404440,0 0.283424,47.401510,0 0.286347,47.396606,0 0.286678,47.395565,0 0.286398,47.394350,0 0.286833,47.394210,0</coordinates>
          </LineString>
          <LineString>
            <tessellate>1</tessellate>
            <coordinates>0.323429,47.443832,0 0.322888,47.444320,0 0.323642,47.444523,0 0.324187,47.444450,0 0.387306,47.425625,0 0.390735,47.425636,0 0.392851,47.425358,0 0.396411,47.425457,0 0.396553,47.425755,0 0.398248,47.426240,0 0.400740,47.426643,0 0.410108,47.430634,0 0.426345,47.437042,0 0.433848,47.445000,0 0.439798,47.448193,0 0.440689,47.449062,0 0.442837,47.450607,0 0.444222,47.451965,0 0.445316,47.451656,0 0.446679,47.451874,0 0.448844,47.451164,0 0.452281,47.450687,0 0.456696,47.449726,0 0.459275,47.448654,0 0.460979,47.448200,0 0.463762,47.447890,0 0.467427,47.447950,0 0.469294,47.447773,0 0.472191,47.446970,0 0.475414,47.446450,0 0.476591,47.446020,0 0.478287,47.445020,0 0.480464,47.444527,0 0.483671,47.444450,0 0.487475,47.445080,0 0.489513,47.444874,0 0.491725,47.444115,0 0.496317,47.444317,0 0.501993,47.442883,0 0.503618,47.442245,0 0.507776,47.441387,0 0.515659,47.438930,0 0.524962,47.436764,0 0.528431,47.436460,0 0.531030,47.435184,0 0.533615,47.434400,0 0.535844,47.433180,0 0.538812,47.432060,0 0.540572,47.431630,0 0.550645,47.427204,0 0.554391,47.425920,0 0.556529,47.424873,0 0.559296,47.424330,0 0.562175,47.423145,0 0.565179,47.422985,0 0.567815,47.422413,0 0.570395,47.422810,0 0.571950,47.421990,0 0.574822,47.421170,0 0.579243,47.418114,0 0.581009,47.416214,0 0.581967,47.415718,0 0.581977,47.415210,0 0.580766,47.413574,0 0.580836,47.413177,0 0.581496,47.412613,0 0.584934,47.411890,0 0.593218,47.413162,0 0.598522,47.404200,0 0.599512,47.404520,0 0.602147,47.404900,0 0.601663,47.406105,0 0.600890,47.406870,0 0.604279,47.407536,0 0.605971,47.408405,0 0.606939,47.407850,0 0.609842,47.411877,0 0.610154,47.412070,0 0.614530,47.408930,0 0.622726,47.406544,0 0.626849,47.404710,0 0.627190,47.404327,0 0.628680,47.403580,0 0.628820,47.403152,0 0.628691,47.402880,0 0.628959,47.402657,0 0.631474,47.401806,0 0.634231,47.399433,0 0.636917,47.400460,0 0.638053,47.400642,0 0.639160,47.400387,0 0.641414,47.398956,0 0.642131,47.399036,0 0.643690,47.399640,0 0.644346,47.399605,0 0.644854,47.399290,0 0.645624,47.398160,0 0.645659,47.397630,0 0.645330,47.396595,0 0.645357,47.395676,0 0.646181,47.395490,0 0.646535,47.395103,0 0.648390,47.389780,0 0.648631,47.388500,0 0.648498,47.387623,0 0.648216,47.387333,0 0.647448,47.387665,0 0.646821,47.388470,0 0.646951,47.389250,0 0.647654,47.389720,0 0.649779,47.390110,0 0.653343,47.391167,0 0.657157,47.391840,0 0.661332,47.393303,0 0.671295,47.394855,0 0.671734,47.393665,0 0.672370,47.392810,0 0.678083,47.393982,0 0.678747,47.392690,0 0.680120,47.392030,0 0.681455,47.390648,0 0.682150,47.390580,0 0.682826,47.389250,0 0.688167,47.390000,0 0.688957,47.389755,0 0.689490,47.389890,0 0.689644,47.390200,0 0.693550,47.390750,0 0.694070,47.390266,0 0.693312,47.389893,0 0.692542,47.390450,0 0.692025,47.390540,0 0.699245,47.391525,0 0.701245,47.392520,0 0.700065,47.393997,0 0.699460,47.397644,0 0.702734,47.404167,0 0.703518,47.409310,0 0.703052,47.413353,0 0.703506,47.415825,0 0.704535,47.418633,0 0.704766,47.418835,0 0.704696,47.420000,0 0.704044,47.420937,0 0.704384,47.421688,0 0.704978,47.421993,0 0.704627,47.422157,0 0.704672,47.422836,0 0.705684,47.422832,0 0.705966,47.422430,0 0.704551,47.421814,0 0.704057,47.421160,0 0.703721,47.421062,0 0.697487,47.423992,0 0.697168,47.425450,0 0.697432,47.425820,0 0.696943,47.426323,0 0.696729,47.428310,0 0.693212,47.428734,0 0.690343,47.428463,0 0.690715,47.430710,0 0.690490,47.431416,0 0.690194,47.431503,0 0.687404,47.430523,0 0.686932,47.430557,0 0.685956,47.432632,0 0.685223,47.435066,0</coordinates>
          </LineString>
          <LineString>
            <tessellate>1</tessellate>
            <coordinates>0.705855,47.422560,0 0.705966,47.422430,0 0.705778,47.422310,0 0.704384,47.421688,0 0.704057,47.421160,0 0.703463,47.420980,0 0.704289,47.420310,0 0.704536,47.419510,0 0.703370,47.415825,0 0.702883,47.413128,0 0.703313,47.409980,0 0.703321,47.407883,0 0.702774,47.404330,0 0.699325,47.397648,0 0.700377,47.392410,0 0.699130,47.391790,0 0.693566,47.391010,0 0.693570,47.390720,0 0.694070,47.390266,0 0.693312,47.389893,0 0.692542,47.390450,0 0.692025,47.390540,0 0.691922,47.390785,0 0.679240,47.389008,0 0.677080,47.392143,0 0.674704,47.391514,0 0.673373,47.394010,0 0.669002,47.392240,0 0.668014,47.392075,0 0.667247,47.394220,0 0.661584,47.393448,0 0.657051,47.391888,0 0.653290,47.391230,0 0.649743,47.390180,0 0.647602,47.389782,0 0.646812,47.389214,0 0.646698,47.388535,0 0.647225,47.387737,0 0.648182,47.387253,0 0.649653,47.387432,0 0.648914,47.388798,0 0.647015,47.394386,0 0.647108,47.395350,0 0.648074,47.397923,0 0.648167,47.399754,0 0.648406,47.400043,0 0.648263,47.400180,0 0.646433,47.399616,0 0.646909,47.398560,0 0.646682,47.398310,0 0.646628,47.398533,0 0.646598,47.398197,0 0.646267,47.398040,0 0.645673,47.398033,0 0.644854,47.399290,0 0.644346,47.399605,0 0.643690,47.399640,0 0.642131,47.399036,0 0.641414,47.398956,0 0.639160,47.400387,0 0.638443,47.400600,0 0.637254,47.400562,0 0.634981,47.399723,0 0.634056,47.399746,0 0.631250,47.401940,0 0.628959,47.402657,0 0.628707,47.403550,0 0.627450,47.404537,0 0.620455,47.407356,0 0.614530,47.408930,0 0.610692,47.411674,0 0.610274,47.412354,0 0.610048,47.412430,0 0.609791,47.412300,0 0.609733,47.411682,0 0.606884,47.407880,0 0.605971,47.408405,0 0.604279,47.407536,0 0.600890,47.406870,0 0.601663,47.406105,0 0.602147,47.404900,0 0.599512,47.404520,0 0.598522,47.404200,0 0.598256,47.404575,0 0.596973,47.405010,0 0.595530,47.405125,0 0.594423,47.406330,0 0.591298,47.407720,0 0.590760,47.410107,0 0.589312,47.412487,0 0.586977,47.412304,0 0.584768,47.411892,0 0.581261,47.412727,0 0.580836,47.413177,0 0.580766,47.413574,0 0.581977,47.415210,0 0.581967,47.415718,0 0.581009,47.416214,0 0.579243,47.418114,0 0.574822,47.421170,0 0.571950,47.421990,0 0.570395,47.422810,0 0.567815,47.422413,0 0.565179,47.422985,0 0.562175,47.423145,0 0.559296,47.424330,0 0.556529,47.424873,0 0.554391,47.425920,0 0.550645,47.427204,0 0.540572,47.431630,0 0.538812,47.432060,0 0.535844,47.433180,0 0.533615,47.434400,0 0.531030,47.435184,0 0.528431,47.436460,0 0.524962,47.436764,0 0.515659,47.438930,0 0.507776,47.441387,0 0.503618,47.442245,0 0.501993,47.442883,0 0.496317,47.444317,0 0.491725,47.444115,0 0.489513,47.444874,0 0.487475,47.445080,0 0.483671,47.444450,0 0.480464,47.444527,0 0.478287,47.445020,0 0.476591,47.446020,0 0.475414,47.446450,0 0.472191,47.446970,0 0.469294,47.447773,0 0.467427,47.447950,0 0.463762,47.447890,0 0.460979,47.448200,0 0.459275,47.448654,0 0.455776,47.450047,0 0.448844,47.451164,0 0.446679,47.451874,0 0.445316,47.451656,0 0.444222,47.451965,0 0.442837,47.450607,0 0.440689,47.449062,0 0.439798,47.448193,0 0.433848,47.445000,0 0.426345,47.437042,0 0.410108,47.430634,0 0.400740,47.426643,0 0.398248,47.426240,0 0.396463,47.425740,0 0.396179,47.425500,0 0.392579,47.425358,0 0.390735,47.425636,0 0.387306,47.425625,0 0.323800,47.444534,0 0.322888,47.444320,0 0.324914,47.442440,0 0.322641,47.442470,0 0.319859,47.442890,0 0.296070,47.426160,0 0.293397,47.426520,0 0.293487,47.427210,0 0.294963,47.426410,0 0.296328,47.425983,0 0.296908,47.423460,0 0.296724,47.423058,0 0.294998,47.422314,0 0.291591,47.418053,0 0.290039,47.416653,0 0.284634,47.413530,0 0.284061,47.412838,0 0.283616,47.411846,0 0.282024,47.410150,0 0.282437,47.407124,0 0.283551,47.404440,0 0.283424,47.401510,0 0.286347,47.396606,0 0.286678,47.395565,0 0.286398,47.394350,0 0.286833,47.394210,0</coordinates>
          </LineString>
          <LineString>
            <tessellate>1</tessellate>
            <coordinates>0.692325,47.390470,0 0.692025,47.390540,0 0.699245,47.391525,0 0.701245,47.392520,0 0.700065,47.393997,0 0.699460,47.397644,0 0.702734,47.404167,0 0.703518,47.409310,0 0.703052,47.413353,0 0.703506,47.415825,0 0.704535,47.418633,0 0.704766,47.418835,0 0.704696,47.420000,0 0.704044,47.420937,0 0.704384,47.421688,0 0.704978,47.421993,0 0.704627,47.422157,0 0.704672,47.422836,0 0.705684,47.422832,0 0.705966,47.422430,0 0.704551,47.421814,0 0.704057,47.421160,0 0.703721,47.421062,0 0.697487,47.423992,0 0.697168,47.425450,0 0.697432,47.425820,0 0.696943,47.426323,0 0.696729,47.428310,0 0.693212,47.428734,0 0.690343,47.428463,0 0.690715,47.430710,0 0.690395,47.431490,0 0.687404,47.430523,0 0.686932,47.430557,0 0.685956,47.432632,0 0.684990,47.435654,0 0.683783,47.436730,0 0.678682,47.435604,0 0.678394,47.435387,0 0.677706,47.434067,0 0.674373,47.433850,0 0.673820,47.432922,0 0.673009,47.430817,0 0.672608,47.430550,0 0.672824,47.430054,0 0.672571,47.427944,0 0.672514,47.425182,0 0.672688,47.423904,0 0.672870,47.423775,0 0.675478,47.424118,0 0.676323,47.420616,0 0.673501,47.420353,0 0.672514,47.425182,0 0.672571,47.427944,0 0.672825,47.429955,0 0.673184,47.430480,0 0.673034,47.430690,0 0.672340,47.430614,0 0.667828,47.431090,0 0.667364,47.431442,0 0.666734,47.432606,0 0.666454,47.432663,0 0.666355,47.432476,0 0.666968,47.431843,0 0.667391,47.431026,0 0.665227,47.430450,0 0.662198,47.428710,0 0.660706,47.428432,0 0.660102,47.428528,0 0.659754,47.428207,0 0.656819,47.426884,0 0.655355,47.426460,0 0.654750,47.426525,0 0.653003,47.427307,0 0.650882,47.428917,0 0.650496,47.429474,0 0.649683,47.429295,0 0.643782,47.429375,0 0.643204,47.429750,0 0.641341,47.433594,0 0.641213,47.434483,0 0.641591,47.436787,0 0.641458,47.437935,0 0.640701,47.439045,0 0.639352,47.439960,0 0.636235,47.440730,0 0.628333,47.441124,0 0.624666,47.441950,0 0.622408,47.442936,0 0.616728,47.446033,0 0.610093,47.448425,0 0.603518,47.451510,0 0.599423,47.452780,0 0.592823,47.454178,0 0.575337,47.459995,0 0.545087,47.474510,0 0.535373,47.465466,0 0.523532,47.454830,0 0.512802,47.446632,0 0.504969,47.441998,0 0.496317,47.444317,0 0.491725,47.444115,0 0.489513,47.444874,0 0.487475,47.445080,0 0.483671,47.444450,0 0.480317,47.444550,0 0.478287,47.445020,0 0.476591,47.446020,0 0.475414,47.446450,0 0.472191,47.446970,0 0.469294,47.447773,0 0.467427,47.447950,0 0.463762,47.447890,0 0.460979,47.448200,0 0.459275,47.448654,0 0.455776,47.450047,0 0.448844,47.451164,0 0.446679,47.451874,0 0.445316,47.451656,0 0.444222,47.451965,0 0.442837,47.450607,0 0.440689,47.449062,0 0.439798,47.448193,0 0.433848,47.445000,0 0.426345,47.437042,0 0.410108,47.430634,0 0.400740,47.426643,0 0.398248,47.426240,0 0.396463,47.425740,0 0.396179,47.425500,0 0.392579,47.425358,0 0.390735,47.425636,0 0.387306,47.425625,0 0.323965,47.444510,0 0.322888,47.444320,0 0.324914,47.442440,0 0.323402,47.442406,0 0.320010,47.442802,0 0.320250,47.444492,0 0.320038,47.445410,0 0.318509,47.447350,0 0.314626,47.448387,0 0.310801,47.450130,0 0.306900,47.453613,0 0.303549,47.456043,0 0.303069,47.456753,0 0.304315,47.460842,0 0.304393,47.463444,0 0.303698,47.466310,0 0.299926,47.471730,0 0.299845,47.472680,0 0.300504,47.476490,0 0.301089,47.477604,0 0.302194,47.478540,0 0.307501,47.480946,0 0.307798,47.481290,0 0.307837,47.482155,0 0.307702,47.482307,0 0.285804,47.481910,0 0.285716,47.481483,0 0.283042,47.479008,0 0.280695,47.475994,0 0.280593,47.475510,0 0.278115,47.476090,0 0.274746,47.476350,0 0.270746,47.475838,0 0.267034,47.476555,0 0.266009,47.478070,0 0.265447,47.479538,0 0.264604,47.480076,0 0.264472,47.481693,0 0.263449,47.480762,0 0.263608,47.480530,0 0.263082,47.479930,0 0.262360,47.477720,0 0.256623,47.466090,0 0.254788,47.463627,0 0.254118,47.462265,0 0.250780,47.458427,0 0.249279,47.456260,0 0.248679,47.454754,0 0.248602,47.453342,0 0.247990,47.450730,0 0.248239,47.450054,0 0.247869,47.449574,0 0.249288,47.448547,0 0.253712,47.446550,0 0.294963,47.426410,0 0.296328,47.425983,0 0.296908,47.423460,0 0.296724,47.423058,0 0.294998,47.422314,0 0.291591,47.418053,0 0.290039,47.416653,0 0.284634,47.413530,0 0.284061,47.412838,0 0.283616,47.411846,0 0.282052,47.410250,0 0.282437,47.407124,0 0.283551,47.404440,0 0.283424,47.401510,0 0.286347,47.396606,0 0.286678,47.395565,0 0.286398,47.394350,0 0.286833,47.394210,0</coordinates>
          </LineString>
        </MultiGeometry>
      </Placemark>
      <Placemark>
        <name>R — Château-la-Vallière - Tours — Ligne régulière hors dimanche</name>
        <description>Groupe horaire : Ligne régulière hors dimanche
Ligne régionale Rémi R. Tracé issu des shapes GTFS officiels fournis.</description>
        <styleUrl>#route_REMI37_Line_304</styleUrl>
        <MultiGeometry>
          <LineString>
            <tessellate>1</tessellate>
            <coordinates>0.692325,47.390470,0 0.692025,47.390540,0 0.699245,47.391525,0 0.701245,47.392520,0 0.700065,47.393997,0 0.699460,47.397644,0 0.702774,47.404330,0 0.703518,47.409310,0 0.703052,47.413353,0 0.703506,47.415825,0 0.704535,47.418633,0 0.704766,47.418835,0 0.704696,47.420000,0 0.704044,47.420937,0 0.704384,47.421688,0 0.705966,47.422430,0 0.705370,47.423424,0 0.705356,47.425007,0 0.705153,47.425550,0 0.705255,47.425770,0 0.705059,47.425850,0 0.704917,47.426483,0 0.704855,47.428070,0 0.703068,47.428387,0 0.702151,47.428234,0 0.696636,47.428314,0 0.693212,47.428734,0 0.690343,47.428463,0 0.690715,47.430710,0 0.690490,47.431416,0 0.690194,47.431503,0 0.687404,47.430523,0 0.686932,47.430557,0 0.685956,47.432632,0 0.684990,47.435654,0 0.684345,47.436356,0 0.683597,47.436714,0 0.678682,47.435604,0 0.678394,47.435387,0 0.677706,47.434067,0 0.674373,47.433850,0 0.673820,47.432922,0 0.673009,47.430817,0 0.672621,47.430584,0 0.672824,47.430054,0 0.672514,47.425182,0 0.672709,47.423763,0 0.675478,47.424118,0 0.676323,47.420616,0 0.673501,47.420353,0 0.672514,47.425182,0 0.672585,47.428090,0 0.672825,47.429955,0 0.673161,47.430600,0 0.667828,47.431090,0 0.667511,47.431250,0 0.666734,47.432606,0 0.666528,47.432680,0 0.666355,47.432476,0 0.666968,47.431843,0 0.667391,47.431026,0 0.665227,47.430450,0 0.662198,47.428710,0 0.660706,47.428432,0 0.660102,47.428528,0 0.659754,47.428207,0 0.656819,47.426884,0 0.655507,47.426476,0 0.654750,47.426525,0 0.653003,47.427307,0 0.650882,47.428917,0 0.650445,47.429485,0 0.649683,47.429295,0 0.646322,47.429317,0 0.643876,47.429350,0 0.643396,47.429543,0 0.642532,47.429140,0 0.640640,47.429226,0 0.636904,47.426690,0 0.635373,47.424824,0 0.634908,47.422916,0 0.635306,47.420048,0 0.635226,47.417583,0 0.633923,47.417892,0 0.632815,47.418613,0 0.631719,47.418610,0 0.631050,47.418133,0 0.630775,47.416718,0 0.630257,47.416195,0 0.626248,47.414207,0 0.622517,47.413030,0 0.620154,47.412685,0 0.615641,47.412437,0 0.612647,47.412300,0 0.611192,47.412605,0 0.610017,47.412426,0 0.608260,47.414000,0 0.606702,47.415680,0 0.606745,47.415874,0 0.606352,47.416020,0 0.603728,47.418674,0 0.602329,47.420624,0 0.599797,47.423580,0 0.596130,47.426410,0 0.592888,47.429844,0 0.591318,47.432056,0 0.589278,47.434290,0 0.587997,47.437553,0 0.587101,47.439180,0 0.586266,47.440170,0 0.586185,47.440628,0 0.585198,47.441040,0 0.583873,47.442074,0 0.582281,47.443920,0 0.580745,47.444780,0 0.579595,47.444820,0 0.577783,47.443798,0 0.577382,47.444016,0 0.576082,47.443720,0 0.575821,47.444214,0 0.575928,47.444633,0 0.575360,47.444840,0 0.576180,47.446217,0 0.576846,47.446682,0 0.575767,47.447144,0 0.570102,47.451866,0 0.565334,47.457397,0 0.576004,47.459373,0 0.576194,47.459710,0 0.574010,47.460564,0 0.545576,47.474270,0 0.545373,47.474575,0 0.545576,47.474873,0 0.552201,47.480900,0 0.543783,47.485237,0 0.542754,47.485943,0 0.537856,47.483353,0 0.531216,47.482830,0 0.530506,47.481506,0 0.527334,47.482895,0 0.488311,47.494457,0 0.465647,47.503773,0 0.464568,47.507230,0 0.461801,47.510498,0 0.461458,47.511310,0 0.461504,47.512050,0 0.462088,47.513440,0 0.462048,47.515460,0 0.462844,47.517360,0 0.462803,47.521175,0 0.462952,47.522270,0 0.457901,47.524110,0 0.456195,47.526592,0 0.455141,47.526350,0 0.450836,47.526190,0 0.448298,47.525730,0 0.443867,47.525406,0 0.442349,47.525536,0 0.434436,47.527443,0 0.432678,47.527180,0 0.429477,47.526320,0 0.422008,47.526180,0 0.417458,47.525448,0 0.416446,47.525510,0 0.415114,47.525894,0 0.407825,47.526768,0 0.403522,47.526170,0 0.401786,47.524710,0 0.399943,47.523613,0 0.394505,47.522870,0 0.394226,47.522800,0 0.394285,47.522650,0 0.394459,47.522785,0 0.384114,47.526505,0 0.380725,47.527508,0 0.377188,47.528996,0 0.372272,47.531660,0 0.370864,47.532190,0 0.359827,47.535088,0 0.351346,47.538000,0 0.340879,47.541206,0 0.339642,47.541885,0 0.338995,47.541702,0 0.334726,47.541664,0 0.332614,47.541910,0 0.331164,47.542320,0 0.322651,47.546160,0 0.321149,47.547306,0 0.320350,47.549890,0 0.322728,47.551456,0 0.322951,47.551970,0 0.324763,47.553116,0 0.331063,47.555220,0 0.331859,47.555916,0 0.331859,47.556300,0 0.332304,47.556843,0 0.337401,47.560580,0 0.340462,47.563557,0 0.342057,47.563877,0 0.343173,47.564445,0 0.353752,47.565350,0 0.374392,47.567513,0 0.383194,47.569157,0 0.386387,47.570060,0 0.391848,47.568836,0 0.394762,47.567398,0</coordinates>
          </LineString>
          <LineString>
            <tessellate>1</tessellate>
            <coordinates>0.635193,47.399803,0 0.637254,47.400562,0 0.638053,47.400642,0 0.639160,47.400387,0 0.641414,47.398956,0 0.642131,47.399036,0 0.643785,47.399654,0 0.644346,47.399605,0 0.644854,47.399290,0 0.645678,47.398006,0 0.645330,47.396595,0 0.645357,47.395676,0 0.646181,47.395490,0 0.646535,47.395103,0 0.648390,47.389780,0 0.648631,47.388500,0 0.648498,47.387623,0 0.648216,47.387333,0 0.647448,47.387665,0 0.646821,47.388470,0 0.646951,47.389250,0 0.647654,47.389720,0 0.649779,47.390110,0 0.653343,47.391167,0 0.657157,47.391840,0 0.661332,47.393303,0 0.671295,47.394855,0 0.671734,47.393665,0 0.672370,47.392810,0 0.678083,47.393982,0 0.678747,47.392690,0 0.680120,47.392030,0 0.681455,47.390648,0 0.682150,47.390580,0 0.682826,47.389250,0 0.688167,47.390000,0 0.688957,47.389755,0 0.689490,47.389890,0 0.689644,47.390200,0 0.693550,47.390750,0 0.694070,47.390266,0 0.693312,47.389893,0 0.692542,47.390450,0 0.692025,47.390540,0 0.699245,47.391525,0 0.701245,47.392520,0 0.700065,47.393997,0 0.699460,47.397644,0 0.702734,47.404167,0 0.703518,47.409310,0 0.703052,47.413353,0 0.703506,47.415825,0 0.704535,47.418633,0 0.704766,47.418835,0 0.704696,47.420000,0 0.704044,47.420937,0 0.704384,47.421688,0 0.705966,47.422430,0 0.705370,47.423424,0 0.705356,47.425007,0 0.705153,47.425550,0 0.705255,47.425770,0 0.705059,47.425850,0 0.704917,47.426483,0 0.704855,47.428070,0 0.703068,47.428387,0 0.702151,47.428234,0 0.696636,47.428314,0 0.693212,47.428734,0 0.690343,47.428463,0 0.690715,47.430710,0 0.690490,47.431416,0 0.690194,47.431503,0 0.687404,47.430523,0 0.686932,47.430557,0 0.685956,47.432632,0 0.684990,47.435654,0 0.684345,47.436356,0 0.683597,47.436714,0 0.678682,47.435604,0 0.678394,47.435387,0 0.677706,47.434067,0 0.674373,47.433850,0 0.673820,47.432922,0 0.673009,47.430817,0 0.672621,47.430584,0 0.672824,47.430054,0 0.672514,47.425182,0 0.672709,47.423763,0 0.675478,47.424118,0 0.676323,47.420616,0 0.673501,47.420353,0 0.672514,47.425182,0 0.672585,47.428090,0 0.672825,47.429955,0 0.673161,47.430600,0 0.667828,47.431090,0 0.667511,47.431250,0 0.666734,47.432606,0 0.666528,47.432680,0 0.666355,47.432476,0 0.666968,47.431843,0 0.667391,47.431026,0 0.665227,47.430450,0 0.662198,47.428710,0 0.660706,47.428432,0 0.660102,47.428528,0 0.659754,47.428207,0 0.656819,47.426884,0 0.655507,47.426476,0 0.654750,47.426525,0 0.653003,47.427307,0 0.650882,47.428917,0 0.650445,47.429485,0 0.649683,47.429295,0 0.646322,47.429317,0 0.643876,47.429350,0 0.643396,47.429543,0 0.642532,47.429140,0 0.640640,47.429226,0 0.636904,47.426690,0 0.635373,47.424824,0 0.634908,47.422916,0 0.635306,47.420048,0 0.635226,47.417583,0 0.633923,47.417892,0 0.632815,47.418613,0 0.631719,47.418610,0 0.631050,47.418133,0 0.630775,47.416718,0 0.630257,47.416195,0 0.626248,47.414207,0 0.622517,47.413030,0 0.620154,47.412685,0 0.615641,47.412437,0 0.612647,47.412300,0 0.611192,47.412605,0 0.610017,47.412426,0 0.608260,47.414000,0 0.606702,47.415680,0 0.606745,47.415874,0 0.606352,47.416020,0 0.603728,47.418674,0 0.602329,47.420624,0 0.599797,47.423580,0 0.596130,47.426410,0 0.592888,47.429844,0 0.591318,47.432056,0 0.589278,47.434290,0 0.587997,47.437553,0 0.587101,47.439180,0 0.586266,47.440170,0 0.586185,47.440628,0 0.585198,47.441040,0 0.583873,47.442074,0 0.582281,47.443920,0 0.580745,47.444780,0 0.579595,47.444820,0 0.577783,47.443798,0 0.577382,47.444016,0 0.576082,47.443720,0 0.575821,47.444214,0 0.575928,47.444633,0 0.575360,47.444840,0 0.576180,47.446217,0 0.576846,47.446682,0 0.575767,47.447144,0 0.570102,47.451866,0 0.565334,47.457397,0 0.576004,47.459373,0 0.576194,47.459710,0 0.574010,47.460564,0 0.545576,47.474270,0 0.545373,47.474575,0 0.545576,47.474873,0 0.552201,47.480900,0 0.543783,47.485237,0 0.542754,47.485943,0 0.537856,47.483353,0 0.531216,47.482830,0 0.530506,47.481506,0 0.527334,47.482895,0 0.488311,47.494457,0 0.465647,47.503773,0 0.464568,47.507230,0 0.461801,47.510498,0 0.461458,47.511310,0 0.461504,47.512050,0 0.462088,47.513440,0 0.462048,47.515460,0 0.462844,47.517360,0 0.462803,47.521175,0 0.462952,47.522270,0 0.457901,47.524110,0 0.456195,47.526592,0 0.455141,47.526350,0 0.450836,47.526190,0 0.448298,47.525730,0 0.443867,47.525406,0 0.442349,47.525536,0 0.434436,47.527443,0 0.432678,47.527180,0 0.429477,47.526320,0 0.422008,47.526180,0 0.417458,47.525448,0 0.416446,47.525510,0 0.415114,47.525894,0 0.407825,47.526768,0 0.403522,47.526170,0 0.401786,47.524710,0 0.399943,47.523613,0 0.394505,47.522870,0 0.394226,47.522800,0 0.394285,47.522650,0 0.394459,47.522785,0 0.384114,47.526505,0 0.380725,47.527508,0 0.377188,47.528996,0 0.372272,47.531660,0 0.370864,47.532190,0 0.359827,47.535088,0 0.351346,47.538000,0 0.340879,47.541206,0 0.339642,47.541885,0 0.338995,47.541702,0 0.334726,47.541664,0 0.332614,47.541910,0 0.331164,47.542320,0 0.322651,47.546160,0 0.321149,47.547306,0 0.320350,47.549890,0 0.322728,47.551456,0 0.322951,47.551970,0 0.324763,47.553116,0 0.331063,47.555220,0 0.331859,47.555916,0 0.331859,47.556300,0 0.332304,47.556843,0 0.337401,47.560580,0 0.340462,47.563557,0 0.342057,47.563877,0 0.343173,47.564445,0 0.353752,47.565350,0 0.374392,47.567513,0 0.383194,47.569157,0 0.386387,47.570060,0 0.391848,47.568836,0 0.394762,47.567398,0</coordinates>
          </LineString>
          <LineString>
            <tessellate>1</tessellate>
            <coordinates>0.394829,47.567360,0 0.391848,47.568836,0 0.386387,47.570060,0 0.383194,47.569157,0 0.374392,47.567513,0 0.353752,47.565350,0 0.343173,47.564445,0 0.342057,47.563877,0 0.340462,47.563557,0 0.337401,47.560580,0 0.334434,47.558277,0 0.331304,47.556187,0 0.331210,47.555992,0 0.331395,47.555700,0 0.331063,47.555220,0 0.324763,47.553116,0 0.322951,47.551970,0 0.322728,47.551456,0 0.318854,47.548950,0 0.321030,47.547653,0 0.321212,47.547240,0 0.322651,47.546160,0 0.331529,47.542190,0 0.333884,47.541664,0 0.338561,47.541603,0 0.340879,47.541206,0 0.351346,47.538000,0 0.359827,47.535088,0 0.370864,47.532190,0 0.372272,47.531660,0 0.377665,47.528770,0 0.381044,47.527386,0 0.384148,47.525673,0 0.384721,47.526287,0 0.393838,47.523033,0 0.394285,47.522650,0 0.394505,47.522870,0 0.399943,47.523613,0 0.401786,47.524710,0 0.403522,47.526170,0 0.407825,47.526768,0 0.415114,47.525894,0 0.416446,47.525510,0 0.417458,47.525448,0 0.422008,47.526180,0 0.429477,47.526320,0 0.432678,47.527180,0 0.434436,47.527443,0 0.442349,47.525536,0 0.443867,47.525406,0 0.448298,47.525730,0 0.450836,47.526190,0 0.455141,47.526350,0 0.456195,47.526592,0 0.457901,47.524110,0 0.462952,47.522270,0 0.462803,47.521175,0 0.462844,47.517360,0 0.462048,47.515460,0 0.462088,47.513440,0 0.461504,47.512050,0 0.461458,47.511310,0 0.461801,47.510498,0 0.464568,47.507230,0 0.465647,47.503773,0 0.488311,47.494457,0 0.527334,47.482895,0 0.530506,47.481506,0 0.531216,47.482830,0 0.537856,47.483353,0 0.542754,47.485943,0 0.543783,47.485237,0 0.552201,47.480900,0 0.545035,47.474450,0 0.575997,47.459625,0 0.575726,47.459370,0 0.565334,47.457397,0 0.570102,47.451866,0 0.575378,47.447450,0 0.576847,47.446500,0 0.577163,47.445988,0 0.579595,47.444820,0 0.577783,47.443798,0 0.578119,47.443386,0 0.579204,47.443886,0 0.579870,47.443977,0 0.580454,47.443424,0 0.581116,47.443390,0 0.581089,47.444060,0 0.581406,47.444520,0 0.582710,47.443540,0 0.583958,47.442000,0 0.585389,47.440907,0 0.586185,47.440628,0 0.586266,47.440170,0 0.587101,47.439180,0 0.587997,47.437553,0 0.589278,47.434290,0 0.591318,47.432056,0 0.592888,47.429844,0 0.596130,47.426410,0 0.599797,47.423580,0 0.602329,47.420624,0 0.603553,47.418870,0 0.606494,47.415890,0 0.606453,47.415714,0 0.606938,47.415493,0 0.609696,47.412580,0 0.609949,47.412070,0 0.610925,47.412598,0 0.612647,47.412300,0 0.619495,47.412636,0 0.621362,47.412820,0 0.623983,47.413387,0 0.626248,47.414207,0 0.630359,47.416260,0 0.630810,47.416805,0 0.631050,47.418133,0 0.631952,47.418663,0 0.632815,47.418613,0 0.634047,47.417840,0 0.636569,47.417274,0 0.635460,47.419903,0 0.635048,47.422573,0 0.635270,47.424267,0 0.636048,47.425650,0 0.637198,47.426770,0 0.639389,47.428123,0 0.641204,47.428852,0 0.642873,47.429140,0 0.643488,47.429060,0 0.643881,47.429253,0 0.649935,47.429222,0 0.650712,47.428944,0 0.652893,47.427280,0 0.655141,47.426098,0 0.656536,47.426666,0 0.657474,47.426790,0 0.657952,47.427270,0 0.659691,47.428060,0 0.662695,47.428783,0 0.665523,47.430450,0 0.666981,47.430850,0 0.667857,47.430855,0 0.667874,47.431050,0 0.667511,47.431250,0 0.666734,47.432606,0 0.666528,47.432680,0 0.666355,47.432476,0 0.666968,47.431843,0 0.667547,47.430794,0 0.668981,47.430935,0 0.672837,47.430320,0 0.673842,47.430504,0 0.678281,47.429970,0 0.678797,47.429676,0 0.679344,47.429920,0 0.687002,47.430202,0 0.689725,47.431267,0 0.690403,47.431230,0 0.691023,47.431736,0 0.693143,47.432392,0 0.696957,47.432080,0 0.697384,47.431664,0 0.696636,47.428314,0 0.696611,47.427486,0 0.697375,47.423958,0 0.698243,47.423620,0 0.697345,47.424053,0 0.698727,47.423140,0 0.703328,47.421060,0 0.704129,47.420498,0 0.704511,47.419840,0 0.704476,47.419083,0 0.704283,47.418884,0 0.704330,47.418610,0 0.703314,47.415604,0 0.702883,47.413128,0 0.703313,47.409980,0 0.703321,47.407883,0 0.702734,47.404167,0 0.699327,47.397663,0 0.700377,47.392410,0 0.699130,47.391790,0 0.693566,47.391010,0 0.693570,47.390720,0 0.694070,47.390266,0 0.693312,47.389893,0 0.692325,47.390470,0</coordinates>
          </LineString>
          <LineString>
            <tessellate>1</tessellate>
            <coordinates>0.394829,47.567360,0 0.391848,47.568836,0 0.386387,47.570060,0 0.383194,47.569157,0 0.374392,47.567513,0 0.353752,47.565350,0 0.343173,47.564445,0 0.342057,47.563877,0 0.340462,47.563557,0 0.337401,47.560580,0 0.334434,47.558277,0 0.331304,47.556187,0 0.331210,47.555992,0 0.331395,47.555700,0 0.331063,47.555220,0 0.324763,47.553116,0 0.322951,47.551970,0 0.322728,47.551456,0 0.318897,47.548992,0 0.316512,47.546513,0 0.315985,47.545410,0 0.314800,47.544052,0 0.313745,47.541733,0 0.314068,47.540173,0 0.313393,47.537660,0 0.309711,47.535550,0 0.305898,47.532860,0 0.298222,47.524185,0 0.285582,47.513840,0 0.281951,47.512180,0 0.280816,47.511387,0 0.278992,47.510536,0 0.275137,47.509663,0 0.273196,47.508858,0 0.268910,47.508385,0 0.266949,47.507374,0 0.265873,47.507095,0 0.263789,47.505610,0 0.262757,47.505190,0 0.261229,47.503970,0 0.260570,47.503708,0 0.260019,47.502970,0 0.258696,47.501873,0 0.255916,47.501583,0 0.257640,47.506980,0 0.257832,47.507040,0 0.256230,47.508675,0 0.247748,47.512142,0 0.245137,47.514465,0 0.244766,47.515080,0 0.245854,47.524210,0 0.245330,47.525543,0 0.245276,47.526638,0 0.243592,47.529316,0 0.243770,47.532047,0 0.242061,47.536320,0 0.240568,47.537796,0 0.241308,47.538900,0 0.240899,47.540577,0 0.241611,47.542330,0 0.240781,47.544025,0 0.240647,47.544750,0 0.241881,47.545883,0 0.242219,47.546830,0 0.241852,47.547860,0 0.241021,47.548653,0 0.240466,47.549747,0 0.240896,47.550404,0 0.244050,47.551395,0 0.244007,47.552320,0 0.244349,47.553947,0 0.244711,47.554295,0 0.247108,47.554585,0 0.249108,47.555077,0 0.249885,47.554794,0 0.250941,47.554935,0 0.251853,47.555405,0 0.252941,47.556747,0 0.253671,47.557083,0 0.258135,47.557205,0 0.258851,47.556910,0 0.259650,47.556130,0 0.261192,47.555490,0 0.262976,47.555210,0 0.267863,47.553660,0 0.270910,47.553177,0 0.279668,47.550550,0 0.284069,47.548637,0 0.288359,47.547370,0 0.288520,47.547054,0 0.305885,47.550446,0 0.306986,47.550426,0 0.307142,47.550587,0 0.306938,47.550960,0 0.307008,47.551422,0 0.307818,47.552464,0 0.309908,47.553493,0 0.310839,47.553608,0 0.310935,47.553883,0 0.309916,47.554200,0 0.294265,47.563423,0 0.298846,47.566505,0 0.300376,47.567310,0 0.302593,47.568947,0 0.307436,47.571125,0 0.307999,47.571730,0 0.309215,47.574360,0 0.309515,47.574660,0 0.310489,47.575200,0 0.312629,47.575817,0 0.313283,47.576363,0 0.312622,47.576090,0 0.312629,47.575817,0 0.313418,47.574920,0 0.313930,47.573380,0 0.316371,47.571472,0 0.315925,47.570454,0 0.316626,47.569485,0 0.316558,47.568066,0 0.316794,47.566265,0 0.317700,47.563335,0 0.318361,47.562283,0 0.319890,47.561050,0 0.320658,47.559574,0 0.320749,47.558365,0 0.321113,47.557102,0 0.319823,47.551826,0 0.319151,47.550705,0 0.317569,47.549694,0 0.321030,47.547653,0 0.321344,47.547134,0</coordinates>
          </LineString>
          <LineString>
            <tessellate>1</tessellate>
            <coordinates>0.692325,47.390470,0 0.692025,47.390540,0 0.699245,47.391525,0 0.701245,47.392520,0 0.700065,47.393997,0 0.699460,47.397644,0 0.702774,47.404330,0 0.703518,47.409310,0 0.703052,47.413353,0 0.703506,47.415825,0 0.704535,47.418633,0 0.704766,47.418835,0 0.704696,47.420000,0 0.704044,47.420937,0 0.704384,47.421688,0 0.705966,47.422430,0 0.705370,47.423424,0 0.705356,47.425007,0 0.705153,47.425550,0 0.705255,47.425770,0 0.705059,47.425850,0 0.704917,47.426483,0 0.704855,47.428070,0 0.703068,47.428387,0 0.702151,47.428234,0 0.696636,47.428314,0 0.693212,47.428734,0 0.690343,47.428463,0 0.690715,47.430710,0 0.690490,47.431416,0 0.690194,47.431503,0 0.687404,47.430523,0 0.686932,47.430557,0 0.685956,47.432632,0 0.684990,47.435654,0 0.684345,47.436356,0 0.683597,47.436714,0 0.678682,47.435604,0 0.678394,47.435387,0 0.677706,47.434067,0 0.674373,47.433850,0 0.673820,47.432922,0 0.673009,47.430817,0 0.672588,47.430630,0 0.667674,47.431140,0 0.666890,47.432133,0 0.666734,47.432606,0 0.666454,47.432663,0 0.666355,47.432476,0 0.666968,47.431843,0 0.667391,47.431026,0 0.665227,47.430450,0 0.662198,47.428710,0 0.660706,47.428432,0 0.660102,47.428528,0 0.659754,47.428207,0 0.656819,47.426884,0 0.655507,47.426476,0 0.654750,47.426525,0 0.653003,47.427307,0 0.650882,47.428917,0 0.650445,47.429485,0 0.649683,47.429295,0 0.646322,47.429317,0 0.643876,47.429350,0 0.643396,47.429543,0 0.642532,47.429140,0 0.640640,47.429226,0 0.636904,47.426690,0 0.635373,47.424824,0 0.634908,47.422916,0 0.635306,47.420048,0 0.635226,47.417583,0 0.633923,47.417892,0 0.632815,47.418613,0 0.631719,47.418610,0 0.631050,47.418133,0 0.630775,47.416718,0 0.630257,47.416195,0 0.626248,47.414207,0 0.622517,47.413030,0 0.620154,47.412685,0 0.615641,47.412437,0 0.612647,47.412300,0 0.611192,47.412605,0 0.610017,47.412426,0 0.608260,47.414000,0 0.606702,47.415680,0 0.606745,47.415874,0 0.606352,47.416020,0 0.603728,47.418674,0 0.602329,47.420624,0 0.599797,47.423580,0 0.596130,47.426410,0 0.592888,47.429844,0 0.591318,47.432056,0 0.589278,47.434290,0 0.587997,47.437553,0 0.587101,47.439180,0 0.586266,47.440170,0 0.586185,47.440628,0 0.585198,47.441040,0 0.583873,47.442074,0 0.582281,47.443920,0 0.580745,47.444780,0 0.579595,47.444820,0 0.577783,47.443798,0 0.577382,47.444016,0 0.576082,47.443720,0 0.575821,47.444214,0 0.575928,47.444633,0 0.575360,47.444840,0 0.576180,47.446217,0 0.576846,47.446682,0 0.575767,47.447144,0 0.570102,47.451866,0 0.565334,47.457397,0 0.576004,47.459373,0 0.576194,47.459710,0 0.574010,47.460564,0 0.545576,47.474270,0 0.545373,47.474575,0 0.545576,47.474873,0 0.552201,47.480900,0 0.543783,47.485237,0 0.542754,47.485943,0 0.537856,47.483353,0 0.531216,47.482830,0 0.530506,47.481506,0 0.527334,47.482895,0 0.488311,47.494457,0 0.465647,47.503773,0 0.464568,47.507230,0 0.461801,47.510498,0 0.461458,47.511310,0 0.461504,47.512050,0 0.462088,47.513440,0 0.462048,47.515460,0 0.462844,47.517360,0 0.462803,47.521175,0 0.462952,47.522270,0 0.457901,47.524110,0 0.456195,47.526592,0 0.455141,47.526350,0 0.450836,47.526190,0 0.448298,47.525730,0 0.443867,47.525406,0 0.442349,47.525536,0 0.434436,47.527443,0 0.432678,47.527180,0 0.429477,47.526320,0 0.422008,47.526180,0 0.417458,47.525448,0 0.416446,47.525510,0 0.415114,47.525894,0 0.407825,47.526768,0 0.403522,47.526170,0 0.401786,47.524710,0 0.399943,47.523613,0 0.394505,47.522870,0 0.394226,47.522800,0 0.394285,47.522650,0 0.394459,47.522785,0 0.384114,47.526505,0 0.380725,47.527508,0 0.377188,47.528996,0 0.372272,47.531660,0 0.370864,47.532190,0 0.359827,47.535088,0 0.351346,47.538000,0 0.340879,47.541206,0 0.339642,47.541885,0 0.338995,47.541702,0 0.334726,47.541664,0 0.332614,47.541910,0 0.331164,47.542320,0 0.322651,47.546160,0 0.321149,47.547306,0 0.320350,47.549890,0 0.322728,47.551456,0 0.322951,47.551970,0 0.324763,47.553116,0 0.331063,47.555220,0 0.331859,47.555916,0 0.331859,47.556300,0 0.332304,47.556843,0 0.337401,47.560580,0 0.340462,47.563557,0 0.342057,47.563877,0 0.343173,47.564445,0 0.353752,47.565350,0 0.374392,47.567513,0 0.383194,47.569157,0 0.386387,47.570060,0 0.392459,47.568714,0 0.396090,47.568290,0 0.395199,47.567146,0 0.391848,47.568836,0 0.386387,47.570060,0 0.383194,47.569157,0 0.374392,47.567513,0 0.353752,47.565350,0 0.343173,47.564445,0 0.342057,47.563877,0 0.340462,47.563557,0 0.337401,47.560580,0 0.331109,47.556010,0 0.324313,47.555016,0 0.317565,47.555283,0 0.315759,47.555187,0 0.313250,47.554750,0 0.310822,47.553978,0 0.309916,47.554200,0 0.294265,47.563423,0 0.298846,47.566505,0 0.300376,47.567310,0 0.302593,47.568947,0 0.307436,47.571125,0 0.307999,47.571730,0 0.309215,47.574360,0 0.309515,47.574660,0 0.310489,47.575200,0 0.312629,47.575817,0 0.312622,47.576090,0 0.313223,47.576366,0 0.313383,47.576330,0 0.312629,47.575817,0 0.310489,47.575200,0 0.309515,47.574660,0 0.309215,47.574360,0 0.307999,47.571730,0 0.307436,47.571125,0 0.302593,47.568947,0 0.300376,47.567310,0 0.298846,47.566505,0 0.294265,47.563423,0 0.310205,47.553960,0 0.310147,47.553640,0 0.307818,47.552464,0 0.307256,47.551876,0 0.306715,47.550846,0 0.306293,47.550570,0 0.288520,47.547054,0 0.288359,47.547370,0 0.284069,47.548637,0 0.279668,47.550550,0 0.270910,47.553177,0 0.267863,47.553660,0 0.262976,47.555210,0 0.261192,47.555490,0 0.259650,47.556130,0 0.258851,47.556910,0 0.258135,47.557205,0 0.253671,47.557083,0 0.252941,47.556747,0 0.251853,47.555405,0 0.250941,47.554935,0 0.249885,47.554794,0 0.249108,47.555077,0 0.247108,47.554585,0 0.244711,47.554295,0 0.244349,47.553947,0 0.244007,47.552320,0 0.244050,47.551395,0 0.240896,47.550404,0 0.240466,47.549747,0 0.241021,47.548653,0 0.241852,47.547860,0 0.242219,47.546830,0 0.241881,47.545883,0 0.240647,47.544750,0 0.240781,47.544025,0 0.241611,47.542330,0 0.240899,47.540577,0 0.241308,47.538900,0 0.240568,47.537796,0 0.242061,47.536320,0 0.243770,47.532047,0 0.243592,47.529316,0 0.245276,47.526638,0 0.245330,47.525543,0 0.245854,47.524210,0 0.244699,47.515266,0 0.245137,47.514465,0 0.247748,47.512142,0 0.256137,47.508730,0 0.257583,47.507095,0</coordinates>
          </LineString>
          <LineString>
            <tessellate>1</tessellate>
            <coordinates>0.692325,47.390470,0 0.692025,47.390540,0 0.699245,47.391525,0 0.701245,47.392520,0 0.700065,47.393997,0 0.699460,47.397644,0 0.702734,47.404167,0 0.703452,47.408283,0 0.703497,47.409700,0 0.703052,47.413353,0 0.703506,47.415825,0 0.704535,47.418633,0 0.704766,47.418835,0 0.704696,47.420000,0 0.704285,47.420660,0 0.703721,47.421062,0 0.697375,47.423958,0 0.698243,47.423620,0 0.697445,47.424050,0 0.697168,47.425450,0 0.697432,47.425820,0 0.697009,47.426113,0 0.696679,47.427876,0 0.697526,47.431644,0 0.697784,47.431934,0 0.697672,47.432140,0 0.693272,47.432476,0 0.687250,47.430492,0 0.679096,47.429977,0 0.672926,47.430714,0 0.672340,47.430614,0 0.667828,47.431090,0 0.667511,47.431250,0 0.666734,47.432606,0 0.666528,47.432680,0 0.666355,47.432476,0 0.666968,47.431843,0 0.667391,47.431026,0 0.665227,47.430450,0 0.662198,47.428710,0 0.660706,47.428432,0 0.660102,47.428528,0 0.659754,47.428207,0 0.656819,47.426884,0 0.655355,47.426460,0 0.654750,47.426525,0 0.653003,47.427307,0 0.650882,47.428917,0 0.650445,47.429485,0 0.649683,47.429295,0 0.646322,47.429317,0 0.643876,47.429350,0 0.643396,47.429543,0 0.642532,47.429140,0 0.640640,47.429226,0 0.636904,47.426690,0 0.635373,47.424824,0 0.634908,47.422916,0 0.635306,47.420048,0 0.635226,47.417583,0 0.633923,47.417892,0 0.632815,47.418613,0 0.631719,47.418610,0 0.631050,47.418133,0 0.630775,47.416718,0 0.630257,47.416195,0 0.626248,47.414207,0 0.622517,47.413030,0 0.620154,47.412685,0 0.615641,47.412437,0 0.612647,47.412300,0 0.611192,47.412605,0 0.610017,47.412426,0 0.608260,47.414000,0 0.606702,47.415680,0 0.606745,47.415874,0 0.606352,47.416020,0 0.603728,47.418674,0 0.602329,47.420624,0 0.599797,47.423580,0 0.596130,47.426410,0 0.592888,47.429844,0 0.591318,47.432056,0 0.589278,47.434290,0 0.587997,47.437553,0 0.587101,47.439180,0 0.586266,47.440170,0 0.586185,47.440628,0 0.585198,47.441040,0 0.583873,47.442074,0 0.582281,47.443920,0 0.580745,47.444780,0 0.579595,47.444820,0 0.577783,47.443798,0 0.577382,47.444016,0 0.576082,47.443720,0 0.575821,47.444214,0 0.575928,47.444633,0 0.575360,47.444840,0 0.576180,47.446217,0 0.576846,47.446682,0 0.575767,47.447144,0 0.570102,47.451866,0 0.565334,47.457397,0 0.576004,47.459373,0 0.576194,47.459710,0 0.574010,47.460564,0 0.545432,47.474407,0 0.545576,47.474873,0 0.552201,47.480900,0 0.543783,47.485237,0 0.542754,47.485943,0 0.537856,47.483353,0 0.531216,47.482830,0 0.530506,47.481506,0 0.527334,47.482895,0 0.488311,47.494457,0 0.465647,47.503773,0 0.464568,47.507230,0 0.461801,47.510498,0 0.461458,47.511310,0 0.461504,47.512050,0 0.462088,47.513440,0 0.462048,47.515460,0 0.462844,47.517360,0 0.462803,47.521175,0 0.462952,47.522270,0 0.457901,47.524110,0 0.456195,47.526592,0 0.455141,47.526350,0 0.450836,47.526190,0 0.448298,47.525730,0 0.443867,47.525406,0 0.442349,47.525536,0 0.434436,47.527443,0 0.432678,47.527180,0 0.429477,47.526320,0 0.422008,47.526180,0 0.417458,47.525448,0 0.416446,47.525510,0 0.415114,47.525894,0 0.407825,47.526768,0 0.403522,47.526170,0 0.401786,47.524710,0 0.399943,47.523613,0 0.394505,47.522870,0 0.394226,47.522800,0 0.394285,47.522650,0 0.394459,47.522785,0 0.384114,47.526505,0 0.380725,47.527508,0 0.377188,47.528996,0 0.371332,47.532040,0 0.359827,47.535088,0 0.351346,47.538000,0 0.340879,47.541206,0 0.339642,47.541885,0 0.338995,47.541702,0 0.335271,47.541640,0 0.333238,47.541805,0 0.331529,47.542190,0 0.322651,47.546160,0 0.321342,47.547134,0</coordinates>
          </LineString>
          <LineString>
            <tessellate>1</tessellate>
            <coordinates>0.321342,47.547134,0 0.321030,47.547653,0 0.317569,47.549694,0 0.319151,47.550705,0 0.319823,47.551826,0 0.321113,47.557102,0 0.320749,47.558365,0 0.320658,47.559574,0 0.319890,47.561050,0 0.318361,47.562283,0 0.317700,47.563335,0 0.316794,47.566265,0 0.316558,47.568066,0 0.316626,47.569485,0 0.315925,47.570454,0 0.316371,47.571472,0 0.313930,47.573380,0 0.313418,47.574920,0 0.312629,47.575817,0 0.312622,47.576090,0 0.313283,47.576363,0 0.312629,47.575817,0 0.310489,47.575200,0 0.309515,47.574660,0 0.309215,47.574360,0 0.307999,47.571730,0 0.307436,47.571125,0 0.302593,47.568947,0 0.300376,47.567310,0 0.298846,47.566505,0 0.294265,47.563423,0 0.310205,47.553960,0 0.310147,47.553640,0 0.307818,47.552464,0 0.307256,47.551876,0 0.306715,47.550846,0 0.306293,47.550570,0 0.288520,47.547054,0 0.288359,47.547370,0 0.284069,47.548637,0 0.279668,47.550550,0 0.270910,47.553177,0 0.267863,47.553660,0 0.262976,47.555210,0 0.261192,47.555490,0 0.259650,47.556130,0 0.258851,47.556910,0 0.258135,47.557205,0 0.253671,47.557083,0 0.252941,47.556747,0 0.251853,47.555405,0 0.250941,47.554935,0 0.249885,47.554794,0 0.249108,47.555077,0 0.247108,47.554585,0 0.244605,47.554245,0 0.244349,47.553947,0 0.244029,47.552490,0 0.244050,47.551395,0 0.240896,47.550404,0 0.240466,47.549747,0 0.241021,47.548653,0 0.241852,47.547860,0 0.242219,47.546830,0 0.241881,47.545883,0 0.240647,47.544750,0 0.240781,47.544025,0 0.241611,47.542330,0 0.240899,47.540577,0 0.241308,47.538900,0 0.240568,47.537796,0 0.242061,47.536320,0 0.243770,47.532047,0 0.243592,47.529316,0 0.245276,47.526638,0 0.245330,47.525543,0 0.245854,47.524210,0 0.244699,47.515266,0 0.245137,47.514465,0 0.247748,47.512142,0 0.256137,47.508730,0 0.257583,47.507095,0</coordinates>
          </LineString>
          <LineString>
            <tessellate>1</tessellate>
            <coordinates>0.692325,47.390470,0 0.692025,47.390540,0 0.699245,47.391525,0 0.701245,47.392520,0 0.700065,47.393997,0 0.699460,47.397644,0 0.702774,47.404330,0 0.703518,47.409310,0 0.703052,47.413353,0 0.703506,47.415825,0 0.704535,47.418633,0 0.704766,47.418835,0 0.704696,47.420000,0 0.704044,47.420937,0 0.704384,47.421688,0 0.705966,47.422430,0 0.705370,47.423424,0 0.705356,47.425007,0 0.705153,47.425550,0 0.705255,47.425770,0 0.705059,47.425850,0 0.704917,47.426483,0 0.704855,47.428070,0 0.703068,47.428387,0 0.702151,47.428234,0 0.696636,47.428314,0 0.693212,47.428734,0 0.690343,47.428463,0 0.690716,47.430790,0 0.690331,47.431507,0 0.687404,47.430523,0 0.686355,47.430367,0 0.679096,47.429977,0 0.672926,47.430714,0 0.672340,47.430614,0 0.667828,47.431090,0 0.667511,47.431250,0 0.666734,47.432606,0 0.666528,47.432680,0 0.666355,47.432476,0 0.666968,47.431843,0 0.667391,47.431026,0 0.665227,47.430450,0 0.662198,47.428710,0 0.660706,47.428432,0 0.660102,47.428528,0 0.659754,47.428207,0 0.656819,47.426884,0 0.655507,47.426476,0 0.654750,47.426525,0 0.653003,47.427307,0 0.650882,47.428917,0 0.650445,47.429485,0 0.649683,47.429295,0 0.646322,47.429317,0 0.643876,47.429350,0 0.643396,47.429543,0 0.642441,47.429130,0 0.640810,47.429264,0 0.640259,47.429047,0 0.636904,47.426690,0 0.635373,47.424824,0 0.634908,47.422916,0 0.635306,47.420048,0 0.635226,47.417583,0 0.633923,47.417892,0 0.632815,47.418613,0 0.631719,47.418610,0 0.631050,47.418133,0 0.630775,47.416718,0 0.630257,47.416195,0 0.626248,47.414207,0 0.622517,47.413030,0 0.620154,47.412685,0 0.615641,47.412437,0 0.612647,47.412300,0 0.611192,47.412605,0 0.610017,47.412426,0 0.608260,47.414000,0 0.606702,47.415680,0 0.606745,47.415874,0 0.606352,47.416020,0 0.603728,47.418674,0 0.602329,47.420624,0 0.599797,47.423580,0 0.596130,47.426410,0 0.592888,47.429844,0 0.591318,47.432056,0 0.589278,47.434290,0 0.587997,47.437553,0 0.587101,47.439180,0 0.586266,47.440170,0 0.586185,47.440628,0 0.585198,47.441040,0 0.583873,47.442074,0 0.582281,47.443920,0 0.580745,47.444780,0 0.579595,47.444820,0 0.577783,47.443798,0 0.577382,47.444016,0 0.576082,47.443720,0 0.575821,47.444214,0 0.575928,47.444633,0 0.575360,47.444840,0 0.576180,47.446217,0 0.576846,47.446682,0 0.575767,47.447144,0 0.570102,47.451866,0 0.565334,47.457397,0 0.576004,47.459373,0 0.576194,47.459710,0 0.574010,47.460564,0 0.545576,47.474270,0 0.545373,47.474575,0 0.545576,47.474873,0 0.552201,47.480900,0 0.543783,47.485237,0 0.542754,47.485943,0 0.537856,47.483353,0 0.531216,47.482830,0 0.530506,47.481506,0 0.527334,47.482895,0 0.488311,47.494457,0 0.465647,47.503773,0 0.464568,47.507230,0 0.461801,47.510498,0 0.461458,47.511310,0 0.461504,47.512050,0 0.462088,47.513440,0 0.462048,47.515460,0 0.462844,47.517360,0 0.462803,47.521175,0 0.462952,47.522270,0 0.457901,47.524110,0 0.456195,47.526592,0 0.455141,47.526350,0 0.450836,47.526190,0 0.448298,47.525730,0 0.443867,47.525406,0 0.442349,47.525536,0 0.434436,47.527443,0 0.432678,47.527180,0 0.429477,47.526320,0 0.422008,47.526180,0 0.417458,47.525448,0 0.416446,47.525510,0 0.415114,47.525894,0 0.407825,47.526768,0 0.403522,47.526170,0 0.401786,47.524710,0 0.399943,47.523613,0 0.394505,47.522870,0 0.394226,47.522800,0 0.394285,47.522650,0 0.394459,47.522785,0 0.384114,47.526505,0 0.380725,47.527508,0 0.377188,47.528996,0 0.372272,47.531660,0 0.370864,47.532190,0 0.359827,47.535088,0 0.351346,47.538000,0 0.340879,47.541206,0 0.339642,47.541885,0 0.338995,47.541702,0 0.334726,47.541664,0 0.332614,47.541910,0 0.331164,47.542320,0 0.322651,47.546160,0 0.321149,47.547306,0 0.320350,47.549890,0 0.322728,47.551456,0 0.322951,47.551970,0 0.324763,47.553116,0 0.331063,47.555220,0 0.331859,47.555916,0 0.331859,47.556300,0 0.332304,47.556843,0 0.337401,47.560580,0 0.340462,47.563557,0 0.342057,47.563877,0 0.343173,47.564445,0 0.353752,47.565350,0 0.374392,47.567513,0 0.383194,47.569157,0 0.386387,47.570060,0 0.392459,47.568714,0 0.396090,47.568290,0 0.395199,47.567146,0 0.391848,47.568836,0 0.386387,47.570060,0 0.383194,47.569157,0 0.374392,47.567513,0 0.353752,47.565350,0 0.343173,47.564445,0 0.342057,47.563877,0 0.340462,47.563557,0 0.337401,47.560580,0 0.331109,47.556010,0 0.324313,47.555016,0 0.317565,47.555283,0 0.315759,47.555187,0 0.313250,47.554750,0 0.310822,47.553978,0 0.309916,47.554200,0 0.294265,47.563423,0 0.298846,47.566505,0 0.300376,47.567310,0 0.302593,47.568947,0 0.307436,47.571125,0 0.307999,47.571730,0 0.309215,47.574360,0 0.309515,47.574660,0 0.310489,47.575200,0 0.312629,47.575817,0 0.312622,47.576090,0 0.313223,47.576366,0 0.313383,47.576330,0 0.312629,47.575817,0 0.310489,47.575200,0 0.309515,47.574660,0 0.309215,47.574360,0 0.307999,47.571730,0 0.307436,47.571125,0 0.302593,47.568947,0 0.300376,47.567310,0 0.298846,47.566505,0 0.294265,47.563423,0 0.310205,47.553960,0 0.310147,47.553640,0 0.307818,47.552464,0 0.307256,47.551876,0 0.306715,47.550846,0 0.306293,47.550570,0 0.288520,47.547054,0 0.288359,47.547370,0 0.284069,47.548637,0 0.279668,47.550550,0 0.270910,47.553177,0 0.267863,47.553660,0 0.262976,47.555210,0 0.261192,47.555490,0 0.259650,47.556130,0 0.258851,47.556910,0 0.258135,47.557205,0 0.253671,47.557083,0 0.252941,47.556747,0 0.251853,47.555405,0 0.250941,47.554935,0 0.249885,47.554794,0 0.249108,47.555077,0 0.247108,47.554585,0 0.244711,47.554295,0 0.244349,47.553947,0 0.244007,47.552320,0 0.244050,47.551395,0 0.240896,47.550404,0 0.240466,47.549747,0 0.241021,47.548653,0 0.241852,47.547860,0 0.242219,47.546830,0 0.241881,47.545883,0 0.240647,47.544750,0 0.240781,47.544025,0 0.241611,47.542330,0 0.240899,47.540577,0 0.241308,47.538900,0 0.240568,47.537796,0 0.242061,47.536320,0 0.243770,47.532047,0 0.243592,47.529316,0 0.245276,47.526638,0 0.245330,47.525543,0 0.245854,47.524210,0 0.244699,47.515266,0 0.245137,47.514465,0 0.247748,47.512142,0 0.256137,47.508730,0 0.257583,47.507095,0</coordinates>
          </LineString>
          <LineString>
            <tessellate>1</tessellate>
            <coordinates>0.240700,47.549316,0 0.240467,47.549866,0 0.240767,47.550340,0 0.244070,47.551420,0 0.244029,47.552490,0 0.244349,47.553947,0 0.244605,47.554245,0 0.247108,47.554585,0 0.249108,47.555077,0 0.249885,47.554794,0 0.250805,47.554897,0 0.251853,47.555405,0 0.252941,47.556747,0 0.253360,47.556988,0 0.257293,47.557285,0 0.258638,47.557022,0 0.259650,47.556130,0 0.261336,47.555443,0 0.262976,47.555210,0 0.267863,47.553660,0 0.270910,47.553177,0 0.279668,47.550550,0 0.284069,47.548637,0 0.288359,47.547370,0 0.288520,47.547054,0 0.305885,47.550446,0 0.306986,47.550426,0 0.307142,47.550587,0 0.306938,47.550960,0 0.307008,47.551422,0 0.307818,47.552464,0 0.309908,47.553493,0 0.310839,47.553608,0 0.310935,47.553883,0 0.309916,47.554200,0 0.294265,47.563423,0 0.298846,47.566505,0 0.300376,47.567310,0 0.302593,47.568947,0 0.307436,47.571125,0 0.307999,47.571730,0 0.309215,47.574360,0 0.309515,47.574660,0 0.310489,47.575200,0 0.312629,47.575817,0 0.313283,47.576363,0 0.312622,47.576090,0 0.312629,47.575817,0 0.313418,47.574920,0 0.313930,47.573380,0 0.316371,47.571472,0 0.315925,47.570454,0 0.316626,47.569485,0 0.316558,47.568066,0 0.316794,47.566265,0 0.317700,47.563335,0 0.318361,47.562283,0 0.319890,47.561050,0 0.320658,47.559574,0 0.320749,47.558365,0 0.321113,47.557102,0 0.319823,47.551826,0 0.319151,47.550705,0 0.317569,47.549694,0 0.321030,47.547653,0 0.321212,47.547240,0 0.322651,47.546160,0 0.328984,47.543247,0 0.331529,47.542190,0 0.333849,47.541670,0 0.338561,47.541603,0 0.340879,47.541206,0 0.351346,47.538000,0 0.359827,47.535088,0 0.370864,47.532190,0 0.372272,47.531660,0 0.377665,47.528770,0 0.381044,47.527386,0 0.384148,47.525673,0 0.384721,47.526287,0 0.393838,47.523033,0 0.394328,47.522644,0 0.394505,47.522870,0 0.399943,47.523613,0 0.401786,47.524710,0 0.403522,47.526170,0 0.407825,47.526768,0 0.415114,47.525894,0 0.416446,47.525510,0 0.417458,47.525448,0 0.422008,47.526180,0 0.429477,47.526320,0 0.432678,47.527180,0 0.434436,47.527443,0 0.442349,47.525536,0 0.443867,47.525406,0 0.448298,47.525730,0 0.450836,47.526190,0 0.455141,47.526350,0 0.456195,47.526592,0 0.457901,47.524110,0 0.462952,47.522270,0 0.462803,47.521175,0 0.462844,47.517360,0 0.462048,47.515460,0 0.462088,47.513440,0 0.461504,47.512050,0 0.461458,47.511310,0 0.461801,47.510498,0 0.464568,47.507230,0 0.465647,47.503773,0 0.488311,47.494457,0 0.528125,47.482628,0 0.533827,47.479725,0 0.575978,47.459644,0 0.575726,47.459370,0 0.565334,47.457397,0 0.570102,47.451866,0 0.575378,47.447450,0 0.576847,47.446500,0 0.577163,47.445988,0 0.579595,47.444820,0 0.577783,47.443798,0 0.578119,47.443386,0 0.579204,47.443886,0 0.579870,47.443977,0 0.580454,47.443424,0 0.581116,47.443390,0 0.581089,47.444060,0 0.581406,47.444520,0 0.582710,47.443540,0 0.583958,47.442000,0 0.585389,47.440907,0 0.586185,47.440628,0 0.586266,47.440170,0 0.587101,47.439180,0 0.587997,47.437553,0 0.589278,47.434290,0 0.591318,47.432056,0 0.592888,47.429844,0 0.596130,47.426410,0 0.599797,47.423580,0 0.602329,47.420624,0 0.603553,47.418870,0 0.606494,47.415890,0 0.606453,47.415714,0 0.606938,47.415493,0 0.609696,47.412580,0 0.609869,47.412100,0 0.610399,47.411934,0 0.613346,47.409637,0 0.614782,47.408820,0 0.622726,47.406544,0 0.626849,47.404710,0 0.627190,47.404327,0 0.628680,47.403580,0 0.628820,47.403152,0 0.628691,47.402880,0 0.628959,47.402657,0 0.631474,47.401806,0 0.634231,47.399433,0 0.636917,47.400460,0 0.638053,47.400642,0 0.639160,47.400387,0 0.641414,47.398956,0 0.642131,47.399036,0 0.643785,47.399654,0 0.644704,47.399430,0 0.645678,47.398006,0 0.645330,47.396595,0 0.645357,47.395676,0 0.646181,47.395490,0 0.646535,47.395103,0 0.648570,47.389090,0 0.648474,47.387560,0 0.648216,47.387333,0 0.647823,47.387430,0 0.647060,47.388040,0 0.646782,47.388695,0 0.647003,47.389320,0 0.647778,47.389760,0 0.649779,47.390110,0 0.653343,47.391167,0 0.657157,47.391840,0 0.661332,47.393303,0 0.671295,47.394855,0 0.671734,47.393665,0 0.672370,47.392810,0 0.678083,47.393982,0 0.678747,47.392690,0 0.680120,47.392030,0 0.681455,47.390648,0 0.682150,47.390580,0 0.682826,47.389250,0 0.688167,47.390000,0 0.688957,47.389755,0 0.689490,47.389890,0 0.689644,47.390200,0 0.699245,47.391525,0 0.701245,47.392520,0 0.700065,47.393997,0 0.699460,47.397644,0 0.702734,47.404167,0 0.703518,47.409310,0 0.703052,47.413353,0 0.703506,47.415825,0 0.704535,47.418633,0 0.704766,47.418835,0 0.704696,47.420000,0 0.704044,47.420937,0 0.704384,47.421688,0 0.704978,47.421993,0 0.704627,47.422157,0 0.704672,47.422836,0 0.705684,47.422832,0 0.705966,47.422430,0 0.704551,47.421814,0 0.704057,47.421160,0 0.703721,47.421062,0 0.697445,47.424050,0 0.679733,47.422234,0 0.679189,47.422684,0 0.675915,47.422306,0 0.675873,47.422478,0</coordinates>
          </LineString>
          <LineString>
            <tessellate>1</tessellate>
            <coordinates>0.257661,47.506990,0 0.256137,47.508730,0 0.247748,47.512142,0 0.245137,47.514465,0 0.244760,47.515095,0 0.245854,47.524210,0 0.245330,47.525543,0 0.245276,47.526638,0 0.243592,47.529316,0 0.243770,47.532047,0 0.242061,47.536320,0 0.240568,47.537796,0 0.241308,47.538900,0 0.240899,47.540577,0 0.241611,47.542330,0 0.240781,47.544025,0 0.240647,47.544750,0 0.241881,47.545883,0 0.242219,47.546830,0 0.241852,47.547860,0 0.241021,47.548653,0 0.240466,47.549747,0 0.240696,47.550262,0 0.244050,47.551395,0 0.244007,47.552320,0 0.244349,47.553947,0 0.244711,47.554295,0 0.247108,47.554585,0 0.249108,47.555077,0 0.249885,47.554794,0 0.250805,47.554897,0 0.251853,47.555405,0 0.252941,47.556747,0 0.253360,47.556988,0 0.257293,47.557285,0 0.258638,47.557022,0 0.259650,47.556130,0 0.261336,47.555443,0 0.262976,47.555210,0 0.267863,47.553660,0 0.270910,47.553177,0 0.279668,47.550550,0 0.284069,47.548637,0 0.288359,47.547370,0 0.288520,47.547054,0 0.305885,47.550446,0 0.306986,47.550426,0 0.307142,47.550587,0 0.306938,47.550960,0 0.307008,47.551422,0 0.307818,47.552464,0 0.309908,47.553493,0 0.310839,47.553608,0 0.310935,47.553883,0 0.309916,47.554200,0 0.294265,47.563423,0 0.298846,47.566505,0 0.300376,47.567310,0 0.302593,47.568947,0 0.307436,47.571125,0 0.307999,47.571730,0 0.309215,47.574360,0 0.309515,47.574660,0 0.310489,47.575200,0 0.312629,47.575817,0 0.313283,47.576363,0 0.312622,47.576090,0 0.312629,47.575817,0 0.313418,47.574920,0 0.313930,47.573380,0 0.316371,47.571472,0 0.315925,47.570454,0 0.316626,47.569485,0 0.316558,47.568066,0 0.316794,47.566265,0 0.317700,47.563335,0 0.318361,47.562283,0 0.319890,47.561050,0 0.320658,47.559574,0 0.320749,47.558365,0 0.321113,47.557102,0 0.319823,47.551826,0 0.319151,47.550705,0 0.317569,47.549694,0 0.321030,47.547653,0 0.321212,47.547240,0 0.322651,47.546160,0 0.328984,47.543247,0 0.331529,47.542190,0 0.333849,47.541670,0 0.338561,47.541603,0 0.340879,47.541206,0 0.351346,47.538000,0 0.359827,47.535088,0 0.371332,47.532040,0 0.377665,47.528770,0 0.388546,47.524340,0 0.389944,47.523445,0 0.391339,47.521793,0 0.392868,47.520676,0 0.394076,47.519943,0 0.395482,47.519400,0 0.397190,47.519028,0 0.404350,47.518562,0 0.406885,47.518196,0 0.418213,47.515300,0 0.432946,47.509830,0 0.435919,47.509354,0 0.443061,47.509052,0 0.445415,47.508762,0 0.464562,47.504093,0 0.466861,47.503307,0 0.488311,47.494457,0 0.527866,47.482716,0 0.575978,47.459644,0 0.575726,47.459370,0 0.565334,47.457397,0 0.570102,47.451866,0 0.575378,47.447450,0 0.576847,47.446500,0 0.577163,47.445988,0 0.579595,47.444820,0 0.577783,47.443798,0 0.578119,47.443386,0 0.579204,47.443886,0 0.579870,47.443977,0 0.580454,47.443424,0 0.581116,47.443390,0 0.581089,47.444060,0 0.581406,47.444520,0 0.582710,47.443540,0 0.583958,47.442000,0 0.585389,47.440907,0 0.586185,47.440628,0 0.586266,47.440170,0 0.587101,47.439180,0 0.587997,47.437553,0 0.589278,47.434290,0 0.591318,47.432056,0 0.592888,47.429844,0 0.596130,47.426410,0 0.599797,47.423580,0 0.602329,47.420624,0 0.603553,47.418870,0 0.606494,47.415890,0 0.606453,47.415714,0 0.606938,47.415493,0 0.609696,47.412580,0 0.609869,47.412100,0 0.610399,47.411934,0 0.613346,47.409637,0 0.614782,47.408820,0 0.622726,47.406544,0 0.626849,47.404710,0 0.627190,47.404327,0 0.628680,47.403580,0 0.628820,47.403152,0 0.628691,47.402880,0 0.628959,47.402657,0 0.631474,47.401806,0 0.634231,47.399433,0 0.636917,47.400460,0 0.638053,47.400642,0 0.639160,47.400387,0 0.641414,47.398956,0 0.642131,47.399036,0 0.643690,47.399640,0 0.644346,47.399605,0 0.644854,47.399290,0 0.645673,47.398033,0 0.645313,47.396255,0 0.645357,47.395676,0 0.645676,47.395523,0 0.647384,47.397270,0 0.646766,47.399410,0 0.646998,47.399630,0 0.648399,47.399998,0 0.646041,47.401512,0 0.643001,47.404274,0 0.637689,47.407436,0 0.636529,47.408657,0 0.635759,47.410170,0 0.635575,47.411545,0 0.635867,47.417145,0 0.635048,47.422573,0 0.635173,47.423950,0 0.635828,47.425350,0 0.636849,47.426483,0 0.640385,47.428577,0 0.641588,47.428940,0 0.643050,47.429153,0 0.643488,47.429060,0 0.643881,47.429253,0 0.649935,47.429222,0 0.650712,47.428944,0 0.652893,47.427280,0 0.655141,47.426098,0 0.656536,47.426666,0 0.657474,47.426790,0 0.657952,47.427270,0 0.659691,47.428060,0 0.662695,47.428783,0 0.665523,47.430450,0 0.666981,47.430850,0 0.667857,47.430855,0 0.667874,47.431050,0 0.667511,47.431250,0 0.666734,47.432606,0 0.666528,47.432680,0 0.666355,47.432476,0 0.666569,47.432392,0 0.667404,47.431220,0 0.667404,47.430878,0 0.667618,47.430782,0 0.668981,47.430935,0 0.672837,47.430320,0 0.673842,47.430504,0 0.678281,47.429970,0 0.678797,47.429676,0 0.679344,47.429920,0 0.687077,47.430230,0 0.687178,47.430405,0 0.686932,47.430557,0 0.685956,47.432632,0 0.684990,47.435654,0 0.683783,47.436730,0 0.683740,47.437443,0 0.683783,47.436730,0 0.684678,47.436054,0 0.685166,47.435250,0 0.685956,47.432632,0 0.686931,47.430656,0 0.686656,47.430313,0 0.687002,47.430202,0 0.689725,47.431267,0 0.690332,47.431210,0 0.690630,47.430710,0 0.690343,47.428463,0 0.693212,47.428734,0 0.696636,47.428314,0 0.702151,47.428234,0 0.703068,47.428387,0 0.704855,47.428070,0 0.705059,47.425850,0 0.704937,47.425720,0 0.705145,47.425636,0 0.705356,47.425007,0 0.705370,47.423424,0 0.705966,47.422430,0 0.704551,47.421814,0 0.704057,47.421160,0 0.703463,47.420980,0 0.704289,47.420310,0 0.704536,47.419510,0 0.703370,47.415825,0 0.702883,47.413128,0 0.703313,47.409980,0 0.703321,47.407883,0 0.702774,47.404330,0 0.699325,47.397648,0 0.700377,47.392410,0 0.699130,47.391790,0 0.693566,47.391010,0 0.693570,47.390720,0 0.694070,47.390266,0 0.693312,47.389893,0 0.692325,47.390470,0</coordinates>
          </LineString>
          <LineString>
            <tessellate>1</tessellate>
            <coordinates>0.240700,47.549316,0 0.240467,47.549866,0 0.240767,47.550340,0 0.244070,47.551420,0 0.244029,47.552490,0 0.244349,47.553947,0 0.244605,47.554245,0 0.247108,47.554585,0 0.249108,47.555077,0 0.249885,47.554794,0 0.250805,47.554897,0 0.251853,47.555405,0 0.252941,47.556747,0 0.253360,47.556988,0 0.257293,47.557285,0 0.258638,47.557022,0 0.259650,47.556130,0 0.261336,47.555443,0 0.262976,47.555210,0 0.267863,47.553660,0 0.270910,47.553177,0 0.279668,47.550550,0 0.284069,47.548637,0 0.288359,47.547370,0 0.288520,47.547054,0 0.305885,47.550446,0 0.306986,47.550426,0 0.307142,47.550587,0 0.306938,47.550960,0 0.307008,47.551422,0 0.307818,47.552464,0 0.309908,47.553493,0 0.310839,47.553608,0 0.310935,47.553883,0 0.309916,47.554200,0 0.294265,47.563423,0 0.298846,47.566505,0 0.300376,47.567310,0 0.302593,47.568947,0 0.307436,47.571125,0 0.307999,47.571730,0 0.309215,47.574360,0 0.309515,47.574660,0 0.310489,47.575200,0 0.312629,47.575817,0 0.313283,47.576363,0 0.312622,47.576090,0 0.312629,47.575817,0 0.313418,47.574920,0 0.313930,47.573380,0 0.316371,47.571472,0 0.315925,47.570454,0 0.316626,47.569485,0 0.316558,47.568066,0 0.316794,47.566265,0 0.317700,47.563335,0 0.318361,47.562283,0 0.319890,47.561050,0 0.320658,47.559574,0 0.320749,47.558365,0 0.321113,47.557102,0 0.319823,47.551826,0 0.319151,47.550705,0 0.317569,47.549694,0 0.321030,47.547653,0 0.321212,47.547240,0 0.322651,47.546160,0 0.331529,47.542190,0 0.333884,47.541664,0 0.338561,47.541603,0 0.340879,47.541206,0 0.351346,47.538000,0 0.359827,47.535088,0 0.370864,47.532190,0 0.372272,47.531660,0 0.377665,47.528770,0 0.381044,47.527386,0 0.384148,47.525673,0 0.384721,47.526287,0 0.393838,47.523033,0 0.394328,47.522644,0 0.394505,47.522870,0 0.399943,47.523613,0 0.401786,47.524710,0 0.403522,47.526170,0 0.407825,47.526768,0 0.415114,47.525894,0 0.416446,47.525510,0 0.417458,47.525448,0 0.422008,47.526180,0 0.429477,47.526320,0 0.432678,47.527180,0 0.434436,47.527443,0 0.442349,47.525536,0 0.443867,47.525406,0 0.448298,47.525730,0 0.450836,47.526190,0 0.455141,47.526350,0 0.456195,47.526592,0 0.457901,47.524110,0 0.462952,47.522270,0 0.462803,47.521175,0 0.462844,47.517360,0 0.462048,47.515460,0 0.462088,47.513440,0 0.461504,47.512050,0 0.461458,47.511310,0 0.461801,47.510498,0 0.464568,47.507230,0 0.465647,47.503773,0 0.488311,47.494457,0 0.528125,47.482628,0 0.533827,47.479725,0 0.575978,47.459644,0 0.575726,47.459370,0 0.565334,47.457397,0 0.570102,47.451866,0 0.575378,47.447450,0 0.576847,47.446500,0 0.577163,47.445988,0 0.579595,47.444820,0 0.577783,47.443798,0 0.578119,47.443386,0 0.579204,47.443886,0 0.579870,47.443977,0 0.580454,47.443424,0 0.581116,47.443390,0 0.581089,47.444060,0 0.581406,47.444520,0 0.582710,47.443540,0 0.583958,47.442000,0 0.585389,47.440907,0 0.586185,47.440628,0 0.586266,47.440170,0 0.587101,47.439180,0 0.587997,47.437553,0 0.589278,47.434290,0 0.591318,47.432056,0 0.592888,47.429844,0 0.596130,47.426410,0 0.599797,47.423580,0 0.602329,47.420624,0 0.603553,47.418870,0 0.606494,47.415890,0 0.606453,47.415714,0 0.606938,47.415493,0 0.609696,47.412580,0 0.609869,47.412100,0 0.610399,47.411934,0 0.613346,47.409637,0 0.614782,47.408820,0 0.622726,47.406544,0 0.626849,47.404710,0 0.627190,47.404327,0 0.628680,47.403580,0 0.628820,47.403152,0 0.628691,47.402880,0 0.628959,47.402657,0 0.631474,47.401806,0 0.634231,47.399433,0 0.636917,47.400460,0 0.638053,47.400642,0 0.639160,47.400387,0 0.641414,47.398956,0 0.642131,47.399036,0 0.643785,47.399654,0 0.644704,47.399430,0 0.645678,47.398006,0 0.645330,47.396595,0 0.645357,47.395676,0 0.646181,47.395490,0 0.646535,47.395103,0 0.648390,47.389780,0 0.648635,47.388756,0 0.648498,47.387623,0 0.648216,47.387333,0 0.647898,47.387400,0 0.647060,47.388040,0 0.646782,47.388695,0 0.647003,47.389320,0 0.647778,47.389760,0 0.649779,47.390110,0 0.653343,47.391167,0 0.657157,47.391840,0 0.661332,47.393303,0 0.671295,47.394855,0 0.671734,47.393665,0 0.672370,47.392810,0 0.678083,47.393982,0 0.678747,47.392690,0 0.680120,47.392030,0 0.681455,47.390648,0 0.682150,47.390580,0 0.682826,47.389250,0 0.688167,47.390000,0 0.688957,47.389755,0 0.689490,47.389890,0 0.689644,47.390200,0 0.699245,47.391525,0 0.701245,47.392520,0 0.700065,47.393997,0 0.699460,47.397644,0 0.702734,47.404167,0 0.703518,47.409310,0 0.703052,47.413353,0 0.703506,47.415825,0 0.704535,47.418633,0 0.704766,47.418835,0 0.704696,47.420000,0 0.704044,47.420937,0 0.704384,47.421688,0 0.705966,47.422430,0 0.705792,47.422653,0</coordinates>
          </LineString>
          <LineString>
            <tessellate>1</tessellate>
            <coordinates>0.635193,47.399803,0 0.637254,47.400562,0 0.638053,47.400642,0 0.639160,47.400387,0 0.641414,47.398956,0 0.642131,47.399036,0 0.643785,47.399654,0 0.644346,47.399605,0 0.644854,47.399290,0 0.645678,47.398006,0 0.645330,47.396595,0 0.645357,47.395676,0 0.646181,47.395490,0 0.646535,47.395103,0 0.648390,47.389780,0 0.648631,47.388500,0 0.648498,47.387623,0 0.648216,47.387333,0 0.647448,47.387665,0 0.646821,47.388470,0 0.646951,47.389250,0 0.647654,47.389720,0 0.649779,47.390110,0 0.653343,47.391167,0 0.657157,47.391840,0 0.661332,47.393303,0 0.671295,47.394855,0 0.671734,47.393665,0 0.672370,47.392810,0 0.678083,47.393982,0 0.678747,47.392690,0 0.680120,47.392030,0 0.681455,47.390648,0 0.682150,47.390580,0 0.682826,47.389250,0 0.688167,47.390000,0 0.688957,47.389755,0 0.689490,47.389890,0 0.689644,47.390200,0 0.693550,47.390750,0 0.694070,47.390266,0 0.693312,47.389893,0 0.692542,47.390450,0 0.692025,47.390540,0 0.699245,47.391525,0 0.701245,47.392520,0 0.700065,47.393997,0 0.699460,47.397644,0 0.702774,47.404330,0 0.703518,47.409310,0 0.703052,47.413353,0 0.703506,47.415825,0 0.704535,47.418633,0 0.704766,47.418835,0 0.704696,47.420000,0 0.704285,47.420660,0 0.703721,47.421062,0 0.697375,47.423958,0 0.698243,47.423620,0 0.697445,47.424050,0 0.697168,47.425450,0 0.697432,47.425820,0 0.697009,47.426113,0 0.696679,47.427876,0 0.697526,47.431644,0 0.697784,47.431934,0 0.697606,47.432167,0 0.693272,47.432476,0 0.687250,47.430492,0 0.679096,47.429977,0 0.672926,47.430714,0 0.672340,47.430614,0 0.667828,47.431090,0 0.667511,47.431250,0 0.666734,47.432606,0 0.666528,47.432680,0 0.666355,47.432476,0 0.666968,47.431843,0 0.667391,47.431026,0 0.665227,47.430450,0 0.662198,47.428710,0 0.660706,47.428432,0 0.660102,47.428528,0 0.659754,47.428207,0 0.656819,47.426884,0 0.655507,47.426476,0 0.654750,47.426525,0 0.653003,47.427307,0 0.650882,47.428917,0 0.650445,47.429485,0 0.649683,47.429295,0 0.646322,47.429317,0 0.643876,47.429350,0 0.643396,47.429543,0 0.642532,47.429140,0 0.640640,47.429226,0 0.636904,47.426690,0 0.635373,47.424824,0 0.634908,47.422916,0 0.635306,47.420048,0 0.635226,47.417583,0 0.633923,47.417892,0 0.632815,47.418613,0 0.631719,47.418610,0 0.631050,47.418133,0 0.630775,47.416718,0 0.630257,47.416195,0 0.626248,47.414207,0 0.622517,47.413030,0 0.620154,47.412685,0 0.615641,47.412437,0 0.612647,47.412300,0 0.611192,47.412605,0 0.609940,47.412453,0 0.608260,47.414000,0 0.606702,47.415680,0 0.606745,47.415874,0 0.606352,47.416020,0 0.603728,47.418674,0 0.602329,47.420624,0 0.599797,47.423580,0 0.596130,47.426410,0 0.592888,47.429844,0 0.591318,47.432056,0 0.589278,47.434290,0 0.587997,47.437553,0 0.587101,47.439180,0 0.586266,47.440170,0 0.586185,47.440628,0 0.585198,47.441040,0 0.583873,47.442074,0 0.582281,47.443920,0 0.580745,47.444780,0 0.579595,47.444820,0 0.577783,47.443798,0 0.577382,47.444016,0 0.576082,47.443720,0 0.575821,47.444214,0 0.575928,47.444633,0 0.575360,47.444840,0 0.576180,47.446217,0 0.576846,47.446682,0 0.575767,47.447144,0 0.570102,47.451866,0 0.565334,47.457397,0 0.576004,47.459373,0 0.576194,47.459710,0 0.574010,47.460564,0 0.545432,47.474407,0 0.545576,47.474873,0 0.552164,47.480923,0 0.543783,47.485237,0 0.542754,47.485943,0 0.537856,47.483353,0 0.531216,47.482830,0 0.530506,47.481506,0 0.527334,47.482895,0 0.488311,47.494457,0 0.465647,47.503773,0 0.464568,47.507230,0 0.461801,47.510498,0 0.461458,47.511310,0 0.461504,47.512050,0 0.462088,47.513440,0 0.462048,47.515460,0 0.462844,47.517360,0 0.462803,47.521175,0 0.462952,47.522270,0 0.457901,47.524110,0 0.456195,47.526592,0 0.455141,47.526350,0 0.450836,47.526190,0 0.448298,47.525730,0 0.443867,47.525406,0 0.442349,47.525536,0 0.434436,47.527443,0 0.432678,47.527180,0 0.429477,47.526320,0 0.422008,47.526180,0 0.417458,47.525448,0 0.416446,47.525510,0 0.415114,47.525894,0 0.407825,47.526768,0 0.403522,47.526170,0 0.401786,47.524710,0 0.399943,47.523613,0 0.394505,47.522870,0 0.394203,47.522774,0 0.394328,47.522644,0 0.394434,47.522808,0 0.393838,47.523033,0 0.384114,47.526505,0 0.380725,47.527508,0 0.377188,47.528996,0 0.372272,47.531660,0 0.370864,47.532190,0 0.359827,47.535088,0 0.351346,47.538000,0 0.340879,47.541206,0 0.339642,47.541885,0 0.338995,47.541702,0 0.334726,47.541664,0 0.332614,47.541910,0 0.331164,47.542320,0 0.322651,47.546160,0 0.321212,47.547240,0 0.321030,47.547653,0 0.317569,47.549694,0 0.319151,47.550705,0 0.319823,47.551826,0 0.321113,47.557102,0 0.320749,47.558365,0 0.320658,47.559574,0 0.319890,47.561050,0 0.318361,47.562283,0 0.317700,47.563335,0 0.316794,47.566265,0 0.316558,47.568066,0 0.316626,47.569485,0 0.315925,47.570454,0 0.316371,47.571472,0 0.313930,47.573380,0 0.313418,47.574920,0 0.312629,47.575817,0 0.312622,47.576090,0 0.313283,47.576363,0 0.312629,47.575817,0 0.310489,47.575200,0 0.309515,47.574660,0 0.309215,47.574360,0 0.307999,47.571730,0 0.307436,47.571125,0 0.302593,47.568947,0 0.300376,47.567310,0 0.298846,47.566505,0 0.294265,47.563423,0 0.310205,47.553960,0 0.310147,47.553640,0 0.307818,47.552464,0 0.307256,47.551876,0 0.306715,47.550846,0 0.306293,47.550570,0 0.288520,47.547054,0 0.288359,47.547370,0 0.284069,47.548637,0 0.279668,47.550550,0 0.270910,47.553177,0 0.267863,47.553660,0 0.262976,47.555210,0 0.261336,47.555443,0 0.259650,47.556130,0 0.258638,47.557022,0 0.257293,47.557285,0 0.253360,47.556988,0 0.252941,47.556747,0 0.251853,47.555405,0 0.250805,47.554897,0 0.249885,47.554794,0 0.249108,47.555077,0 0.247108,47.554585,0 0.244711,47.554295,0 0.244349,47.553947,0 0.244007,47.552320,0 0.244050,47.551395,0 0.240696,47.550262,0 0.240466,47.549747,0 0.241021,47.548653,0 0.241852,47.547860,0 0.242219,47.546830,0 0.241881,47.545883,0 0.240647,47.544750,0 0.240781,47.544025,0 0.241611,47.542330,0 0.240899,47.540577,0 0.241308,47.538900,0 0.240568,47.537796,0 0.242061,47.536320,0 0.243770,47.532047,0 0.243592,47.529316,0 0.245276,47.526638,0 0.245330,47.525543,0 0.245854,47.524210,0 0.244766,47.515080,0 0.245137,47.514465,0 0.247748,47.512142,0 0.256137,47.508730,0 0.257583,47.507095,0</coordinates>
          </LineString>
          <LineString>
            <tessellate>1</tessellate>
            <coordinates>0.321342,47.547134,0 0.321149,47.547306,0 0.320350,47.549890,0 0.322728,47.551456,0 0.322951,47.551970,0 0.325263,47.553350,0 0.331063,47.555220,0 0.331859,47.555916,0 0.331859,47.556300,0 0.332304,47.556843,0 0.337401,47.560580,0 0.340462,47.563557,0 0.342057,47.563877,0 0.343173,47.564445,0 0.353752,47.565350,0 0.374392,47.567513,0 0.383194,47.569157,0 0.386387,47.570060,0 0.392459,47.568714,0 0.396090,47.568290,0 0.395199,47.567146,0 0.391848,47.568836,0 0.386387,47.570060,0 0.383194,47.569157,0 0.374392,47.567513,0 0.353752,47.565350,0 0.343173,47.564445,0 0.342057,47.563877,0 0.340462,47.563557,0 0.337401,47.560580,0 0.331109,47.556010,0 0.324313,47.555016,0 0.317565,47.555283,0 0.315759,47.555187,0 0.313250,47.554750,0 0.310822,47.553978,0 0.309916,47.554200,0 0.294265,47.563423,0 0.298846,47.566505,0 0.300376,47.567310,0 0.302593,47.568947,0 0.307436,47.571125,0 0.307999,47.571730,0 0.309215,47.574360,0 0.309515,47.574660,0 0.310489,47.575200,0 0.312629,47.575817,0 0.312622,47.576090,0 0.313223,47.576366,0 0.313383,47.576330,0 0.312629,47.575817,0 0.310489,47.575200,0 0.309515,47.574660,0 0.309215,47.574360,0 0.307999,47.571730,0 0.307436,47.571125,0 0.302593,47.568947,0 0.300376,47.567310,0 0.298846,47.566505,0 0.294265,47.563423,0 0.310205,47.553960,0 0.310147,47.553640,0 0.307818,47.552464,0 0.307256,47.551876,0 0.306715,47.550846,0 0.306293,47.550570,0 0.288520,47.547054,0 0.288359,47.547370,0 0.284069,47.548637,0 0.279668,47.550550,0 0.270910,47.553177,0 0.267863,47.553660,0 0.262976,47.555210,0 0.261192,47.555490,0 0.259650,47.556130,0 0.258851,47.556910,0 0.258135,47.557205,0 0.253671,47.557083,0 0.252941,47.556747,0 0.251853,47.555405,0 0.250941,47.554935,0 0.249885,47.554794,0 0.249108,47.555077,0 0.247108,47.554585,0 0.244711,47.554295,0 0.244349,47.553947,0 0.244007,47.552320,0 0.244050,47.551395,0 0.240896,47.550404,0 0.240466,47.549747,0 0.241021,47.548653,0 0.241852,47.547860,0 0.242219,47.546830,0 0.241881,47.545883,0 0.240647,47.544750,0 0.240781,47.544025,0 0.241611,47.542330,0 0.240899,47.540577,0 0.241308,47.538900,0 0.240568,47.537796,0 0.242061,47.536320,0 0.243770,47.532047,0 0.243592,47.529316,0 0.245276,47.526638,0 0.245330,47.525543,0 0.245854,47.524210,0 0.244699,47.515266,0 0.245137,47.514465,0 0.247748,47.512142,0 0.256137,47.508730,0 0.257583,47.507095,0</coordinates>
          </LineString>
          <LineString>
            <tessellate>1</tessellate>
            <coordinates>0.321344,47.547134,0 0.322651,47.546160,0 0.331529,47.542190,0 0.333884,47.541664,0 0.338561,47.541603,0 0.340879,47.541206,0 0.351346,47.538000,0 0.359827,47.535088,0 0.371332,47.532040,0 0.377188,47.528996,0 0.381044,47.527386,0 0.384148,47.525673,0 0.384721,47.526287,0 0.393838,47.523033,0 0.394285,47.522650,0 0.394505,47.522870,0 0.399943,47.523613,0 0.401786,47.524710,0 0.403522,47.526170,0 0.407825,47.526768,0 0.415114,47.525894,0 0.416446,47.525510,0 0.417458,47.525448,0 0.422008,47.526180,0 0.429477,47.526320,0 0.432678,47.527180,0 0.434436,47.527443,0 0.442349,47.525536,0 0.443867,47.525406,0 0.448298,47.525730,0 0.450836,47.526190,0 0.455141,47.526350,0 0.456195,47.526592,0 0.457901,47.524110,0 0.462952,47.522270,0 0.462803,47.521175,0 0.462844,47.517360,0 0.462048,47.515460,0 0.462088,47.513440,0 0.461504,47.512050,0 0.461458,47.511310,0 0.461801,47.510498,0 0.464568,47.507230,0 0.465647,47.503773,0 0.488311,47.494457,0 0.527334,47.482895,0 0.530506,47.481506,0 0.531216,47.482830,0 0.537856,47.483353,0 0.542754,47.485943,0 0.543783,47.485237,0 0.552201,47.480900,0 0.545035,47.474450,0 0.575978,47.459644,0 0.575726,47.459370,0 0.565334,47.457397,0 0.570102,47.451866,0 0.575378,47.447450,0 0.576847,47.446500,0 0.577163,47.445988,0 0.579595,47.444820,0 0.577783,47.443798,0 0.578119,47.443386,0 0.579204,47.443886,0 0.579870,47.443977,0 0.580454,47.443424,0 0.581116,47.443390,0 0.581089,47.444060,0 0.581406,47.444520,0 0.582710,47.443540,0 0.583958,47.442000,0 0.585389,47.440907,0 0.586185,47.440628,0 0.586266,47.440170,0 0.587101,47.439180,0 0.587997,47.437553,0 0.589278,47.434290,0 0.591318,47.432056,0 0.592888,47.429844,0 0.596130,47.426410,0 0.599797,47.423580,0 0.602329,47.420624,0 0.603553,47.418870,0 0.606494,47.415890,0 0.606453,47.415714,0 0.606938,47.415493,0 0.609696,47.412580,0 0.609949,47.412070,0 0.610925,47.412598,0 0.612647,47.412300,0 0.619495,47.412636,0 0.621362,47.412820,0 0.623983,47.413387,0 0.626248,47.414207,0 0.630359,47.416260,0 0.630810,47.416805,0 0.631050,47.418133,0 0.631952,47.418663,0 0.632815,47.418613,0 0.634047,47.417840,0 0.636569,47.417274,0 0.635460,47.419903,0 0.635048,47.422573,0 0.635270,47.424267,0 0.636048,47.425650,0 0.637198,47.426770,0 0.639389,47.428123,0 0.641204,47.428852,0 0.642873,47.429140,0 0.643488,47.429060,0 0.643881,47.429253,0 0.649935,47.429222,0 0.650712,47.428944,0 0.652893,47.427280,0 0.655141,47.426098,0 0.656536,47.426666,0 0.657474,47.426790,0 0.657952,47.427270,0 0.659691,47.428060,0 0.662695,47.428783,0 0.665523,47.430450,0 0.666981,47.430850,0 0.667857,47.430855,0 0.667874,47.431050,0 0.667511,47.431250,0 0.666734,47.432606,0 0.666528,47.432680,0 0.666355,47.432476,0 0.666968,47.431843,0 0.667547,47.430794,0 0.668981,47.430935,0 0.672837,47.430320,0 0.673842,47.430504,0 0.678281,47.429970,0 0.678797,47.429676,0 0.679344,47.429920,0 0.687002,47.430202,0 0.689725,47.431267,0 0.690403,47.431230,0 0.691023,47.431736,0 0.693143,47.432392,0 0.696957,47.432080,0 0.697384,47.431664,0 0.696636,47.428314,0 0.696611,47.427486,0 0.697375,47.423958,0 0.698243,47.423620,0 0.697345,47.424053,0 0.698727,47.423140,0 0.703328,47.421060,0 0.704129,47.420498,0 0.704511,47.419840,0 0.704476,47.419083,0 0.704283,47.418884,0 0.704330,47.418610,0 0.703314,47.415604,0 0.702883,47.413128,0 0.703313,47.409980,0 0.703321,47.407883,0 0.702734,47.404167,0 0.699327,47.397663,0 0.700377,47.392410,0 0.699130,47.391790,0 0.693566,47.391010,0 0.693570,47.390720,0 0.694070,47.390266,0 0.693312,47.389893,0 0.692325,47.390470,0</coordinates>
          </LineString>
          <LineString>
            <tessellate>1</tessellate>
            <coordinates>0.394829,47.567360,0 0.391848,47.568836,0 0.386387,47.570060,0 0.383194,47.569157,0 0.374392,47.567513,0 0.353752,47.565350,0 0.343173,47.564445,0 0.342057,47.563877,0 0.340462,47.563557,0 0.337401,47.560580,0 0.331210,47.555992,0 0.331551,47.555790,0 0.332049,47.555946,0 0.333969,47.555798,0 0.336693,47.555065,0 0.338739,47.553883,0 0.340144,47.552334,0 0.340664,47.551150,0 0.340773,47.549760,0 0.339157,47.542720,0 0.339160,47.541588,0 0.339313,47.541424,0 0.340879,47.541206,0 0.351346,47.538000,0 0.359827,47.535088,0 0.371332,47.532040,0 0.377188,47.528996,0 0.381044,47.527386,0 0.384148,47.525673,0 0.384721,47.526287,0 0.393838,47.523033,0 0.394328,47.522644,0 0.394505,47.522870,0 0.399943,47.523613,0 0.401786,47.524710,0 0.403522,47.526170,0 0.407825,47.526768,0 0.415114,47.525894,0 0.416446,47.525510,0 0.417458,47.525448,0 0.422008,47.526180,0 0.429477,47.526320,0 0.432678,47.527180,0 0.434436,47.527443,0 0.442349,47.525536,0 0.443867,47.525406,0 0.448298,47.525730,0 0.450836,47.526190,0 0.455141,47.526350,0 0.456195,47.526592,0 0.457901,47.524110,0 0.462952,47.522270,0 0.462803,47.521175,0 0.462844,47.517360,0 0.462048,47.515460,0 0.462088,47.513440,0 0.461504,47.512050,0 0.461458,47.511310,0 0.461801,47.510498,0 0.464568,47.507230,0 0.465647,47.503773,0 0.488311,47.494457,0 0.527334,47.482895,0 0.530506,47.481506,0 0.531216,47.482830,0 0.537856,47.483353,0 0.542754,47.485943,0 0.543783,47.485237,0 0.552201,47.480900,0 0.545035,47.474450,0 0.575997,47.459625,0 0.575726,47.459370,0 0.565334,47.457397,0 0.570102,47.451866,0 0.575378,47.447450,0 0.576847,47.446500,0 0.577163,47.445988,0 0.579595,47.444820,0 0.577783,47.443798,0 0.578119,47.443386,0 0.579204,47.443886,0 0.579870,47.443977,0 0.580454,47.443424,0 0.581116,47.443390,0 0.581089,47.444060,0 0.581406,47.444520,0 0.582710,47.443540,0 0.583958,47.442000,0 0.585389,47.440907,0 0.586185,47.440628,0 0.586266,47.440170,0 0.587101,47.439180,0 0.587997,47.437553,0 0.589278,47.434290,0 0.591318,47.432056,0 0.592888,47.429844,0 0.596130,47.426410,0 0.599797,47.423580,0 0.602329,47.420624,0 0.603553,47.418870,0 0.606494,47.415890,0 0.606453,47.415714,0 0.606938,47.415493,0 0.609696,47.412580,0 0.609823,47.412140,0 0.610399,47.411934,0 0.613346,47.409637,0 0.614782,47.408820,0 0.622726,47.406544,0 0.626849,47.404710,0 0.627190,47.404327,0 0.628680,47.403580,0 0.628820,47.403152,0 0.628691,47.402880,0 0.628959,47.402657,0 0.631474,47.401806,0 0.634231,47.399433,0 0.636917,47.400460,0 0.638053,47.400642,0 0.639160,47.400387,0 0.641414,47.398956,0 0.642131,47.399036,0 0.643690,47.399640,0 0.644525,47.399536,0 0.645673,47.398033,0 0.645317,47.396454,0 0.645346,47.395710,0 0.645527,47.395542,0 0.645904,47.395600,0 0.646036,47.396050,0 0.647365,47.397205,0 0.646766,47.399410,0 0.647761,47.399883,0 0.648281,47.399902,0 0.648395,47.400085,0 0.647822,47.400246,0 0.646466,47.401176,0 0.643001,47.404274,0 0.637689,47.407436,0 0.636331,47.408943,0 0.635688,47.410427,0 0.635575,47.411545,0 0.635867,47.417145,0 0.635048,47.422573,0 0.635092,47.423595,0 0.635517,47.424835,0 0.636288,47.425934,0 0.637467,47.426964,0 0.639389,47.428123,0 0.641204,47.428852,0 0.642873,47.429140,0 0.643488,47.429060,0 0.643881,47.429253,0 0.649876,47.429230,0 0.650712,47.428944,0 0.652893,47.427280,0 0.655141,47.426098,0 0.656536,47.426666,0 0.657474,47.426790,0 0.657952,47.427270,0 0.659691,47.428060,0 0.662695,47.428783,0 0.665523,47.430450,0 0.666981,47.430850,0 0.667857,47.430855,0 0.667874,47.431050,0 0.667511,47.431250,0 0.666734,47.432606,0 0.666528,47.432680,0 0.666355,47.432476,0 0.666569,47.432392,0 0.667404,47.431220,0 0.667404,47.430878,0 0.667618,47.430782,0 0.668981,47.430935,0 0.672837,47.430320,0 0.673842,47.430504,0 0.678281,47.429970,0 0.678797,47.429676,0 0.679344,47.429920,0 0.687077,47.430230,0 0.687178,47.430405,0 0.686932,47.430557,0 0.685956,47.432632,0 0.684990,47.435654,0 0.683783,47.436730,0 0.683740,47.437443,0 0.683783,47.436730,0 0.684678,47.436054,0 0.685166,47.435250,0 0.685956,47.432632,0 0.686931,47.430656,0 0.686656,47.430313,0 0.687002,47.430202,0 0.689725,47.431267,0 0.690332,47.431210,0 0.690630,47.430710,0 0.690343,47.428463,0 0.693212,47.428734,0 0.696636,47.428314,0 0.702151,47.428234,0 0.703068,47.428387,0 0.704855,47.428070,0 0.705059,47.425850,0 0.704937,47.425720,0 0.705145,47.425636,0 0.705356,47.425007,0 0.705370,47.423424,0 0.705966,47.422430,0 0.704551,47.421814,0 0.704057,47.421160,0 0.703463,47.420980,0 0.704289,47.420310,0 0.704536,47.419510,0 0.703370,47.415825,0 0.702883,47.413128,0 0.703313,47.409980,0 0.703321,47.407883,0 0.702774,47.404330,0 0.699325,47.397648,0 0.700377,47.392410,0 0.699130,47.391790,0 0.693566,47.391010,0 0.693570,47.390720,0 0.694070,47.390266,0 0.693312,47.389893,0 0.692325,47.390470,0</coordinates>
          </LineString>
          <LineString>
            <tessellate>1</tessellate>
            <coordinates>0.692325,47.390470,0 0.692025,47.390540,0 0.699245,47.391525,0 0.701245,47.392520,0 0.700065,47.393997,0 0.699460,47.397644,0 0.702774,47.404330,0 0.703518,47.409310,0 0.703052,47.413353,0 0.703506,47.415825,0 0.704535,47.418633,0 0.704766,47.418835,0 0.704696,47.420000,0 0.704044,47.420937,0 0.704384,47.421688,0 0.705966,47.422430,0 0.705370,47.423424,0 0.705356,47.425007,0 0.705153,47.425550,0 0.705255,47.425770,0 0.705059,47.425850,0 0.704917,47.426483,0 0.704855,47.428070,0 0.703068,47.428387,0 0.702151,47.428234,0 0.696636,47.428314,0 0.693212,47.428734,0 0.690343,47.428463,0 0.690716,47.430790,0 0.690331,47.431507,0 0.687404,47.430523,0 0.686355,47.430367,0 0.679096,47.429977,0 0.672926,47.430714,0 0.672340,47.430614,0 0.667828,47.431090,0 0.667511,47.431250,0 0.666734,47.432606,0 0.666528,47.432680,0 0.666355,47.432476,0 0.666968,47.431843,0 0.667391,47.431026,0 0.665227,47.430450,0 0.662198,47.428710,0 0.660706,47.428432,0 0.660102,47.428528,0 0.659754,47.428207,0 0.656819,47.426884,0 0.655507,47.426476,0 0.654750,47.426525,0 0.653003,47.427307,0 0.650882,47.428917,0 0.650445,47.429485,0 0.649683,47.429295,0 0.646322,47.429317,0 0.643876,47.429350,0 0.643396,47.429543,0 0.642441,47.429130,0 0.640810,47.429264,0 0.640259,47.429047,0 0.636904,47.426690,0 0.635373,47.424824,0 0.634908,47.422916,0 0.635306,47.420048,0 0.635226,47.417583,0 0.633923,47.417892,0 0.632815,47.418613,0 0.631719,47.418610,0 0.631050,47.418133,0 0.630775,47.416718,0 0.630257,47.416195,0 0.626248,47.414207,0 0.622517,47.413030,0 0.620154,47.412685,0 0.615641,47.412437,0 0.612647,47.412300,0 0.611192,47.412605,0 0.610017,47.412426,0 0.608260,47.414000,0 0.606702,47.415680,0 0.606745,47.415874,0 0.606352,47.416020,0 0.603728,47.418674,0 0.602329,47.420624,0 0.599797,47.423580,0 0.596130,47.426410,0 0.592888,47.429844,0 0.591318,47.432056,0 0.589278,47.434290,0 0.587997,47.437553,0 0.587101,47.439180,0 0.586266,47.440170,0 0.586185,47.440628,0 0.585198,47.441040,0 0.583873,47.442074,0 0.582281,47.443920,0 0.580745,47.444780,0 0.579595,47.444820,0 0.577783,47.443798,0 0.577382,47.444016,0 0.576082,47.443720,0 0.575821,47.444214,0 0.575928,47.444633,0 0.575360,47.444840,0 0.576180,47.446217,0 0.576846,47.446682,0 0.575767,47.447144,0 0.570102,47.451866,0 0.565334,47.457397,0 0.576004,47.459373,0 0.576194,47.459710,0 0.574010,47.460564,0 0.545432,47.474407,0 0.545576,47.474873,0 0.552201,47.480900,0 0.543783,47.485237,0 0.542754,47.485943,0 0.537856,47.483353,0 0.531216,47.482830,0 0.530506,47.481506,0 0.527334,47.482895,0 0.488311,47.494457,0 0.465647,47.503773,0 0.464568,47.507230,0 0.461801,47.510498,0 0.461458,47.511310,0 0.461504,47.512050,0 0.462088,47.513440,0 0.462048,47.515460,0 0.462844,47.517360,0 0.462803,47.521175,0 0.462952,47.522270,0 0.457901,47.524110,0 0.456195,47.526592,0 0.455141,47.526350,0 0.450836,47.526190,0 0.448298,47.525730,0 0.443867,47.525406,0 0.442349,47.525536,0 0.434436,47.527443,0 0.432678,47.527180,0 0.429477,47.526320,0 0.422008,47.526180,0 0.417458,47.525448,0 0.416446,47.525510,0 0.415114,47.525894,0 0.407825,47.526768,0 0.403522,47.526170,0 0.401786,47.524710,0 0.399943,47.523613,0 0.394505,47.522870,0 0.394226,47.522800,0 0.394285,47.522650,0 0.394459,47.522785,0 0.384114,47.526505,0 0.380725,47.527508,0 0.377188,47.528996,0 0.371332,47.532040,0 0.359827,47.535088,0 0.351346,47.538000,0 0.340879,47.541206,0 0.339642,47.541885,0 0.338995,47.541702,0 0.335271,47.541640,0 0.333238,47.541805,0 0.331529,47.542190,0 0.322651,47.546160,0 0.321342,47.547134,0</coordinates>
          </LineString>
          <LineString>
            <tessellate>1</tessellate>
            <coordinates>0.312639,47.575966,0 0.313418,47.574920,0 0.313930,47.573380,0 0.316371,47.571472,0 0.315925,47.570454,0 0.316626,47.569485,0 0.316558,47.568066,0 0.316794,47.566265,0 0.317700,47.563335,0 0.318361,47.562283,0 0.319786,47.561237,0 0.320658,47.559574,0 0.321130,47.556890,0 0.320344,47.554440,0 0.319961,47.552240,0 0.319290,47.550840,0 0.317569,47.549694,0 0.321030,47.547653,0 0.321212,47.547240,0 0.322651,47.546160,0 0.328984,47.543247,0 0.331529,47.542190,0 0.333849,47.541670,0 0.338561,47.541603,0 0.340879,47.541206,0 0.351346,47.538000,0 0.359827,47.535088,0 0.370864,47.532190,0 0.372272,47.531660,0 0.377665,47.528770,0 0.381044,47.527386,0 0.384148,47.525673,0 0.384721,47.526287,0 0.393838,47.523033,0 0.394328,47.522644,0 0.394505,47.522870,0 0.399943,47.523613,0 0.401786,47.524710,0 0.403522,47.526170,0 0.407825,47.526768,0 0.415114,47.525894,0 0.416446,47.525510,0 0.417458,47.525448,0 0.422008,47.526180,0 0.429477,47.526320,0 0.432678,47.527180,0 0.434436,47.527443,0 0.442349,47.525536,0 0.443867,47.525406,0 0.448298,47.525730,0 0.450836,47.526190,0 0.455141,47.526350,0 0.456195,47.526592,0 0.457901,47.524110,0 0.462952,47.522270,0 0.462803,47.521175,0 0.462844,47.517360,0 0.462048,47.515460,0 0.462088,47.513440,0 0.461504,47.512050,0 0.461458,47.511310,0 0.461801,47.510498,0 0.464568,47.507230,0 0.465647,47.503773,0 0.488311,47.494457,0 0.528125,47.482628,0 0.533827,47.479725,0 0.575978,47.459644,0 0.575726,47.459370,0 0.565334,47.457397,0 0.570102,47.451866,0 0.575378,47.447450,0 0.576847,47.446500,0 0.577163,47.445988,0 0.579595,47.444820,0 0.577783,47.443798,0 0.578119,47.443386,0 0.579204,47.443886,0 0.579870,47.443977,0 0.580454,47.443424,0 0.581116,47.443390,0 0.581089,47.444060,0 0.581406,47.444520,0 0.582710,47.443540,0 0.583958,47.442000,0 0.585389,47.440907,0 0.586185,47.440628,0 0.586266,47.440170,0 0.587101,47.439180,0 0.587997,47.437553,0 0.589278,47.434290,0 0.591318,47.432056,0 0.592888,47.429844,0 0.596130,47.426410,0 0.599797,47.423580,0 0.602329,47.420624,0 0.603553,47.418870,0 0.606494,47.415890,0 0.606453,47.415714,0 0.606938,47.415493,0 0.609696,47.412580,0 0.609869,47.412100,0 0.610399,47.411934,0 0.613346,47.409637,0 0.614782,47.408820,0 0.622726,47.406544,0 0.626849,47.404710,0 0.627190,47.404327,0 0.628680,47.403580,0 0.628820,47.403152,0 0.628691,47.402880,0 0.628959,47.402657,0 0.631474,47.401806,0 0.634231,47.399433,0 0.636917,47.400460,0 0.638053,47.400642,0 0.639160,47.400387,0 0.641414,47.398956,0 0.642131,47.399036,0 0.643785,47.399654,0 0.644704,47.399430,0 0.645678,47.398006,0 0.645330,47.396595,0 0.645357,47.395676,0 0.646181,47.395490,0 0.646535,47.395103,0 0.648570,47.389090,0 0.648474,47.387560,0 0.648216,47.387333,0 0.647823,47.387430,0 0.647060,47.388040,0 0.646782,47.388695,0 0.647003,47.389320,0 0.647778,47.389760,0 0.649779,47.390110,0 0.653343,47.391167,0 0.657157,47.391840,0 0.661332,47.393303,0 0.671295,47.394855,0 0.671734,47.393665,0 0.672370,47.392810,0 0.678083,47.393982,0 0.678747,47.392690,0 0.680120,47.392030,0 0.681455,47.390648,0 0.682150,47.390580,0 0.682826,47.389250,0 0.688167,47.390000,0 0.688957,47.389755,0 0.689490,47.389890,0 0.689644,47.390200,0 0.699245,47.391525,0 0.701245,47.392520,0 0.700065,47.393997,0 0.699460,47.397644,0 0.702734,47.404167,0 0.703518,47.409310,0 0.703052,47.413353,0 0.703506,47.415825,0 0.704535,47.418633,0 0.704766,47.418835,0 0.704696,47.420000,0 0.704044,47.420937,0 0.704384,47.421688,0 0.704978,47.421993,0 0.704627,47.422157,0 0.704672,47.422836,0 0.705684,47.422832,0 0.705966,47.422430,0 0.704551,47.421814,0 0.704057,47.421160,0 0.703721,47.421062,0 0.697445,47.424050,0 0.679733,47.422234,0 0.679189,47.422684,0 0.675915,47.422306,0 0.675873,47.422478,0</coordinates>
          </LineString>
        </MultiGeometry>
      </Placemark>
      <Placemark>
        <name>S — Neuvy-le-Roi - Tours — Ligne régulière hors dimanche</name>
        <description>Groupe horaire : Ligne régulière hors dimanche
Ligne régionale Rémi S. Tracé issu des shapes GTFS officiels fournis.</description>
        <styleUrl>#route_REMI37_Line_306</styleUrl>
        <MultiGeometry>
          <LineString>
            <tessellate>1</tessellate>
            <coordinates>0.692325,47.390470,0 0.692025,47.390540,0 0.699245,47.391525,0 0.701245,47.392520,0 0.700065,47.393997,0 0.699460,47.397644,0 0.702734,47.404167,0 0.703518,47.409310,0 0.703052,47.413353,0 0.703506,47.415825,0 0.704535,47.418633,0 0.704766,47.418835,0 0.704696,47.420000,0 0.704056,47.420853,0 0.697345,47.424053,0 0.697665,47.423763,0 0.698243,47.423620,0 0.697445,47.424050,0 0.697168,47.425450,0 0.697432,47.425820,0 0.696943,47.426323,0 0.696729,47.428310,0 0.697526,47.431644,0 0.697784,47.431934,0 0.697642,47.432205,0 0.699732,47.440860,0 0.700235,47.441960,0 0.700014,47.442234,0 0.699617,47.444500,0 0.698642,47.446087,0 0.698062,47.447964,0 0.697965,47.449142,0 0.698282,47.449646,0 0.697515,47.450130,0 0.692355,47.460850,0 0.694142,47.470192,0 0.694601,47.470562,0 0.694389,47.471165,0 0.695295,47.475506,0 0.696080,47.477400,0 0.696406,47.478718,0 0.696514,47.481730,0 0.697644,47.487570,0 0.697595,47.492210,0 0.696498,47.492695,0 0.695527,47.494225,0 0.697027,47.494960,0 0.697255,47.496200,0 0.696920,47.496304,0 0.695901,47.495650,0 0.694668,47.495586,0 0.693103,47.496002,0 0.691222,47.496796,0 0.683588,47.501057,0 0.680531,47.502148,0 0.671923,47.508244,0 0.659354,47.512653,0 0.655193,47.513800,0 0.653364,47.515133,0 0.652504,47.516350,0 0.652248,47.517040,0 0.651878,47.517277,0 0.649233,47.517460,0 0.648308,47.517280,0 0.648177,47.517640,0 0.646685,47.519016,0 0.646290,47.520172,0 0.645413,47.521732,0 0.644807,47.523540,0 0.640109,47.529232,0 0.638415,47.534058,0 0.638272,47.535496,0 0.638389,47.537876,0 0.637585,47.541035,0 0.637691,47.541832,0 0.641108,47.543200,0 0.643266,47.545956,0 0.645420,47.547750,0 0.646597,47.549957,0 0.646738,47.551540,0 0.647507,47.553078,0 0.650283,47.556152,0 0.652906,47.557537,0 0.658423,47.562134,0 0.660563,47.563545,0 0.664081,47.566360,0 0.664420,47.566822,0 0.664932,47.568386,0 0.668979,47.568470,0 0.669649,47.569330,0 0.669930,47.570255,0 0.670701,47.570090,0 0.672240,47.571636,0 0.669259,47.574410,0 0.668806,47.575863,0 0.668809,47.576725,0 0.668520,47.576862,0 0.665023,47.575330,0 0.663480,47.574380,0 0.662279,47.573204,0 0.661039,47.571293,0 0.657534,47.571236,0 0.652262,47.569800,0 0.647006,47.569286,0 0.642115,47.568226,0 0.639364,47.567290,0 0.637112,47.566025,0 0.631769,47.564075,0 0.624767,47.563400,0 0.616079,47.561985,0 0.610929,47.560642,0 0.610796,47.560963,0 0.611024,47.561626,0 0.610844,47.562115,0 0.608409,47.564396,0 0.604259,47.566380,0 0.601351,47.568596,0 0.599888,47.572575,0 0.598842,47.574210,0 0.597828,47.576900,0 0.597839,47.577717,0 0.598452,47.579376,0 0.598784,47.580050,0 0.599535,47.580788,0 0.599350,47.582176,0 0.599910,47.583790,0 0.599577,47.584023,0 0.598573,47.583706,0 0.597973,47.583763,0 0.596934,47.584700,0 0.596026,47.585220,0 0.595774,47.586254,0 0.596593,47.587605,0 0.596589,47.588900,0 0.596234,47.591590,0 0.595384,47.593220,0 0.596456,47.597477,0 0.596562,47.599976,0 0.596424,47.600590,0 0.595712,47.601690,0 0.595739,47.602600,0 0.595412,47.603130,0 0.593856,47.603374,0 0.593884,47.603764,0 0.594250,47.603800,0 0.594168,47.604060,0 0.592927,47.605970,0 0.596474,47.606007,0 0.598464,47.605550,0 0.601441,47.605873,0 0.609560,47.608177,0 0.618126,47.609600,0 0.621517,47.610010,0 0.626196,47.609882,0 0.627823,47.610355,0 0.634900,47.613804,0 0.636912,47.614418,0 0.646400,47.615700,0 0.652048,47.616950,0 0.658536,47.617287,0 0.648367,47.658188,0 0.647047,47.658550,0 0.645373,47.658440,0 0.640922,47.659294,0 0.639612,47.660520,0 0.636888,47.661945,0 0.633680,47.665688,0 0.631651,47.666924,0 0.629895,47.667610,0 0.629200,47.667603,0 0.624651,47.665447,0 0.623220,47.665380,0 0.622280,47.665680,0 0.620204,47.667778,0 0.619426,47.667828,0 0.616761,47.667374,0 0.613484,47.668793,0</coordinates>
          </LineString>
          <LineString>
            <tessellate>1</tessellate>
            <coordinates>0.699789,47.621430,0 0.696154,47.621532,0 0.687330,47.621216,0 0.674134,47.623123,0 0.669166,47.623210,0 0.667681,47.622906,0 0.666527,47.622215,0 0.664980,47.619225,0 0.664179,47.618362,0 0.663252,47.617710,0 0.661800,47.617317,0 0.658536,47.617287,0 0.668317,47.577843,0 0.668364,47.576710,0 0.668710,47.576366,0 0.669259,47.574410,0 0.665846,47.571293,0 0.664214,47.566494,0 0.660563,47.563545,0 0.658423,47.562134,0 0.652906,47.557537,0 0.650283,47.556152,0 0.647507,47.553078,0 0.646738,47.551540,0 0.646597,47.549957,0 0.645420,47.547750,0 0.643266,47.545956,0 0.641108,47.543200,0 0.637691,47.541832,0 0.637582,47.541190,0 0.638389,47.537876,0 0.638272,47.535496,0 0.638415,47.534058,0 0.640109,47.529232,0 0.644807,47.523540,0 0.645413,47.521732,0 0.646290,47.520172,0 0.646685,47.519016,0 0.648177,47.517640,0 0.648308,47.517280,0 0.649233,47.517460,0 0.651878,47.517277,0 0.652248,47.517040,0 0.652504,47.516350,0 0.653364,47.515133,0 0.655193,47.513800,0 0.659354,47.512653,0 0.671923,47.508244,0 0.680531,47.502148,0 0.683588,47.501057,0 0.690827,47.496967,0 0.694449,47.495613,0 0.695901,47.495650,0 0.696823,47.496063,0 0.697251,47.495872,0 0.696980,47.494910,0 0.695525,47.494286,0 0.696498,47.492695,0 0.697611,47.492123,0 0.697644,47.487570,0 0.696514,47.481730,0 0.696406,47.478718,0 0.695130,47.474964,0 0.694389,47.471165,0 0.693970,47.470627,0 0.694104,47.469820,0 0.692257,47.461030,0 0.697697,47.449795,0 0.698529,47.446370,0 0.699726,47.444090,0 0.699875,47.442226,0 0.699668,47.441963,0 0.699839,47.441610,0 0.699732,47.440860,0 0.697551,47.432316,0 0.697147,47.431976,0 0.697384,47.431664,0 0.696601,47.428066,0 0.697345,47.424053,0 0.697665,47.423763,0 0.698243,47.423620,0 0.697345,47.424053,0 0.698564,47.423220,0 0.703463,47.420980,0 0.704218,47.420403,0 0.704524,47.419760,0 0.704476,47.419083,0 0.704283,47.418884,0 0.704330,47.418610,0 0.703314,47.415604,0 0.702883,47.413128,0 0.703313,47.409980,0 0.703321,47.407883,0 0.702774,47.404330,0 0.699327,47.397663,0 0.700377,47.392410,0 0.699130,47.391790,0 0.679240,47.389008,0 0.677080,47.392143,0 0.674704,47.391514,0 0.673373,47.394010,0 0.669002,47.392240,0 0.668014,47.392075,0 0.667247,47.394220,0 0.661584,47.393448,0 0.657051,47.391888,0 0.653290,47.391230,0 0.649743,47.390180,0 0.647602,47.389782,0 0.646812,47.389214,0 0.646698,47.388535,0 0.647225,47.387737,0 0.648182,47.387253,0 0.649653,47.387432,0 0.648914,47.388798,0 0.647015,47.394386,0 0.647108,47.395350,0 0.648074,47.397923,0 0.648167,47.399754,0 0.648367,47.400124,0 0.648125,47.400185,0 0.647773,47.399940,0 0.646433,47.399616,0 0.646909,47.398560,0 0.646682,47.398310,0 0.646628,47.398533,0 0.646598,47.398197,0 0.646267,47.398040,0 0.645673,47.398033,0 0.644854,47.399290,0 0.644346,47.399605,0 0.643690,47.399640,0 0.642131,47.399036,0 0.641414,47.398956,0 0.639160,47.400387,0 0.638443,47.400600,0 0.637254,47.400562,0 0.635193,47.399803,0</coordinates>
          </LineString>
          <LineString>
            <tessellate>1</tessellate>
            <coordinates>0.528598,47.649017,0 0.529381,47.649452,0 0.530422,47.648876,0 0.531856,47.647114,0 0.535137,47.644005,0 0.536561,47.643340,0 0.537422,47.642616,0 0.538970,47.640663,0 0.539989,47.640270,0 0.542649,47.640167,0 0.546299,47.641678,0 0.550468,47.642654,0 0.551451,47.644030,0 0.551859,47.644220,0 0.552259,47.644806,0 0.554542,47.646210,0 0.556095,47.646572,0 0.557432,47.647858,0 0.566079,47.650906,0 0.568325,47.652140,0 0.571016,47.654404,0 0.574628,47.656760,0 0.579342,47.658930,0 0.582641,47.659695,0 0.584882,47.660680,0 0.585915,47.661404,0 0.586914,47.662730,0 0.587422,47.663000,0 0.595297,47.665240,0 0.602451,47.665340,0 0.604713,47.665585,0 0.607868,47.667233,0 0.609926,47.668030,0 0.610622,47.668118,0 0.611968,47.667860,0 0.613150,47.668900,0 0.616761,47.667374,0 0.619426,47.667828,0 0.620204,47.667778,0 0.622280,47.665680,0 0.623220,47.665380,0 0.624651,47.665447,0 0.629200,47.667603,0 0.629895,47.667610,0 0.631651,47.666924,0 0.633680,47.665688,0 0.636888,47.661945,0 0.639612,47.660520,0 0.640922,47.659294,0 0.645373,47.658440,0 0.647047,47.658550,0 0.648367,47.658188,0 0.649332,47.654380,0 0.646640,47.654396,0 0.646550,47.652210,0 0.644398,47.651524,0 0.645676,47.649254,0 0.645953,47.648354,0 0.645875,47.647785,0 0.645043,47.646190,0 0.643677,47.645680,0 0.640403,47.645294,0 0.638282,47.644085,0 0.634639,47.639557,0 0.632430,47.638474,0 0.631155,47.637200,0 0.627753,47.632810,0 0.623941,47.631485,0 0.623699,47.630230,0 0.623884,47.629246,0 0.623465,47.628777,0 0.622549,47.628345,0 0.619417,47.627670,0 0.615846,47.627647,0 0.615289,47.627495,0 0.614819,47.626890,0 0.614527,47.625317,0 0.613441,47.624664,0 0.611320,47.622440,0 0.608240,47.620216,0 0.607368,47.619330,0 0.606190,47.616720,0 0.604607,47.614190,0 0.604433,47.613180,0 0.604150,47.612860,0 0.599963,47.610950,0 0.599259,47.610947,0 0.596673,47.611570,0 0.596589,47.605990,0 0.592927,47.605970,0 0.593909,47.604656,0 0.594250,47.603800,0 0.595263,47.603848,0 0.595838,47.604073,0 0.596446,47.605034,0 0.598296,47.605553,0 0.602174,47.606014,0 0.609560,47.608177,0 0.620353,47.609936,0 0.625202,47.609802,0 0.626931,47.610043,0 0.634900,47.613804,0 0.636912,47.614418,0 0.646400,47.615700,0 0.652048,47.616950,0 0.658536,47.617287,0 0.668317,47.577843,0 0.668364,47.576710,0 0.668710,47.576366,0 0.669259,47.574410,0 0.672240,47.571636,0 0.670701,47.570090,0 0.669930,47.570255,0 0.669649,47.569330,0 0.668979,47.568470,0 0.664932,47.568386,0 0.664420,47.566822,0 0.664081,47.566360,0 0.660563,47.563545,0 0.658423,47.562134,0 0.652906,47.557537,0 0.650470,47.556313,0 0.647865,47.553560,0 0.646789,47.551704,0 0.646597,47.549957,0 0.645420,47.547750,0 0.643266,47.545956,0 0.641108,47.543200,0 0.637691,47.541832,0 0.637585,47.541035,0 0.638389,47.537876,0 0.638272,47.535496,0 0.638415,47.534058,0 0.640157,47.529140,0 0.644807,47.523540,0 0.645413,47.521732,0 0.646290,47.520172,0 0.646685,47.519016,0 0.648177,47.517640,0 0.648308,47.517280,0 0.649233,47.517460,0 0.651878,47.517277,0 0.652248,47.517040,0 0.652504,47.516350,0 0.653364,47.515133,0 0.655193,47.513800,0 0.659354,47.512653,0 0.671923,47.508244,0 0.680531,47.502148,0 0.683588,47.501057,0 0.690827,47.496967,0 0.694449,47.495613,0 0.695901,47.495650,0 0.696823,47.496063,0 0.697251,47.495872,0 0.696980,47.494910,0 0.695525,47.494286,0 0.696498,47.492695,0 0.697611,47.492123,0 0.697644,47.487570,0 0.696514,47.481730,0 0.696406,47.478718,0 0.695130,47.474964,0 0.694389,47.471165,0 0.693970,47.470627,0 0.694104,47.469820,0 0.692265,47.460857,0 0.697150,47.451030,0 0.697865,47.449406,0 0.698529,47.446370,0 0.699726,47.444090,0 0.699875,47.442226,0 0.699668,47.441963,0 0.699839,47.441610,0 0.699732,47.440860,0 0.697551,47.432316,0 0.697147,47.431976,0 0.697384,47.431664,0 0.696601,47.428066,0 0.697345,47.424053,0 0.697665,47.423763,0 0.698243,47.423620,0 0.697345,47.424053,0 0.698564,47.423220,0 0.703740,47.420807,0 0.704416,47.420116,0 0.704536,47.419510,0 0.703370,47.415825,0 0.702883,47.413128,0 0.703313,47.409980,0 0.703321,47.407883,0 0.702774,47.404330,0 0.699327,47.397663,0 0.700377,47.392410,0 0.699130,47.391790,0 0.693566,47.391010,0 0.693570,47.390720,0 0.694070,47.390266,0 0.693312,47.389893,0 0.692325,47.390470,0</coordinates>
          </LineString>
          <LineString>
            <tessellate>1</tessellate>
            <coordinates>0.528598,47.649017,0 0.529381,47.649452,0 0.530422,47.648876,0 0.531856,47.647114,0 0.535137,47.644005,0 0.536561,47.643340,0 0.537422,47.642616,0 0.538970,47.640663,0 0.539989,47.640270,0 0.542649,47.640167,0 0.546299,47.641678,0 0.550468,47.642654,0 0.551451,47.644030,0 0.551859,47.644220,0 0.552259,47.644806,0 0.554542,47.646210,0 0.556095,47.646572,0 0.557432,47.647858,0 0.566079,47.650906,0 0.568325,47.652140,0 0.571016,47.654404,0 0.574628,47.656760,0 0.579342,47.658930,0 0.582641,47.659695,0 0.584882,47.660680,0 0.585915,47.661404,0 0.586914,47.662730,0 0.587422,47.663000,0 0.595297,47.665240,0 0.602451,47.665340,0 0.604713,47.665585,0 0.607868,47.667233,0 0.609926,47.668030,0 0.610622,47.668118,0 0.611968,47.667860,0 0.613150,47.668900,0 0.616761,47.667374,0 0.619426,47.667828,0 0.620204,47.667778,0 0.622280,47.665680,0 0.623220,47.665380,0 0.624651,47.665447,0 0.629200,47.667603,0 0.629895,47.667610,0 0.631651,47.666924,0 0.633680,47.665688,0 0.636888,47.661945,0 0.639612,47.660520,0 0.640922,47.659294,0 0.645373,47.658440,0 0.647047,47.658550,0 0.648367,47.658188,0 0.649332,47.654380,0 0.646640,47.654396,0 0.646550,47.652210,0 0.644398,47.651524,0 0.645676,47.649254,0 0.645953,47.648354,0 0.645875,47.647785,0 0.645043,47.646190,0 0.643677,47.645680,0 0.640403,47.645294,0 0.638282,47.644085,0 0.634639,47.639557,0 0.632430,47.638474,0 0.631155,47.637200,0 0.627753,47.632810,0 0.623941,47.631485,0 0.623699,47.630230,0 0.623884,47.629246,0 0.623465,47.628777,0 0.622549,47.628345,0 0.619417,47.627670,0 0.615846,47.627647,0 0.615289,47.627495,0 0.614819,47.626890,0 0.614527,47.625317,0 0.613441,47.624664,0 0.611320,47.622440,0 0.608240,47.620216,0 0.607368,47.619330,0 0.606190,47.616720,0 0.604607,47.614190,0 0.604433,47.613180,0 0.604150,47.612860,0 0.599963,47.610950,0 0.599259,47.610947,0 0.596673,47.611570,0 0.596589,47.605990,0 0.592927,47.605970,0 0.593909,47.604656,0 0.594250,47.603800,0 0.595263,47.603848,0 0.595838,47.604073,0 0.596446,47.605034,0 0.598296,47.605553,0 0.602174,47.606014,0 0.609560,47.608177,0 0.620353,47.609936,0 0.625202,47.609802,0 0.626931,47.610043,0 0.634900,47.613804,0 0.636912,47.614418,0 0.646400,47.615700,0 0.652048,47.616950,0 0.658536,47.617287,0 0.668317,47.577843,0 0.668364,47.576710,0 0.668710,47.576366,0 0.669259,47.574410,0 0.672240,47.571636,0 0.670701,47.570090,0 0.671563,47.569565,0 0.674218,47.569153,0 0.674686,47.568775,0 0.677042,47.565475,0 0.689925,47.546024,0 0.690793,47.544220,0 0.693141,47.529297,0 0.696539,47.504620,0 0.697219,47.496650,0 0.696817,47.496147,0 0.697239,47.495747,0 0.696980,47.494910,0 0.695527,47.494225,0 0.696498,47.492695,0 0.697611,47.492123,0 0.697644,47.487570,0 0.696514,47.481730,0 0.696406,47.478718,0 0.695130,47.474964,0 0.694389,47.471165,0 0.693970,47.470627,0 0.694104,47.469820,0 0.692257,47.461030,0 0.697697,47.449795,0 0.698529,47.446370,0 0.699726,47.444090,0 0.699875,47.442226,0 0.699668,47.441963,0 0.699839,47.441610,0 0.699732,47.440860,0 0.697551,47.432316,0 0.697160,47.431910,0 0.697515,47.431760,0 0.698267,47.431970,0 0.700673,47.431680,0 0.704254,47.430485,0 0.704648,47.430065,0 0.706171,47.429703,0 0.707892,47.428497,0 0.711411,47.424870,0 0.711222,47.424606,0 0.709318,47.423620,0 0.707266,47.423054,0 0.705966,47.422430,0 0.705370,47.423424,0 0.705356,47.425007,0 0.705153,47.425550,0 0.705255,47.425770,0 0.705059,47.425850,0 0.704917,47.426483,0 0.704855,47.428070,0 0.703068,47.428387,0 0.702151,47.428234,0 0.696636,47.428314,0 0.693212,47.428734,0 0.690343,47.428463,0 0.690715,47.430710,0 0.690490,47.431416,0 0.690194,47.431503,0 0.687404,47.430523,0 0.686932,47.430557,0 0.685956,47.432632,0 0.684990,47.435654,0 0.683783,47.436730,0 0.678682,47.435604,0 0.678394,47.435387,0 0.677706,47.434067,0 0.674373,47.433850,0 0.673820,47.432922,0 0.673009,47.430817,0 0.672603,47.430520,0 0.672824,47.430054,0 0.672514,47.425182,0 0.672709,47.423763,0 0.675478,47.424118,0 0.676498,47.419890,0 0.677461,47.420006,0 0.679296,47.419846,0 0.680850,47.420036,0 0.681388,47.418884,0 0.683424,47.418697,0 0.683781,47.418472,0 0.686110,47.418670,0 0.691869,47.418648,0 0.692432,47.418465,0 0.692725,47.418648,0 0.697394,47.418865,0 0.704283,47.418884,0 0.704330,47.418610,0 0.703314,47.415604,0 0.702883,47.413128,0 0.703313,47.409980,0 0.703321,47.407883,0 0.702774,47.404330,0 0.699327,47.397663,0 0.700377,47.392410,0 0.699130,47.391790,0 0.693566,47.391010,0 0.693570,47.390720,0 0.694070,47.390266,0 0.693312,47.389893,0 0.692325,47.390470,0</coordinates>
          </LineString>
          <LineString>
            <tessellate>1</tessellate>
            <coordinates>0.692325,47.390470,0 0.692025,47.390540,0 0.699245,47.391525,0 0.701245,47.392520,0 0.700065,47.393997,0 0.699460,47.397644,0 0.702734,47.404167,0 0.703518,47.409310,0 0.703052,47.413353,0 0.703506,47.415825,0 0.704535,47.418633,0 0.704766,47.418835,0 0.704696,47.420000,0 0.704044,47.420937,0 0.704384,47.421688,0 0.705966,47.422430,0 0.705370,47.423424,0 0.705356,47.425007,0 0.705153,47.425550,0 0.705255,47.425770,0 0.705059,47.425850,0 0.704917,47.426483,0 0.704855,47.428070,0 0.703068,47.428387,0 0.702151,47.428234,0 0.700440,47.428370,0 0.698734,47.428240,0 0.693212,47.428734,0 0.690343,47.428463,0 0.690303,47.428700,0 0.690715,47.430710,0 0.690490,47.431416,0 0.691023,47.431736,0 0.692747,47.432323,0 0.693764,47.432420,0 0.696957,47.432080,0 0.697352,47.431770,0 0.697749,47.431870,0 0.697642,47.432205,0 0.698814,47.437164,0 0.699732,47.440860,0 0.700234,47.441890,0 0.700014,47.442234,0 0.699636,47.444447,0 0.698642,47.446087,0 0.698062,47.447964,0 0.697965,47.449142,0 0.698282,47.449646,0 0.697515,47.450130,0 0.692355,47.460850,0 0.694142,47.470192,0 0.694601,47.470562,0 0.694389,47.471165,0 0.695295,47.475506,0 0.696080,47.477400,0 0.696406,47.478718,0 0.696514,47.481730,0 0.697644,47.487570,0 0.697595,47.492210,0 0.696498,47.492695,0 0.695527,47.494225,0 0.697027,47.494960,0 0.697255,47.496200,0 0.696920,47.496304,0 0.695901,47.495650,0 0.694668,47.495586,0 0.693103,47.496002,0 0.691222,47.496796,0 0.683588,47.501057,0 0.680531,47.502148,0 0.671923,47.508244,0 0.659354,47.512653,0 0.655193,47.513800,0 0.653364,47.515133,0 0.652504,47.516350,0 0.652248,47.517040,0 0.651878,47.517277,0 0.649233,47.517460,0 0.648308,47.517280,0 0.648177,47.517640,0 0.646685,47.519016,0 0.646290,47.520172,0 0.645413,47.521732,0 0.644807,47.523540,0 0.640109,47.529232,0 0.638415,47.534058,0 0.638272,47.535496,0 0.638389,47.537876,0 0.637585,47.541035,0 0.637691,47.541832,0 0.641108,47.543200,0 0.643266,47.545956,0 0.645420,47.547750,0 0.646597,47.549957,0 0.646738,47.551540,0 0.647507,47.553078,0 0.650283,47.556152,0 0.652906,47.557537,0 0.658423,47.562134,0 0.660563,47.563545,0 0.664081,47.566360,0 0.664420,47.566822,0 0.664932,47.568386,0 0.668979,47.568470,0 0.669649,47.569330,0 0.669930,47.570255,0 0.670701,47.570090,0 0.672240,47.571636,0 0.669259,47.574410,0 0.668806,47.575863,0 0.668809,47.576725,0 0.668520,47.576862,0 0.665023,47.575330,0 0.663480,47.574380,0 0.662279,47.573204,0 0.661039,47.571293,0 0.657534,47.571236,0 0.652262,47.569800,0 0.647006,47.569286,0 0.642115,47.568226,0 0.639364,47.567290,0 0.637112,47.566025,0 0.631769,47.564075,0 0.624767,47.563400,0 0.616079,47.561985,0 0.610929,47.560642,0 0.610796,47.560963,0 0.611024,47.561626,0 0.610844,47.562115,0 0.608409,47.564396,0 0.604259,47.566380,0 0.601351,47.568596,0 0.599888,47.572575,0 0.598842,47.574210,0 0.597828,47.576900,0 0.597839,47.577717,0 0.598452,47.579376,0 0.598784,47.580050,0 0.599535,47.580788,0 0.599350,47.582176,0 0.599910,47.583790,0 0.599577,47.584023,0 0.598573,47.583706,0 0.597973,47.583763,0 0.596934,47.584700,0 0.596026,47.585220,0 0.595774,47.586254,0 0.596593,47.587605,0 0.596589,47.588900,0 0.596234,47.591590,0 0.595384,47.593220,0 0.596456,47.597477,0 0.596562,47.599976,0 0.596424,47.600590,0 0.595712,47.601690,0 0.595739,47.602600,0 0.595412,47.603130,0 0.593856,47.603374,0 0.593884,47.603764,0 0.594250,47.603800,0 0.594168,47.604060,0 0.592927,47.605970,0 0.596474,47.606007,0 0.598464,47.605550,0 0.601441,47.605873,0 0.609560,47.608177,0 0.618126,47.609600,0 0.621517,47.610010,0 0.626196,47.609882,0 0.627823,47.610355,0 0.634900,47.613804,0 0.636912,47.614418,0 0.646400,47.615700,0 0.652048,47.616950,0 0.658536,47.617287,0 0.648367,47.658188,0 0.647047,47.658550,0 0.645373,47.658440,0 0.640922,47.659294,0 0.639612,47.660520,0 0.636888,47.661945,0 0.633680,47.665688,0 0.631651,47.666924,0 0.629895,47.667610,0 0.629200,47.667603,0 0.624651,47.665447,0 0.623220,47.665380,0 0.622280,47.665680,0 0.620204,47.667778,0 0.619426,47.667828,0 0.616761,47.667374,0 0.613484,47.668793,0</coordinates>
          </LineString>
          <LineString>
            <tessellate>1</tessellate>
            <coordinates>0.692325,47.390470,0 0.692025,47.390540,0 0.699245,47.391525,0 0.701245,47.392520,0 0.700065,47.393997,0 0.699460,47.397644,0 0.702734,47.404167,0 0.703518,47.409310,0 0.703052,47.413353,0 0.703506,47.415825,0 0.704535,47.418633,0 0.704766,47.418835,0 0.704696,47.420000,0 0.704056,47.420853,0 0.697345,47.424053,0 0.697665,47.423763,0 0.698243,47.423620,0 0.697445,47.424050,0 0.697168,47.425450,0 0.697432,47.425820,0 0.696943,47.426323,0 0.696729,47.428310,0 0.697526,47.431644,0 0.697784,47.431934,0 0.697642,47.432205,0 0.699732,47.440860,0 0.700235,47.441960,0 0.700014,47.442234,0 0.699617,47.444500,0 0.698642,47.446087,0 0.698062,47.447964,0 0.697965,47.449142,0 0.698282,47.449646,0 0.697515,47.450130,0 0.692355,47.460850,0 0.694142,47.470192,0 0.694601,47.470562,0 0.694389,47.471165,0 0.695295,47.475506,0 0.696080,47.477400,0 0.696406,47.478718,0 0.696514,47.481730,0 0.697644,47.487570,0 0.697595,47.492210,0 0.696498,47.492695,0 0.695527,47.494225,0 0.697027,47.494960,0 0.697255,47.496200,0 0.696920,47.496304,0 0.695901,47.495650,0 0.694668,47.495586,0 0.693103,47.496002,0 0.691222,47.496796,0 0.683588,47.501057,0 0.680531,47.502148,0 0.671923,47.508244,0 0.659354,47.512653,0 0.655193,47.513800,0 0.653364,47.515133,0 0.652504,47.516350,0 0.652248,47.517040,0 0.651878,47.517277,0 0.649233,47.517460,0 0.648308,47.517280,0 0.648177,47.517640,0 0.646685,47.519016,0 0.646290,47.520172,0 0.645413,47.521732,0 0.644807,47.523540,0 0.640109,47.529232,0 0.638415,47.534058,0 0.638272,47.535496,0 0.638389,47.537876,0 0.637585,47.541035,0 0.637691,47.541832,0 0.641108,47.543200,0 0.643266,47.545956,0 0.645420,47.547750,0 0.646597,47.549957,0 0.646738,47.551540,0 0.647507,47.553078,0 0.650283,47.556152,0 0.652906,47.557537,0 0.658423,47.562134,0 0.660563,47.563545,0 0.664081,47.566360,0 0.664420,47.566822,0 0.664932,47.568386,0 0.668979,47.568470,0 0.669649,47.569330,0 0.669930,47.570255,0 0.670701,47.570090,0 0.672240,47.571636,0 0.669259,47.574410,0 0.668806,47.575863,0 0.668809,47.576725,0 0.668520,47.576862,0 0.665023,47.575330,0 0.663480,47.574380,0 0.662279,47.573204,0 0.661039,47.571293,0 0.657534,47.571236,0 0.652262,47.569800,0 0.647006,47.569286,0 0.642115,47.568226,0 0.639364,47.567290,0 0.637112,47.566025,0 0.631769,47.564075,0 0.624767,47.563400,0 0.616079,47.561985,0 0.610929,47.560642,0 0.610796,47.560963,0 0.611024,47.561626,0 0.610844,47.562115,0 0.608409,47.564396,0 0.604259,47.566380,0 0.601263,47.568718,0 0.599888,47.572575,0 0.598842,47.574210,0 0.597781,47.577183,0 0.597949,47.578068,0 0.598739,47.579980,0 0.599535,47.580788,0 0.599350,47.582176,0 0.599893,47.583874,0 0.599408,47.584003,0 0.598461,47.583690,0 0.597674,47.583897,0 0.596934,47.584700,0 0.596107,47.585090,0 0.595804,47.586056,0 0.595821,47.586440,0 0.596593,47.587605,0 0.596589,47.588900,0 0.596234,47.591590,0 0.595384,47.593220,0 0.596456,47.597477,0 0.596562,47.599976,0 0.596424,47.600590,0 0.595712,47.601690,0 0.595739,47.602600,0 0.595412,47.603130,0 0.593856,47.603374,0 0.593884,47.603764,0 0.594250,47.603800,0 0.594168,47.604060,0 0.592927,47.605970,0 0.596474,47.606007,0 0.598464,47.605550,0 0.601441,47.605873,0 0.609560,47.608177,0 0.618126,47.609600,0 0.621517,47.610010,0 0.626196,47.609882,0 0.627823,47.610355,0 0.634900,47.613804,0 0.636912,47.614418,0 0.646400,47.615700,0 0.652048,47.616950,0 0.658536,47.617287,0 0.648367,47.658188,0 0.647047,47.658550,0 0.645373,47.658440,0 0.640922,47.659294,0 0.639612,47.660520,0 0.636888,47.661945,0 0.633680,47.665688,0 0.631651,47.666924,0 0.629895,47.667610,0 0.629200,47.667603,0 0.624651,47.665447,0 0.623220,47.665380,0 0.622280,47.665680,0 0.620204,47.667778,0 0.619426,47.667828,0 0.616761,47.667374,0 0.613150,47.668900,0 0.611968,47.667860,0 0.610622,47.668118,0 0.609926,47.668030,0 0.607868,47.667233,0 0.604713,47.665585,0 0.602451,47.665340,0 0.595297,47.665240,0 0.587422,47.663000,0 0.586914,47.662730,0 0.585915,47.661404,0 0.584882,47.660680,0 0.582641,47.659695,0 0.579342,47.658930,0 0.574628,47.656760,0 0.571016,47.654404,0 0.568325,47.652140,0 0.566079,47.650906,0 0.557432,47.647858,0 0.556095,47.646572,0 0.554542,47.646210,0 0.552259,47.644806,0 0.551859,47.644220,0 0.551451,47.644030,0 0.550468,47.642654,0 0.546299,47.641678,0 0.542649,47.640167,0 0.539989,47.640270,0 0.538970,47.640663,0 0.537422,47.642616,0 0.536561,47.643340,0 0.535137,47.644005,0 0.531856,47.647114,0 0.530422,47.648876,0 0.529381,47.649452,0 0.528597,47.649014,0</coordinates>
          </LineString>
          <LineString>
            <tessellate>1</tessellate>
            <coordinates>0.692325,47.390470,0 0.692025,47.390540,0 0.699245,47.391525,0 0.701245,47.392520,0 0.700065,47.393997,0 0.699460,47.397644,0 0.702734,47.404167,0 0.703518,47.409310,0 0.703052,47.413353,0 0.703506,47.415825,0 0.704535,47.418633,0 0.704766,47.418835,0 0.704696,47.420000,0 0.704044,47.420937,0 0.704384,47.421688,0 0.705966,47.422430,0 0.705370,47.423424,0 0.705356,47.425007,0 0.705153,47.425550,0 0.705255,47.425770,0 0.705059,47.425850,0 0.704917,47.426483,0 0.704855,47.428070,0 0.703068,47.428387,0 0.702151,47.428234,0 0.696636,47.428314,0 0.693212,47.428734,0 0.690343,47.428463,0 0.690715,47.430710,0 0.690490,47.431416,0 0.690194,47.431503,0 0.687404,47.430523,0 0.686932,47.430557,0 0.685956,47.432632,0 0.684990,47.435654,0 0.683783,47.436730,0 0.683740,47.437443,0 0.683783,47.436730,0 0.684990,47.435654,0 0.685938,47.432705,0 0.689828,47.434513,0 0.692353,47.435295,0 0.695826,47.435750,0 0.698496,47.435620,0 0.699732,47.440860,0 0.700234,47.441890,0 0.700014,47.442234,0 0.699636,47.444447,0 0.698642,47.446087,0 0.698062,47.447964,0 0.697965,47.449142,0 0.698282,47.449646,0 0.697515,47.450130,0 0.692355,47.460850,0 0.694142,47.470192,0 0.694601,47.470562,0 0.694389,47.471165,0 0.695295,47.475506,0 0.696080,47.477400,0 0.696406,47.478718,0 0.696514,47.481730,0 0.697644,47.487570,0 0.697595,47.492210,0 0.696498,47.492695,0 0.695527,47.494225,0 0.697027,47.494960,0 0.697255,47.496200,0 0.696920,47.496304,0 0.695901,47.495650,0 0.694668,47.495586,0 0.693103,47.496002,0 0.691222,47.496796,0 0.683588,47.501057,0 0.680531,47.502148,0 0.671923,47.508244,0 0.659354,47.512653,0 0.655193,47.513800,0 0.653364,47.515133,0 0.652504,47.516350,0 0.652248,47.517040,0 0.651878,47.517277,0 0.649233,47.517460,0 0.648308,47.517280,0 0.648177,47.517640,0 0.646685,47.519016,0 0.646290,47.520172,0 0.645413,47.521732,0 0.644807,47.523540,0 0.640109,47.529232,0 0.638415,47.534058,0 0.638272,47.535496,0 0.638389,47.537876,0 0.637585,47.541035,0 0.637691,47.541832,0 0.641108,47.543200,0 0.643266,47.545956,0 0.645420,47.547750,0 0.646597,47.549957,0 0.646738,47.551540,0 0.647507,47.553078,0 0.650283,47.556152,0 0.652906,47.557537,0 0.658423,47.562134,0 0.660563,47.563545,0 0.664081,47.566360,0 0.664420,47.566822,0 0.664932,47.568386,0 0.668979,47.568470,0 0.669649,47.569330,0 0.669930,47.570255,0 0.670701,47.570090,0 0.672240,47.571636,0 0.669259,47.574410,0 0.668806,47.575863,0 0.668809,47.576725,0 0.668520,47.576862,0 0.665023,47.575330,0 0.663480,47.574380,0 0.662279,47.573204,0 0.661039,47.571293,0 0.657534,47.571236,0 0.652262,47.569800,0 0.647006,47.569286,0 0.642115,47.568226,0 0.639364,47.567290,0 0.637112,47.566025,0 0.631769,47.564075,0 0.624767,47.563400,0 0.616079,47.561985,0 0.610929,47.560642,0 0.610796,47.560963,0 0.611024,47.561626,0 0.610844,47.562115,0 0.608409,47.564396,0 0.604259,47.566380,0 0.601263,47.568718,0 0.599888,47.572575,0 0.598842,47.574210,0 0.597781,47.577183,0 0.597949,47.578068,0 0.598739,47.579980,0 0.599535,47.580788,0 0.599350,47.582176,0 0.599893,47.583874,0 0.599408,47.584003,0 0.598461,47.583690,0 0.597674,47.583897,0 0.596934,47.584700,0 0.596107,47.585090,0 0.595804,47.586056,0 0.595821,47.586440,0 0.596593,47.587605,0 0.596589,47.588900,0 0.596234,47.591590,0 0.595384,47.593220,0 0.596456,47.597477,0 0.596562,47.599976,0 0.596424,47.600590,0 0.595712,47.601690,0 0.595739,47.602600,0 0.595412,47.603130,0 0.593856,47.603374,0 0.593884,47.603764,0 0.594250,47.603800,0 0.594168,47.604060,0 0.592927,47.605970,0 0.596474,47.606007,0 0.598464,47.605550,0 0.601441,47.605873,0 0.609560,47.608177,0 0.618126,47.609600,0 0.621517,47.610010,0 0.626196,47.609882,0 0.627823,47.610355,0 0.634900,47.613804,0 0.636912,47.614418,0 0.646400,47.615700,0 0.652048,47.616950,0 0.658536,47.617287,0 0.648367,47.658188,0 0.647047,47.658550,0 0.645373,47.658440,0 0.640922,47.659294,0 0.639612,47.660520,0 0.636888,47.661945,0 0.633680,47.665688,0 0.631651,47.666924,0 0.629895,47.667610,0 0.629200,47.667603,0 0.624651,47.665447,0 0.623220,47.665380,0 0.622280,47.665680,0 0.620204,47.667778,0 0.619426,47.667828,0 0.616761,47.667374,0 0.613150,47.668900,0 0.611968,47.667860,0 0.610622,47.668118,0 0.609926,47.668030,0 0.607868,47.667233,0 0.604713,47.665585,0 0.602451,47.665340,0 0.595297,47.665240,0 0.587422,47.663000,0 0.586914,47.662730,0 0.585915,47.661404,0 0.584882,47.660680,0 0.582641,47.659695,0 0.579342,47.658930,0 0.574628,47.656760,0 0.571016,47.654404,0 0.568325,47.652140,0 0.566079,47.650906,0 0.557432,47.647858,0 0.556095,47.646572,0 0.554542,47.646210,0 0.552259,47.644806,0 0.551859,47.644220,0 0.551451,47.644030,0 0.550468,47.642654,0 0.546299,47.641678,0 0.542649,47.640167,0 0.539989,47.640270,0 0.538970,47.640663,0 0.537422,47.642616,0 0.536561,47.643340,0 0.535137,47.644005,0 0.531856,47.647114,0 0.530422,47.648876,0 0.529381,47.649452,0 0.528597,47.649014,0</coordinates>
          </LineString>
          <LineString>
            <tessellate>1</tessellate>
            <coordinates>0.675873,47.422478,0 0.675223,47.425137,0 0.679529,47.425632,0 0.679020,47.429450,0 0.679123,47.429832,0 0.687161,47.430305,0 0.685956,47.432632,0 0.684990,47.435654,0 0.683783,47.436730,0 0.683740,47.437443,0 0.683783,47.436730,0 0.684990,47.435654,0 0.685938,47.432705,0 0.689828,47.434513,0 0.692353,47.435295,0 0.695826,47.435750,0 0.698496,47.435620,0 0.699732,47.440860,0 0.700234,47.441890,0 0.700014,47.442234,0 0.699698,47.444233,0 0.698642,47.446087,0 0.698062,47.447964,0 0.697965,47.449142,0 0.698282,47.449646,0 0.697515,47.450130,0 0.692347,47.461037,0 0.694142,47.470192,0 0.694601,47.470562,0 0.694389,47.471165,0 0.695295,47.475506,0 0.696080,47.477400,0 0.696406,47.478718,0 0.696514,47.481730,0 0.697644,47.487570,0 0.697595,47.492210,0 0.696498,47.492695,0 0.695527,47.494225,0 0.697027,47.494960,0 0.697255,47.496200,0 0.696920,47.496304,0 0.695901,47.495650,0 0.694668,47.495586,0 0.693103,47.496002,0 0.691222,47.496796,0 0.683588,47.501057,0 0.680531,47.502148,0 0.671923,47.508244,0 0.659354,47.512653,0 0.655193,47.513800,0 0.653364,47.515133,0 0.652504,47.516350,0 0.652248,47.517040,0 0.651878,47.517277,0 0.649233,47.517460,0 0.648308,47.517280,0 0.648177,47.517640,0 0.646685,47.519016,0 0.646290,47.520172,0 0.645413,47.521732,0 0.644807,47.523540,0 0.640109,47.529232,0 0.638415,47.534058,0 0.638272,47.535496,0 0.638389,47.537876,0 0.637582,47.541190,0 0.637691,47.541832,0 0.641108,47.543200,0 0.643266,47.545956,0 0.645420,47.547750,0 0.646597,47.549957,0 0.646738,47.551540,0 0.647507,47.553078,0 0.650283,47.556152,0 0.652906,47.557537,0 0.658423,47.562134,0 0.660563,47.563545,0 0.664214,47.566494,0 0.665846,47.571293,0 0.669259,47.574410,0 0.668806,47.575863,0 0.668809,47.576725,0 0.668433,47.577200,0 0.658536,47.617287,0 0.661800,47.617317,0 0.663252,47.617710,0 0.664179,47.618362,0 0.664980,47.619225,0 0.666527,47.622215,0 0.667681,47.622906,0 0.669166,47.623210,0 0.674134,47.623123,0 0.687330,47.621216,0 0.696154,47.621532,0 0.699803,47.621433,0</coordinates>
          </LineString>
          <LineString>
            <tessellate>1</tessellate>
            <coordinates>0.528598,47.649017,0 0.529381,47.649452,0 0.530422,47.648876,0 0.531856,47.647114,0 0.535137,47.644005,0 0.536561,47.643340,0 0.537422,47.642616,0 0.538970,47.640663,0 0.539989,47.640270,0 0.542649,47.640167,0 0.546299,47.641678,0 0.550468,47.642654,0 0.551451,47.644030,0 0.551859,47.644220,0 0.552259,47.644806,0 0.554542,47.646210,0 0.556095,47.646572,0 0.557432,47.647858,0 0.566079,47.650906,0 0.568325,47.652140,0 0.571016,47.654404,0 0.574628,47.656760,0 0.579342,47.658930,0 0.582641,47.659695,0 0.584882,47.660680,0 0.585915,47.661404,0 0.586914,47.662730,0 0.587422,47.663000,0 0.595297,47.665240,0 0.602451,47.665340,0 0.604713,47.665585,0 0.607868,47.667233,0 0.609926,47.668030,0 0.610622,47.668118,0 0.611968,47.667860,0 0.613150,47.668900,0 0.616761,47.667374,0 0.619426,47.667828,0 0.620204,47.667778,0 0.622280,47.665680,0 0.623220,47.665380,0 0.624651,47.665447,0 0.629200,47.667603,0 0.629895,47.667610,0 0.631651,47.666924,0 0.633680,47.665688,0 0.636888,47.661945,0 0.639612,47.660520,0 0.640922,47.659294,0 0.645373,47.658440,0 0.647047,47.658550,0 0.648367,47.658188,0 0.649332,47.654380,0 0.646640,47.654396,0 0.646550,47.652210,0 0.644398,47.651524,0 0.645676,47.649254,0 0.645953,47.648354,0 0.645875,47.647785,0 0.645043,47.646190,0 0.643677,47.645680,0 0.640403,47.645294,0 0.638282,47.644085,0 0.634639,47.639557,0 0.632430,47.638474,0 0.631155,47.637200,0 0.627753,47.632810,0 0.623941,47.631485,0 0.623699,47.630230,0 0.623884,47.629246,0 0.623465,47.628777,0 0.622549,47.628345,0 0.619417,47.627670,0 0.615846,47.627647,0 0.615289,47.627495,0 0.614819,47.626890,0 0.614527,47.625317,0 0.613441,47.624664,0 0.611320,47.622440,0 0.608240,47.620216,0 0.607368,47.619330,0 0.606190,47.616720,0 0.604607,47.614190,0 0.604433,47.613180,0 0.604150,47.612860,0 0.599963,47.610950,0 0.599259,47.610947,0 0.596673,47.611570,0 0.596589,47.605990,0 0.592927,47.605970,0 0.593909,47.604656,0 0.594250,47.603800,0 0.595263,47.603848,0 0.595838,47.604073,0 0.596446,47.605034,0 0.598296,47.605553,0 0.602174,47.606014,0 0.609560,47.608177,0 0.620353,47.609936,0 0.625202,47.609802,0 0.626931,47.610043,0 0.634900,47.613804,0 0.636912,47.614418,0 0.646400,47.615700,0 0.652048,47.616950,0 0.658536,47.617287,0 0.668317,47.577843,0 0.668364,47.576710,0 0.668710,47.576366,0 0.669259,47.574410,0 0.672240,47.571636,0 0.670701,47.570090,0 0.669930,47.570255,0 0.669649,47.569330,0 0.668979,47.568470,0 0.664932,47.568386,0 0.664420,47.566822,0 0.664081,47.566360,0 0.660563,47.563545,0 0.658423,47.562134,0 0.652906,47.557537,0 0.650470,47.556313,0 0.647865,47.553560,0 0.646789,47.551704,0 0.646597,47.549957,0 0.645420,47.547750,0 0.643266,47.545956,0 0.641108,47.543200,0 0.637691,47.541832,0 0.637585,47.541035,0 0.638389,47.537876,0 0.638272,47.535496,0 0.638415,47.534058,0 0.640157,47.529140,0 0.644807,47.523540,0 0.645413,47.521732,0 0.646290,47.520172,0 0.646685,47.519016,0 0.648177,47.517640,0 0.648308,47.517280,0 0.649233,47.517460,0 0.651878,47.517277,0 0.652248,47.517040,0 0.652504,47.516350,0 0.653364,47.515133,0 0.655193,47.513800,0 0.659354,47.512653,0 0.671923,47.508244,0 0.680531,47.502148,0 0.683588,47.501057,0 0.690827,47.496967,0 0.694449,47.495613,0 0.695901,47.495650,0 0.696823,47.496063,0 0.697251,47.495872,0 0.696980,47.494910,0 0.695525,47.494286,0 0.696498,47.492695,0 0.697611,47.492123,0 0.697644,47.487570,0 0.696514,47.481730,0 0.696406,47.478718,0 0.695130,47.474964,0 0.694389,47.471165,0 0.693970,47.470627,0 0.694104,47.469820,0 0.692257,47.461030,0 0.697865,47.449406,0 0.698529,47.446370,0 0.699698,47.444233,0 0.699869,47.442924,0 0.699875,47.442226,0 0.699668,47.441963,0 0.699839,47.441610,0 0.699732,47.440860,0 0.698395,47.435670,0 0.694965,47.435696,0 0.692192,47.435257,0 0.689452,47.434360,0 0.685938,47.432705,0 0.686931,47.430656,0 0.686650,47.430424,0 0.686755,47.430225,0 0.689725,47.431267,0 0.690437,47.431145,0 0.690627,47.430454,0 0.690343,47.428463,0 0.693212,47.428734,0 0.696636,47.428314,0 0.702151,47.428234,0 0.703068,47.428387,0 0.704855,47.428070,0 0.705059,47.425850,0 0.704937,47.425720,0 0.705145,47.425636,0 0.705356,47.425007,0 0.705370,47.423424,0 0.705966,47.422430,0 0.704551,47.421814,0 0.704057,47.421160,0 0.703463,47.420980,0 0.704289,47.420310,0 0.704536,47.419510,0 0.703370,47.415825,0 0.702883,47.413128,0 0.703313,47.409980,0 0.703321,47.407883,0 0.702774,47.404330,0 0.699325,47.397648,0 0.700377,47.392410,0 0.699130,47.391790,0 0.693566,47.391010,0 0.693570,47.390720,0 0.694070,47.390266,0 0.693312,47.389893,0 0.692325,47.390470,0</coordinates>
          </LineString>
          <LineString>
            <tessellate>1</tessellate>
            <coordinates>0.613476,47.668797,0 0.616761,47.667374,0 0.619426,47.667828,0 0.620204,47.667778,0 0.622280,47.665680,0 0.623220,47.665380,0 0.624651,47.665447,0 0.626312,47.666367,0 0.629380,47.667652,0 0.631651,47.666924,0 0.633868,47.665535,0 0.636888,47.661945,0 0.639612,47.660520,0 0.640922,47.659294,0 0.645685,47.658394,0 0.647047,47.658550,0 0.648303,47.658237,0 0.649332,47.654380,0 0.646640,47.654396,0 0.646550,47.652210,0 0.644398,47.651524,0 0.645676,47.649254,0 0.645953,47.648354,0 0.645875,47.647785,0 0.645043,47.646190,0 0.643677,47.645680,0 0.640403,47.645294,0 0.638282,47.644085,0 0.634639,47.639557,0 0.632430,47.638474,0 0.631155,47.637200,0 0.627753,47.632810,0 0.623941,47.631485,0 0.623699,47.630230,0 0.623884,47.629246,0 0.623465,47.628777,0 0.622549,47.628345,0 0.619417,47.627670,0 0.615846,47.627647,0 0.615289,47.627495,0 0.614819,47.626890,0 0.614527,47.625317,0 0.613441,47.624664,0 0.611320,47.622440,0 0.608240,47.620216,0 0.607368,47.619330,0 0.606190,47.616720,0 0.604607,47.614190,0 0.604433,47.613180,0 0.604150,47.612860,0 0.599963,47.610950,0 0.599259,47.610947,0 0.596673,47.611570,0 0.596589,47.605990,0 0.592927,47.605970,0 0.593909,47.604656,0 0.594250,47.603800,0 0.595263,47.603848,0 0.595838,47.604073,0 0.596446,47.605034,0 0.598296,47.605553,0 0.602174,47.606014,0 0.609560,47.608177,0 0.620353,47.609936,0 0.625202,47.609802,0 0.626931,47.610043,0 0.634900,47.613804,0 0.636912,47.614418,0 0.646400,47.615700,0 0.652048,47.616950,0 0.658536,47.617287,0 0.668317,47.577843,0 0.668364,47.576710,0 0.668710,47.576366,0 0.669259,47.574410,0 0.672240,47.571636,0 0.670701,47.570090,0 0.669930,47.570255,0 0.669649,47.569330,0 0.668979,47.568470,0 0.664932,47.568386,0 0.664420,47.566822,0 0.664081,47.566360,0 0.660563,47.563545,0 0.658423,47.562134,0 0.652906,47.557537,0 0.650470,47.556313,0 0.647865,47.553560,0 0.646789,47.551704,0 0.646597,47.549957,0 0.645420,47.547750,0 0.643266,47.545956,0 0.641108,47.543200,0 0.637691,47.541832,0 0.637585,47.541035,0 0.638389,47.537876,0 0.638272,47.535496,0 0.638415,47.534058,0 0.640157,47.529140,0 0.644807,47.523540,0 0.645413,47.521732,0 0.646290,47.520172,0 0.646685,47.519016,0 0.648177,47.517640,0 0.648308,47.517280,0 0.649233,47.517460,0 0.651878,47.517277,0 0.652248,47.517040,0 0.652504,47.516350,0 0.653364,47.515133,0 0.655193,47.513800,0 0.659354,47.512653,0 0.671923,47.508244,0 0.680531,47.502148,0 0.683588,47.501057,0 0.690827,47.496967,0 0.694449,47.495613,0 0.695901,47.495650,0 0.696823,47.496063,0 0.697251,47.495872,0 0.696980,47.494910,0 0.695525,47.494286,0 0.696498,47.492695,0 0.697611,47.492123,0 0.697644,47.487570,0 0.696514,47.481730,0 0.696406,47.478718,0 0.695130,47.474964,0 0.694389,47.471165,0 0.693970,47.470627,0 0.694104,47.469820,0 0.692265,47.460857,0 0.697150,47.451030,0 0.697865,47.449406,0 0.698529,47.446370,0 0.699726,47.444090,0 0.699875,47.442226,0 0.699668,47.441963,0 0.699839,47.441610,0 0.699732,47.440860,0 0.697551,47.432316,0 0.697147,47.431976,0 0.697384,47.431664,0 0.696601,47.428066,0 0.697345,47.424053,0 0.697665,47.423763,0 0.698243,47.423620,0 0.697345,47.424053,0 0.698564,47.423220,0 0.703740,47.420807,0 0.704416,47.420116,0 0.704536,47.419510,0 0.703370,47.415825,0 0.702883,47.413128,0 0.703313,47.409980,0 0.703321,47.407883,0 0.702774,47.404330,0 0.699327,47.397663,0 0.700377,47.392410,0 0.699130,47.391790,0 0.693566,47.391010,0 0.693570,47.390720,0 0.694070,47.390266,0 0.693312,47.389893,0 0.692325,47.390470,0</coordinates>
          </LineString>
          <LineString>
            <tessellate>1</tessellate>
            <coordinates>0.692325,47.390470,0 0.692025,47.390540,0 0.699245,47.391525,0 0.701245,47.392520,0 0.700065,47.393997,0 0.699460,47.397644,0 0.702734,47.404167,0 0.703518,47.409310,0 0.703052,47.413353,0 0.703506,47.415825,0 0.704535,47.418633,0 0.704766,47.418835,0 0.704696,47.420000,0 0.704044,47.420937,0 0.704384,47.421688,0 0.705966,47.422430,0 0.705370,47.423424,0 0.705356,47.425007,0 0.705153,47.425550,0 0.705255,47.425770,0 0.705059,47.425850,0 0.704917,47.426483,0 0.704855,47.428070,0 0.703068,47.428387,0 0.702151,47.428234,0 0.696636,47.428314,0 0.693212,47.428734,0 0.690343,47.428463,0 0.690715,47.430710,0 0.690490,47.431416,0 0.690194,47.431503,0 0.687404,47.430523,0 0.686932,47.430557,0 0.685956,47.432632,0 0.684990,47.435654,0 0.683783,47.436730,0 0.683740,47.437443,0 0.683783,47.436730,0 0.684990,47.435654,0 0.685938,47.432705,0 0.689828,47.434513,0 0.692353,47.435295,0 0.695826,47.435750,0 0.698496,47.435620,0 0.699732,47.440860,0 0.700234,47.441890,0 0.700014,47.442234,0 0.699636,47.444447,0 0.698642,47.446087,0 0.698062,47.447964,0 0.697965,47.449142,0 0.698282,47.449646,0 0.697515,47.450130,0 0.692355,47.460850,0 0.694142,47.470192,0 0.694601,47.470562,0 0.694389,47.471165,0 0.695295,47.475506,0 0.696080,47.477400,0 0.696406,47.478718,0 0.696514,47.481730,0 0.697644,47.487570,0 0.697613,47.492046,0 0.697580,47.492245,0 0.696498,47.492695,0 0.695527,47.494225,0 0.696980,47.494910,0 0.697239,47.495747,0 0.696539,47.504620,0 0.693141,47.529297,0 0.690793,47.544220,0 0.690522,47.545025,0 0.677189,47.565056,0 0.677208,47.565804,0 0.676420,47.566208,0 0.674397,47.569096,0 0.671676,47.569530,0 0.670735,47.570038,0 0.672240,47.571636,0 0.669259,47.574410,0 0.668806,47.575863,0 0.668714,47.576843,0 0.665390,47.575497,0 0.663810,47.574620,0 0.662452,47.573418,0 0.661039,47.571293,0 0.657534,47.571236,0 0.652262,47.569800,0 0.647006,47.569286,0 0.642115,47.568226,0 0.639364,47.567290,0 0.637112,47.566025,0 0.631769,47.564075,0 0.624767,47.563400,0 0.616079,47.561985,0 0.610929,47.560642,0 0.610796,47.560963,0 0.611024,47.561626,0 0.610844,47.562115,0 0.608409,47.564396,0 0.604259,47.566380,0 0.601263,47.568718,0 0.599888,47.572575,0 0.598842,47.574210,0 0.597781,47.577183,0 0.597949,47.578068,0 0.598739,47.579980,0 0.599535,47.580788,0 0.599350,47.582176,0 0.599893,47.583874,0 0.599408,47.584003,0 0.598461,47.583690,0 0.597674,47.583897,0 0.596934,47.584700,0 0.596107,47.585090,0 0.595804,47.586056,0 0.595821,47.586440,0 0.596593,47.587605,0 0.596589,47.588900,0 0.596234,47.591590,0 0.595384,47.593220,0 0.596456,47.597477,0 0.596562,47.599976,0 0.596424,47.600590,0 0.595712,47.601690,0 0.595739,47.602600,0 0.595412,47.603130,0 0.593856,47.603374,0 0.593884,47.603764,0 0.594250,47.603800,0 0.594168,47.604060,0 0.592927,47.605970,0 0.596474,47.606007,0 0.598464,47.605550,0 0.601441,47.605873,0 0.609560,47.608177,0 0.618126,47.609600,0 0.621517,47.610010,0 0.626196,47.609882,0 0.627823,47.610355,0 0.634900,47.613804,0 0.636912,47.614418,0 0.646400,47.615700,0 0.652048,47.616950,0 0.658536,47.617287,0 0.648367,47.658188,0 0.647047,47.658550,0 0.645373,47.658440,0 0.640922,47.659294,0 0.639612,47.660520,0 0.636888,47.661945,0 0.633680,47.665688,0 0.631651,47.666924,0 0.629895,47.667610,0 0.629200,47.667603,0 0.624651,47.665447,0 0.623220,47.665380,0 0.622280,47.665680,0 0.620204,47.667778,0 0.619426,47.667828,0 0.616761,47.667374,0 0.613150,47.668900,0 0.611968,47.667860,0 0.610622,47.668118,0 0.609926,47.668030,0 0.607868,47.667233,0 0.604713,47.665585,0 0.602451,47.665340,0 0.595297,47.665240,0 0.587422,47.663000,0 0.586914,47.662730,0 0.585915,47.661404,0 0.584882,47.660680,0 0.582641,47.659695,0 0.579342,47.658930,0 0.574628,47.656760,0 0.571016,47.654404,0 0.568325,47.652140,0 0.566079,47.650906,0 0.557432,47.647858,0 0.556095,47.646572,0 0.554542,47.646210,0 0.552259,47.644806,0 0.551859,47.644220,0 0.551451,47.644030,0 0.550468,47.642654,0 0.546299,47.641678,0 0.542649,47.640167,0 0.539989,47.640270,0 0.538970,47.640663,0 0.537422,47.642616,0 0.536561,47.643340,0 0.535137,47.644005,0 0.531856,47.647114,0 0.530422,47.648876,0 0.529381,47.649452,0 0.528597,47.649014,0</coordinates>
          </LineString>
          <LineString>
            <tessellate>1</tessellate>
            <coordinates>0.594138,47.604134,0 0.594250,47.603800,0 0.595699,47.603954,0 0.596446,47.605034,0 0.598296,47.605553,0 0.602174,47.606014,0 0.610064,47.608270,0 0.620353,47.609936,0 0.625202,47.609802,0 0.626721,47.609990,0 0.628029,47.610450,0 0.634900,47.613804,0 0.636912,47.614418,0 0.646400,47.615700,0 0.652048,47.616950,0 0.658536,47.617287,0 0.668317,47.577843,0 0.668364,47.576710,0 0.668710,47.576366,0 0.669259,47.574410,0 0.672240,47.571636,0 0.670701,47.570090,0 0.669930,47.570255,0 0.669649,47.569330,0 0.668979,47.568470,0 0.664932,47.568386,0 0.664420,47.566822,0 0.664081,47.566360,0 0.660563,47.563545,0 0.658423,47.562134,0 0.652906,47.557537,0 0.650470,47.556313,0 0.647865,47.553560,0 0.646789,47.551704,0 0.646597,47.549957,0 0.645420,47.547750,0 0.643266,47.545956,0 0.641108,47.543200,0 0.637691,47.541832,0 0.637585,47.541035,0 0.638389,47.537876,0 0.638272,47.535496,0 0.638415,47.534058,0 0.640157,47.529140,0 0.644807,47.523540,0 0.645413,47.521732,0 0.646290,47.520172,0 0.646685,47.519016,0 0.648177,47.517640,0 0.648308,47.517280,0 0.649233,47.517460,0 0.651878,47.517277,0 0.652248,47.517040,0 0.652504,47.516350,0 0.653364,47.515133,0 0.655193,47.513800,0 0.659354,47.512653,0 0.671923,47.508244,0 0.680531,47.502148,0 0.683588,47.501057,0 0.690827,47.496967,0 0.694449,47.495613,0 0.695901,47.495650,0 0.696823,47.496063,0 0.697251,47.495872,0 0.696980,47.494910,0 0.695525,47.494286,0 0.696498,47.492695,0 0.697611,47.492123,0 0.697644,47.487570,0 0.696514,47.481730,0 0.696406,47.478718,0 0.695130,47.474964,0 0.694389,47.471165,0 0.693970,47.470627,0 0.694104,47.469820,0 0.692265,47.460857,0 0.697150,47.451030,0 0.697865,47.449406,0 0.698529,47.446370,0 0.699726,47.444090,0 0.699875,47.442226,0 0.699668,47.441963,0 0.699839,47.441610,0 0.699732,47.440860,0 0.697551,47.432316,0 0.697147,47.431976,0 0.697384,47.431664,0 0.696601,47.428066,0 0.697345,47.424053,0 0.697665,47.423763,0 0.698243,47.423620,0 0.697345,47.424053,0 0.698564,47.423220,0 0.703740,47.420807,0 0.704416,47.420116,0 0.704536,47.419510,0 0.703370,47.415825,0 0.702883,47.413128,0 0.703313,47.409980,0 0.703321,47.407883,0 0.702774,47.404330,0 0.699327,47.397663,0 0.700377,47.392410,0 0.699130,47.391790,0 0.693566,47.391010,0 0.693570,47.390720,0 0.694070,47.390266,0 0.693312,47.389893,0 0.692325,47.390470,0</coordinates>
          </LineString>
          <LineString>
            <tessellate>1</tessellate>
            <coordinates>0.692325,47.390470,0 0.692025,47.390540,0 0.699245,47.391525,0 0.701245,47.392520,0 0.700065,47.393997,0 0.699460,47.397644,0 0.702734,47.404167,0 0.703518,47.409310,0 0.703052,47.413353,0 0.703506,47.415825,0 0.704535,47.418633,0 0.704766,47.418835,0 0.704696,47.420000,0 0.704044,47.420937,0 0.704384,47.421688,0 0.705966,47.422430,0 0.705370,47.423424,0 0.705356,47.425007,0 0.705153,47.425550,0 0.705255,47.425770,0 0.705059,47.425850,0 0.704917,47.426483,0 0.704855,47.428070,0 0.703068,47.428387,0 0.702151,47.428234,0 0.700440,47.428370,0 0.698734,47.428240,0 0.693212,47.428734,0 0.690343,47.428463,0 0.690303,47.428700,0 0.690715,47.430710,0 0.690490,47.431416,0 0.691023,47.431736,0 0.692747,47.432323,0 0.693764,47.432420,0 0.696957,47.432080,0 0.697352,47.431770,0 0.697749,47.431870,0 0.697642,47.432205,0 0.698814,47.437164,0 0.699732,47.440860,0 0.700234,47.441890,0 0.700014,47.442234,0 0.699636,47.444447,0 0.698642,47.446087,0 0.698062,47.447964,0 0.697965,47.449142,0 0.698282,47.449646,0 0.697515,47.450130,0 0.692355,47.460850,0 0.694142,47.470192,0 0.694601,47.470562,0 0.694389,47.471165,0 0.695295,47.475506,0 0.696080,47.477400,0 0.696406,47.478718,0 0.696514,47.481730,0 0.697644,47.487570,0 0.697595,47.492210,0 0.696498,47.492695,0 0.695527,47.494225,0 0.697027,47.494960,0 0.697255,47.496200,0 0.696920,47.496304,0 0.695901,47.495650,0 0.694668,47.495586,0 0.693103,47.496002,0 0.691222,47.496796,0 0.683588,47.501057,0 0.680531,47.502148,0 0.671923,47.508244,0 0.659354,47.512653,0 0.655193,47.513800,0 0.653364,47.515133,0 0.652504,47.516350,0 0.652248,47.517040,0 0.651878,47.517277,0 0.649233,47.517460,0 0.648308,47.517280,0 0.648177,47.517640,0 0.646685,47.519016,0 0.646290,47.520172,0 0.645413,47.521732,0 0.644807,47.523540,0 0.640109,47.529232,0 0.638415,47.534058,0 0.638272,47.535496,0 0.638389,47.537876,0 0.637585,47.541035,0 0.637691,47.541832,0 0.641108,47.543200,0 0.643266,47.545956,0 0.645420,47.547750,0 0.646597,47.549957,0 0.646738,47.551540,0 0.647507,47.553078,0 0.650283,47.556152,0 0.652906,47.557537,0 0.658423,47.562134,0 0.660563,47.563545,0 0.664081,47.566360,0 0.664420,47.566822,0 0.664932,47.568386,0 0.668979,47.568470,0 0.669649,47.569330,0 0.669930,47.570255,0 0.670701,47.570090,0 0.672240,47.571636,0 0.669259,47.574410,0 0.668806,47.575863,0 0.668809,47.576725,0 0.668520,47.576862,0 0.665023,47.575330,0 0.663480,47.574380,0 0.662279,47.573204,0 0.661039,47.571293,0 0.657534,47.571236,0 0.652262,47.569800,0 0.647006,47.569286,0 0.642115,47.568226,0 0.639364,47.567290,0 0.637112,47.566025,0 0.631769,47.564075,0 0.624767,47.563400,0 0.616079,47.561985,0 0.610929,47.560642,0 0.610796,47.560963,0 0.611024,47.561626,0 0.610844,47.562115,0 0.608409,47.564396,0 0.604259,47.566380,0 0.601263,47.568718,0 0.599888,47.572575,0 0.598842,47.574210,0 0.597781,47.577183,0 0.597949,47.578068,0 0.598739,47.579980,0 0.599535,47.580788,0 0.599350,47.582176,0 0.599893,47.583874,0 0.599408,47.584003,0 0.598461,47.583690,0 0.597674,47.583897,0 0.596934,47.584700,0 0.596107,47.585090,0 0.595804,47.586056,0 0.595821,47.586440,0 0.596593,47.587605,0 0.596589,47.588900,0 0.596234,47.591590,0 0.595384,47.593220,0 0.596456,47.597477,0 0.596562,47.599976,0 0.596424,47.600590,0 0.595712,47.601690,0 0.595739,47.602600,0 0.595412,47.603130,0 0.593856,47.603374,0 0.593884,47.603764,0 0.594250,47.603800,0 0.594168,47.604060,0 0.592927,47.605970,0 0.596474,47.606007,0 0.598464,47.605550,0 0.601441,47.605873,0 0.609560,47.608177,0 0.618126,47.609600,0 0.621517,47.610010,0 0.626196,47.609882,0 0.627823,47.610355,0 0.634900,47.613804,0 0.636912,47.614418,0 0.646400,47.615700,0 0.652048,47.616950,0 0.658536,47.617287,0 0.648367,47.658188,0 0.647047,47.658550,0 0.645373,47.658440,0 0.640922,47.659294,0 0.639612,47.660520,0 0.636888,47.661945,0 0.633680,47.665688,0 0.631651,47.666924,0 0.629895,47.667610,0 0.629200,47.667603,0 0.624651,47.665447,0 0.623220,47.665380,0 0.622280,47.665680,0 0.620204,47.667778,0 0.619426,47.667828,0 0.616761,47.667374,0 0.613150,47.668900,0 0.611968,47.667860,0 0.610622,47.668118,0 0.609926,47.668030,0 0.607868,47.667233,0 0.604713,47.665585,0 0.602451,47.665340,0 0.595297,47.665240,0 0.587422,47.663000,0 0.586914,47.662730,0 0.585915,47.661404,0 0.584882,47.660680,0 0.582641,47.659695,0 0.579342,47.658930,0 0.574628,47.656760,0 0.571016,47.654404,0 0.568325,47.652140,0 0.566079,47.650906,0 0.557432,47.647858,0 0.556095,47.646572,0 0.554542,47.646210,0 0.552259,47.644806,0 0.551859,47.644220,0 0.551451,47.644030,0 0.550468,47.642654,0 0.546299,47.641678,0 0.542649,47.640167,0 0.539989,47.640270,0 0.538970,47.640663,0 0.537422,47.642616,0 0.536561,47.643340,0 0.535137,47.644005,0 0.531856,47.647114,0 0.530422,47.648876,0 0.529381,47.649452,0 0.528597,47.649014,0</coordinates>
          </LineString>
          <LineString>
            <tessellate>1</tessellate>
            <coordinates>0.613476,47.668797,0 0.616761,47.667374,0 0.619426,47.667828,0 0.620204,47.667778,0 0.622280,47.665680,0 0.623220,47.665380,0 0.624651,47.665447,0 0.626312,47.666367,0 0.629380,47.667652,0 0.631651,47.666924,0 0.633868,47.665535,0 0.636888,47.661945,0 0.639612,47.660520,0 0.640922,47.659294,0 0.645685,47.658394,0 0.647047,47.658550,0 0.648303,47.658237,0 0.649332,47.654380,0 0.646640,47.654396,0 0.646550,47.652210,0 0.644398,47.651524,0 0.645676,47.649254,0 0.645953,47.648354,0 0.645875,47.647785,0 0.645043,47.646190,0 0.643677,47.645680,0 0.640403,47.645294,0 0.638282,47.644085,0 0.634639,47.639557,0 0.632430,47.638474,0 0.631155,47.637200,0 0.627753,47.632810,0 0.623941,47.631485,0 0.623699,47.630230,0 0.623884,47.629246,0 0.623465,47.628777,0 0.622549,47.628345,0 0.619417,47.627670,0 0.615846,47.627647,0 0.615289,47.627495,0 0.614819,47.626890,0 0.614527,47.625317,0 0.613441,47.624664,0 0.611320,47.622440,0 0.608240,47.620216,0 0.607368,47.619330,0 0.606190,47.616720,0 0.604607,47.614190,0 0.604433,47.613180,0 0.604150,47.612860,0 0.599963,47.610950,0 0.599259,47.610947,0 0.596673,47.611570,0 0.596589,47.605990,0 0.592927,47.605970,0 0.593909,47.604656,0 0.594250,47.603800,0 0.595263,47.603848,0 0.595838,47.604073,0 0.596446,47.605034,0 0.598296,47.605553,0 0.602174,47.606014,0 0.609560,47.608177,0 0.620353,47.609936,0 0.625202,47.609802,0 0.626931,47.610043,0 0.634900,47.613804,0 0.636912,47.614418,0 0.646400,47.615700,0 0.652048,47.616950,0 0.658536,47.617287,0 0.668317,47.577843,0 0.668364,47.576710,0 0.668710,47.576366,0 0.669259,47.574410,0 0.672240,47.571636,0 0.670701,47.570090,0 0.671563,47.569565,0 0.674218,47.569153,0 0.674686,47.568775,0 0.677042,47.565475,0 0.689925,47.546024,0 0.690793,47.544220,0 0.693141,47.529297,0 0.696539,47.504620,0 0.697219,47.496650,0 0.696817,47.496147,0 0.697239,47.495747,0 0.696980,47.494910,0 0.695527,47.494225,0 0.696498,47.492695,0 0.697580,47.492245,0 0.697637,47.490800,0 0.697644,47.487570,0 0.696514,47.481730,0 0.696406,47.478718,0 0.695130,47.474964,0 0.694389,47.471165,0 0.693970,47.470627,0 0.694104,47.469820,0 0.692265,47.460857,0 0.697150,47.451030,0 0.697865,47.449406,0 0.698529,47.446370,0 0.699726,47.444090,0 0.699875,47.442226,0 0.699668,47.441963,0 0.699839,47.441610,0 0.699732,47.440860,0 0.697551,47.432316,0 0.697147,47.431976,0 0.697384,47.431664,0 0.696601,47.428066,0 0.697345,47.424053,0 0.697665,47.423763,0 0.698243,47.423620,0 0.697345,47.424053,0 0.698564,47.423220,0 0.703463,47.420980,0 0.704218,47.420403,0 0.704533,47.419674,0 0.703314,47.415604,0 0.702883,47.413128,0 0.703313,47.409980,0 0.703321,47.407883,0 0.702774,47.404330,0 0.699327,47.397663,0 0.700377,47.392410,0 0.699130,47.391790,0 0.679240,47.389008,0 0.677080,47.392143,0 0.674704,47.391514,0 0.673373,47.394010,0 0.669002,47.392240,0 0.668014,47.392075,0 0.667247,47.394220,0 0.661584,47.393448,0 0.657051,47.391888,0 0.653290,47.391230,0 0.649743,47.390180,0 0.647602,47.389782,0 0.646812,47.389214,0 0.646698,47.388535,0 0.647225,47.387737,0 0.648182,47.387253,0 0.649653,47.387432,0 0.648914,47.388798,0 0.647015,47.394386,0 0.647108,47.395350,0 0.648074,47.397923,0 0.648167,47.399754,0 0.648367,47.400124,0 0.648125,47.400185,0 0.647773,47.399940,0 0.646433,47.399616,0 0.646909,47.398560,0 0.646682,47.398310,0 0.646628,47.398533,0 0.646598,47.398197,0 0.646267,47.398040,0 0.645673,47.398033,0 0.644854,47.399290,0 0.644346,47.399605,0 0.643690,47.399640,0 0.642131,47.399036,0 0.641414,47.398956,0 0.639160,47.400387,0 0.638443,47.400600,0 0.637254,47.400562,0 0.635193,47.399803,0</coordinates>
          </LineString>
          <LineString>
            <tessellate>1</tessellate>
            <coordinates>0.692325,47.390470,0 0.692025,47.390540,0 0.699245,47.391525,0 0.701245,47.392520,0 0.700065,47.393997,0 0.699460,47.397644,0 0.702734,47.404167,0 0.703518,47.409310,0 0.703052,47.413353,0 0.703506,47.415825,0 0.704535,47.418633,0 0.704766,47.418835,0 0.704696,47.420000,0 0.704056,47.420853,0 0.697345,47.424053,0 0.697665,47.423763,0 0.698243,47.423620,0 0.697445,47.424050,0 0.697168,47.425450,0 0.697432,47.425820,0 0.696943,47.426323,0 0.696729,47.428310,0 0.697526,47.431644,0 0.697784,47.431934,0 0.697642,47.432205,0 0.699732,47.440860,0 0.700235,47.441960,0 0.700014,47.442234,0 0.699617,47.444500,0 0.698642,47.446087,0 0.698062,47.447964,0 0.697965,47.449142,0 0.698282,47.449646,0 0.697515,47.450130,0 0.692355,47.460850,0 0.694142,47.470192,0 0.694601,47.470562,0 0.694389,47.471165,0 0.695295,47.475506,0 0.696080,47.477400,0 0.696406,47.478718,0 0.696514,47.481730,0 0.697644,47.487570,0 0.697595,47.492210,0 0.696498,47.492695,0 0.695527,47.494225,0 0.697027,47.494960,0 0.697255,47.496200,0 0.696920,47.496304,0 0.695901,47.495650,0 0.694668,47.495586,0 0.693103,47.496002,0 0.691222,47.496796,0 0.683588,47.501057,0 0.680531,47.502148,0 0.671923,47.508244,0 0.659354,47.512653,0 0.655193,47.513800,0 0.653364,47.515133,0 0.652504,47.516350,0 0.652248,47.517040,0 0.651878,47.517277,0 0.649233,47.517460,0 0.648308,47.517280,0 0.648177,47.517640,0 0.646685,47.519016,0 0.646290,47.520172,0 0.645413,47.521732,0 0.644807,47.523540,0 0.640157,47.529140,0 0.638415,47.534058,0 0.638272,47.535496,0 0.638389,47.537876,0 0.637585,47.541035,0 0.637691,47.541832,0 0.641108,47.543200,0 0.643266,47.545956,0 0.645420,47.547750,0 0.646597,47.549957,0 0.646789,47.551704,0 0.647865,47.553560,0 0.650470,47.556313,0 0.652906,47.557537,0 0.658423,47.562134,0 0.660563,47.563545,0 0.664081,47.566360,0 0.664420,47.566822,0 0.664932,47.568386,0 0.668979,47.568470,0 0.669649,47.569330,0 0.669930,47.570255,0 0.670701,47.570090,0 0.672240,47.571636,0 0.669425,47.574207,0 0.669081,47.574806,0 0.668710,47.576366,0 0.668809,47.576725,0 0.668433,47.577200,0 0.658536,47.617287,0 0.652048,47.616950,0 0.646400,47.615700,0 0.636912,47.614418,0 0.634900,47.613804,0 0.627823,47.610355,0 0.626196,47.609882,0 0.621517,47.610010,0 0.618126,47.609600,0 0.609560,47.608177,0 0.601441,47.605873,0 0.598464,47.605550,0 0.596474,47.606007,0 0.592927,47.605970,0 0.594138,47.604134,0</coordinates>
          </LineString>
          <LineString>
            <tessellate>1</tessellate>
            <coordinates>0.692325,47.390470,0 0.692025,47.390540,0 0.699245,47.391525,0 0.701245,47.392520,0 0.700065,47.393997,0 0.699460,47.397644,0 0.702734,47.404167,0 0.703518,47.409310,0 0.703052,47.413353,0 0.703506,47.415825,0 0.704535,47.418633,0 0.704766,47.418835,0 0.704696,47.420000,0 0.704044,47.420937,0 0.704384,47.421688,0 0.705966,47.422430,0 0.705370,47.423424,0 0.705356,47.425007,0 0.705153,47.425550,0 0.705255,47.425770,0 0.705059,47.425850,0 0.704917,47.426483,0 0.704855,47.428070,0 0.703068,47.428387,0 0.702151,47.428234,0 0.700440,47.428370,0 0.698734,47.428240,0 0.693212,47.428734,0 0.690343,47.428463,0 0.690303,47.428700,0 0.690715,47.430710,0 0.690490,47.431416,0 0.691023,47.431736,0 0.692747,47.432323,0 0.693764,47.432420,0 0.696957,47.432080,0 0.697352,47.431770,0 0.697749,47.431870,0 0.697642,47.432205,0 0.698814,47.437164,0 0.699732,47.440860,0 0.700234,47.441890,0 0.700014,47.442234,0 0.699636,47.444447,0 0.698642,47.446087,0 0.698062,47.447964,0 0.697965,47.449142,0 0.698282,47.449646,0 0.697515,47.450130,0 0.692355,47.460850,0 0.694142,47.470192,0 0.694601,47.470562,0 0.694389,47.471165,0 0.695295,47.475506,0 0.696080,47.477400,0 0.696406,47.478718,0 0.696514,47.481730,0 0.697644,47.487570,0 0.697595,47.492210,0 0.696498,47.492695,0 0.695527,47.494225,0 0.697027,47.494960,0 0.697255,47.496200,0 0.696920,47.496304,0 0.695901,47.495650,0 0.694668,47.495586,0 0.693103,47.496002,0 0.691222,47.496796,0 0.683588,47.501057,0 0.680531,47.502148,0 0.671923,47.508244,0 0.659354,47.512653,0 0.655193,47.513800,0 0.653364,47.515133,0 0.652504,47.516350,0 0.652248,47.517040,0 0.651878,47.517277,0 0.649233,47.517460,0 0.648308,47.517280,0 0.648177,47.517640,0 0.646685,47.519016,0 0.646290,47.520172,0 0.645413,47.521732,0 0.644807,47.523540,0 0.640157,47.529140,0 0.638415,47.534058,0 0.638272,47.535496,0 0.638389,47.537876,0 0.637585,47.541035,0 0.637691,47.541832,0 0.641108,47.543200,0 0.643266,47.545956,0 0.645420,47.547750,0 0.646597,47.549957,0 0.646789,47.551704,0 0.647865,47.553560,0 0.650470,47.556313,0 0.652906,47.557537,0 0.658423,47.562134,0 0.660563,47.563545,0 0.664081,47.566360,0 0.664420,47.566822,0 0.664932,47.568386,0 0.668979,47.568470,0 0.669649,47.569330,0 0.669930,47.570255,0 0.670701,47.570090,0 0.672240,47.571636,0 0.669425,47.574207,0 0.669081,47.574806,0 0.668710,47.576366,0 0.668809,47.576725,0 0.668433,47.577200,0 0.658536,47.617287,0 0.652048,47.616950,0 0.646400,47.615700,0 0.636912,47.614418,0 0.634900,47.613804,0 0.627823,47.610355,0 0.626196,47.609882,0 0.621517,47.610010,0 0.618126,47.609600,0 0.609560,47.608177,0 0.601441,47.605873,0 0.598464,47.605550,0 0.596474,47.606007,0 0.592927,47.605970,0 0.594138,47.604134,0</coordinates>
          </LineString>
          <LineString>
            <tessellate>1</tessellate>
            <coordinates>0.699789,47.621430,0 0.696154,47.621532,0 0.687330,47.621216,0 0.674134,47.623123,0 0.669166,47.623210,0 0.667681,47.622906,0 0.666527,47.622215,0 0.664980,47.619225,0 0.664179,47.618362,0 0.663252,47.617710,0 0.661800,47.617317,0 0.658536,47.617287,0 0.668317,47.577843,0 0.668364,47.576710,0 0.668710,47.576366,0 0.669259,47.574410,0 0.672240,47.571636,0 0.670701,47.570090,0 0.669930,47.570255,0 0.669649,47.569330,0 0.668979,47.568470,0 0.664932,47.568386,0 0.664420,47.566822,0 0.664081,47.566360,0 0.660563,47.563545,0 0.658423,47.562134,0 0.652906,47.557537,0 0.650283,47.556152,0 0.647507,47.553078,0 0.646738,47.551540,0 0.646597,47.549957,0 0.645420,47.547750,0 0.643266,47.545956,0 0.641108,47.543200,0 0.637691,47.541832,0 0.637582,47.541190,0 0.638389,47.537876,0 0.638272,47.535496,0 0.638415,47.534058,0 0.640109,47.529232,0 0.644807,47.523540,0 0.645413,47.521732,0 0.646290,47.520172,0 0.646685,47.519016,0 0.648177,47.517640,0 0.648308,47.517280,0 0.649233,47.517460,0 0.651878,47.517277,0 0.652248,47.517040,0 0.652504,47.516350,0 0.653364,47.515133,0 0.655193,47.513800,0 0.659354,47.512653,0 0.671923,47.508244,0 0.680531,47.502148,0 0.683588,47.501057,0 0.690827,47.496967,0 0.694449,47.495613,0 0.695901,47.495650,0 0.696823,47.496063,0 0.697251,47.495872,0 0.696980,47.494910,0 0.695525,47.494286,0 0.696498,47.492695,0 0.697611,47.492123,0 0.697644,47.487570,0 0.696514,47.481730,0 0.696406,47.478718,0 0.695130,47.474964,0 0.694389,47.471165,0 0.693970,47.470627,0 0.694104,47.469820,0 0.692257,47.461030,0 0.697697,47.449795,0 0.698529,47.446370,0 0.699726,47.444090,0 0.699875,47.442226,0 0.699668,47.441963,0 0.699839,47.441610,0 0.699732,47.440860,0 0.697551,47.432316,0 0.697160,47.431910,0 0.697515,47.431760,0 0.698267,47.431970,0 0.700673,47.431680,0 0.704254,47.430485,0 0.704648,47.430065,0 0.706171,47.429703,0 0.707892,47.428497,0 0.711275,47.425160,0 0.711353,47.424698,0 0.709318,47.423620,0 0.707266,47.423054,0 0.705966,47.422430,0 0.705370,47.423424,0 0.705356,47.425007,0 0.705153,47.425550,0 0.705255,47.425770,0 0.705059,47.425850,0 0.704917,47.426483,0 0.704855,47.428070,0 0.703068,47.428387,0 0.702151,47.428234,0 0.696636,47.428314,0 0.693212,47.428734,0 0.690343,47.428463,0 0.690715,47.430710,0 0.690490,47.431416,0 0.690194,47.431503,0 0.687404,47.430523,0 0.686932,47.430557,0 0.685956,47.432632,0 0.684990,47.435654,0 0.683783,47.436730,0 0.678682,47.435604,0 0.678394,47.435387,0 0.677706,47.434067,0 0.674373,47.433850,0 0.673820,47.432922,0 0.673009,47.430817,0 0.672603,47.430520,0 0.672824,47.430054,0 0.672514,47.425182,0 0.672709,47.423763,0 0.675478,47.424118,0 0.676498,47.419890,0 0.677461,47.420006,0 0.679296,47.419846,0 0.680850,47.420036,0 0.681388,47.418884,0 0.683424,47.418697,0 0.683781,47.418472,0 0.686110,47.418670,0 0.691869,47.418648,0 0.692432,47.418465,0 0.692725,47.418648,0 0.697394,47.418865,0 0.704283,47.418884,0 0.704330,47.418610,0 0.703314,47.415604,0 0.702883,47.413128,0 0.703313,47.409980,0 0.703321,47.407883,0 0.702774,47.404330,0 0.699327,47.397663,0 0.700377,47.392410,0 0.699130,47.391790,0 0.693566,47.391010,0 0.693570,47.390720,0 0.694070,47.390266,0 0.693312,47.389893,0 0.692325,47.390470,0</coordinates>
          </LineString>
          <LineString>
            <tessellate>1</tessellate>
            <coordinates>0.692325,47.390470,0 0.692025,47.390540,0 0.699245,47.391525,0 0.701245,47.392520,0 0.700065,47.393997,0 0.699460,47.397644,0 0.702734,47.404167,0 0.703518,47.409310,0 0.703052,47.413353,0 0.703506,47.415825,0 0.704535,47.418633,0 0.704766,47.418835,0 0.704696,47.420000,0 0.704044,47.420937,0 0.704384,47.421688,0 0.705966,47.422430,0 0.705370,47.423424,0 0.705356,47.425007,0 0.705153,47.425550,0 0.705255,47.425770,0 0.705059,47.425850,0 0.704917,47.426483,0 0.704855,47.428070,0 0.703068,47.428387,0 0.702151,47.428234,0 0.696636,47.428314,0 0.693212,47.428734,0 0.690343,47.428463,0 0.690715,47.430710,0 0.690490,47.431416,0 0.690194,47.431503,0 0.687404,47.430523,0 0.686932,47.430557,0 0.685956,47.432632,0 0.684990,47.435654,0 0.683783,47.436730,0 0.683740,47.437443,0 0.683783,47.436730,0 0.684990,47.435654,0 0.685938,47.432705,0 0.689828,47.434513,0 0.692353,47.435295,0 0.695826,47.435750,0 0.698496,47.435620,0 0.699732,47.440860,0 0.700234,47.441890,0 0.700014,47.442234,0 0.699636,47.444447,0 0.698642,47.446087,0 0.698062,47.447964,0 0.697965,47.449142,0 0.698282,47.449646,0 0.697515,47.450130,0 0.692355,47.460850,0 0.694142,47.470192,0 0.694601,47.470562,0 0.694389,47.471165,0 0.695295,47.475506,0 0.696080,47.477400,0 0.696406,47.478718,0 0.696514,47.481730,0 0.697644,47.487570,0 0.697595,47.492210,0 0.696498,47.492695,0 0.695527,47.494225,0 0.697027,47.494960,0 0.697255,47.496200,0 0.696920,47.496304,0 0.695901,47.495650,0 0.694668,47.495586,0 0.693103,47.496002,0 0.691222,47.496796,0 0.683588,47.501057,0 0.680531,47.502148,0 0.671923,47.508244,0 0.659354,47.512653,0 0.655193,47.513800,0 0.653364,47.515133,0 0.652504,47.516350,0 0.652248,47.517040,0 0.651878,47.517277,0 0.649233,47.517460,0 0.648308,47.517280,0 0.648177,47.517640,0 0.646685,47.519016,0 0.646290,47.520172,0 0.645413,47.521732,0 0.644807,47.523540,0 0.640109,47.529232,0 0.638415,47.534058,0 0.638272,47.535496,0 0.638389,47.537876,0 0.637585,47.541035,0 0.637691,47.541832,0 0.641108,47.543200,0 0.643266,47.545956,0 0.645420,47.547750,0 0.646597,47.549957,0 0.646738,47.551540,0 0.647507,47.553078,0 0.650283,47.556152,0 0.652906,47.557537,0 0.658423,47.562134,0 0.660563,47.563545,0 0.664081,47.566360,0 0.664420,47.566822,0 0.664932,47.568386,0 0.668979,47.568470,0 0.669649,47.569330,0 0.669930,47.570255,0 0.670701,47.570090,0 0.672240,47.571636,0 0.669259,47.574410,0 0.668806,47.575863,0 0.668809,47.576725,0 0.668520,47.576862,0 0.665023,47.575330,0 0.663480,47.574380,0 0.662279,47.573204,0 0.661039,47.571293,0 0.657534,47.571236,0 0.652262,47.569800,0 0.647006,47.569286,0 0.642115,47.568226,0 0.639364,47.567290,0 0.637112,47.566025,0 0.631769,47.564075,0 0.624767,47.563400,0 0.616079,47.561985,0 0.610929,47.560642,0 0.610796,47.560963,0 0.611024,47.561626,0 0.610844,47.562115,0 0.608409,47.564396,0 0.604259,47.566380,0 0.601351,47.568596,0 0.599888,47.572575,0 0.598842,47.574210,0 0.597828,47.576900,0 0.597839,47.577717,0 0.598452,47.579376,0 0.598784,47.580050,0 0.599535,47.580788,0 0.599350,47.582176,0 0.599910,47.583790,0 0.599577,47.584023,0 0.598573,47.583706,0 0.597973,47.583763,0 0.596934,47.584700,0 0.596026,47.585220,0 0.595774,47.586254,0 0.596593,47.587605,0 0.596589,47.588900,0 0.596234,47.591590,0 0.595384,47.593220,0 0.596456,47.597477,0 0.596562,47.599976,0 0.596424,47.600590,0 0.595712,47.601690,0 0.595739,47.602600,0 0.595412,47.603130,0 0.593856,47.603374,0 0.593884,47.603764,0 0.594250,47.603800,0 0.594168,47.604060,0 0.592927,47.605970,0 0.596474,47.606007,0 0.598464,47.605550,0 0.601441,47.605873,0 0.609560,47.608177,0 0.618126,47.609600,0 0.621517,47.610010,0 0.626196,47.609882,0 0.627823,47.610355,0 0.634900,47.613804,0 0.636912,47.614418,0 0.646400,47.615700,0 0.652048,47.616950,0 0.658536,47.617287,0 0.648367,47.658188,0 0.647047,47.658550,0 0.645373,47.658440,0 0.640922,47.659294,0 0.639612,47.660520,0 0.636888,47.661945,0 0.633680,47.665688,0 0.631651,47.666924,0 0.629895,47.667610,0 0.629200,47.667603,0 0.624651,47.665447,0 0.623220,47.665380,0 0.622280,47.665680,0 0.620204,47.667778,0 0.619426,47.667828,0 0.616761,47.667374,0 0.613484,47.668793,0</coordinates>
          </LineString>
        </MultiGeometry>
      </Placemark>
      <Placemark>
        <name>TA — Amboise - Château-Renault — Ligne de semaine</name>
        <description>Groupe horaire : Ligne de semaine
Ligne régionale Rémi TA. Tracé issu des shapes GTFS officiels fournis.</description>
        <styleUrl>#route_REMI37_Line_343</styleUrl>
        <MultiGeometry>
          <LineString>
            <tessellate>1</tessellate>
            <coordinates>0.901762,47.587640,0 0.903843,47.586700,0 0.903847,47.586414,0 0.903370,47.585655,0 0.905235,47.585358,0 0.905877,47.585888,0 0.907238,47.586147,0 0.909232,47.586884,0 0.914501,47.588062,0 0.916476,47.588234,0 0.918997,47.589210,0 0.922184,47.590010,0 0.926216,47.589690,0 0.931007,47.589860,0 0.931032,47.591484,0 0.930515,47.592716,0 0.927625,47.596085,0 0.926796,47.598976,0 0.926096,47.600266,0 0.922851,47.603840,0 0.920534,47.599323,0 0.919452,47.597786,0 0.915596,47.599335,0 0.915301,47.599613,0 0.914815,47.599506,0 0.915220,47.598877,0 0.912961,47.595596,0 0.913576,47.594467,0 0.914762,47.592987,0 0.915377,47.592870,0 0.915073,47.593666,0 0.915495,47.594315,0 0.918005,47.595806,0 0.919140,47.596275,0 0.924752,47.597794,0 0.927098,47.597187,0 0.927905,47.595486,0 0.930286,47.593063,0 0.930930,47.591590,0 0.930203,47.579720,0 0.930423,47.578570,0 0.931178,47.577415,0 0.932354,47.576576,0 0.939882,47.573185,0 0.949464,47.570410,0 0.964025,47.563110,0 0.968934,47.558235,0 0.983049,47.542520,0 0.985551,47.538080,0 0.985610,47.537434,0 0.986086,47.537060,0 0.990323,47.529137,0 0.994639,47.523754,0 0.998862,47.504530,0 0.999806,47.503240,0 1.002655,47.501410,0 1.003420,47.500694,0 1.004622,47.498463,0 1.007581,47.494587,0 1.009251,47.491394,0 1.009412,47.490517,0 1.009310,47.488910,0 1.007625,47.478610,0 1.006751,47.478443,0 0.998512,47.474545,0 0.997789,47.473920,0 0.997341,47.472780,0 0.994732,47.471306,0 0.993980,47.470650,0 0.993825,47.470306,0 0.993973,47.469837,0 0.993728,47.469322,0 0.994326,47.468235,0 0.994520,47.466280,0 0.994340,47.465096,0 0.993382,47.463104,0 0.990911,47.460926,0 0.990409,47.459995,0 0.989749,47.457844,0 0.988539,47.456320,0 0.987283,47.454014,0 0.986892,47.452408,0 0.987043,47.448624,0 0.987308,47.446766,0 0.991077,47.443356,0 0.990668,47.442886,0 0.990319,47.443226,0 0.989577,47.442880,0 0.987420,47.442722,0 0.986898,47.443066,0 0.986884,47.443348,0 0.986993,47.443455,0 0.986898,47.443066,0 0.987420,47.442722,0 0.989577,47.442880,0 0.990319,47.443226,0 0.990668,47.442886,0 0.989145,47.441715,0 0.986644,47.441074,0 0.981764,47.431976,0 0.981598,47.430687,0 0.982593,47.427100,0 0.982611,47.426620,0 0.982412,47.426400,0 0.982618,47.425900,0 0.982577,47.425390,0 0.983889,47.423550,0 0.984642,47.421690,0 0.982366,47.418324,0 0.981229,47.417553,0 0.984356,47.413803,0 0.981038,47.412415,0</coordinates>
          </LineString>
          <LineString>
            <tessellate>1</tessellate>
            <coordinates>0.981594,47.399467,0 0.981412,47.399075,0 0.981457,47.397846,0 0.979723,47.397636,0 0.979373,47.392635,0 0.979835,47.391968,0 0.979489,47.391800,0 0.979391,47.392140,0 0.979651,47.392190,0 0.979856,47.391796,0 0.980115,47.391754,0 0.982021,47.392868,0 0.983654,47.393402,0 0.993785,47.394432,0 0.996919,47.394390,0 1.002768,47.393368,0 1.006348,47.393105,0 1.011977,47.393444,0 1.014678,47.394104,0 1.016834,47.395344,0 1.018013,47.396725,0 1.018552,47.398660,0 1.018397,47.399826,0 1.017933,47.401130,0 1.017923,47.402016,0 1.018275,47.402720,0 1.018616,47.402880,0 1.018624,47.403233,0 1.020452,47.405205,0 1.020915,47.406406,0 1.020707,47.407980,0 1.017897,47.414326,0 1.026777,47.415960,0 1.018319,47.414516,0 1.017756,47.414555,0 1.015204,47.419666,0 1.007869,47.430622,0 1.007128,47.432297,0 1.006904,47.433758,0 1.006794,47.438206,0 1.007901,47.442780,0 1.008138,47.444717,0 1.008369,47.445023,0 1.008098,47.445343,0 1.007609,47.447845,0 1.007689,47.449123,0 1.008097,47.450054,0 1.009567,47.452103,0 1.009891,47.453980,0 1.011572,47.456340,0 1.012295,47.460632,0 1.012175,47.461980,0 1.011806,47.463140,0 1.009770,47.466250,0 1.007917,47.469950,0 1.007271,47.471530,0 1.006871,47.473460,0 1.006950,47.475807,0 1.008190,47.481700,0 1.009310,47.488910,0 1.009387,47.490820,0 1.009138,47.491670,0 1.007581,47.494587,0 1.004622,47.498463,0 1.003535,47.500553,0 1.002655,47.501410,0 0.999806,47.503240,0 0.998862,47.504530,0 0.994619,47.524240,0 0.998038,47.525356,0 1.003509,47.529575,0 1.018021,47.532433,0 1.021949,47.535015,0 1.030733,47.538580,0 1.032025,47.539490,0 1.032042,47.540447,0 1.031501,47.541378,0 1.030631,47.543720,0 1.028333,47.547440,0 1.021104,47.556040,0 1.019094,47.557724,0 1.018092,47.558296,0 1.011770,47.560997,0 1.009618,47.561540,0 1.010810,47.562695,0 1.010831,47.563010,0 1.010640,47.563198,0 1.010920,47.563847,0 1.012356,47.564228,0 1.012998,47.564790,0 1.016429,47.570072,0 1.023309,47.573853,0 1.025908,47.574753,0 1.031589,47.580235,0 1.032980,47.581250,0 1.034082,47.582645,0 1.036239,47.583080,0 1.036553,47.585550,0 1.028156,47.586315,0 1.020561,47.587383,0 1.019245,47.587254,0 1.015626,47.586277,0 1.014583,47.586227,0 1.008797,47.587055,0 1.006535,47.587597,0 0.998122,47.588990,0 0.995966,47.589540,0 0.988124,47.592716,0 0.980618,47.595240,0 0.978112,47.597560,0 0.975762,47.602970,0 0.974811,47.603573,0 0.973131,47.604168,0 0.972328,47.603560,0 0.969475,47.603080,0 0.966059,47.601210,0 0.964805,47.600800,0 0.964192,47.600204,0 0.963926,47.599415,0 0.961876,47.598550,0 0.961518,47.598236,0 0.961568,47.597687,0 0.962294,47.596027,0 0.959956,47.595820,0 0.957800,47.595330,0 0.950501,47.592243,0 0.945814,47.590744,0 0.943598,47.590473,0 0.937994,47.590780,0 0.930154,47.589787,0 0.926216,47.589690,0 0.922337,47.590034,0 0.918997,47.589210,0 0.916476,47.588234,0 0.914501,47.588062,0 0.909430,47.586920,0</coordinates>
          </LineString>
          <LineString>
            <tessellate>1</tessellate>
            <coordinates>0.981038,47.412415,0 0.979100,47.411846,0 0.979890,47.410550,0 0.979548,47.407870,0 0.980181,47.403973,0 0.980427,47.403870,0 0.980666,47.403267,0 0.981426,47.398890,0 0.982541,47.398987,0 0.982442,47.399525,0 0.981529,47.399464,0 0.981457,47.397846,0 0.979723,47.397636,0 0.979373,47.392635,0 0.979835,47.391968,0 0.979710,47.391810,0 0.979361,47.391853,0 0.979372,47.392120,0 0.979651,47.392190,0 0.979856,47.391796,0 0.980115,47.391754,0 0.982021,47.392868,0 0.983893,47.393444,0 0.994589,47.394480,0 0.997484,47.394325,0 1.003601,47.393270,0 1.006348,47.393105,0 1.009312,47.393180,0 1.012861,47.393590,0 1.015266,47.394350,0 1.017208,47.395676,0 1.018258,47.397250,0 1.018539,47.399063,0 1.017933,47.401130,0 1.017923,47.402016,0 1.018275,47.402720,0 1.018616,47.402880,0 1.018624,47.403233,0 1.020452,47.405205,0 1.020855,47.406124,0 1.020954,47.406948,0 1.020707,47.407980,0 1.017956,47.413910,0 1.017932,47.414375,0 1.026777,47.415960,0 1.018319,47.414516,0 1.017756,47.414555,0 1.014952,47.420086,0 1.007869,47.430622,0 1.007188,47.432095,0 1.006904,47.433758,0 1.006794,47.438206,0 1.007901,47.442780,0 1.008138,47.444717,0 1.008369,47.445023,0 1.008098,47.445343,0 1.007664,47.447530,0 1.007659,47.448956,0 1.008097,47.450054,0 1.009567,47.452103,0 1.009891,47.453980,0 1.011572,47.456340,0 1.012295,47.460632,0 1.012175,47.461980,0 1.011806,47.463140,0 1.009770,47.466250,0 1.007917,47.469950,0 1.007271,47.471530,0 1.006871,47.473460,0 1.006950,47.475807,0 1.007853,47.479626,0 1.009250,47.488464,0 1.009334,47.491104,0 1.007581,47.494587,0 1.004622,47.498463,0 1.003535,47.500553,0 1.002655,47.501410,0 0.999806,47.503240,0 0.998862,47.504530,0 0.994639,47.523754,0 0.994619,47.524240,0 0.994907,47.524390,0 0.994316,47.524300,0 0.990437,47.528973,0 0.986086,47.537060,0 0.986104,47.537556,0 0.985853,47.537693,0 0.985584,47.537540,0 0.986086,47.537060,0 0.990323,47.529137,0 0.994391,47.524197,0 0.998038,47.525356,0 1.003509,47.529575,0 1.018021,47.532433,0 1.021949,47.535015,0 1.029855,47.538193,0 1.031906,47.539364,0 1.032098,47.540024,0 1.031944,47.540688,0 1.031501,47.541378,0 1.030631,47.543720,0 1.028639,47.546974,0 1.021104,47.556040,0 1.019094,47.557724,0 1.018092,47.558296,0 1.011770,47.560997,0 1.009618,47.561540,0 1.010810,47.562695,0 1.010831,47.563010,0 1.010640,47.563198,0 1.010920,47.563847,0 1.012356,47.564228,0 1.012998,47.564790,0 1.016429,47.570072,0 1.023309,47.573853,0 1.025908,47.574753,0 1.031589,47.580235,0 1.032980,47.581250,0 1.034082,47.582645,0 1.036239,47.583080,0 1.036553,47.585550,0 1.028156,47.586315,0 1.020561,47.587383,0 1.019245,47.587254,0 1.015626,47.586277,0 1.014583,47.586227,0 1.008797,47.587055,0 1.006535,47.587597,0 0.998122,47.588990,0 0.995966,47.589540,0 0.988124,47.592716,0 0.980618,47.595240,0 0.978112,47.597560,0 0.975762,47.602970,0 0.974811,47.603573,0 0.973131,47.604168,0 0.972328,47.603560,0 0.969727,47.603180,0 0.966059,47.601210,0 0.964129,47.600647,0 0.956322,47.601418,0 0.951978,47.601574,0 0.944763,47.602190,0 0.939420,47.601350,0 0.931824,47.599148,0 0.931054,47.598690,0 0.929654,47.597164,0 0.929072,47.596943,0 0.927223,47.597267,0 0.926796,47.598976,0 0.926096,47.600266,0 0.922851,47.603840,0 0.920534,47.599323,0 0.919452,47.597786,0 0.915020,47.599636,0 0.914792,47.599380,0 0.915151,47.599125,0 0.915203,47.598843,0 0.912966,47.595690,0 0.913061,47.595222,0 0.914762,47.592987,0 0.916503,47.592780,0 0.916943,47.592506,0 0.916930,47.592136,0 0.916546,47.591890,0 0.914880,47.591965,0 0.915242,47.591606,0 0.915840,47.591430,0 0.917241,47.591488,0 0.918829,47.591087,0 0.920149,47.591125,0 0.920986,47.590813,0 0.922106,47.589990,0 0.918997,47.589210,0 0.916476,47.588234,0 0.914501,47.588062,0 0.909232,47.586884,0 0.908726,47.588253,0 0.909461,47.588856,0 0.909483,47.589250,0 0.910352,47.589756,0 0.909429,47.590942,0 0.909889,47.591137,0 0.909693,47.591408,0 0.907739,47.590805,0 0.906663,47.590137,0 0.903039,47.589382,0 0.902495,47.588356,0</coordinates>
          </LineString>
          <LineString>
            <tessellate>1</tessellate>
            <coordinates>0.901762,47.587640,0 0.903843,47.586700,0 0.903847,47.586414,0 0.903370,47.585655,0 0.905235,47.585358,0 0.905877,47.585888,0 0.907238,47.586147,0 0.909232,47.586884,0 0.914501,47.588062,0 0.916476,47.588234,0 0.918997,47.589210,0 0.922184,47.590010,0 0.926216,47.589690,0 0.931007,47.589860,0 0.931032,47.591484,0 0.930515,47.592716,0 0.927625,47.596085,0 0.926796,47.598976,0 0.926096,47.600266,0 0.922977,47.603730,0 0.922851,47.603840,0 0.922743,47.603690,0 0.920534,47.599323,0 0.919452,47.597786,0 0.915596,47.599335,0 0.915301,47.599613,0 0.914865,47.599564,0 0.914820,47.599320,0 0.915220,47.598877,0 0.912986,47.595783,0 0.913039,47.595260,0 0.913686,47.594320,0 0.914762,47.592987,0 0.915377,47.592870,0 0.915073,47.593666,0 0.915370,47.594208,0 0.918005,47.595806,0 0.919140,47.596275,0 0.924752,47.597794,0 0.927098,47.597187,0 0.927905,47.595486,0 0.930286,47.593063,0 0.930930,47.591590,0 0.930203,47.579720,0 0.930423,47.578570,0 0.931178,47.577415,0 0.932354,47.576576,0 0.939882,47.573185,0 0.949464,47.570410,0 0.963310,47.563570,0 0.964208,47.562940,0 0.968934,47.558235,0 0.983124,47.542420,0 0.985551,47.538080,0 0.985610,47.537434,0 0.986086,47.537060,0 0.990323,47.529137,0 0.994454,47.524100,0 0.994777,47.523320,0 0.998862,47.504530,0 0.999806,47.503240,0 1.002655,47.501410,0 1.003535,47.500553,0 1.004622,47.498463,0 1.007581,47.494587,0 1.009251,47.491394,0 1.009412,47.490517,0 1.009310,47.488910,0 1.007625,47.478610,0 1.006751,47.478443,0 0.998512,47.474545,0 0.997789,47.473920,0 0.997341,47.472780,0 0.994732,47.471306,0 0.993980,47.470650,0 0.993825,47.470306,0 0.993973,47.469837,0 0.993728,47.469322,0 0.994326,47.468235,0 0.994520,47.466280,0 0.994340,47.465096,0 0.993382,47.463104,0 0.990911,47.460926,0 0.990409,47.459995,0 0.989749,47.457844,0 0.988539,47.456320,0 0.987185,47.453735,0 0.986892,47.452408,0 0.987043,47.448624,0 0.987308,47.446766,0 0.991077,47.443356,0 0.990668,47.442886,0 0.990319,47.443226,0 0.989577,47.442880,0 0.987420,47.442722,0 0.986898,47.443066,0 0.986884,47.443348,0 0.986993,47.443455,0 0.986898,47.443066,0 0.987420,47.442722,0 0.989577,47.442880,0 0.990319,47.443226,0 0.990668,47.442886,0 0.989145,47.441715,0 0.986644,47.441074,0 0.982006,47.432537,0 0.981644,47.431553,0 0.981639,47.430380,0 0.982593,47.427100,0 0.982611,47.426620,0 0.982412,47.426400,0 0.982618,47.425900,0 0.982577,47.425390,0 0.983889,47.423550,0 0.984642,47.421690,0 0.982366,47.418324,0 0.981229,47.417553,0 0.984356,47.413803,0 0.982274,47.412804,0 0.979100,47.411846,0 0.979890,47.410550,0 0.979548,47.407870,0 0.980181,47.403973,0 0.980427,47.403870,0 0.980666,47.403267,0 0.981426,47.398890,0 0.982541,47.398987,0 0.982442,47.399525,0 0.981529,47.399464,0 0.981457,47.397846,0 0.979723,47.397636,0 0.979373,47.392635,0 0.979835,47.391968,0 0.979710,47.391810,0 0.979361,47.391853,0 0.979372,47.392120,0 0.979651,47.392190,0 0.979856,47.391796,0 0.980115,47.391754,0 0.982021,47.392868,0 0.983654,47.393402,0 0.993785,47.394432,0 0.996919,47.394390,0 1.003066,47.393330,0 1.007068,47.393097,0 1.012543,47.393530,0 1.015469,47.394447,0 1.017208,47.395676,0 1.018128,47.396954,0 1.018452,47.397923,0 1.018539,47.399063,0 1.017933,47.401130,0 1.017923,47.402016,0 1.018275,47.402720,0 1.018616,47.402880,0 1.018624,47.403233,0 1.020452,47.405205,0 1.020915,47.406406,0 1.020707,47.407980,0 1.017897,47.414326,0 1.026146,47.415940,0</coordinates>
          </LineString>
          <LineString>
            <tessellate>1</tessellate>
            <coordinates>0.901762,47.587640,0 0.903843,47.586700,0 0.903847,47.586414,0 0.903370,47.585655,0 0.905235,47.585358,0 0.905877,47.585888,0 0.907238,47.586147,0 0.909232,47.586884,0 0.914501,47.588062,0 0.916476,47.588234,0 0.918997,47.589210,0 0.922184,47.590010,0 0.926216,47.589690,0 0.931007,47.589860,0 0.931032,47.591484,0 0.930515,47.592716,0 0.927625,47.596085,0 0.926796,47.598976,0 0.926096,47.600266,0 0.922851,47.603840,0 0.920534,47.599323,0 0.919452,47.597786,0 0.915596,47.599335,0 0.915301,47.599613,0 0.914815,47.599506,0 0.915220,47.598877,0 0.912961,47.595596,0 0.913576,47.594467,0 0.914824,47.592940,0 0.915377,47.592870,0 0.915073,47.593666,0 0.915495,47.594315,0 0.918005,47.595806,0 0.919140,47.596275,0 0.924752,47.597794,0 0.927098,47.597187,0 0.929276,47.596980,0 0.929731,47.597237,0 0.931054,47.598690,0 0.931824,47.599148,0 0.939009,47.601280,0 0.944763,47.602190,0 0.951978,47.601574,0 0.956322,47.601418,0 0.964129,47.600647,0 0.966059,47.601210,0 0.969727,47.603180,0 0.972328,47.603560,0 0.973131,47.604168,0 0.974811,47.603573,0 0.975762,47.602970,0 0.978112,47.597560,0 0.980618,47.595240,0 0.988124,47.592716,0 0.995966,47.589540,0 0.998122,47.588990,0 1.006535,47.587597,0 1.008797,47.587055,0 1.014583,47.586227,0 1.015626,47.586277,0 1.019245,47.587254,0 1.020561,47.587383,0 1.028156,47.586315,0 1.036553,47.585550,0 1.036239,47.583080,0 1.034082,47.582645,0 1.032980,47.581250,0 1.031589,47.580235,0 1.025908,47.574753,0 1.023309,47.573853,0 1.016429,47.570072,0 1.012998,47.564790,0 1.012356,47.564228,0 1.010920,47.563847,0 1.010640,47.563198,0 1.010831,47.563010,0 1.010810,47.562695,0 1.009618,47.561540,0 1.011770,47.560997,0 1.018092,47.558296,0 1.019094,47.557724,0 1.021104,47.556040,0 1.028333,47.547440,0 1.030631,47.543720,0 1.031501,47.541378,0 1.032042,47.540447,0 1.032025,47.539490,0 1.030733,47.538580,0 1.021949,47.535015,0 1.018021,47.532433,0 1.003509,47.529575,0 0.998038,47.525356,0 0.994316,47.524300,0 0.994777,47.523320,0 0.998862,47.504530,0 0.999806,47.503240,0 1.002655,47.501410,0 1.003420,47.500694,0 1.004622,47.498463,0 1.007581,47.494587,0 1.009251,47.491394,0 1.009412,47.490517,0 1.009310,47.488910,0 1.007625,47.478610,0 1.006751,47.478443,0 0.998512,47.474545,0 0.997789,47.473920,0 0.997341,47.472780,0 0.994732,47.471306,0 0.993980,47.470650,0 0.993825,47.470306,0 0.993973,47.469837,0 0.993728,47.469322,0 0.994326,47.468235,0 0.994520,47.466280,0 0.994340,47.465096,0 0.993382,47.463104,0 0.990911,47.460926,0 0.990409,47.459995,0 0.989749,47.457844,0 0.988539,47.456320,0 0.987283,47.454014,0 0.986892,47.452408,0 0.987043,47.448624,0 0.987308,47.446766,0 0.991077,47.443356,0 0.990668,47.442886,0 0.990319,47.443226,0 0.989577,47.442880,0 0.987420,47.442722,0 0.986898,47.443066,0 0.986884,47.443348,0 0.986993,47.443455,0 0.986898,47.443066,0 0.987420,47.442722,0 0.989577,47.442880,0 0.990319,47.443226,0 0.990668,47.442886,0 0.989145,47.441715,0 0.986644,47.441074,0 0.981764,47.431976,0 0.981598,47.430687,0 0.982593,47.427100,0 0.982611,47.426620,0 0.982412,47.426400,0 0.982618,47.425900,0 0.982577,47.425390,0 0.983889,47.423550,0 0.984642,47.421690,0 0.982366,47.418324,0 0.981229,47.417553,0 0.984356,47.413803,0 0.981038,47.412415,0</coordinates>
          </LineString>
          <LineString>
            <tessellate>1</tessellate>
            <coordinates>0.901762,47.587640,0 0.903843,47.586700,0 0.903847,47.586414,0 0.903370,47.585655,0 0.905235,47.585358,0 0.905877,47.585888,0 0.907238,47.586147,0 0.909232,47.586884,0 0.914501,47.588062,0 0.916476,47.588234,0 0.918997,47.589210,0 0.922106,47.589990,0 0.922716,47.589417,0 0.922879,47.588337,0 0.922607,47.585735,0 0.922316,47.585100,0 0.930466,47.577490,0 0.931339,47.577270,0 0.932354,47.576576,0 0.939882,47.573185,0 0.949464,47.570410,0 0.964025,47.563110,0 0.968934,47.558235,0 0.981000,47.544937,0 0.983345,47.542090,0 0.985551,47.538080,0 0.985610,47.537434,0 0.986086,47.537060,0 0.990323,47.529137,0 0.994639,47.523754,0 0.998862,47.504530,0 0.999806,47.503240,0 1.002655,47.501410,0 1.003535,47.500553,0 1.004622,47.498463,0 1.007581,47.494587,0 1.009251,47.491394,0 1.009412,47.490517,0 1.009310,47.488910,0 1.007853,47.479626,0 1.006950,47.475807,0 1.006871,47.473460,0 1.007271,47.471530,0 1.007917,47.469950,0 1.009770,47.466250,0 1.011806,47.463140,0 1.012175,47.461980,0 1.012295,47.460632,0 1.011572,47.456340,0 1.009891,47.453980,0 1.009567,47.452103,0 1.008097,47.450054,0 1.007689,47.449123,0 1.007609,47.447845,0 1.008013,47.445793,0 1.007989,47.445282,0 1.007786,47.445038,0 1.008023,47.444775,0 1.008076,47.444070,0 1.006794,47.438206,0 1.007070,47.432148,0 1.006199,47.431213,0 1.006318,47.430138,0 1.001225,47.428074,0 0.994750,47.426210,0 0.991745,47.424908,0 0.990436,47.424072,0 0.987857,47.421900,0 0.983370,47.418870,0 0.982833,47.418540,0 0.982449,47.418540,0 0.982230,47.418205,0 0.981239,47.417603,0 0.984356,47.413803,0 0.982274,47.412804,0 0.979100,47.411846,0 0.979890,47.410550,0 0.979548,47.407870,0 0.980181,47.403973,0 0.980427,47.403870,0 0.980666,47.403267,0 0.981426,47.398890,0 0.982541,47.398987,0 0.982442,47.399525,0 0.981529,47.399464,0 0.981457,47.397846,0 0.979723,47.397636,0 0.979373,47.392635,0 0.979835,47.391968,0 0.979710,47.391810,0 0.979361,47.391853,0 0.979372,47.392120,0 0.979651,47.392190,0 0.979856,47.391796,0 0.980115,47.391754,0 0.982021,47.392868,0 0.983654,47.393402,0 0.993785,47.394432,0 0.996919,47.394390,0 1.003066,47.393330,0 1.007068,47.393097,0 1.012543,47.393530,0 1.015469,47.394447,0 1.017208,47.395676,0 1.018128,47.396954,0 1.018452,47.397923,0 1.018539,47.399063,0 1.017933,47.401130,0 1.017923,47.402016,0 1.018275,47.402720,0 1.018616,47.402880,0 1.018624,47.403233,0 1.020452,47.405205,0 1.020915,47.406406,0 1.020707,47.407980,0 1.017897,47.414326,0 1.026146,47.415940,0</coordinates>
          </LineString>
          <LineString>
            <tessellate>1</tessellate>
            <coordinates>0.981038,47.412415,0 0.979100,47.411846,0 0.979890,47.410550,0 0.979548,47.407870,0 0.980181,47.403973,0 0.980427,47.403870,0 0.980666,47.403267,0 0.981426,47.398890,0 0.982541,47.398987,0 0.982442,47.399525,0 0.981529,47.399464,0 0.981457,47.397846,0 0.979723,47.397636,0 0.979373,47.392635,0 0.979835,47.391968,0 0.979710,47.391810,0 0.979361,47.391853,0 0.979372,47.392120,0 0.979651,47.392190,0 0.979856,47.391796,0 0.980115,47.391754,0 0.982021,47.392868,0 0.983893,47.393444,0 0.994589,47.394480,0 0.997484,47.394325,0 1.003601,47.393270,0 1.006348,47.393105,0 1.009312,47.393180,0 1.012861,47.393590,0 1.015266,47.394350,0 1.017208,47.395676,0 1.018258,47.397250,0 1.018539,47.399063,0 1.017933,47.401130,0 1.017923,47.402016,0 1.018275,47.402720,0 1.018616,47.402880,0 1.018624,47.403233,0 1.020452,47.405205,0 1.020855,47.406124,0 1.020954,47.406948,0 1.020707,47.407980,0 1.017956,47.413910,0 1.017932,47.414375,0 1.026777,47.415960,0 1.018319,47.414516,0 1.017756,47.414555,0 1.014952,47.420086,0 1.007563,47.431175,0 1.007480,47.431343,0 1.007718,47.431774,0 1.008979,47.432114,0 1.009900,47.431564,0 1.001225,47.428074,0 0.994750,47.426210,0 0.991745,47.424908,0 0.990436,47.424072,0 0.987857,47.421900,0 0.982687,47.418500,0 0.982539,47.418575,0 0.984562,47.421448,0 0.984644,47.421800,0 0.984086,47.423195,0 0.982749,47.425250,0 0.982593,47.427100,0 0.981582,47.431023,0 0.982006,47.432537,0 0.986621,47.440920,0 0.986825,47.441120,0 0.988473,47.441470,0 0.989657,47.442000,0 0.991077,47.443356,0 0.990360,47.443996,0 0.991257,47.443880,0 0.991283,47.444176,0 0.990989,47.444355,0 0.990360,47.443996,0 0.987308,47.446766,0 0.987043,47.448624,0 0.986902,47.452650,0 0.987354,47.454205,0 0.988744,47.456635,0 0.989782,47.457912,0 0.990409,47.459995,0 0.990911,47.460926,0 0.993382,47.463104,0 0.994340,47.465096,0 0.994493,47.466637,0 0.994304,47.468320,0 0.993728,47.469322,0 0.993973,47.469837,0 0.993876,47.470516,0 0.994732,47.471306,0 0.997341,47.472780,0 0.997789,47.473920,0 0.998512,47.474545,0 1.006532,47.478333,0 1.007565,47.478374,0 1.009250,47.488464,0 1.009334,47.491104,0 1.007581,47.494587,0 1.004622,47.498463,0 1.003420,47.500694,0 1.002655,47.501410,0 0.999806,47.503240,0 0.998803,47.504673,0 0.994619,47.524240,0 0.998038,47.525356,0 1.003509,47.529575,0 1.018021,47.532433,0 1.021949,47.535015,0 1.030733,47.538580,0 1.032025,47.539490,0 1.032042,47.540447,0 1.031501,47.541378,0 1.030631,47.543720,0 1.028333,47.547440,0 1.021104,47.556040,0 1.019094,47.557724,0 1.018092,47.558296,0 1.011770,47.560997,0 1.009618,47.561540,0 1.010810,47.562695,0 1.010831,47.563010,0 1.010640,47.563198,0 1.010920,47.563847,0 1.012356,47.564228,0 1.012998,47.564790,0 1.016429,47.570072,0 1.023309,47.573853,0 1.025908,47.574753,0 1.031589,47.580235,0 1.032980,47.581250,0 1.034082,47.582645,0 1.036239,47.583080,0 1.036553,47.585550,0 1.028156,47.586315,0 1.020561,47.587383,0 1.019245,47.587254,0 1.015626,47.586277,0 1.014583,47.586227,0 1.008797,47.587055,0 1.006535,47.587597,0 0.998122,47.588990,0 0.995966,47.589540,0 0.988124,47.592716,0 0.980618,47.595240,0 0.978112,47.597560,0 0.975762,47.602970,0 0.974811,47.603573,0 0.973131,47.604168,0 0.972328,47.603560,0 0.969727,47.603180,0 0.966059,47.601210,0 0.964129,47.600647,0 0.956322,47.601418,0 0.951978,47.601574,0 0.944763,47.602190,0 0.939420,47.601350,0 0.931824,47.599148,0 0.931054,47.598690,0 0.929654,47.597164,0 0.929072,47.596943,0 0.927223,47.597267,0 0.926796,47.598976,0 0.926096,47.600266,0 0.922851,47.603840,0 0.920534,47.599323,0 0.919452,47.597786,0 0.915020,47.599636,0 0.914792,47.599380,0 0.915151,47.599125,0 0.915203,47.598843,0 0.912966,47.595690,0 0.913061,47.595222,0 0.914762,47.592987,0 0.916503,47.592780,0 0.916943,47.592506,0 0.916930,47.592136,0 0.916546,47.591890,0 0.914880,47.591965,0 0.915242,47.591606,0 0.915840,47.591430,0 0.917241,47.591488,0 0.918829,47.591087,0 0.920149,47.591125,0 0.920986,47.590813,0 0.922106,47.589990,0 0.918997,47.589210,0 0.916476,47.588234,0 0.914501,47.588062,0 0.909232,47.586884,0 0.908726,47.588253,0 0.909461,47.588856,0 0.909483,47.589250,0 0.910352,47.589756,0 0.909429,47.590942,0 0.909889,47.591137,0 0.909693,47.591408,0 0.907739,47.590805,0 0.906663,47.590137,0 0.903039,47.589382,0 0.902495,47.588356,0</coordinates>
          </LineString>
          <LineString>
            <tessellate>1</tessellate>
            <coordinates>0.922438,47.603085,0 0.922593,47.603380,0 0.923048,47.603504,0 0.925620,47.600895,0 0.926606,47.599346,0 0.927250,47.597160,0 0.929072,47.596943,0 0.929654,47.597164,0 0.931054,47.598690,0 0.931824,47.599148,0 0.939420,47.601350,0 0.944763,47.602190,0 0.951978,47.601574,0 0.956322,47.601418,0 0.964129,47.600647,0 0.966059,47.601210,0 0.969727,47.603180,0 0.972328,47.603560,0 0.973131,47.604168,0 0.974811,47.603573,0 0.975762,47.602970,0 0.978112,47.597560,0 0.980618,47.595240,0 0.988124,47.592716,0 0.995966,47.589540,0 0.998122,47.588990,0 1.006535,47.587597,0 1.008797,47.587055,0 1.014583,47.586227,0 1.015626,47.586277,0 1.019245,47.587254,0 1.020561,47.587383,0 1.028156,47.586315,0 1.036553,47.585550,0 1.036239,47.583080,0 1.034082,47.582645,0 1.032980,47.581250,0 1.031589,47.580235,0 1.025908,47.574753,0 1.023309,47.573853,0 1.016429,47.570072,0 1.012998,47.564790,0 1.012356,47.564228,0 1.010920,47.563847,0 1.010640,47.563198,0 1.010831,47.563010,0 1.010810,47.562695,0 1.009618,47.561540,0 1.011770,47.560997,0 1.018092,47.558296,0 1.019094,47.557724,0 1.021104,47.556040,0 1.028333,47.547440,0 1.030631,47.543720,0 1.031501,47.541378,0 1.032042,47.540447,0 1.032025,47.539490,0 1.030733,47.538580,0 1.021949,47.535015,0 1.018021,47.532433,0 1.003509,47.529575,0 0.998038,47.525356,0 0.994316,47.524300,0 0.994777,47.523320,0 0.998862,47.504530,0 0.999806,47.503240,0 1.002655,47.501410,0 1.003535,47.500553,0 1.004622,47.498463,0 1.007581,47.494587,0 1.009334,47.491104,0 1.009250,47.488464,0 1.007853,47.479626,0 1.006950,47.475807,0 1.006871,47.473460,0 1.007271,47.471530,0 1.007917,47.469950,0 1.009770,47.466250,0 1.011887,47.462944,0 1.012249,47.461575,0 1.012272,47.460262,0 1.011572,47.456340,0 1.009891,47.453980,0 1.009567,47.452103,0 1.008097,47.450054,0 1.007689,47.449123,0 1.007609,47.447845,0 1.008013,47.445793,0 1.007989,47.445282,0 1.007786,47.445038,0 1.008023,47.444775,0 1.008076,47.444070,0 1.006818,47.438416,0 1.007083,47.432280,0 1.006199,47.431213,0 1.006318,47.430138,0 1.001225,47.428074,0 0.994750,47.426210,0 0.991745,47.424908,0 0.990436,47.424072,0 0.987857,47.421900,0 0.983370,47.418870,0 0.982833,47.418540,0 0.982449,47.418540,0 0.982230,47.418205,0 0.981239,47.417603,0 0.984356,47.413803,0 0.982274,47.412804,0 0.979100,47.411846,0 0.979890,47.410550,0 0.979548,47.407870,0 0.980181,47.403973,0 0.980427,47.403870,0 0.980666,47.403267,0 0.981426,47.398890,0 0.982541,47.398987,0 0.982442,47.399525,0 0.981529,47.399464,0 0.981457,47.397846,0 0.979723,47.397636,0 0.979373,47.392635,0 0.979835,47.391968,0 0.979632,47.391792,0 0.979340,47.391888,0 0.979391,47.392140,0 0.979651,47.392190,0 0.979856,47.391796,0 0.980115,47.391754,0 0.982021,47.392868,0 0.983654,47.393402,0 0.993785,47.394432,0 0.996919,47.394390,0 1.003066,47.393330,0 1.007068,47.393097,0 1.012543,47.393530,0 1.015469,47.394447,0 1.017208,47.395676,0 1.018128,47.396954,0 1.018452,47.397923,0 1.018539,47.399063,0 1.017933,47.401130,0 1.017923,47.402016,0 1.018275,47.402720,0 1.018616,47.402880,0 1.018624,47.403233,0 1.020452,47.405205,0 1.020915,47.406406,0 1.020707,47.407980,0 1.017897,47.414326,0 1.026146,47.415940,0</coordinates>
          </LineString>
          <LineString>
            <tessellate>1</tessellate>
            <coordinates>0.913329,47.596306,0 0.912986,47.595783,0 0.913061,47.595222,0 0.914762,47.592987,0 0.915377,47.592870,0 0.915073,47.593666,0 0.915370,47.594208,0 0.918005,47.595806,0 0.919140,47.596275,0 0.924752,47.597794,0 0.927098,47.597187,0 0.927905,47.595486,0 0.930286,47.593063,0 0.930930,47.591590,0 0.930203,47.579720,0 0.930423,47.578570,0 0.931178,47.577415,0 0.932354,47.576576,0 0.939882,47.573185,0 0.949464,47.570410,0 0.963310,47.563570,0 0.964541,47.562622,0 0.970267,47.556780,0 0.983124,47.542420,0 0.985551,47.538080,0 0.985610,47.537434,0 0.986086,47.537060,0 0.990323,47.529137,0 0.994504,47.524017,0 0.998862,47.504530,0 0.999806,47.503240,0 1.002655,47.501410,0 1.003535,47.500553,0 1.004622,47.498463,0 1.007581,47.494587,0 1.009251,47.491394,0 1.009412,47.490517,0 1.009310,47.488910,0 1.007853,47.479626,0 1.006950,47.475807,0 1.006871,47.473460,0 1.007271,47.471530,0 1.007917,47.469950,0 1.009770,47.466250,0 1.011806,47.463140,0 1.012175,47.461980,0 1.012295,47.460632,0 1.011572,47.456340,0 1.009891,47.453980,0 1.009567,47.452103,0 1.008097,47.450054,0 1.007689,47.449123,0 1.007609,47.447845,0 1.008013,47.445793,0 1.007989,47.445282,0 1.007786,47.445038,0 1.008023,47.444775,0 1.008076,47.444070,0 1.006794,47.438206,0 1.007070,47.432148,0 1.006199,47.431213,0 1.006318,47.430138,0 1.001225,47.428074,0 0.994750,47.426210,0 0.992451,47.425255,0 0.990436,47.424072,0 0.987857,47.421900,0 0.983370,47.418870,0 0.982833,47.418540,0 0.982449,47.418540,0 0.982230,47.418205,0 0.981229,47.417553,0 0.984356,47.413803,0 0.981038,47.412415,0</coordinates>
          </LineString>
          <LineString>
            <tessellate>1</tessellate>
            <coordinates>0.922443,47.585160,0 0.922270,47.585170,0 0.922570,47.585533,0 0.922879,47.588337,0 0.922716,47.589417,0 0.922106,47.589990,0 0.918997,47.589210,0 0.916476,47.588234,0 0.914501,47.588062,0 0.909232,47.586884,0 0.908690,47.588158,0 0.909461,47.588856,0 0.909427,47.589195,0 0.907299,47.587820,0 0.905996,47.587288,0 0.903956,47.586815,0 0.901933,47.587574,0 0.903039,47.589382,0 0.902203,47.589745,0 0.900120,47.590206,0 0.899880,47.590664,0 0.901293,47.593140,0 0.902130,47.593960,0 0.903560,47.594940,0 0.905793,47.595890,0 0.911925,47.597614,0 0.914836,47.599150,0 0.915396,47.599274,0 0.915520,47.599636,0 0.916775,47.600920,0 0.919575,47.604626,0 0.920306,47.604930,0 0.921458,47.604687,0 0.922787,47.603740,0 0.920534,47.599323,0 0.919452,47.597786,0 0.915020,47.599636,0 0.914792,47.599380,0 0.915151,47.599125,0 0.915203,47.598843,0 0.913021,47.595863,0 0.913061,47.595222,0 0.914824,47.592940,0 0.915377,47.592870,0 0.915073,47.593666,0 0.915495,47.594315,0 0.918005,47.595806,0 0.919140,47.596275,0 0.924752,47.597794,0 0.927098,47.597187,0 0.929276,47.596980,0 0.929731,47.597237,0 0.931054,47.598690,0 0.931824,47.599148,0 0.939009,47.601280,0 0.944763,47.602190,0 0.951978,47.601574,0 0.956322,47.601418,0 0.964129,47.600647,0 0.966059,47.601210,0 0.969727,47.603180,0 0.972328,47.603560,0 0.973131,47.604168,0 0.974811,47.603573,0 0.975762,47.602970,0 0.978112,47.597560,0 0.980618,47.595240,0 0.988124,47.592716,0 0.995966,47.589540,0 0.998122,47.588990,0 1.006535,47.587597,0 1.008797,47.587055,0 1.014583,47.586227,0 1.015626,47.586277,0 1.019245,47.587254,0 1.020561,47.587383,0 1.028156,47.586315,0 1.036553,47.585550,0 1.036239,47.583080,0 1.034082,47.582645,0 1.032980,47.581250,0 1.031589,47.580235,0 1.025908,47.574753,0 1.023309,47.573853,0 1.016429,47.570072,0 1.012998,47.564790,0 1.012356,47.564228,0 1.010920,47.563847,0 1.010640,47.563198,0 1.010831,47.563010,0 1.010810,47.562695,0 1.009618,47.561540,0 1.011770,47.560997,0 1.018092,47.558296,0 1.019094,47.557724,0 1.021104,47.556040,0 1.028333,47.547440,0 1.030631,47.543720,0 1.031501,47.541378,0 1.032042,47.540447,0 1.032025,47.539490,0 1.030733,47.538580,0 1.021949,47.535015,0 1.018021,47.532433,0 1.003509,47.529575,0 0.998038,47.525356,0 0.994316,47.524300,0 0.994777,47.523320,0 0.998862,47.504530,0 0.999806,47.503240,0 1.002655,47.501410,0 1.003535,47.500553,0 1.004622,47.498463,0 1.007581,47.494587,0 1.009334,47.491104,0 1.009250,47.488464,0 1.007853,47.479626,0 1.006950,47.475807,0 1.006871,47.473460,0 1.007271,47.471530,0 1.007917,47.469950,0 1.009770,47.466250,0 1.011887,47.462944,0 1.012249,47.461575,0 1.012272,47.460262,0 1.011572,47.456340,0 1.009891,47.453980,0 1.009567,47.452103,0 1.008097,47.450054,0 1.007689,47.449123,0 1.007609,47.447845,0 1.008013,47.445793,0 1.007989,47.445282,0 1.007786,47.445038,0 1.008023,47.444775,0 1.008076,47.444070,0 1.006818,47.438416,0 1.007083,47.432280,0 1.006199,47.431213,0 1.006318,47.430138,0 1.001225,47.428074,0 0.994750,47.426210,0 0.991745,47.424908,0 0.990436,47.424072,0 0.987857,47.421900,0 0.983370,47.418870,0 0.982833,47.418540,0 0.982449,47.418540,0 0.982230,47.418205,0 0.981239,47.417603,0 0.984356,47.413803,0 0.982274,47.412804,0 0.979100,47.411846,0 0.979890,47.410550,0 0.979548,47.407870,0 0.980181,47.403973,0 0.980427,47.403870,0 0.980666,47.403267,0 0.981426,47.398890,0 0.982541,47.398987,0 0.982442,47.399525,0 0.981529,47.399464,0 0.981457,47.397846,0 0.979723,47.397636,0 0.979373,47.392635,0 0.979835,47.391968,0 0.979632,47.391792,0 0.979340,47.391888,0 0.979391,47.392140,0 0.979651,47.392190,0 0.979856,47.391796,0 0.980115,47.391754,0 0.982021,47.392868,0 0.983654,47.393402,0 0.993785,47.394432,0 0.996919,47.394390,0 1.003066,47.393330,0 1.007068,47.393097,0 1.012543,47.393530,0 1.015469,47.394447,0 1.017208,47.395676,0 1.018128,47.396954,0 1.018452,47.397923,0 1.018539,47.399063,0 1.017933,47.401130,0 1.017923,47.402016,0 1.018275,47.402720,0 1.018616,47.402880,0 1.018624,47.403233,0 1.020452,47.405205,0 1.020915,47.406406,0 1.020707,47.407980,0 1.017897,47.414326,0 1.026146,47.415940,0</coordinates>
          </LineString>
          <LineString>
            <tessellate>1</tessellate>
            <coordinates>0.981594,47.399467,0 0.981412,47.399075,0 0.981457,47.397846,0 0.979723,47.397636,0 0.979373,47.392635,0 0.979835,47.391968,0 0.979489,47.391800,0 0.979391,47.392140,0 0.979651,47.392190,0 0.979856,47.391796,0 0.980115,47.391754,0 0.982021,47.392868,0 0.983654,47.393402,0 0.993785,47.394432,0 0.996919,47.394390,0 1.002768,47.393368,0 1.006348,47.393105,0 1.011977,47.393444,0 1.014678,47.394104,0 1.016834,47.395344,0 1.018013,47.396725,0 1.018552,47.398660,0 1.018397,47.399826,0 1.017933,47.401130,0 1.017923,47.402016,0 1.018275,47.402720,0 1.018616,47.402880,0 1.018624,47.403233,0 1.020452,47.405205,0 1.020915,47.406406,0 1.020707,47.407980,0 1.017897,47.414326,0 1.026777,47.415960,0 1.018319,47.414516,0 1.017756,47.414555,0 1.015204,47.419666,0 1.007869,47.430622,0 1.007087,47.432460,0 1.006794,47.438206,0 1.007901,47.442780,0 1.008138,47.444717,0 1.008369,47.445023,0 1.008098,47.445343,0 1.007609,47.447845,0 1.007689,47.449123,0 1.008097,47.450054,0 1.009567,47.452103,0 1.009891,47.453980,0 1.011572,47.456340,0 1.012295,47.460632,0 1.012175,47.461980,0 1.011806,47.463140,0 1.009770,47.466250,0 1.007917,47.469950,0 1.007271,47.471530,0 1.006871,47.473460,0 1.006950,47.475807,0 1.007853,47.479626,0 1.009310,47.488910,0 1.009412,47.490517,0 1.009251,47.491394,0 1.007581,47.494587,0 1.004622,47.498463,0 1.003535,47.500553,0 1.002655,47.501410,0 0.999806,47.503240,0 0.998862,47.504530,0 0.994639,47.523754,0 0.990323,47.529137,0 0.986086,47.537060,0 0.986104,47.537556,0 0.985551,47.538080,0 0.983466,47.542095,0 0.968934,47.558235,0 0.964025,47.563110,0 0.949464,47.570410,0 0.939882,47.573185,0 0.932853,47.576366,0 0.931350,47.577377,0 0.930641,47.577396,0 0.923048,47.584316,0 0.922518,47.585148,0 0.922270,47.585170,0 0.918147,47.581455,0 0.915292,47.576710,0 0.914684,47.575230,0 0.914371,47.575256,0 0.908372,47.579617,0 0.906957,47.580000,0 0.903362,47.580260,0 0.902739,47.580505,0 0.901955,47.581764,0 0.902026,47.583263,0 0.903976,47.586674,0 0.901933,47.587574,0 0.903039,47.589382,0 0.899979,47.590282,0 0.899905,47.590730,0 0.901125,47.592930,0 0.902298,47.594090,0 0.904246,47.595290,0 0.905793,47.595890,0 0.911925,47.597614,0 0.914836,47.599150,0 0.915341,47.599236,0 0.919643,47.604700,0 0.920470,47.604950,0 0.921458,47.604687,0 0.922787,47.603740,0 0.920534,47.599323,0 0.919452,47.597786,0 0.915596,47.599335,0 0.915301,47.599613,0 0.914815,47.599506,0 0.915220,47.598877,0 0.912961,47.595596,0 0.913686,47.594320,0 0.914762,47.592987,0 0.915037,47.592907,0</coordinates>
          </LineString>
          <LineString>
            <tessellate>1</tessellate>
            <coordinates>0.981038,47.412415,0 0.979100,47.411846,0 0.979890,47.410550,0 0.979548,47.407870,0 0.980181,47.403973,0 0.980427,47.403870,0 0.980666,47.403267,0 0.981426,47.398890,0 0.982541,47.398987,0 0.982442,47.399525,0 0.981529,47.399464,0 0.981457,47.397846,0 0.979723,47.397636,0 0.979373,47.392635,0 0.979835,47.391968,0 0.979710,47.391810,0 0.979361,47.391853,0 0.979372,47.392120,0 0.979651,47.392190,0 0.979856,47.391796,0 0.980115,47.391754,0 0.982021,47.392868,0 0.983893,47.393444,0 0.994589,47.394480,0 0.997484,47.394325,0 1.003601,47.393270,0 1.006348,47.393105,0 1.009312,47.393180,0 1.012861,47.393590,0 1.015266,47.394350,0 1.017208,47.395676,0 1.018258,47.397250,0 1.018539,47.399063,0 1.017933,47.401130,0 1.017923,47.402016,0 1.018275,47.402720,0 1.018616,47.402880,0 1.018624,47.403233,0 1.020452,47.405205,0 1.020855,47.406124,0 1.020954,47.406948,0 1.020707,47.407980,0 1.017956,47.413910,0 1.017932,47.414375,0 1.026777,47.415960,0 1.018319,47.414516,0 1.017756,47.414555,0 1.014952,47.420086,0 1.007563,47.431175,0 1.007480,47.431343,0 1.007718,47.431774,0 1.008979,47.432114,0 1.009900,47.431564,0 1.001225,47.428074,0 0.994750,47.426210,0 0.991745,47.424908,0 0.990436,47.424072,0 0.987857,47.421900,0 0.983370,47.418870,0 0.982833,47.418540,0 0.982539,47.418575,0 0.984562,47.421448,0 0.984644,47.421800,0 0.984086,47.423195,0 0.982749,47.425250,0 0.982593,47.427100,0 0.981639,47.430380,0 0.981764,47.431976,0 0.986677,47.440994,0 0.988741,47.441555,0 0.989657,47.442000,0 0.991077,47.443356,0 0.990360,47.443996,0 0.990542,47.444080,0 0.991209,47.443794,0 0.991300,47.444100,0 0.990911,47.444363,0 0.990360,47.443996,0 0.987308,47.446766,0 0.987043,47.448624,0 0.986892,47.452408,0 0.987283,47.454014,0 0.988539,47.456320,0 0.989749,47.457844,0 0.990409,47.459995,0 0.990911,47.460926,0 0.993382,47.463104,0 0.994340,47.465096,0 0.994520,47.466280,0 0.994326,47.468235,0 0.993728,47.469322,0 0.993973,47.469837,0 0.993825,47.470306,0 0.993980,47.470650,0 0.994732,47.471306,0 0.997341,47.472780,0 0.997789,47.473920,0 0.998512,47.474545,0 1.006532,47.478333,0 1.007565,47.478374,0 1.009310,47.488910,0 1.009412,47.490517,0 1.009251,47.491394,0 1.007581,47.494587,0 1.004622,47.498463,0 1.003535,47.500553,0 1.002655,47.501410,0 0.999806,47.503240,0 0.998862,47.504530,0 0.994639,47.523754,0 0.994619,47.524240,0 0.994907,47.524390,0 0.994316,47.524300,0 0.990323,47.529137,0 0.986086,47.537060,0 0.986104,47.537556,0 0.985551,47.538080,0 0.983224,47.542454,0 0.968934,47.558235,0 0.964208,47.562940,0 0.963310,47.563570,0 0.949464,47.570410,0 0.939882,47.573185,0 0.932853,47.576366,0 0.931350,47.577377,0 0.930466,47.577490,0 0.923048,47.584316,0 0.922518,47.585148,0 0.922270,47.585170,0 0.922570,47.585533,0 0.922879,47.588337,0 0.922716,47.589417,0 0.922106,47.589990,0 0.918997,47.589210,0 0.916476,47.588234,0 0.914501,47.588062,0 0.909232,47.586884,0 0.908690,47.588158,0 0.909461,47.588856,0 0.909427,47.589195,0 0.907299,47.587820,0 0.905996,47.587288,0 0.903956,47.586815,0 0.901933,47.587574,0 0.903039,47.589382,0 0.902203,47.589745,0 0.900120,47.590206,0 0.899878,47.590530,0 0.901125,47.592930,0 0.903089,47.594658,0 0.905404,47.595760,0 0.911925,47.597614,0 0.914836,47.599150,0 0.915341,47.599236,0 0.919643,47.604700,0 0.920470,47.604950,0 0.921458,47.604687,0 0.922787,47.603740,0 0.920534,47.599323,0 0.919452,47.597786,0 0.915596,47.599335,0 0.915301,47.599613,0 0.914815,47.599506,0 0.915220,47.598877,0 0.912961,47.595596,0 0.913686,47.594320,0 0.914762,47.592987,0 0.915037,47.592907,0</coordinates>
          </LineString>
          <LineString>
            <tessellate>1</tessellate>
            <coordinates>0.981038,47.412415,0 0.979100,47.411846,0 0.979890,47.410550,0 0.979548,47.407870,0 0.980181,47.403973,0 0.980427,47.403870,0 0.980666,47.403267,0 0.981426,47.398890,0 0.982541,47.398987,0 0.982442,47.399525,0 0.981529,47.399464,0 0.981457,47.397846,0 0.979723,47.397636,0 0.979373,47.392635,0 0.979835,47.391968,0 0.979710,47.391810,0 0.979361,47.391853,0 0.979372,47.392120,0 0.979651,47.392190,0 0.979856,47.391796,0 0.980115,47.391754,0 0.982021,47.392868,0 0.983893,47.393444,0 0.994589,47.394480,0 0.997484,47.394325,0 1.003601,47.393270,0 1.006348,47.393105,0 1.009312,47.393180,0 1.012861,47.393590,0 1.015266,47.394350,0 1.017208,47.395676,0 1.018258,47.397250,0 1.018539,47.399063,0 1.017933,47.401130,0 1.017923,47.402016,0 1.018275,47.402720,0 1.018616,47.402880,0 1.018624,47.403233,0 1.020452,47.405205,0 1.020855,47.406124,0 1.020954,47.406948,0 1.020707,47.407980,0 1.017956,47.413910,0 1.017932,47.414375,0 1.026777,47.415960,0 1.018319,47.414516,0 1.017756,47.414555,0 1.014952,47.420086,0 1.007563,47.431175,0 1.007480,47.431343,0 1.007718,47.431774,0 1.008979,47.432114,0 1.009900,47.431564,0 1.001225,47.428074,0 0.994750,47.426210,0 0.991745,47.424908,0 0.990436,47.424072,0 0.987857,47.421900,0 0.983370,47.418870,0 0.982833,47.418540,0 0.982539,47.418575,0 0.984562,47.421448,0 0.984644,47.421800,0 0.984086,47.423195,0 0.982749,47.425250,0 0.982593,47.427100,0 0.981639,47.430380,0 0.981764,47.431976,0 0.986677,47.440994,0 0.988741,47.441555,0 0.989657,47.442000,0 0.991077,47.443356,0 0.990360,47.443996,0 0.990542,47.444080,0 0.991209,47.443794,0 0.991300,47.444100,0 0.990911,47.444363,0 0.990360,47.443996,0 0.987308,47.446766,0 0.987043,47.448624,0 0.986892,47.452408,0 0.987283,47.454014,0 0.988539,47.456320,0 0.989749,47.457844,0 0.990409,47.459995,0 0.990911,47.460926,0 0.993382,47.463104,0 0.994340,47.465096,0 0.994520,47.466280,0 0.994326,47.468235,0 0.993728,47.469322,0 0.993973,47.469837,0 0.993825,47.470306,0 0.993980,47.470650,0 0.994732,47.471306,0 0.997341,47.472780,0 0.997789,47.473920,0 0.998512,47.474545,0 1.006532,47.478333,0 1.007565,47.478374,0 1.009310,47.488910,0 1.009412,47.490517,0 1.009251,47.491394,0 1.007581,47.494587,0 1.004622,47.498463,0 1.003535,47.500553,0 1.002655,47.501410,0 0.999806,47.503240,0 0.998862,47.504530,0 0.994639,47.523754,0 0.994619,47.524240,0 0.994907,47.524390,0 0.994316,47.524300,0 0.990323,47.529137,0 0.986086,47.537060,0 0.986104,47.537556,0 0.985551,47.538080,0 0.983224,47.542454,0 0.968934,47.558235,0 0.964208,47.562940,0 0.963310,47.563570,0 0.949464,47.570410,0 0.939882,47.573185,0 0.932853,47.576366,0 0.931350,47.577377,0 0.930466,47.577490,0 0.923048,47.584316,0 0.922443,47.585160,0</coordinates>
          </LineString>
          <LineString>
            <tessellate>1</tessellate>
            <coordinates>0.901762,47.587640,0 0.903843,47.586700,0 0.903847,47.586414,0 0.903370,47.585655,0 0.905235,47.585358,0 0.905877,47.585888,0 0.907238,47.586147,0 0.909232,47.586884,0 0.914501,47.588062,0 0.916476,47.588234,0 0.918997,47.589210,0 0.922184,47.590010,0 0.926216,47.589690,0 0.931007,47.589860,0 0.931032,47.591484,0 0.930515,47.592716,0 0.927625,47.596085,0 0.926796,47.598976,0 0.926096,47.600266,0 0.922851,47.603840,0 0.920534,47.599323,0 0.919452,47.597786,0 0.915596,47.599335,0 0.915301,47.599613,0 0.914815,47.599506,0 0.915220,47.598877,0 0.912961,47.595596,0 0.913576,47.594467,0 0.914824,47.592940,0 0.915377,47.592870,0 0.915073,47.593666,0 0.915495,47.594315,0 0.918005,47.595806,0 0.919140,47.596275,0 0.924752,47.597794,0 0.927098,47.597187,0 0.929276,47.596980,0 0.929731,47.597237,0 0.931054,47.598690,0 0.931824,47.599148,0 0.939009,47.601280,0 0.944763,47.602190,0 0.951978,47.601574,0 0.956322,47.601418,0 0.964129,47.600647,0 0.966059,47.601210,0 0.969727,47.603180,0 0.972328,47.603560,0 0.973131,47.604168,0 0.974811,47.603573,0 0.975762,47.602970,0 0.978112,47.597560,0 0.980618,47.595240,0 0.988124,47.592716,0 0.995966,47.589540,0 0.998122,47.588990,0 1.006535,47.587597,0 1.008797,47.587055,0 1.014583,47.586227,0 1.015626,47.586277,0 1.019245,47.587254,0 1.020561,47.587383,0 1.028156,47.586315,0 1.036553,47.585550,0 1.036239,47.583080,0 1.034082,47.582645,0 1.032980,47.581250,0 1.031589,47.580235,0 1.025908,47.574753,0 1.023309,47.573853,0 1.016429,47.570072,0 1.012998,47.564790,0 1.012356,47.564228,0 1.010920,47.563847,0 1.010640,47.563198,0 1.010831,47.563010,0 1.010810,47.562695,0 1.009618,47.561540,0 1.011770,47.560997,0 1.018092,47.558296,0 1.019094,47.557724,0 1.021104,47.556040,0 1.028333,47.547440,0 1.030631,47.543720,0 1.031501,47.541378,0 1.032042,47.540447,0 1.032025,47.539490,0 1.030733,47.538580,0 1.021949,47.535015,0 1.018021,47.532433,0 1.003509,47.529575,0 0.998038,47.525356,0 0.994316,47.524300,0 0.994777,47.523320,0 0.998862,47.504530,0 0.999806,47.503240,0 1.002655,47.501410,0 1.003420,47.500694,0 1.004622,47.498463,0 1.007581,47.494587,0 1.009251,47.491394,0 1.009412,47.490517,0 1.009310,47.488910,0 1.007625,47.478610,0 1.006751,47.478443,0 0.998512,47.474545,0 0.997789,47.473920,0 0.997341,47.472780,0 0.994732,47.471306,0 0.993980,47.470650,0 0.993825,47.470306,0 0.993973,47.469837,0 0.993728,47.469322,0 0.994326,47.468235,0 0.994520,47.466280,0 0.994340,47.465096,0 0.993382,47.463104,0 0.990911,47.460926,0 0.990409,47.459995,0 0.989749,47.457844,0 0.988539,47.456320,0 0.987185,47.453735,0 0.986892,47.452408,0 0.987043,47.448624,0 0.987308,47.446766,0 0.991077,47.443356,0 0.990668,47.442886,0 0.990319,47.443226,0 0.989577,47.442880,0 0.987420,47.442722,0 0.986898,47.443066,0 0.986884,47.443348,0 0.986993,47.443455,0 0.986898,47.443066,0 0.987420,47.442722,0 0.989577,47.442880,0 0.990319,47.443226,0 0.990668,47.442886,0 0.989145,47.441715,0 0.986644,47.441074,0 0.982006,47.432537,0 0.981644,47.431553,0 0.981639,47.430380,0 0.982593,47.427100,0 0.982611,47.426620,0 0.982412,47.426400,0 0.982618,47.425900,0 0.982577,47.425390,0 0.983889,47.423550,0 0.984642,47.421690,0 0.982366,47.418324,0 0.981229,47.417553,0 0.984356,47.413803,0 0.982274,47.412804,0 0.979100,47.411846,0 0.979890,47.410550,0 0.979548,47.407870,0 0.980181,47.403973,0 0.980427,47.403870,0 0.980666,47.403267,0 0.981426,47.398890,0 0.982541,47.398987,0 0.982442,47.399525,0 0.981529,47.399464,0 0.981457,47.397846,0 0.979723,47.397636,0 0.979373,47.392635,0 0.979835,47.391968,0 0.979632,47.391792,0 0.979340,47.391888,0 0.979391,47.392140,0 0.979651,47.392190,0 0.979856,47.391796,0 0.980115,47.391754,0 0.982021,47.392868,0 0.983654,47.393402,0 0.993785,47.394432,0 0.996919,47.394390,0 1.003066,47.393330,0 1.007068,47.393097,0 1.012543,47.393530,0 1.015469,47.394447,0 1.017208,47.395676,0 1.018128,47.396954,0 1.018452,47.397923,0 1.018539,47.399063,0 1.017933,47.401130,0 1.017923,47.402016,0 1.018275,47.402720,0 1.018616,47.402880,0 1.018624,47.403233,0 1.020452,47.405205,0 1.020915,47.406406,0 1.020707,47.407980,0 1.017897,47.414326,0 1.026146,47.415940,0</coordinates>
          </LineString>
        </MultiGeometry>
      </Placemark>
      <Placemark>
        <name>TB — Athée-sur-Cher - Amboise — Ligne régulière hors dimanche</name>
        <description>Groupe horaire : Ligne régulière hors dimanche
Ligne régionale Rémi TB. Tracé issu des shapes GTFS officiels fournis.</description>
        <styleUrl>#route_REMI37_Line_355</styleUrl>
        <MultiGeometry>
          <LineString>
            <tessellate>1</tessellate>
            <coordinates>0.916252,47.321090,0 0.921074,47.321213,0 0.924835,47.321820,0 0.935428,47.327587,0 0.941590,47.326510,0 0.956915,47.326900,0 0.958849,47.327457,0 0.960770,47.328846,0 0.962545,47.329740,0 0.964412,47.330227,0 0.968066,47.330010,0 0.972460,47.329346,0 0.973813,47.329365,0 0.981015,47.328190,0 0.984031,47.328236,0 0.987303,47.327780,0 0.987742,47.328705,0 0.988419,47.329193,0 0.988892,47.330180,0 0.990456,47.330147,0 0.990527,47.330276,0 0.993370,47.330090,0 0.995090,47.329502,0 0.995449,47.329197,0 0.995135,47.326427,0 0.994707,47.326595,0 0.995021,47.327576,0 0.995329,47.327730,0 0.995520,47.328940,0 0.995354,47.329323,0 0.993604,47.330050,0 0.991252,47.330193,0 0.991845,47.331985,0 0.990055,47.337380,0 0.989864,47.343200,0 0.988943,47.343197,0 0.989864,47.343200,0 0.989891,47.340710,0 0.995603,47.339935,0 1.001622,47.338726,0 1.004250,47.338528,0 1.006183,47.338150,0 1.007216,47.337772,0 1.009843,47.336246,0 1.013745,47.335342,0 1.019650,47.334267,0 1.027587,47.333317,0 1.045733,47.331882,0 1.047870,47.331856,0 1.048323,47.332070,0 1.048386,47.331940,0 1.045733,47.331882,0 1.035575,47.332630,0 1.027587,47.333317,0 1.019650,47.334267,0 1.009971,47.336205,0 1.007216,47.337772,0 1.006183,47.338150,0 1.004250,47.338528,0 1.001622,47.338726,0 0.995603,47.339935,0 0.989891,47.340710,0 0.989821,47.351997,0 0.988871,47.354855,0 0.988483,47.355244,0 0.988489,47.355865,0 0.987911,47.357720,0 0.981778,47.376040,0 0.978890,47.388756,0 0.979114,47.390255,0 0.980250,47.391872,0 0.980028,47.392044,0 0.979632,47.391792,0 0.979329,47.391926,0 0.979623,47.392193,0 0.979910,47.391766,0 0.980250,47.391872,0 0.979609,47.392334,0 0.979388,47.392790,0 0.979723,47.397636,0 0.981409,47.397800,0 0.981426,47.398890,0 0.982541,47.398987,0 0.982442,47.399525,0 0.981529,47.399464,0 0.981457,47.397846,0 0.979723,47.397636,0 0.980156,47.403816,0 0.980312,47.404022,0 0.980194,47.404120,0 0.979373,47.392635,0 0.979828,47.391827,0 0.980046,47.391743,0 0.982021,47.392868,0 0.983654,47.393402,0 0.993785,47.394432,0 0.996919,47.394390,0 1.002768,47.393368,0 1.006348,47.393105,0 1.011026,47.393337,0 1.014321,47.393974,0 1.015680,47.394560,0 1.016834,47.395344,0 1.018128,47.396954,0 1.018452,47.397923,0 1.018539,47.399063,0 1.017891,47.401750,0 1.018158,47.402542,0 1.018649,47.402985,0 1.017481,47.403280,0 1.017490,47.404150,0 1.017338,47.404087,0 1.017517,47.403973,0 1.017316,47.403496,0 1.017097,47.403366,0 1.014925,47.403786,0 1.010676,47.403236,0 1.004928,47.403584,0 1.003619,47.404070,0 1.003039,47.404552,0 1.002766,47.405120,0 1.001484,47.405823,0 0.990457,47.407455,0 0.987695,47.409573,0 0.986858,47.409990,0 0.985418,47.410230,0 0.985187,47.410828,0 0.984425,47.411716,0 0.983266,47.412434,0 0.982730,47.413000,0 0.980846,47.412357,0 0.982354,47.412724,0 0.984356,47.413803,0 0.981474,47.417410,0 0.981454,47.417600,0 0.982687,47.418500,0 0.982175,47.418552,0 0.981927,47.419147,0 0.981776,47.420254,0 0.981910,47.421380,0 0.981669,47.421505,0 0.981261,47.421368,0</coordinates>
          </LineString>
          <LineString>
            <tessellate>1</tessellate>
            <coordinates>0.981261,47.421368,0 0.980865,47.420990,0 0.981805,47.420734,0 0.981927,47.419147,0 0.982126,47.418617,0 0.982440,47.418434,0 0.981229,47.417553,0 0.984356,47.413803,0 0.982274,47.412804,0 0.980846,47.412357,0 0.982348,47.411163,0 0.982803,47.410522,0 0.986858,47.409990,0 0.988523,47.409023,0 0.990716,47.407364,0 1.001649,47.405777,0 1.002470,47.405266,0 1.003619,47.404070,0 1.004928,47.403584,0 1.011201,47.403220,0 1.014703,47.403770,0 1.017323,47.403202,0 1.017481,47.403280,0 1.017490,47.404150,0 1.017338,47.404087,0 1.017509,47.403890,0 1.017184,47.403270,0 1.018191,47.402847,0 1.017896,47.401350,0 1.018397,47.399826,0 1.018552,47.398660,0 1.018150,47.397133,0 1.017460,47.396110,0 1.016476,47.395184,0 1.015255,47.394436,0 1.013731,47.393806,0 1.010156,47.393250,0 1.006083,47.393112,0 1.002768,47.393368,0 0.997193,47.394360,0 0.994589,47.394480,0 0.984164,47.393490,0 0.982118,47.392986,0 0.980129,47.392030,0 0.979609,47.392334,0 0.979388,47.392790,0 0.980194,47.404120,0 0.979823,47.406296,0 0.981269,47.406350,0 0.981329,47.404300,0 0.981884,47.404305,0 0.981826,47.403210,0 0.981302,47.403137,0 0.981261,47.402752,0 0.980790,47.402700,0 0.981426,47.398890,0 0.982541,47.398987,0 0.982442,47.399525,0 0.981529,47.399464,0 0.981457,47.397846,0 0.979723,47.397636,0 0.979373,47.392635,0 0.979835,47.391968,0 0.979632,47.391792,0 0.979329,47.391926,0 0.979391,47.392140,0 0.979651,47.392190,0 0.979875,47.391730,0 0.979023,47.390010,0 0.978890,47.388756,0 0.981778,47.376040,0 0.987911,47.357720,0 0.988396,47.355965,0 0.988333,47.355050,0 0.988871,47.354855,0 0.989821,47.351997,0 0.989891,47.340710,0 0.995603,47.339935,0 1.001622,47.338726,0 1.004250,47.338528,0 1.006183,47.338150,0 1.007216,47.337772,0 1.009971,47.336205,0 1.019650,47.334267,0 1.027587,47.333317,0 1.035575,47.332630,0 1.045733,47.331882,0 1.047870,47.331856,0 1.048323,47.332070,0 1.048386,47.331940,0 1.045733,47.331882,0 1.027587,47.333317,0 1.019650,47.334267,0 1.013745,47.335342,0 1.009843,47.336246,0 1.007216,47.337772,0 1.006183,47.338150,0 1.004250,47.338528,0 1.001622,47.338726,0 0.995603,47.339935,0 0.989891,47.340710,0 0.989864,47.343200,0 0.988943,47.343197,0 0.989864,47.343200,0 0.990055,47.337380,0 0.991769,47.332260,0 0.991779,47.331800,0 0.991252,47.330193,0 0.993604,47.330050,0 0.995354,47.329323,0 0.995520,47.328940,0 0.995135,47.326427,0 0.994707,47.326595,0 0.995021,47.327576,0 0.995329,47.327730,0 0.995449,47.329197,0 0.995090,47.329502,0 0.993370,47.330090,0 0.990527,47.330276,0 0.988892,47.330180,0 0.988419,47.329193,0 0.987742,47.328705,0 0.987303,47.327780,0 0.984031,47.328236,0 0.981015,47.328190,0 0.973153,47.329464,0 0.964412,47.330227,0 0.962545,47.329740,0 0.960770,47.328846,0 0.958849,47.327457,0 0.956915,47.326900,0 0.941590,47.326510,0 0.935117,47.327650,0 0.934593,47.327060,0 0.924835,47.321820,0 0.921455,47.321255,0 0.922138,47.322930,0 0.921455,47.321255,0 0.916340,47.321100,0</coordinates>
          </LineString>
        </MultiGeometry>
      </Placemark>
      <Placemark>
        <name>TC — Descartes - Genillé — Ligne de semaine</name>
        <description>Groupe horaire : Ligne de semaine
Ligne régionale Rémi TC. Tracé issu des shapes GTFS officiels fournis.</description>
        <styleUrl>#route_REMI37_Line_345</styleUrl>
        <MultiGeometry>
          <LineString>
            <tessellate>1</tessellate>
            <coordinates>1.095781,47.181780,0 1.096209,47.181690,0 1.096903,47.181976,0 1.097570,47.181946,0 1.096786,47.180668,0 1.096299,47.179440,0 1.095775,47.178930,0 1.090905,47.177307,0 1.088155,47.176900,0 1.084931,47.176815,0 1.083804,47.176434,0 1.081594,47.175260,0 1.075848,47.171124,0 1.059788,47.158295,0 1.058165,47.157227,0 1.037787,47.147120,0 1.036905,47.146828,0 1.030858,47.145836,0 1.025007,47.146880,0 1.023125,47.146770,0 1.020952,47.145850,0 1.020426,47.145813,0 1.020058,47.145090,0 1.016012,47.142840,0 1.014259,47.142300,0 1.013501,47.141808,0 1.012389,47.141705,0 1.009631,47.141010,0 1.008451,47.140526,0 1.007876,47.139900,0 1.007055,47.139600,0 1.004081,47.139507,0 1.001306,47.140083,0 1.000815,47.140854,0 0.999467,47.140594,0 0.993062,47.137753,0 0.986331,47.133724,0 0.983763,47.132430,0 0.983087,47.132328,0 0.982303,47.131283,0 0.981661,47.129944,0 0.977567,47.123344,0 0.977689,47.123215,0 0.984456,47.124580,0 0.983990,47.125473,0 0.982354,47.125330,0 0.981428,47.125920,0 0.980353,47.125942,0 0.979925,47.126220,0 0.980774,47.127773,0 0.979925,47.126220,0 0.980353,47.125942,0 0.981428,47.125920,0 0.982354,47.125330,0 0.983990,47.125473,0 0.984456,47.124580,0 0.987799,47.125324,0 0.990799,47.126415,0 0.993244,47.125114,0 0.994710,47.127445,0 0.995347,47.128060,0 0.995086,47.128258,0 0.998034,47.130405,0 0.998333,47.130547,0 0.998968,47.129470,0 0.999966,47.130120,0 1.000377,47.130030,0 1.000295,47.130230,0 0.998913,47.129570,0 0.997319,47.128403,0 0.996607,47.127426,0 0.995325,47.128025,0 0.994710,47.127445,0 0.993244,47.125114,0 0.992135,47.124107,0 0.989704,47.122597,0 0.985928,47.120663,0 0.985177,47.119774,0 0.984808,47.117650,0 0.984257,47.116840,0 0.981436,47.115467,0 0.977075,47.112965,0 0.974877,47.110603,0 0.972573,47.109173,0 0.968826,47.107826,0 0.967922,47.107750,0 0.967850,47.107395,0 0.966075,47.105500,0 0.965139,47.102974,0 0.964387,47.101910,0 0.963283,47.100986,0 0.960160,47.099020,0 0.955779,47.094177,0 0.954161,47.092790,0 0.950940,47.090760,0 0.942742,47.086998,0 0.935145,47.084133,0 0.930639,47.082780,0 0.928687,47.081886,0 0.927182,47.080887,0 0.917369,47.072845,0 0.915310,47.071594,0 0.912928,47.070408,0 0.911178,47.069880,0 0.900376,47.068684,0 0.898564,47.068306,0 0.893293,47.066296,0 0.889336,47.065304,0 0.884211,47.062570,0 0.882325,47.062103,0 0.882277,47.061558,0 0.881559,47.061253,0 0.879912,47.060757,0 0.875831,47.060080,0 0.873858,47.059517,0 0.872630,47.059692,0 0.864300,47.058273,0 0.862299,47.058243,0 0.861736,47.058666,0 0.859408,47.058212,0 0.855848,47.058064,0 0.846824,47.056850,0 0.843091,47.056023,0 0.835745,47.055668,0 0.830081,47.054770,0 0.829987,47.054565,0 0.830337,47.054092,0 0.830050,47.053787,0 0.827093,47.053303,0 0.821157,47.050570,0 0.816840,47.046803,0 0.817413,47.045360,0 0.817282,47.044365,0 0.818730,47.044243,0 0.819441,47.043346,0 0.819534,47.042534,0 0.819187,47.042320,0 0.818348,47.042230,0 0.818562,47.041153,0 0.815815,47.040800,0 0.811981,47.039448,0 0.799372,47.032917,0 0.798737,47.032776,0 0.798445,47.032417,0 0.795316,47.030710,0 0.792586,47.029575,0 0.790477,47.027890,0 0.786535,47.023785,0 0.783721,47.022990,0 0.782551,47.022358,0 0.781483,47.021156,0 0.777877,47.015130,0 0.772247,47.009660,0 0.770417,47.007626,0 0.769419,47.006893,0 0.758647,47.003525,0 0.752557,46.999950,0 0.744742,46.995876,0 0.728181,46.992596,0 0.723857,46.990963,0 0.719295,46.988760,0 0.716542,46.986855,0 0.715381,46.985714,0 0.714316,46.983746,0 0.713519,46.982777,0 0.711436,46.981410,0 0.709479,46.980453,0 0.708081,46.980490,0 0.706332,46.981365,0 0.701023,46.982635,0 0.695477,46.984510,0 0.693119,46.985085,0 0.692374,46.985460,0 0.691962,46.985310,0 0.691886,46.984695,0 0.690662,46.983543,0 0.688633,46.981133,0 0.687863,46.980732,0 0.687968,46.980460,0 0.688286,46.980390,0 0.688979,46.980680,0 0.691168,46.980760,0 0.693310,46.981125,0 0.695193,46.979736,0 0.695493,46.978798,0 0.696307,46.978245,0 0.696406,46.977820,0 0.697187,46.976856,0 0.697413,46.976147,0 0.698601,46.975094,0 0.697904,46.974686,0 0.698965,46.973990,0 0.700928,46.974570,0 0.700554,46.975050,0</coordinates>
          </LineString>
          <LineString>
            <tessellate>1</tessellate>
            <coordinates>1.000275,47.129970,0 1.000343,47.130240,0 0.998913,47.129570,0 0.997319,47.128403,0 0.996607,47.127426,0 0.995325,47.128025,0 0.994710,47.127445,0 0.993244,47.125114,0 0.990799,47.126415,0 0.987799,47.125324,0 0.984456,47.124580,0 0.983990,47.125473,0 0.982354,47.125330,0 0.981428,47.125920,0 0.980353,47.125942,0 0.979925,47.126220,0 0.980774,47.127773,0 0.979925,47.126220,0 0.980353,47.125942,0 0.981428,47.125920,0 0.982354,47.125330,0 0.983990,47.125473,0 0.984456,47.124580,0 0.977604,47.123207,0 0.977507,47.123055,0 0.978234,47.120846,0 0.978980,47.116806,0 0.979429,47.115803,0 0.980726,47.113937,0 0.980877,47.113262,0 0.980344,47.113174,0 0.978901,47.114025,0 0.976830,47.112785,0 0.974877,47.110603,0 0.973027,47.109430,0 0.971139,47.108570,0 0.968826,47.107826,0 0.967922,47.107750,0 0.967850,47.107395,0 0.966075,47.105500,0 0.965139,47.102974,0 0.964387,47.101910,0 0.963283,47.100986,0 0.960160,47.099020,0 0.955391,47.093784,0 0.951883,47.091293,0 0.947360,47.089073,0 0.939944,47.085846,0 0.934847,47.084034,0 0.930959,47.082893,0 0.929025,47.082070,0 0.927182,47.080887,0 0.917369,47.072845,0 0.913638,47.070724,0 0.912082,47.070110,0 0.910476,47.069748,0 0.900376,47.068684,0 0.898564,47.068306,0 0.893293,47.066296,0 0.889336,47.065304,0 0.884211,47.062570,0 0.882325,47.062103,0 0.882277,47.061558,0 0.881559,47.061253,0 0.879912,47.060757,0 0.875831,47.060080,0 0.873858,47.059517,0 0.872630,47.059692,0 0.864300,47.058273,0 0.862299,47.058243,0 0.861736,47.058666,0 0.859408,47.058212,0 0.855848,47.058064,0 0.846824,47.056850,0 0.843091,47.056023,0 0.835745,47.055668,0 0.830986,47.054794,0 0.830153,47.054800,0 0.829987,47.054565,0 0.830337,47.054092,0 0.830050,47.053787,0 0.827093,47.053303,0 0.821157,47.050570,0 0.816840,47.046803,0 0.817413,47.045360,0 0.817282,47.044365,0 0.818730,47.044243,0 0.819441,47.043346,0 0.819534,47.042534,0 0.819187,47.042320,0 0.818348,47.042230,0 0.818562,47.041153,0 0.815815,47.040800,0 0.811981,47.039448,0 0.799372,47.032917,0 0.798737,47.032776,0 0.798445,47.032417,0 0.795316,47.030710,0 0.792586,47.029575,0 0.790477,47.027890,0 0.786535,47.023785,0 0.783721,47.022990,0 0.782551,47.022358,0 0.781483,47.021156,0 0.777877,47.015130,0 0.772247,47.009660,0 0.770417,47.007626,0 0.769419,47.006893,0 0.758647,47.003525,0 0.752557,46.999950,0 0.744742,46.995876,0 0.728181,46.992596,0 0.723857,46.990963,0 0.719295,46.988760,0 0.716542,46.986855,0 0.715381,46.985714,0 0.714316,46.983746,0 0.713519,46.982777,0 0.711436,46.981410,0 0.709479,46.980453,0 0.708081,46.980490,0 0.706332,46.981365,0 0.701023,46.982635,0 0.695477,46.984510,0 0.693119,46.985085,0 0.692374,46.985460,0 0.691962,46.985310,0 0.691886,46.984695,0 0.690662,46.983543,0 0.688633,46.981133,0 0.687863,46.980732,0 0.687968,46.980460,0 0.688286,46.980390,0 0.688979,46.980680,0 0.691168,46.980760,0 0.693310,46.981125,0 0.695193,46.979736,0 0.695493,46.978798,0 0.696307,46.978245,0 0.696406,46.977820,0 0.697187,46.976856,0 0.697413,46.976147,0 0.698601,46.975094,0 0.697904,46.974686,0 0.698965,46.973990,0 0.700928,46.974570,0 0.700554,46.975050,0</coordinates>
          </LineString>
          <LineString>
            <tessellate>1</tessellate>
            <coordinates>0.980486,47.127300,0 0.979978,47.126396,0 0.980098,47.126087,0 0.981428,47.125920,0 0.982354,47.125330,0 0.983990,47.125473,0 0.984456,47.124580,0 0.987799,47.125324,0 0.990799,47.126415,0 0.993244,47.125114,0 0.994710,47.127445,0 0.995347,47.128060,0 0.995086,47.128258,0 0.998034,47.130405,0 0.998333,47.130547,0 0.998968,47.129470,0 0.999966,47.130120,0 1.000377,47.130030,0 1.000295,47.130230,0 0.998935,47.129585,0 0.998333,47.130547,0 0.997952,47.131733,0 0.997982,47.132100,0 0.998452,47.132538,0 0.999243,47.134354,0 0.999531,47.136910,0 1.000621,47.140340,0 1.004081,47.139507,0 1.006771,47.139565,0 1.008716,47.140278,0 1.009139,47.140755,0 1.009984,47.141117,0 1.012555,47.141724,0 1.013820,47.141495,0 1.013995,47.141636,0 1.013930,47.142002,0 1.014229,47.142246,0 1.016429,47.143032,0 1.020775,47.145520,0 1.021412,47.146090,0 1.023356,47.146824,0 1.025205,47.146854,0 1.030858,47.145836,0 1.036905,47.146828,0 1.037787,47.147120,0 1.058165,47.157227,0 1.059788,47.158295,0 1.075848,47.171124,0 1.081594,47.175260,0 1.083804,47.176434,0 1.084931,47.176815,0 1.088155,47.176900,0 1.090905,47.177307,0 1.095775,47.178930,0 1.096299,47.179440,0 1.096786,47.180668,0 1.097570,47.181946,0 1.096903,47.181976,0 1.096209,47.181690,0 1.095781,47.181780,0</coordinates>
          </LineString>
          <LineString>
            <tessellate>1</tessellate>
            <coordinates>0.700496,46.975098,0 0.699531,46.975616,0 0.697904,46.974686,0 0.696625,46.975372,0 0.697012,46.975952,0 0.696518,46.977024,0 0.696307,46.978245,0 0.696076,46.978275,0 0.695404,46.978970,0 0.692779,46.977480,0 0.688864,46.979786,0 0.688550,46.980488,0 0.689290,46.980705,0 0.688622,46.980730,0 0.688633,46.981133,0 0.690662,46.983543,0 0.691785,46.984580,0 0.693465,46.984990,0 0.695477,46.984510,0 0.701023,46.982635,0 0.706332,46.981365,0 0.707705,46.980686,0 0.708173,46.979847,0 0.708753,46.979824,0 0.709152,46.980286,0 0.711436,46.981410,0 0.713519,46.982777,0 0.714316,46.983746,0 0.715381,46.985714,0 0.716542,46.986855,0 0.719295,46.988760,0 0.723857,46.990963,0 0.728181,46.992596,0 0.744742,46.995876,0 0.752557,46.999950,0 0.758675,47.003536,0 0.769419,47.006893,0 0.770417,47.007626,0 0.772247,47.009660,0 0.777877,47.015130,0 0.781483,47.021156,0 0.782435,47.022263,0 0.783721,47.022990,0 0.785431,47.023346,0 0.786535,47.023785,0 0.791948,47.029200,0 0.795316,47.030710,0 0.798445,47.032417,0 0.799063,47.032550,0 0.799372,47.032917,0 0.802394,47.034540,0 0.811981,47.039448,0 0.815815,47.040800,0 0.818562,47.041153,0 0.818348,47.042230,0 0.819107,47.042324,0 0.819545,47.042180,0 0.819441,47.043346,0 0.818730,47.044243,0 0.817282,47.044365,0 0.817413,47.045360,0 0.816887,47.046654,0 0.817893,47.047836,0 0.821157,47.050570,0 0.826976,47.053253,0 0.829964,47.053757,0 0.830296,47.053974,0 0.830369,47.054405,0 0.830709,47.054695,0 0.834541,47.055508,0 0.837466,47.055813,0 0.842535,47.055954,0 0.847219,47.056908,0 0.855848,47.058064,0 0.859742,47.058250,0 0.861736,47.058666,0 0.862420,47.058228,0 0.864963,47.058346,0 0.872630,47.059692,0 0.873858,47.059517,0 0.875831,47.060080,0 0.879912,47.060757,0 0.882200,47.061520,0 0.882325,47.062103,0 0.884211,47.062570,0 0.889336,47.065304,0 0.893293,47.066296,0 0.898564,47.068306,0 0.900376,47.068684,0 0.910476,47.069748,0 0.913171,47.070510,0 0.917090,47.072640,0 0.917997,47.072853,0 0.917994,47.073235,0 0.918359,47.073666,0 0.927182,47.080887,0 0.929025,47.082070,0 0.930959,47.082893,0 0.934847,47.084034,0 0.939609,47.085720,0 0.942742,47.086998,0 0.950940,47.090760,0 0.953802,47.092552,0 0.955553,47.090103,0 0.956066,47.089863,0 0.961918,47.088604,0 0.962584,47.088610,0 0.966534,47.091940,0 0.966896,47.092716,0 0.971153,47.096367,0 0.981269,47.102950,0 0.983400,47.105370,0 0.985057,47.106686,0 0.985143,47.107840,0 0.985839,47.108616,0 0.986041,47.109260,0 0.985535,47.112366,0 0.985619,47.113130,0 0.984867,47.114933,0 0.985173,47.118317,0 0.984915,47.118330,0 0.984927,47.118965,0 0.985177,47.119774,0 0.985671,47.120440,0 0.986362,47.120940,0 0.989704,47.122597,0 0.992135,47.124107,0 0.993731,47.125736,0 0.994710,47.127445,0 0.995347,47.128060,0 0.995086,47.128258,0 0.998034,47.130405,0 0.998333,47.130547,0 0.998968,47.129470,0 0.999966,47.130120,0 1.000377,47.130030,0 1.000295,47.130230,0 0.998935,47.129585,0 0.998333,47.130547,0 0.997952,47.131733,0 0.997982,47.132100,0 0.998452,47.132538,0 0.999243,47.134354,0 0.999531,47.136910,0 1.000621,47.140340,0 1.004081,47.139507,0 1.006771,47.139565,0 1.008716,47.140278,0 1.009139,47.140755,0 1.009984,47.141117,0 1.012555,47.141724,0 1.013820,47.141495,0 1.013995,47.141636,0 1.013930,47.142002,0 1.014229,47.142246,0 1.016429,47.143032,0 1.020775,47.145520,0 1.021412,47.146090,0 1.023356,47.146824,0 1.025205,47.146854,0 1.030858,47.145836,0 1.036905,47.146828,0 1.037787,47.147120,0 1.058165,47.157227,0 1.059788,47.158295,0 1.075848,47.171124,0 1.081594,47.175260,0 1.083804,47.176434,0 1.084931,47.176815,0 1.088155,47.176900,0 1.090905,47.177307,0 1.095775,47.178930,0 1.096299,47.179440,0 1.096786,47.180668,0 1.097570,47.181946,0 1.096903,47.181976,0 1.096209,47.181690,0 1.095781,47.181780,0</coordinates>
          </LineString>
          <LineString>
            <tessellate>1</tessellate>
            <coordinates>1.095781,47.181780,0 1.096209,47.181690,0 1.096903,47.181976,0 1.097570,47.181946,0 1.096786,47.180668,0 1.096299,47.179440,0 1.095775,47.178930,0 1.090905,47.177307,0 1.088155,47.176900,0 1.084931,47.176815,0 1.083804,47.176434,0 1.081594,47.175260,0 1.075848,47.171124,0 1.059788,47.158295,0 1.058165,47.157227,0 1.037787,47.147120,0 1.036905,47.146828,0 1.030858,47.145836,0 1.025007,47.146880,0 1.023125,47.146770,0 1.020952,47.145850,0 1.020426,47.145813,0 1.020058,47.145090,0 1.016012,47.142840,0 1.014259,47.142300,0 1.013501,47.141808,0 1.012389,47.141705,0 1.009631,47.141010,0 1.008451,47.140526,0 1.007876,47.139900,0 1.007055,47.139600,0 1.003935,47.139530,0 1.001338,47.140070,0 1.000901,47.140820,0 1.000346,47.140790,0 1.000432,47.140080,0 0.999531,47.136910,0 0.999243,47.134354,0 0.998452,47.132538,0 0.997982,47.132100,0 0.997952,47.131657,0 0.998916,47.129490,0 0.999966,47.130120,0 1.000377,47.130030,0 1.000295,47.130230,0 0.998913,47.129570,0 0.997319,47.128403,0 0.996607,47.127426,0 0.995325,47.128025,0 0.994710,47.127445,0 0.993244,47.125114,0 0.990799,47.126415,0 0.987799,47.125324,0 0.984456,47.124580,0 0.983990,47.125473,0 0.982354,47.125330,0 0.981428,47.125920,0 0.980353,47.125942,0 0.979925,47.126220,0 0.980774,47.127773,0 0.979925,47.126220,0 0.980353,47.125942,0 0.981428,47.125920,0 0.982354,47.125330,0 0.983990,47.125473,0 0.984456,47.124580,0 0.977604,47.123207,0 0.977507,47.123055,0 0.978234,47.120846,0 0.978980,47.116806,0 0.979429,47.115803,0 0.980726,47.113937,0 0.980877,47.113262,0 0.980344,47.113174,0 0.978901,47.114025,0 0.976830,47.112785,0 0.974877,47.110603,0 0.973027,47.109430,0 0.971139,47.108570,0 0.968826,47.107826,0 0.967922,47.107750,0 0.967850,47.107395,0 0.966075,47.105500,0 0.965139,47.102974,0 0.964387,47.101910,0 0.963283,47.100986,0 0.960160,47.099020,0 0.955391,47.093784,0 0.952193,47.091490,0 0.947360,47.089073,0 0.940385,47.086025,0 0.935145,47.084133,0 0.930959,47.082893,0 0.929025,47.082070,0 0.927182,47.080887,0 0.917369,47.072845,0 0.915310,47.071594,0 0.912928,47.070408,0 0.911178,47.069880,0 0.900376,47.068684,0 0.898564,47.068306,0 0.893293,47.066296,0 0.889336,47.065304,0 0.884211,47.062570,0 0.882325,47.062103,0 0.882277,47.061558,0 0.881559,47.061253,0 0.879912,47.060757,0 0.875831,47.060080,0 0.873858,47.059517,0 0.872630,47.059692,0 0.864300,47.058273,0 0.862299,47.058243,0 0.861736,47.058666,0 0.859408,47.058212,0 0.855848,47.058064,0 0.846824,47.056850,0 0.843091,47.056023,0 0.835745,47.055668,0 0.830081,47.054770,0 0.829987,47.054565,0 0.830337,47.054092,0 0.830050,47.053787,0 0.827093,47.053303,0 0.821157,47.050570,0 0.816840,47.046803,0 0.817413,47.045360,0 0.817282,47.044365,0 0.818730,47.044243,0 0.819441,47.043346,0 0.819534,47.042534,0 0.819187,47.042320,0 0.818348,47.042230,0 0.818562,47.041153,0 0.815815,47.040800,0 0.811981,47.039448,0 0.799372,47.032917,0 0.798737,47.032776,0 0.798445,47.032417,0 0.795316,47.030710,0 0.792586,47.029575,0 0.790477,47.027890,0 0.786535,47.023785,0 0.783721,47.022990,0 0.782551,47.022358,0 0.781483,47.021156,0 0.777877,47.015130,0 0.772247,47.009660,0 0.770417,47.007626,0 0.769419,47.006893,0 0.758647,47.003525,0 0.752557,46.999950,0 0.744742,46.995876,0 0.728181,46.992596,0 0.723857,46.990963,0 0.719295,46.988760,0 0.716542,46.986855,0 0.715381,46.985714,0 0.714316,46.983746,0 0.713519,46.982777,0 0.711436,46.981410,0 0.709479,46.980453,0 0.708081,46.980490,0 0.706332,46.981365,0 0.701023,46.982635,0 0.695477,46.984510,0 0.693119,46.985085,0 0.692374,46.985460,0 0.691962,46.985310,0 0.691886,46.984695,0 0.690662,46.983543,0 0.688633,46.981133,0 0.687863,46.980732,0 0.687968,46.980460,0 0.688286,46.980390,0 0.688979,46.980680,0 0.691168,46.980760,0 0.693310,46.981125,0 0.695193,46.979736,0 0.695493,46.978798,0 0.696307,46.978245,0 0.696406,46.977820,0 0.697187,46.976856,0 0.697413,46.976147,0 0.698601,46.975094,0 0.697904,46.974686,0 0.698965,46.973990,0 0.700928,46.974570,0 0.700554,46.975050,0</coordinates>
          </LineString>
          <LineString>
            <tessellate>1</tessellate>
            <coordinates>0.700496,46.975098,0 0.699531,46.975616,0 0.697904,46.974686,0 0.696625,46.975372,0 0.697012,46.975952,0 0.696518,46.977024,0 0.696307,46.978245,0 0.696076,46.978275,0 0.695404,46.978970,0 0.692779,46.977480,0 0.688864,46.979786,0 0.688550,46.980488,0 0.689290,46.980705,0 0.688622,46.980730,0 0.688633,46.981133,0 0.690662,46.983543,0 0.691785,46.984580,0 0.693465,46.984990,0 0.695477,46.984510,0 0.701023,46.982635,0 0.706332,46.981365,0 0.707705,46.980686,0 0.708173,46.979847,0 0.708753,46.979824,0 0.709152,46.980286,0 0.711436,46.981410,0 0.713519,46.982777,0 0.714316,46.983746,0 0.715381,46.985714,0 0.716542,46.986855,0 0.719295,46.988760,0 0.723857,46.990963,0 0.728181,46.992596,0 0.744742,46.995876,0 0.752557,46.999950,0 0.758675,47.003536,0 0.769419,47.006893,0 0.770417,47.007626,0 0.772247,47.009660,0 0.777877,47.015130,0 0.781483,47.021156,0 0.782435,47.022263,0 0.783721,47.022990,0 0.785431,47.023346,0 0.786535,47.023785,0 0.791948,47.029200,0 0.795316,47.030710,0 0.798445,47.032417,0 0.799063,47.032550,0 0.799372,47.032917,0 0.802394,47.034540,0 0.811981,47.039448,0 0.815815,47.040800,0 0.818562,47.041153,0 0.818348,47.042230,0 0.819107,47.042324,0 0.819545,47.042180,0 0.819441,47.043346,0 0.818730,47.044243,0 0.817282,47.044365,0 0.817413,47.045360,0 0.816887,47.046654,0 0.817893,47.047836,0 0.821157,47.050570,0 0.826976,47.053253,0 0.829964,47.053757,0 0.830296,47.053974,0 0.830369,47.054405,0 0.830709,47.054695,0 0.834541,47.055508,0 0.837466,47.055813,0 0.842535,47.055954,0 0.847219,47.056908,0 0.855848,47.058064,0 0.859742,47.058250,0 0.861736,47.058666,0 0.862420,47.058228,0 0.864963,47.058346,0 0.872630,47.059692,0 0.873858,47.059517,0 0.875831,47.060080,0 0.879912,47.060757,0 0.882200,47.061520,0 0.882325,47.062103,0 0.884211,47.062570,0 0.889336,47.065304,0 0.893293,47.066296,0 0.898564,47.068306,0 0.900376,47.068684,0 0.910476,47.069748,0 0.913171,47.070510,0 0.917090,47.072640,0 0.917997,47.072853,0 0.917994,47.073235,0 0.918359,47.073666,0 0.927182,47.080887,0 0.929025,47.082070,0 0.930959,47.082893,0 0.934847,47.084034,0 0.939609,47.085720,0 0.942742,47.086998,0 0.950940,47.090760,0 0.953802,47.092552,0 0.955553,47.090103,0 0.956066,47.089863,0 0.961918,47.088604,0 0.962584,47.088610,0 0.966534,47.091940,0 0.966896,47.092716,0 0.971153,47.096367,0 0.981269,47.102950,0 0.983400,47.105370,0 0.985139,47.106815,0 0.985143,47.107840,0 0.985839,47.108616,0 0.986041,47.109260,0 0.985535,47.112366,0 0.985619,47.113130,0 0.984867,47.114933,0 0.985173,47.118317,0 0.984915,47.118330,0 0.984742,47.117450,0 0.984257,47.116840,0 0.980784,47.115112,0 0.981240,47.114445,0 0.981043,47.114080,0 0.980689,47.114216,0 0.979571,47.115578,0 0.978838,47.117330,0 0.978072,47.121830,0 0.978598,47.123344,0 0.984456,47.124580,0 0.983990,47.125473,0 0.982354,47.125330,0 0.981428,47.125920,0 0.980353,47.125942,0 0.979925,47.126220,0 0.980774,47.127773,0 0.979925,47.126220,0 0.980353,47.125942,0 0.981428,47.125920,0 0.982354,47.125330,0 0.983990,47.125473,0 0.984456,47.124580,0 0.987799,47.125324,0 0.990799,47.126415,0 0.993244,47.125114,0 0.994710,47.127445,0 0.995347,47.128060,0 0.995086,47.128258,0 0.998034,47.130405,0 0.998333,47.130547,0 0.998968,47.129470,0 0.999966,47.130120,0 1.000275,47.129970,0</coordinates>
          </LineString>
          <LineString>
            <tessellate>1</tessellate>
            <coordinates>0.700496,46.975098,0 0.699531,46.975616,0 0.697904,46.974686,0 0.696625,46.975372,0 0.697012,46.975952,0 0.696518,46.977024,0 0.696307,46.978245,0 0.696076,46.978275,0 0.695404,46.978970,0 0.692779,46.977480,0 0.688864,46.979786,0 0.688550,46.980488,0 0.689290,46.980705,0 0.688622,46.980730,0 0.688633,46.981133,0 0.690662,46.983543,0 0.691785,46.984580,0 0.693465,46.984990,0 0.695477,46.984510,0 0.701023,46.982635,0 0.706332,46.981365,0 0.707705,46.980686,0 0.708173,46.979847,0 0.708753,46.979824,0 0.709152,46.980286,0 0.711436,46.981410,0 0.713519,46.982777,0 0.714316,46.983746,0 0.715381,46.985714,0 0.716542,46.986855,0 0.719295,46.988760,0 0.723857,46.990963,0 0.728181,46.992596,0 0.744742,46.995876,0 0.752557,46.999950,0 0.758675,47.003536,0 0.769419,47.006893,0 0.770417,47.007626,0 0.772247,47.009660,0 0.777877,47.015130,0 0.781483,47.021156,0 0.782435,47.022263,0 0.783721,47.022990,0 0.785431,47.023346,0 0.786535,47.023785,0 0.791948,47.029200,0 0.795316,47.030710,0 0.798445,47.032417,0 0.799063,47.032550,0 0.799372,47.032917,0 0.802394,47.034540,0 0.811981,47.039448,0 0.815815,47.040800,0 0.818562,47.041153,0 0.818348,47.042230,0 0.819107,47.042324,0 0.819545,47.042180,0 0.819441,47.043346,0 0.818730,47.044243,0 0.817282,47.044365,0 0.817413,47.045360,0 0.816887,47.046654,0 0.817893,47.047836,0 0.821157,47.050570,0 0.826976,47.053253,0 0.829964,47.053757,0 0.830296,47.053974,0 0.830369,47.054405,0 0.830709,47.054695,0 0.834541,47.055508,0 0.837466,47.055813,0 0.842535,47.055954,0 0.847219,47.056908,0 0.855848,47.058064,0 0.859742,47.058250,0 0.861736,47.058666,0 0.862420,47.058228,0 0.864963,47.058346,0 0.872630,47.059692,0 0.873858,47.059517,0 0.875831,47.060080,0 0.879912,47.060757,0 0.882200,47.061520,0 0.882325,47.062103,0 0.884211,47.062570,0 0.889336,47.065304,0 0.893293,47.066296,0 0.898564,47.068306,0 0.900376,47.068684,0 0.910476,47.069748,0 0.913171,47.070510,0 0.917090,47.072640,0 0.917997,47.072853,0 0.917994,47.073235,0 0.918359,47.073666,0 0.927182,47.080887,0 0.929025,47.082070,0 0.930959,47.082893,0 0.934847,47.084034,0 0.939609,47.085720,0 0.942742,47.086998,0 0.950940,47.090760,0 0.953802,47.092552,0 0.955553,47.090103,0 0.956066,47.089863,0 0.961918,47.088604,0 0.962584,47.088610,0 0.966534,47.091940,0 0.966896,47.092716,0 0.971153,47.096367,0 0.981269,47.102950,0 0.983400,47.105370,0 0.985139,47.106815,0 0.985143,47.107840,0 0.985839,47.108616,0 0.986041,47.109260,0 0.985535,47.112366,0 0.985619,47.113130,0 0.984867,47.114933,0 0.985173,47.118317,0 0.984915,47.118330,0 0.984742,47.117450,0 0.984257,47.116840,0 0.980784,47.115112,0 0.981240,47.114445,0 0.981043,47.114080,0 0.980689,47.114216,0 0.979571,47.115578,0 0.978838,47.117330,0 0.978072,47.121830,0 0.978598,47.123344,0 0.984456,47.124580,0 0.983990,47.125473,0 0.982354,47.125330,0 0.981428,47.125920,0 0.980353,47.125942,0 0.979925,47.126220,0 0.980774,47.127773,0 0.979925,47.126220,0 0.980353,47.125942,0 0.981428,47.125920,0 0.982354,47.125330,0 0.983990,47.125473,0 0.984456,47.124580,0 0.987799,47.125324,0 0.990799,47.126415,0 0.993244,47.125114,0 0.994710,47.127445,0 0.995347,47.128060,0 0.995086,47.128258,0 0.998034,47.130405,0 0.998333,47.130547,0 0.998968,47.129470,0 0.999966,47.130120,0 1.000377,47.130030,0 1.000295,47.130230,0 0.998935,47.129585,0 0.998333,47.130547,0 0.997952,47.131733,0 0.997982,47.132100,0 0.998452,47.132538,0 0.999243,47.134354,0 0.999531,47.136910,0 1.000621,47.140340,0 1.004081,47.139507,0 1.006771,47.139565,0 1.008716,47.140278,0 1.009139,47.140755,0 1.009984,47.141117,0 1.012555,47.141724,0 1.013820,47.141495,0 1.013995,47.141636,0 1.013930,47.142002,0 1.014229,47.142246,0 1.016429,47.143032,0 1.020775,47.145520,0 1.021412,47.146090,0 1.023356,47.146824,0 1.025205,47.146854,0 1.030858,47.145836,0 1.036905,47.146828,0 1.037787,47.147120,0 1.058165,47.157227,0 1.059788,47.158295,0 1.075848,47.171124,0 1.081594,47.175260,0 1.083804,47.176434,0 1.084931,47.176815,0 1.088155,47.176900,0 1.090905,47.177307,0 1.095775,47.178930,0 1.096299,47.179440,0 1.096786,47.180668,0 1.097570,47.181946,0 1.096903,47.181976,0 1.096209,47.181690,0 1.095781,47.181780,0</coordinates>
          </LineString>
          <LineString>
            <tessellate>1</tessellate>
            <coordinates>0.818937,47.042300,0 0.818348,47.042230,0 0.817329,47.043205,0 0.817418,47.045330,0 0.816887,47.046654,0 0.817791,47.047737,0 0.821351,47.050686,0 0.827093,47.053303,0 0.830050,47.053787,0 0.830550,47.054620,0 0.830986,47.054794,0 0.835745,47.055668,0 0.843091,47.056023,0 0.846824,47.056850,0 0.855848,47.058064,0 0.859408,47.058212,0 0.861736,47.058666,0 0.862420,47.058228,0 0.864963,47.058346,0 0.872630,47.059692,0 0.873858,47.059517,0 0.875831,47.060080,0 0.879912,47.060757,0 0.882200,47.061520,0 0.882325,47.062103,0 0.884211,47.062570,0 0.889336,47.065304,0 0.893293,47.066296,0 0.898564,47.068306,0 0.900376,47.068684,0 0.910476,47.069748,0 0.913171,47.070510,0 0.917090,47.072640,0 0.917997,47.072853,0 0.917994,47.073235,0 0.918359,47.073666,0 0.927182,47.080887,0 0.929025,47.082070,0 0.930959,47.082893,0 0.934847,47.084034,0 0.939609,47.085720,0 0.942742,47.086998,0 0.950940,47.090760,0 0.953802,47.092552,0 0.955553,47.090103,0 0.956066,47.089863,0 0.961918,47.088604,0 0.962584,47.088610,0 0.966534,47.091940,0 0.966896,47.092716,0 0.971153,47.096367,0 0.981269,47.102950,0 0.983400,47.105370,0 0.985139,47.106815,0 0.985143,47.107840,0 0.985839,47.108616,0 0.986041,47.109260,0 0.985535,47.112366,0 0.985619,47.113130,0 0.984867,47.114933,0 0.985173,47.118317,0 0.984915,47.118330,0 0.984742,47.117450,0 0.984257,47.116840,0 0.980784,47.115112,0 0.981240,47.114445,0 0.981043,47.114080,0 0.980689,47.114216,0 0.979571,47.115578,0 0.978838,47.117330,0 0.978072,47.121830,0 0.978598,47.123344,0 0.984456,47.124580,0 0.983990,47.125473,0 0.982354,47.125330,0 0.981428,47.125920,0 0.980353,47.125942,0 0.979925,47.126220,0 0.980774,47.127773,0 0.979925,47.126220,0 0.980353,47.125942,0 0.981428,47.125920,0 0.982354,47.125330,0 0.983990,47.125473,0 0.984456,47.124580,0 0.987799,47.125324,0 0.990799,47.126415,0 0.993244,47.125114,0 0.994710,47.127445,0 0.995347,47.128060,0 0.995086,47.128258,0 0.998034,47.130405,0 0.998333,47.130547,0 0.998968,47.129470,0 0.999966,47.130120,0 1.000275,47.129970,0</coordinates>
          </LineString>
          <LineString>
            <tessellate>1</tessellate>
            <coordinates>1.000275,47.129970,0 1.000343,47.130240,0 0.998913,47.129570,0 0.997319,47.128403,0 0.996607,47.127426,0 0.995325,47.128025,0 0.994710,47.127445,0 0.993244,47.125114,0 0.990799,47.126415,0 0.987799,47.125324,0 0.984456,47.124580,0 0.983990,47.125473,0 0.982354,47.125330,0 0.981428,47.125920,0 0.980353,47.125942,0 0.979925,47.126220,0 0.980774,47.127773,0 0.979925,47.126220,0 0.980353,47.125942,0 0.981428,47.125920,0 0.982354,47.125330,0 0.983990,47.125473,0 0.984456,47.124580,0 0.977604,47.123207,0 0.977507,47.123055,0 0.978234,47.120846,0 0.978980,47.116806,0 0.979429,47.115803,0 0.980726,47.113937,0 0.980877,47.113262,0 0.980344,47.113174,0 0.978901,47.114025,0 0.976830,47.112785,0 0.974877,47.110603,0 0.973027,47.109430,0 0.971139,47.108570,0 0.968826,47.107826,0 0.967922,47.107750,0 0.967850,47.107395,0 0.966075,47.105500,0 0.965139,47.102974,0 0.964387,47.101910,0 0.963283,47.100986,0 0.960160,47.099020,0 0.955391,47.093784,0 0.951883,47.091293,0 0.947360,47.089073,0 0.939944,47.085846,0 0.934847,47.084034,0 0.930959,47.082893,0 0.929025,47.082070,0 0.927182,47.080887,0 0.917369,47.072845,0 0.913638,47.070724,0 0.912082,47.070110,0 0.910476,47.069748,0 0.900376,47.068684,0 0.898564,47.068306,0 0.893293,47.066296,0 0.889336,47.065304,0 0.884211,47.062570,0 0.882325,47.062103,0 0.882277,47.061558,0 0.881559,47.061253,0 0.879912,47.060757,0 0.875831,47.060080,0 0.873858,47.059517,0 0.872630,47.059692,0 0.864300,47.058273,0 0.862299,47.058243,0 0.861736,47.058666,0 0.859408,47.058212,0 0.855848,47.058064,0 0.846824,47.056850,0 0.843091,47.056023,0 0.835745,47.055668,0 0.830986,47.054794,0 0.830153,47.054800,0 0.829987,47.054565,0 0.830337,47.054092,0 0.830050,47.053787,0 0.827093,47.053303,0 0.821157,47.050570,0 0.816840,47.046803,0 0.817418,47.045330,0 0.817352,47.043140,0 0.818348,47.042230,0 0.818937,47.042300,0</coordinates>
          </LineString>
        </MultiGeometry>
      </Placemark>
      <Placemark>
        <name>TD — Sainte-Maure-de-Touraine - Chinon — Ligne de semaine</name>
        <description>Groupe horaire : Ligne de semaine
Ligne régionale Rémi TD. Tracé issu des shapes GTFS officiels fournis.</description>
        <styleUrl>#route_REMI37_Line_347</styleUrl>
        <MultiGeometry>
          <LineString>
            <tessellate>1</tessellate>
            <coordinates>0.614010,47.108414,0 0.614207,47.108562,0 0.594129,47.108890,0 0.592727,47.108510,0 0.586987,47.108776,0 0.556490,47.108620,0 0.556214,47.108963,0 0.556151,47.111290,0 0.556305,47.111940,0 0.556839,47.112293,0 0.543676,47.127243,0 0.543470,47.127975,0 0.543341,47.134438,0 0.543090,47.135166,0 0.535957,47.141000,0 0.536759,47.144444,0 0.536839,47.144573,0 0.537872,47.144360,0 0.537945,47.144524,0 0.536909,47.144707,0 0.535846,47.140610,0 0.533044,47.140533,0 0.530797,47.138256,0 0.528221,47.136356,0 0.524630,47.132954,0 0.524168,47.131943,0 0.522317,47.130110,0 0.521304,47.128830,0 0.520712,47.128544,0 0.518779,47.128197,0 0.515194,47.126324,0 0.512698,47.124817,0 0.505708,47.119877,0 0.501301,47.117867,0 0.500381,47.117184,0 0.500068,47.116722,0 0.498759,47.116226,0 0.497567,47.115322,0 0.487357,47.117970,0 0.469155,47.120697,0 0.466704,47.120792,0 0.464867,47.121307,0 0.462123,47.121693,0 0.451986,47.124160,0 0.450531,47.124310,0 0.431916,47.124138,0 0.430774,47.124268,0 0.429863,47.123890,0 0.427588,47.121710,0 0.426795,47.121470,0 0.425403,47.121620,0 0.424229,47.118828,0 0.421111,47.119540,0 0.419488,47.117150,0 0.417461,47.117554,0 0.413881,47.118713,0 0.402358,47.121754,0 0.393801,47.123610,0 0.385387,47.127357,0 0.380436,47.128654,0 0.372814,47.130100,0 0.369661,47.130447,0 0.358647,47.130820,0 0.345210,47.132390,0 0.341193,47.132507,0 0.335212,47.133434,0 0.324961,47.133427,0 0.311311,47.135494,0 0.306144,47.135204,0 0.301412,47.135242,0 0.296828,47.135420,0 0.293133,47.135790,0 0.292240,47.136110,0 0.291416,47.136100,0 0.288860,47.136642,0 0.255481,47.144676,0 0.243726,47.147760,0 0.236386,47.149483,0 0.235866,47.149750,0 0.235681,47.150360,0 0.235724,47.151115,0 0.235922,47.151127,0 0.235852,47.151325,0 0.235922,47.151127,0 0.235724,47.151115,0 0.235752,47.151720,0 0.237380,47.160465,0 0.238806,47.161366,0 0.239226,47.162178,0 0.239058,47.163406,0 0.238419,47.163925,0 0.234397,47.163628,0 0.233766,47.162228,0 0.234325,47.160890,0 0.236775,47.160540,0 0.237596,47.160595,0 0.238806,47.161366,0 0.239203,47.162040,0 0.239058,47.163406,0 0.238317,47.163937,0 0.238092,47.166065,0 0.244687,47.165130,0 0.249700,47.162550,0 0.250128,47.162540,0 0.255358,47.166576,0 0.257310,47.166603,0 0.257234,47.169193,0 0.256347,47.169952,0 0.256441,47.170870,0 0.258588,47.171240,0 0.258423,47.172220,0</coordinates>
          </LineString>
          <LineString>
            <tessellate>1</tessellate>
            <coordinates>0.258423,47.172220,0 0.258588,47.171240,0 0.256441,47.170870,0 0.256347,47.169952,0 0.257234,47.169193,0 0.257310,47.166603,0 0.255358,47.166576,0 0.253168,47.164870,0 0.248908,47.165360,0 0.247443,47.163754,0 0.244687,47.165130,0 0.238092,47.166065,0 0.238372,47.163654,0 0.237408,47.160698,0 0.235522,47.149944,0 0.236754,47.149360,0 0.248517,47.146526,0 0.255034,47.144825,0 0.255326,47.144535,0 0.255814,47.144620,0 0.265739,47.142220,0 0.266286,47.141940,0 0.267924,47.141697,0 0.291416,47.136100,0 0.292134,47.135704,0 0.293133,47.135790,0 0.296828,47.135420,0 0.301412,47.135242,0 0.306144,47.135204,0 0.311311,47.135494,0 0.324961,47.133427,0 0.335212,47.133434,0 0.341193,47.132507,0 0.345210,47.132390,0 0.358647,47.130820,0 0.369661,47.130447,0 0.372814,47.130100,0 0.380436,47.128654,0 0.385387,47.127357,0 0.393801,47.123610,0 0.402358,47.121754,0 0.413881,47.118713,0 0.417461,47.117554,0 0.419488,47.117150,0 0.421111,47.119540,0 0.424229,47.118828,0 0.425403,47.121620,0 0.426795,47.121470,0 0.427588,47.121710,0 0.429448,47.123540,0 0.430323,47.124058,0 0.450531,47.124310,0 0.451986,47.124160,0 0.462123,47.121693,0 0.464867,47.121307,0 0.466704,47.120792,0 0.469155,47.120697,0 0.487357,47.117970,0 0.497567,47.115322,0 0.498759,47.116226,0 0.500068,47.116722,0 0.500381,47.117184,0 0.501301,47.117867,0 0.505708,47.119877,0 0.512698,47.124817,0 0.515194,47.126324,0 0.518779,47.128197,0 0.520712,47.128544,0 0.521304,47.128830,0 0.522317,47.130110,0 0.524168,47.131943,0 0.524630,47.132954,0 0.528221,47.136356,0 0.530797,47.138256,0 0.533044,47.140533,0 0.535846,47.140610,0 0.536759,47.144444,0 0.536839,47.144573,0 0.537872,47.144360,0 0.537945,47.144524,0 0.536909,47.144707,0 0.535957,47.141000,0 0.543090,47.135166,0 0.543341,47.134438,0 0.543470,47.127975,0 0.543676,47.127243,0 0.556471,47.112580,0 0.556574,47.112305,0 0.556151,47.111290,0 0.556187,47.109196,0 0.555893,47.108562,0 0.555994,47.108380,0 0.557663,47.108543,0 0.583580,47.108730,0 0.586027,47.108660,0 0.586977,47.108307,0 0.587899,47.108627,0 0.592727,47.108510,0 0.594833,47.108852,0 0.612307,47.108630,0 0.613924,47.108578,0 0.613999,47.108418,0</coordinates>
          </LineString>
          <LineString>
            <tessellate>1</tessellate>
            <coordinates>0.422416,47.119305,0 0.424229,47.118828,0 0.425403,47.121620,0 0.426795,47.121470,0 0.427588,47.121710,0 0.429807,47.123844,0 0.430474,47.124092,0 0.430854,47.123970,0 0.431053,47.124138,0 0.451238,47.124283,0 0.462123,47.121693,0 0.464867,47.121307,0 0.466704,47.120792,0 0.469155,47.120697,0 0.487357,47.117970,0 0.497567,47.115322,0 0.498759,47.116226,0 0.500068,47.116722,0 0.500381,47.117184,0 0.501301,47.117867,0 0.505708,47.119877,0 0.512698,47.124817,0 0.515194,47.126324,0 0.518779,47.128197,0 0.520712,47.128544,0 0.521304,47.128830,0 0.522317,47.130110,0 0.524168,47.131943,0 0.524630,47.132954,0 0.528221,47.136356,0 0.530797,47.138256,0 0.533044,47.140533,0 0.535846,47.140610,0 0.536759,47.144444,0 0.536839,47.144573,0 0.537872,47.144360,0 0.537945,47.144524,0 0.536909,47.144707,0 0.535957,47.141000,0 0.543090,47.135166,0 0.543341,47.134438,0 0.543470,47.127975,0 0.543676,47.127243,0 0.556471,47.112580,0 0.556574,47.112305,0 0.556151,47.111290,0 0.556187,47.109196,0 0.555893,47.108562,0 0.555994,47.108380,0 0.557663,47.108543,0 0.583580,47.108730,0 0.586027,47.108660,0 0.586977,47.108307,0 0.587899,47.108627,0 0.592727,47.108510,0 0.594833,47.108852,0 0.612307,47.108630,0 0.613924,47.108578,0 0.613999,47.108418,0</coordinates>
          </LineString>
          <LineString>
            <tessellate>1</tessellate>
            <coordinates>0.667896,47.073376,0 0.623414,47.098072,0 0.622097,47.099200,0 0.621082,47.100390,0 0.620889,47.100964,0 0.620375,47.101242,0 0.614110,47.108620,0 0.613904,47.108543,0 0.614056,47.108410,0 0.614150,47.108610,0 0.594129,47.108890,0 0.592727,47.108510,0 0.586987,47.108776,0 0.557539,47.108540,0 0.556230,47.108750,0 0.554691,47.108530,0 0.549209,47.108490,0 0.541332,47.109184,0 0.509115,47.112385,0 0.487357,47.117970,0 0.469155,47.120697,0 0.466704,47.120792,0 0.450913,47.124300,0 0.431916,47.124138,0 0.430774,47.124268,0 0.429863,47.123890,0 0.427588,47.121710,0 0.426795,47.121470,0 0.425403,47.121620,0 0.424229,47.118828,0 0.421111,47.119540,0 0.419488,47.117150,0 0.417461,47.117554,0 0.413881,47.118713,0 0.402358,47.121754,0 0.393801,47.123610,0 0.385387,47.127357,0 0.380436,47.128654,0 0.372814,47.130100,0 0.369661,47.130447,0 0.358647,47.130820,0 0.345210,47.132390,0 0.341193,47.132507,0 0.335212,47.133434,0 0.324961,47.133427,0 0.311311,47.135494,0 0.306144,47.135204,0 0.301412,47.135242,0 0.296828,47.135420,0 0.293133,47.135790,0 0.292240,47.136110,0 0.291416,47.136100,0 0.288860,47.136642,0 0.255481,47.144676,0 0.243726,47.147760,0 0.236386,47.149483,0 0.235866,47.149750,0 0.235681,47.150360,0 0.235724,47.151115,0 0.235922,47.151127,0 0.235852,47.151325,0 0.235922,47.151127,0 0.235724,47.151115,0 0.235752,47.151720,0 0.237380,47.160465,0 0.238806,47.161366,0 0.239226,47.162178,0 0.239058,47.163406,0 0.238419,47.163925,0 0.234556,47.163643,0</coordinates>
          </LineString>
          <LineString>
            <tessellate>1</tessellate>
            <coordinates>0.614010,47.108414,0 0.614207,47.108562,0 0.594129,47.108890,0 0.592727,47.108510,0 0.586987,47.108776,0 0.557539,47.108540,0 0.556230,47.108750,0 0.554691,47.108530,0 0.549209,47.108490,0 0.535393,47.109756,0 0.509115,47.112385,0 0.487357,47.117970,0 0.469155,47.120697,0 0.466704,47.120792,0 0.450913,47.124300,0 0.431916,47.124138,0 0.430774,47.124268,0 0.429863,47.123890,0 0.427588,47.121710,0 0.426795,47.121470,0 0.425403,47.121620,0 0.424229,47.118828,0 0.421111,47.119540,0 0.419488,47.117150,0 0.417461,47.117554,0 0.413881,47.118713,0 0.402358,47.121754,0 0.393801,47.123610,0 0.385387,47.127357,0 0.380436,47.128654,0 0.372814,47.130100,0 0.369661,47.130447,0 0.358647,47.130820,0 0.345210,47.132390,0 0.341193,47.132507,0 0.335212,47.133434,0 0.324961,47.133427,0 0.311311,47.135494,0 0.306144,47.135204,0 0.301412,47.135242,0 0.296828,47.135420,0 0.293133,47.135790,0 0.292240,47.136110,0 0.291416,47.136100,0 0.288860,47.136642,0 0.255481,47.144676,0 0.243726,47.147760,0 0.236386,47.149483,0 0.235866,47.149750,0 0.235681,47.150360,0 0.235724,47.151115,0 0.235922,47.151127,0 0.235852,47.151325,0 0.235922,47.151127,0 0.235724,47.151115,0 0.235752,47.151720,0 0.237380,47.160465,0 0.238806,47.161366,0 0.239226,47.162178,0 0.239058,47.163406,0 0.238419,47.163925,0 0.234397,47.163628,0 0.233766,47.162228,0 0.234325,47.160890,0 0.236775,47.160540,0 0.237596,47.160595,0 0.238806,47.161366,0 0.239203,47.162040,0 0.239058,47.163406,0 0.238317,47.163937,0 0.238092,47.166065,0 0.244687,47.165130,0 0.249700,47.162550,0 0.250128,47.162540,0 0.255358,47.166576,0 0.257310,47.166603,0 0.257234,47.169193,0 0.256347,47.169952,0 0.256441,47.170870,0 0.258588,47.171240,0 0.258423,47.172220,0</coordinates>
          </LineString>
          <LineString>
            <tessellate>1</tessellate>
            <coordinates>0.258423,47.172220,0 0.258588,47.171240,0 0.256441,47.170870,0 0.256347,47.169952,0 0.257234,47.169193,0 0.257310,47.166603,0 0.255358,47.166576,0 0.253168,47.164870,0 0.248908,47.165360,0 0.247443,47.163754,0 0.244687,47.165130,0 0.238092,47.166065,0 0.238317,47.163937,0 0.234397,47.163628,0 0.233766,47.162228,0 0.234387,47.160812,0 0.237412,47.160526,0 0.235522,47.149944,0 0.236754,47.149360,0 0.248517,47.146526,0 0.255034,47.144825,0 0.255326,47.144535,0 0.255814,47.144620,0 0.265739,47.142220,0 0.266286,47.141940,0 0.267924,47.141697,0 0.291416,47.136100,0 0.292134,47.135704,0 0.293133,47.135790,0 0.296828,47.135420,0 0.301412,47.135242,0 0.306144,47.135204,0 0.311311,47.135494,0 0.324961,47.133427,0 0.335212,47.133434,0 0.341193,47.132507,0 0.345210,47.132390,0 0.358647,47.130820,0 0.369661,47.130447,0 0.372814,47.130100,0 0.380436,47.128654,0 0.385387,47.127357,0 0.393801,47.123610,0 0.402358,47.121754,0 0.413881,47.118713,0 0.417461,47.117554,0 0.419488,47.117150,0 0.421111,47.119540,0 0.424229,47.118828,0 0.425403,47.121620,0 0.426795,47.121470,0 0.427588,47.121710,0 0.429448,47.123540,0 0.430323,47.124058,0 0.450531,47.124310,0 0.451986,47.124160,0 0.462123,47.121693,0 0.464867,47.121307,0 0.466704,47.120792,0 0.469155,47.120697,0 0.487357,47.117970,0 0.497567,47.115322,0 0.498759,47.116226,0 0.500068,47.116722,0 0.500381,47.117184,0 0.501301,47.117867,0 0.505708,47.119877,0 0.512698,47.124817,0 0.515194,47.126324,0 0.518779,47.128197,0 0.520712,47.128544,0 0.521304,47.128830,0 0.522317,47.130110,0 0.524168,47.131943,0 0.524630,47.132954,0 0.528221,47.136356,0 0.530797,47.138256,0 0.533044,47.140533,0 0.535846,47.140610,0 0.536759,47.144444,0 0.536839,47.144573,0 0.537872,47.144360,0 0.537945,47.144524,0 0.536909,47.144707,0 0.535957,47.141000,0 0.543090,47.135166,0 0.543341,47.134438,0 0.543470,47.127975,0 0.543676,47.127243,0 0.556471,47.112580,0 0.556574,47.112305,0 0.556151,47.111290,0 0.556187,47.109196,0 0.555893,47.108562,0 0.555994,47.108380,0 0.557663,47.108543,0 0.583580,47.108730,0 0.586027,47.108660,0 0.586977,47.108307,0 0.587899,47.108627,0 0.592727,47.108510,0 0.594833,47.108852,0 0.612307,47.108630,0 0.613924,47.108578,0 0.613999,47.108418,0</coordinates>
          </LineString>
          <LineString>
            <tessellate>1</tessellate>
            <coordinates>0.258423,47.172220,0 0.258588,47.171240,0 0.256441,47.170870,0 0.256347,47.169952,0 0.257234,47.169193,0 0.257310,47.166603,0 0.255358,47.166576,0 0.253168,47.164870,0 0.248908,47.165360,0 0.247443,47.163754,0 0.244687,47.165130,0 0.238092,47.166065,0 0.238317,47.163937,0 0.234397,47.163628,0 0.233766,47.162228,0 0.234387,47.160812,0 0.237412,47.160526,0 0.235522,47.149944,0 0.236754,47.149360,0 0.248517,47.146526,0 0.255034,47.144825,0 0.255326,47.144535,0 0.255814,47.144620,0 0.265739,47.142220,0 0.266286,47.141940,0 0.267924,47.141697,0 0.291416,47.136100,0 0.292134,47.135704,0 0.293133,47.135790,0 0.296828,47.135420,0 0.301412,47.135242,0 0.306144,47.135204,0 0.311311,47.135494,0 0.324961,47.133427,0 0.335212,47.133434,0 0.341193,47.132507,0 0.345210,47.132390,0 0.358647,47.130820,0 0.369661,47.130447,0 0.372814,47.130100,0 0.380436,47.128654,0 0.385387,47.127357,0 0.393801,47.123610,0 0.402358,47.121754,0 0.413881,47.118713,0 0.417461,47.117554,0 0.419488,47.117150,0 0.421111,47.119540,0 0.424229,47.118828,0 0.425403,47.121620,0 0.426795,47.121470,0 0.427588,47.121710,0 0.429448,47.123540,0 0.430323,47.124058,0 0.450913,47.124300,0 0.466704,47.120792,0 0.469155,47.120697,0 0.487357,47.117970,0 0.509115,47.112385,0 0.535393,47.109756,0 0.547778,47.108566,0 0.554691,47.108530,0 0.556190,47.108326,0 0.557663,47.108543,0 0.583580,47.108730,0 0.586027,47.108660,0 0.586977,47.108307,0 0.587899,47.108627,0 0.592727,47.108510,0 0.594833,47.108852,0 0.613924,47.108578,0 0.620225,47.101420,0 0.620483,47.100800,0 0.623414,47.098072,0 0.667896,47.073376,0</coordinates>
          </LineString>
          <LineString>
            <tessellate>1</tessellate>
            <coordinates>0.258423,47.172220,0 0.258588,47.171240,0 0.256441,47.170870,0 0.256347,47.169952,0 0.257234,47.169193,0 0.257310,47.166603,0 0.255358,47.166576,0 0.253168,47.164870,0 0.248908,47.165360,0 0.247443,47.163754,0 0.244687,47.165130,0 0.238092,47.166065,0 0.238317,47.163937,0 0.234397,47.163628,0 0.233766,47.162228,0 0.234387,47.160812,0 0.237412,47.160526,0 0.235522,47.149944,0 0.236754,47.149360,0 0.248517,47.146526,0 0.255034,47.144825,0 0.255326,47.144535,0 0.255814,47.144620,0 0.265739,47.142220,0 0.266286,47.141940,0 0.267924,47.141697,0 0.291416,47.136100,0 0.292134,47.135704,0 0.293133,47.135790,0 0.296828,47.135420,0 0.301412,47.135242,0 0.306144,47.135204,0 0.311311,47.135494,0 0.324961,47.133427,0 0.335212,47.133434,0 0.341193,47.132507,0 0.345210,47.132390,0 0.358647,47.130820,0 0.369661,47.130447,0 0.372814,47.130100,0 0.380436,47.128654,0 0.385387,47.127357,0 0.393801,47.123610,0 0.402358,47.121754,0 0.413881,47.118713,0 0.417461,47.117554,0 0.419488,47.117150,0 0.421111,47.119540,0 0.424229,47.118828,0 0.425403,47.121620,0 0.426795,47.121470,0 0.427588,47.121710,0 0.429448,47.123540,0 0.430323,47.124058,0 0.450913,47.124300,0 0.466704,47.120792,0 0.469155,47.120697,0 0.487357,47.117970,0 0.509115,47.112385,0 0.535393,47.109756,0 0.547778,47.108566,0 0.554691,47.108530,0 0.556190,47.108326,0 0.557663,47.108543,0 0.583580,47.108730,0 0.586027,47.108660,0 0.586977,47.108307,0 0.587899,47.108627,0 0.592727,47.108510,0 0.594833,47.108852,0 0.612307,47.108630,0 0.613924,47.108578,0 0.613999,47.108418,0</coordinates>
          </LineString>
          <LineString>
            <tessellate>1</tessellate>
            <coordinates>0.614010,47.108414,0 0.614207,47.108562,0 0.594129,47.108890,0 0.592727,47.108510,0 0.586987,47.108776,0 0.556490,47.108620,0 0.556214,47.108963,0 0.556151,47.111290,0 0.556305,47.111940,0 0.556839,47.112293,0 0.543676,47.127243,0 0.543470,47.127975,0 0.543341,47.134438,0 0.543090,47.135166,0 0.535957,47.141000,0 0.536759,47.144444,0 0.536839,47.144573,0 0.537872,47.144360,0 0.537945,47.144524,0 0.536909,47.144707,0 0.535846,47.140610,0 0.533044,47.140533,0 0.530797,47.138256,0 0.528221,47.136356,0 0.524630,47.132954,0 0.524168,47.131943,0 0.522317,47.130110,0 0.521304,47.128830,0 0.520712,47.128544,0 0.518779,47.128197,0 0.515194,47.126324,0 0.512698,47.124817,0 0.505708,47.119877,0 0.501301,47.117867,0 0.500381,47.117184,0 0.500068,47.116722,0 0.498759,47.116226,0 0.497567,47.115322,0 0.487357,47.117970,0 0.469155,47.120697,0 0.466704,47.120792,0 0.450913,47.124300,0 0.431916,47.124138,0 0.430774,47.124268,0 0.429863,47.123890,0 0.427588,47.121710,0 0.426795,47.121470,0 0.425403,47.121620,0 0.424229,47.118828,0 0.421336,47.119595,0 0.420705,47.119040,0</coordinates>
          </LineString>
          <LineString>
            <tessellate>1</tessellate>
            <coordinates>0.258423,47.172220,0 0.258588,47.171240,0 0.256441,47.170870,0 0.256347,47.169952,0 0.257234,47.169193,0 0.257310,47.166603,0 0.255358,47.166576,0 0.253168,47.164870,0 0.248908,47.165360,0 0.247443,47.163754,0 0.244687,47.165130,0 0.238092,47.166065,0 0.238317,47.163937,0 0.234397,47.163628,0 0.233766,47.162228,0 0.234387,47.160812,0 0.237412,47.160526,0 0.235522,47.149944,0 0.236754,47.149360,0 0.248517,47.146526,0 0.255034,47.144825,0 0.255326,47.144535,0 0.255814,47.144620,0 0.265739,47.142220,0 0.266286,47.141940,0 0.267924,47.141697,0 0.291416,47.136100,0 0.292134,47.135704,0 0.293133,47.135790,0 0.296828,47.135420,0 0.301412,47.135242,0 0.306144,47.135204,0 0.311311,47.135494,0 0.324961,47.133427,0 0.335212,47.133434,0 0.341193,47.132507,0 0.345210,47.132390,0 0.358647,47.130820,0 0.369661,47.130447,0 0.372814,47.130100,0 0.380436,47.128654,0 0.385387,47.127357,0 0.393801,47.123610,0 0.402358,47.121754,0 0.413881,47.118713,0 0.417461,47.117554,0 0.419488,47.117150,0 0.421111,47.119540,0 0.424192,47.118810,0 0.425403,47.121620,0 0.426795,47.121470,0 0.427588,47.121710,0 0.429807,47.123844,0 0.430474,47.124092,0 0.430854,47.123970,0 0.431053,47.124138,0 0.451238,47.124283,0 0.462123,47.121693,0 0.464867,47.121307,0 0.466704,47.120792,0 0.469155,47.120697,0 0.487357,47.117970,0 0.509115,47.112385,0 0.549209,47.108490,0 0.554691,47.108530,0 0.556190,47.108326,0 0.557663,47.108543,0 0.583580,47.108730,0 0.586027,47.108660,0 0.586977,47.108307,0 0.587899,47.108627,0 0.592727,47.108510,0 0.594833,47.108852,0 0.612307,47.108630,0 0.613924,47.108578,0 0.614143,47.108425,0 0.614153,47.108746,0 0.615188,47.110360,0 0.620950,47.118607,0 0.639798,47.138714,0 0.645597,47.143246,0 0.646349,47.144135,0 0.646778,47.145110,0 0.646877,47.145930,0 0.646070,47.155380,0 0.646107,47.156650,0 0.646649,47.158382,0 0.647112,47.159225,0 0.647798,47.159264,0 0.647542,47.159428,0</coordinates>
          </LineString>
          <LineString>
            <tessellate>1</tessellate>
            <coordinates>0.258423,47.172220,0 0.258588,47.171240,0 0.256441,47.170870,0 0.256347,47.169952,0 0.257234,47.169193,0 0.257310,47.166603,0 0.255358,47.166576,0 0.253168,47.164870,0 0.248908,47.165360,0 0.247443,47.163754,0 0.244687,47.165130,0 0.238092,47.166065,0 0.238317,47.163937,0 0.234397,47.163628,0 0.233766,47.162228,0 0.234387,47.160812,0 0.237412,47.160526,0 0.235522,47.149944,0 0.236754,47.149360,0 0.248517,47.146526,0 0.255034,47.144825,0 0.255326,47.144535,0 0.255814,47.144620,0 0.265739,47.142220,0 0.266286,47.141940,0 0.267924,47.141697,0 0.291416,47.136100,0 0.292134,47.135704,0 0.293133,47.135790,0 0.296828,47.135420,0 0.301412,47.135242,0 0.306144,47.135204,0 0.311311,47.135494,0 0.324961,47.133427,0 0.335212,47.133434,0 0.341193,47.132507,0 0.345210,47.132390,0 0.358647,47.130820,0 0.369661,47.130447,0 0.372814,47.130100,0 0.380436,47.128654,0 0.385387,47.127357,0 0.393801,47.123610,0 0.402358,47.121754,0 0.413881,47.118713,0 0.417461,47.117554,0 0.419488,47.117150,0 0.421111,47.119540,0 0.424192,47.118810,0 0.425403,47.121620,0 0.426795,47.121470,0 0.427588,47.121710,0 0.429807,47.123844,0 0.430474,47.124092,0 0.430854,47.123970,0 0.431053,47.124138,0 0.451238,47.124283,0 0.462123,47.121693,0 0.464867,47.121307,0 0.466704,47.120792,0 0.469155,47.120697,0 0.487357,47.117970,0 0.509115,47.112385,0 0.549209,47.108490,0 0.554691,47.108530,0 0.556190,47.108326,0 0.557663,47.108543,0 0.583580,47.108730,0 0.586027,47.108660,0 0.586977,47.108307,0 0.587899,47.108627,0 0.592727,47.108510,0 0.594833,47.108852,0 0.612307,47.108630,0 0.613924,47.108578,0 0.614143,47.108425,0 0.614153,47.108746,0 0.615188,47.110360,0 0.620950,47.118607,0 0.639798,47.138714,0 0.645597,47.143246,0 0.646349,47.144135,0 0.646778,47.145110,0 0.646877,47.145930,0 0.646086,47.156340,0 0.646233,47.157303,0 0.646779,47.158630,0 0.647112,47.159225,0 0.647693,47.159252,0 0.647116,47.159460,0 0.646210,47.157654,0 0.645947,47.156330,0 0.646877,47.145930,0 0.646778,47.145110,0 0.646349,47.144135,0 0.645597,47.143246,0 0.639798,47.138714,0 0.620950,47.118607,0 0.613899,47.108513,0 0.614361,47.108260,0 0.620225,47.101420,0 0.620483,47.100800,0 0.623414,47.098072,0 0.667896,47.073376,0</coordinates>
          </LineString>
          <LineString>
            <tessellate>1</tessellate>
            <coordinates>0.234556,47.163643,0 0.235828,47.163757,0 0.235847,47.163532,0 0.236740,47.163060,0 0.238037,47.162735,0 0.237408,47.160698,0 0.235522,47.149944,0 0.236754,47.149360,0 0.248517,47.146526,0 0.255034,47.144825,0 0.255326,47.144535,0 0.255814,47.144620,0 0.265739,47.142220,0 0.266286,47.141940,0 0.267924,47.141697,0 0.291416,47.136100,0 0.292134,47.135704,0 0.293133,47.135790,0 0.296828,47.135420,0 0.301412,47.135242,0 0.306144,47.135204,0 0.311311,47.135494,0 0.324961,47.133427,0 0.335212,47.133434,0 0.341193,47.132507,0 0.345210,47.132390,0 0.358647,47.130820,0 0.372062,47.130226,0 0.380436,47.128654,0 0.385387,47.127357,0 0.393801,47.123610,0 0.402358,47.121754,0 0.413881,47.118713,0 0.417461,47.117554,0 0.419488,47.117150,0 0.421111,47.119540,0 0.424229,47.118828,0 0.425403,47.121620,0 0.426795,47.121470,0 0.427588,47.121710,0 0.429448,47.123540,0 0.430323,47.124058,0 0.450913,47.124300,0 0.466704,47.120792,0 0.469155,47.120697,0 0.487357,47.117970,0 0.509115,47.112385,0 0.535393,47.109756,0 0.547778,47.108566,0 0.554691,47.108530,0 0.556190,47.108326,0 0.557663,47.108543,0 0.583580,47.108730,0 0.586027,47.108660,0 0.586977,47.108307,0 0.587899,47.108627,0 0.592727,47.108510,0 0.594833,47.108852,0 0.613924,47.108578,0 0.620225,47.101420,0 0.620483,47.100800,0 0.623414,47.098072,0 0.667896,47.073376,0</coordinates>
          </LineString>
          <LineString>
            <tessellate>1</tessellate>
            <coordinates>0.647413,47.159294,0 0.647116,47.159460,0 0.646456,47.158260,0 0.645947,47.156330,0 0.646877,47.145930,0 0.646778,47.145110,0 0.646349,47.144135,0 0.645597,47.143246,0 0.639798,47.138714,0 0.620950,47.118607,0 0.614539,47.109512,0 0.614110,47.108620,0 0.613904,47.108543,0 0.614143,47.108425,0 0.614058,47.108627,0 0.594129,47.108890,0 0.592727,47.108510,0 0.586987,47.108776,0 0.557539,47.108540,0 0.556230,47.108750,0 0.554691,47.108530,0 0.549209,47.108490,0 0.509115,47.112385,0 0.487357,47.117970,0 0.469155,47.120697,0 0.466704,47.120792,0 0.464867,47.121307,0 0.462123,47.121693,0 0.451238,47.124283,0 0.431916,47.124138,0 0.430774,47.124268,0 0.429863,47.123890,0 0.427588,47.121710,0 0.426795,47.121470,0 0.425403,47.121620,0 0.424229,47.118828,0 0.421111,47.119540,0 0.419488,47.117150,0 0.417461,47.117554,0 0.413881,47.118713,0 0.402358,47.121754,0 0.393801,47.123610,0 0.385387,47.127357,0 0.380436,47.128654,0 0.372814,47.130100,0 0.369661,47.130447,0 0.358647,47.130820,0 0.345210,47.132390,0 0.341193,47.132507,0 0.335212,47.133434,0 0.324961,47.133427,0 0.311311,47.135494,0 0.306144,47.135204,0 0.301412,47.135242,0 0.296828,47.135420,0 0.293133,47.135790,0 0.292240,47.136110,0 0.291416,47.136100,0 0.288860,47.136642,0 0.255481,47.144676,0 0.243726,47.147760,0 0.236386,47.149483,0 0.235866,47.149750,0 0.235681,47.150360,0 0.235724,47.151115,0 0.235922,47.151127,0 0.235852,47.151325,0 0.235922,47.151127,0 0.235724,47.151115,0 0.235752,47.151720,0 0.237380,47.160465,0 0.238806,47.161366,0 0.239226,47.162178,0 0.239058,47.163406,0 0.238419,47.163925,0 0.234397,47.163628,0 0.233766,47.162228,0 0.234325,47.160890,0 0.236775,47.160540,0 0.237596,47.160595,0 0.238806,47.161366,0 0.239203,47.162040,0 0.239058,47.163406,0 0.238317,47.163937,0 0.238092,47.166065,0 0.244687,47.165130,0 0.249700,47.162550,0 0.250128,47.162540,0 0.255358,47.166576,0 0.257310,47.166603,0 0.257234,47.169193,0 0.256347,47.169952,0 0.256441,47.170870,0 0.258588,47.171240,0 0.258423,47.172220,0</coordinates>
          </LineString>
        </MultiGeometry>
      </Placemark>
      <Placemark>
        <name>TE — Richelieu - Chinon — Ligne de semaine</name>
        <description>Groupe horaire : Ligne de semaine
Ligne régionale Rémi TE. Tracé issu des shapes GTFS officiels fournis.</description>
        <styleUrl>#route_REMI37_Line_349</styleUrl>
        <MultiGeometry>
          <LineString>
            <tessellate>1</tessellate>
            <coordinates>0.258423,47.172220,0 0.258588,47.171240,0 0.256441,47.170870,0 0.256347,47.169952,0 0.257234,47.169193,0 0.257310,47.166603,0 0.255358,47.166576,0 0.253168,47.164870,0 0.246493,47.165627,0 0.246127,47.164425,0 0.244687,47.165130,0 0.238092,47.166065,0 0.238317,47.163937,0 0.234397,47.163628,0 0.233766,47.162228,0 0.234387,47.160812,0 0.237412,47.160526,0 0.235501,47.149980,0 0.236754,47.149360,0 0.248517,47.146526,0 0.255034,47.144825,0 0.255326,47.144535,0 0.255814,47.144620,0 0.265739,47.142220,0 0.266286,47.141940,0 0.267924,47.141697,0 0.284241,47.137764,0 0.284844,47.136948,0 0.285584,47.135400,0 0.286741,47.134342,0 0.287084,47.133553,0 0.287218,47.131855,0 0.285871,47.128360,0 0.285830,47.126620,0 0.286748,47.124035,0 0.287144,47.123432,0 0.289418,47.120570,0 0.290792,47.119760,0 0.288689,47.118706,0 0.286808,47.117188,0 0.284114,47.115894,0 0.277759,47.113365,0 0.277388,47.112923,0 0.275608,47.112210,0 0.273765,47.111107,0 0.272632,47.111954,0 0.273081,47.112210,0 0.273379,47.111950,0 0.272936,47.111713,0 0.273765,47.111107,0 0.275608,47.112210,0 0.277388,47.112923,0 0.277759,47.113365,0 0.284114,47.115894,0 0.286808,47.117188,0 0.288689,47.118706,0 0.290792,47.119760,0 0.293458,47.117730,0 0.294011,47.116776,0 0.294582,47.114430,0 0.297273,47.111443,0 0.298818,47.109165,0 0.299297,47.106853,0 0.298496,47.102486,0 0.301156,47.096943,0 0.298673,47.096710,0 0.298194,47.095960,0 0.298673,47.096710,0 0.301156,47.096943,0 0.302369,47.094540,0 0.302704,47.093323,0 0.302470,47.092064,0 0.302906,47.088830,0 0.302789,47.087530,0 0.302260,47.086370,0 0.301192,47.085384,0 0.299711,47.080276,0 0.299613,47.077717,0 0.298059,47.075745,0 0.298856,47.074387,0 0.290170,47.072735,0 0.290277,47.072945,0 0.290920,47.072910,0 0.298856,47.074387,0 0.301885,47.070805,0 0.304886,47.069150,0 0.306914,47.067710,0 0.307856,47.066692,0 0.312207,47.065750,0 0.316803,47.064144,0 0.318139,47.061690,0 0.322413,47.055645,0 0.322983,47.054010,0 0.323141,47.050556,0 0.322772,47.044560,0 0.322263,47.041267,0 0.322751,47.038260,0 0.321791,47.029964,0 0.320786,47.028540,0 0.321349,47.028090,0 0.321506,47.027660,0 0.321068,47.023500,0 0.322935,47.019800,0 0.323388,47.016994,0 0.323261,47.016888,0 0.323416,47.016804,0 0.323586,47.015694,0 0.327072,47.016020,0 0.336514,47.022175,0 0.342809,47.024002,0 0.346812,47.026115,0 0.347574,47.025140,0 0.348596,47.024418,0 0.349831,47.021860,0 0.350154,47.019894,0 0.352068,47.017470,0 0.354712,47.016200,0 0.357132,47.015507,0 0.357834,47.014896,0 0.358358,47.013718,0 0.358830,47.013160,0 0.361430,47.011750,0 0.363508,47.010860,0 0.367438,47.010387,0 0.373957,47.007120,0 0.379524,47.004856,0 0.383674,47.002415,0 0.390242,47.001472,0 0.394381,46.999590,0 0.395478,46.999310,0 0.410864,46.998226,0 0.420117,46.999870,0 0.425592,46.999165,0 0.443116,46.994150,0 0.448465,46.992905,0 0.449577,46.992270,0 0.451089,46.990788,0 0.455670,46.989063,0 0.457644,46.987957,0 0.461974,46.984093,0 0.465096,46.982230,0 0.485097,46.982450,0 0.487583,46.982760,0 0.488525,46.982456,0 0.488591,46.982304,0 0.488281,46.981964,0 0.488665,46.981827,0 0.488525,46.982456,0 0.487962,46.982730,0 0.487233,46.983630,0 0.480739,46.986794,0 0.480007,46.987633,0 0.478949,46.988274,0 0.477601,46.989600,0 0.476601,46.991425,0 0.475444,46.996033,0 0.475600,46.999980,0 0.475475,47.000590,0 0.472391,47.003990,0 0.469529,47.010746,0 0.469285,47.012367,0 0.467767,47.013683,0 0.465422,47.014830,0 0.464566,47.016594,0 0.460367,47.019080,0 0.453530,47.022602,0 0.453736,47.022697,0 0.453764,47.023037,0 0.452854,47.023106,0 0.452842,47.023438,0 0.450384,47.024400,0 0.448137,47.025820,0 0.441385,47.028816,0 0.440678,47.029366,0 0.438099,47.032497,0 0.436211,47.033480,0 0.435254,47.034360,0 0.435189,47.034634,0 0.433247,47.034930,0 0.430664,47.034676,0 0.427439,47.034924,0 0.424862,47.037346,0 0.421206,47.039776,0 0.417910,47.042824,0 0.415785,47.043090,0 0.410188,47.046566,0 0.409392,47.048096,0 0.408786,47.048798,0 0.407957,47.049263,0 0.407328,47.049347,0 0.404364,47.049053,0 0.402922,47.049683,0 0.401944,47.048897,0 0.399240,47.047626,0 0.398615,47.047134,0 0.396974,47.044710,0 0.396595,47.043224,0 0.396220,47.042603,0 0.392387,47.039787,0 0.391598,47.038960,0 0.391741,47.038666,0 0.393232,47.037556,0 0.393501,47.036710,0 0.394624,47.035503,0 0.395022,47.034508,0 0.395570,47.033770,0 0.398727,47.033850,0 0.400257,47.033710,0 0.400709,47.032234,0 0.400687,47.031273,0 0.398951,47.031120,0 0.396197,47.031334,0 0.393312,47.031876,0 0.389584,47.033100,0 0.387928,47.033420,0 0.376490,47.033443,0 0.372371,47.033806,0 0.366157,47.035164,0 0.364646,47.035263,0 0.362743,47.034830,0 0.347556,47.026630,0</coordinates>
          </LineString>
          <LineString>
            <tessellate>1</tessellate>
            <coordinates>0.234556,47.163643,0 0.235828,47.163757,0 0.235847,47.163532,0 0.236740,47.163060,0 0.238037,47.162735,0 0.237408,47.160698,0 0.235752,47.151720,0 0.235681,47.150360,0 0.235501,47.149980,0 0.236001,47.149643,0 0.255034,47.144825,0 0.255326,47.144535,0 0.255814,47.144620,0 0.265739,47.142220,0 0.266286,47.141940,0 0.267924,47.141697,0 0.291869,47.135918,0 0.292530,47.134663,0 0.294732,47.133500,0 0.313445,47.117150,0 0.313641,47.116364,0 0.314460,47.078148,0 0.316847,47.073647,0 0.318807,47.067772,0 0.318617,47.066555,0 0.317796,47.065845,0 0.316803,47.064144,0 0.318139,47.061690,0 0.322133,47.056107,0 0.322983,47.054010,0 0.323141,47.050556,0 0.323021,47.047500,0 0.322669,47.043587,0 0.322263,47.041267,0 0.322751,47.038260,0 0.321791,47.029964,0 0.320821,47.028650,0 0.320843,47.028442,0 0.322043,47.028664,0 0.326068,47.028263,0 0.327925,47.028282,0 0.336737,47.027298,0 0.344385,47.026966,0 0.346032,47.026665,0 0.346567,47.026420,0 0.347574,47.025140,0 0.348534,47.024513,0 0.349831,47.021860,0 0.350154,47.019894,0 0.352068,47.017470,0 0.354712,47.016200,0 0.357132,47.015507,0 0.357834,47.014896,0 0.358358,47.013718,0 0.358830,47.013160,0 0.361430,47.011750,0 0.363508,47.010860,0 0.367438,47.010387,0 0.373957,47.007120,0 0.379524,47.004856,0 0.383853,47.002360,0 0.390242,47.001472,0 0.394381,46.999590,0 0.395478,46.999310,0 0.410864,46.998226,0 0.420117,46.999870,0 0.425592,46.999165,0 0.443116,46.994150,0 0.448465,46.992905,0 0.449577,46.992270,0 0.451089,46.990788,0 0.455670,46.989063,0 0.457644,46.987957,0 0.461974,46.984093,0 0.465096,46.982230,0 0.485097,46.982450,0 0.487583,46.982760,0 0.488204,46.982655,0 0.488576,46.982376,0 0.488281,46.981964,0 0.488665,46.981827,0 0.488525,46.982456,0 0.487583,46.982760,0 0.485097,46.982450,0 0.465853,46.982178,0 0.462598,46.980453,0 0.458451,46.976970,0 0.449828,46.974598,0 0.448472,46.972748,0 0.442472,46.967680,0 0.440022,46.966360,0 0.437260,46.964220,0 0.428039,46.961700,0 0.426790,46.961082,0 0.423876,46.958350,0 0.421985,46.955850,0 0.421278,46.955560,0 0.419472,46.955360,0 0.419328,46.954040,0 0.419125,46.953762,0 0.415379,46.951515,0 0.413514,46.950874,0 0.412265,46.949657,0 0.413622,46.948776,0 0.413678,46.948890,0</coordinates>
          </LineString>
          <LineString>
            <tessellate>1</tessellate>
            <coordinates>0.452885,47.023100,0 0.452842,47.023438,0 0.450384,47.024400,0 0.448137,47.025820,0 0.441005,47.029057,0 0.438099,47.032497,0 0.436211,47.033480,0 0.435254,47.034360,0 0.435189,47.034634,0 0.433247,47.034930,0 0.430664,47.034676,0 0.427439,47.034924,0 0.424862,47.037346,0 0.421206,47.039776,0 0.417910,47.042824,0 0.415785,47.043090,0 0.410188,47.046566,0 0.409478,47.047985,0 0.408281,47.049110,0 0.407328,47.049347,0 0.404364,47.049053,0 0.402922,47.049683,0 0.401944,47.048897,0 0.398715,47.047260,0 0.396974,47.044710,0 0.396595,47.043224,0 0.396220,47.042603,0 0.392387,47.039787,0 0.391598,47.038960,0 0.391741,47.038666,0 0.393232,47.037556,0 0.393501,47.036710,0 0.394624,47.035503,0 0.395022,47.034508,0 0.395570,47.033770,0 0.398727,47.033850,0 0.400257,47.033710,0 0.400709,47.032234,0 0.400687,47.031273,0 0.398951,47.031120,0 0.396197,47.031334,0 0.393312,47.031876,0 0.389584,47.033100,0 0.387928,47.033420,0 0.376490,47.033443,0 0.371577,47.033936,0 0.365644,47.035248,0 0.363793,47.035156,0 0.362743,47.034830,0 0.347674,47.026676,0 0.346789,47.026485,0 0.346159,47.025856,0 0.343155,47.024140,0 0.336514,47.022175,0 0.327072,47.016020,0 0.324081,47.015728,0 0.324036,47.016070,0 0.323531,47.016040,0 0.323416,47.016804,0 0.323538,47.016926,0 0.323388,47.016994,0 0.322935,47.019800,0 0.321053,47.023640,0 0.321506,47.027660,0 0.321179,47.028828,0 0.321789,47.029810,0 0.322751,47.038260,0 0.322263,47.041267,0 0.322772,47.044560,0 0.323141,47.050556,0 0.322983,47.054010,0 0.322413,47.055645,0 0.318139,47.061690,0 0.316803,47.064144,0 0.312207,47.065750,0 0.307856,47.066692,0 0.306914,47.067710,0 0.304886,47.069150,0 0.301885,47.070805,0 0.298856,47.074387,0 0.290190,47.072670,0 0.290277,47.072945,0 0.290920,47.072910,0 0.298856,47.074387,0 0.298059,47.075745,0 0.299613,47.077717,0 0.299711,47.080276,0 0.301192,47.085384,0 0.302260,47.086370,0 0.302789,47.087530,0 0.302906,47.088830,0 0.302470,47.092064,0 0.302725,47.093143,0 0.302369,47.094540,0 0.298496,47.102486,0 0.299297,47.106853,0 0.298818,47.109165,0 0.297273,47.111443,0 0.294582,47.114430,0 0.294011,47.116776,0 0.293458,47.117730,0 0.290599,47.119920,0 0.289659,47.120335,0 0.286748,47.124035,0 0.285740,47.127120,0 0.285966,47.128700,0 0.287218,47.131855,0 0.287084,47.133553,0 0.286741,47.134342,0 0.285584,47.135400,0 0.284446,47.137430,0 0.284494,47.137703,0 0.255481,47.144676,0 0.243726,47.147760,0 0.236386,47.149483,0 0.235771,47.149940,0 0.235724,47.151115,0 0.235922,47.151127,0 0.235852,47.151325,0 0.235922,47.151127,0 0.235724,47.151115,0 0.235752,47.151720,0 0.237380,47.160465,0 0.238806,47.161366,0 0.239226,47.162178,0 0.239058,47.163406,0 0.238419,47.163925,0 0.234397,47.163628,0 0.233766,47.162228,0 0.234325,47.160890,0 0.236775,47.160540,0 0.237596,47.160595,0 0.238806,47.161366,0 0.239203,47.162040,0 0.239058,47.163406,0 0.238317,47.163937,0 0.238092,47.166065,0 0.244687,47.165130,0 0.249700,47.162550,0 0.250128,47.162540,0 0.251026,47.163240,0 0.251383,47.163025,0 0.251717,47.163284,0 0.251360,47.163498,0 0.255358,47.166576,0 0.257310,47.166603,0 0.257234,47.169193,0 0.256347,47.169952,0 0.256441,47.170870,0 0.258588,47.171240,0 0.258423,47.172220,0</coordinates>
          </LineString>
          <LineString>
            <tessellate>1</tessellate>
            <coordinates>0.258423,47.172220,0 0.258588,47.171240,0 0.256441,47.170870,0 0.256347,47.169952,0 0.257234,47.169193,0 0.257310,47.166603,0 0.255358,47.166576,0 0.253168,47.164870,0 0.248908,47.165360,0 0.247443,47.163754,0 0.244687,47.165130,0 0.238092,47.166065,0 0.238317,47.163937,0 0.234397,47.163628,0 0.233766,47.162228,0 0.234387,47.160812,0 0.237412,47.160526,0 0.235522,47.149944,0 0.236754,47.149360,0 0.248517,47.146526,0 0.255034,47.144825,0 0.255326,47.144535,0 0.255814,47.144620,0 0.265739,47.142220,0 0.266286,47.141940,0 0.267924,47.141697,0 0.291869,47.135918,0 0.292530,47.134663,0 0.294732,47.133500,0 0.313197,47.117435,0 0.313534,47.116974,0 0.314460,47.078148,0 0.316847,47.073647,0 0.318807,47.067772,0 0.318617,47.066555,0 0.317796,47.065845,0 0.316803,47.064144,0 0.318139,47.061690,0 0.322413,47.055645,0 0.322933,47.054245,0 0.323027,47.053368,0 0.323021,47.047500,0 0.322669,47.043587,0 0.322263,47.041267,0 0.322751,47.038260,0 0.321791,47.029964,0 0.320786,47.028540,0 0.321349,47.028090,0 0.321506,47.027660,0 0.321068,47.023500,0 0.322968,47.019684,0 0.323388,47.016994,0 0.323261,47.016888,0 0.323416,47.016804,0 0.324031,47.012638,0 0.323516,47.012600,0 0.323622,47.011894,0 0.324136,47.011932,0 0.324210,47.011387,0 0.323819,47.011036,0 0.318946,47.010720,0 0.318742,47.010525,0 0.321143,47.006710,0 0.319626,47.002125,0 0.319336,47.001700,0 0.318742,47.001385,0 0.319068,47.000713,0 0.318348,46.998300,0 0.318649,46.997720,0 0.337218,46.987810,0 0.338318,46.988567,0 0.343856,46.991200,0 0.345643,46.991627,0 0.346839,46.991480,0 0.346694,46.989864,0 0.344826,46.988556,0 0.343787,46.987556,0 0.342468,46.986237,0 0.341999,46.985275,0 0.368538,46.971220,0 0.371346,46.973846,0 0.372901,46.974980,0 0.377711,46.975723,0 0.376949,46.978992,0 0.375588,46.980446,0 0.374740,46.982970,0 0.377340,46.988636,0 0.378463,46.990620,0 0.380715,46.992130,0 0.381456,46.993040,0 0.384295,46.995464,0 0.389766,46.997746,0 0.391268,46.998960,0 0.392539,47.000443,0 0.394626,46.999490,0 0.395478,46.999310,0 0.410641,46.998230,0 0.420117,46.999870,0 0.425592,46.999165,0 0.443116,46.994150,0 0.448465,46.992905,0 0.449577,46.992270,0 0.451089,46.990788,0 0.455670,46.989063,0 0.457644,46.987957,0 0.461974,46.984093,0 0.465096,46.982230,0 0.485097,46.982450,0 0.487583,46.982760,0 0.488204,46.982655,0 0.488576,46.982376,0 0.488281,46.981964,0 0.488665,46.981827,0 0.488525,46.982456,0 0.487583,46.982760,0 0.485097,46.982450,0 0.465853,46.982178,0 0.462598,46.980453,0 0.458451,46.976970,0 0.449828,46.974598,0 0.448472,46.972748,0 0.442472,46.967680,0 0.440022,46.966360,0 0.437260,46.964220,0 0.428039,46.961700,0 0.426790,46.961082,0 0.423876,46.958350,0 0.421985,46.955850,0 0.421278,46.955560,0 0.419472,46.955360,0 0.419328,46.954040,0 0.419125,46.953762,0 0.415379,46.951515,0 0.413514,46.950874,0 0.412265,46.949657,0 0.413622,46.948776,0 0.413678,46.948890,0</coordinates>
          </LineString>
          <LineString>
            <tessellate>1</tessellate>
            <coordinates>0.258423,47.172220,0 0.258588,47.171240,0 0.256441,47.170870,0 0.256347,47.169952,0 0.257234,47.169193,0 0.257310,47.166603,0 0.255358,47.166576,0 0.253168,47.164870,0 0.246493,47.165627,0 0.246127,47.164425,0 0.244687,47.165130,0 0.238092,47.166065,0 0.238317,47.163937,0 0.234397,47.163628,0 0.233766,47.162228,0 0.234387,47.160812,0 0.237412,47.160526,0 0.235522,47.149944,0 0.236754,47.149360,0 0.248517,47.146526,0 0.255034,47.144825,0 0.255326,47.144535,0 0.255814,47.144620,0 0.265739,47.142220,0 0.266286,47.141940,0 0.267924,47.141697,0 0.291869,47.135918,0 0.292530,47.134663,0 0.294732,47.133500,0 0.313197,47.117435,0 0.313534,47.116974,0 0.314460,47.078148,0 0.316847,47.073647,0 0.318807,47.067772,0 0.318617,47.066555,0 0.317796,47.065845,0 0.316803,47.064144,0 0.318139,47.061690,0 0.322413,47.055645,0 0.322933,47.054245,0 0.323027,47.053368,0 0.323021,47.047500,0 0.322669,47.043587,0 0.322263,47.041267,0 0.322751,47.038260,0 0.321791,47.029964,0 0.320786,47.028540,0 0.321349,47.028090,0 0.321506,47.027660,0 0.321068,47.023500,0 0.322968,47.019684,0 0.323388,47.016994,0 0.323261,47.016888,0 0.323416,47.016804,0 0.324031,47.012638,0 0.323516,47.012600,0 0.323622,47.011894,0 0.324136,47.011932,0 0.324210,47.011387,0 0.323819,47.011036,0 0.318946,47.010720,0 0.318742,47.010525,0 0.321143,47.006710,0 0.319626,47.002125,0 0.319336,47.001700,0 0.318742,47.001385,0 0.319068,47.000713,0 0.318348,46.998300,0 0.318649,46.997720,0 0.337218,46.987810,0 0.338318,46.988567,0 0.343856,46.991200,0 0.345643,46.991627,0 0.346839,46.991480,0 0.346694,46.989864,0 0.344826,46.988556,0 0.343787,46.987556,0 0.342468,46.986237,0 0.341999,46.985275,0 0.368538,46.971220,0 0.371346,46.973846,0 0.372901,46.974980,0 0.377711,46.975723,0 0.376949,46.978992,0 0.375588,46.980446,0 0.374740,46.982970,0 0.377340,46.988636,0 0.378463,46.990620,0 0.380715,46.992130,0 0.381456,46.993040,0 0.384295,46.995464,0 0.389766,46.997746,0 0.391268,46.998960,0 0.392539,47.000443,0 0.394626,46.999490,0 0.395478,46.999310,0 0.410641,46.998230,0 0.420117,46.999870,0 0.425592,46.999165,0 0.443116,46.994150,0 0.448465,46.992905,0 0.449577,46.992270,0 0.451089,46.990788,0 0.455670,46.989063,0 0.457644,46.987957,0 0.461974,46.984093,0 0.465096,46.982230,0 0.485097,46.982450,0 0.487583,46.982760,0 0.488204,46.982655,0 0.488576,46.982376,0 0.488281,46.981964,0 0.488665,46.981827,0 0.488525,46.982456,0 0.487583,46.982760,0 0.485097,46.982450,0 0.465853,46.982178,0 0.462598,46.980453,0 0.458451,46.976970,0 0.449828,46.974598,0 0.448472,46.972748,0 0.442472,46.967680,0 0.440022,46.966360,0 0.437260,46.964220,0 0.428039,46.961700,0 0.426790,46.961082,0 0.423876,46.958350,0 0.421985,46.955850,0 0.421278,46.955560,0 0.419472,46.955360,0 0.419328,46.954040,0 0.419125,46.953762,0 0.415379,46.951515,0 0.413514,46.950874,0 0.412265,46.949657,0 0.413622,46.948776,0 0.413678,46.948890,0</coordinates>
          </LineString>
          <LineString>
            <tessellate>1</tessellate>
            <coordinates>0.320058,47.010790,0 0.323819,47.011036,0 0.324203,47.011300,0 0.324136,47.011932,0 0.324650,47.011967,0 0.324548,47.012672,0 0.324031,47.012638,0 0.323416,47.016804,0 0.323538,47.016926,0 0.323388,47.016994,0 0.322935,47.019800,0 0.321053,47.023640,0 0.321506,47.027660,0 0.321179,47.028828,0 0.321789,47.029810,0 0.322751,47.038260,0 0.322263,47.041267,0 0.322669,47.043587,0 0.323021,47.047500,0 0.323027,47.053368,0 0.322933,47.054245,0 0.322413,47.055645,0 0.318139,47.061690,0 0.316803,47.064144,0 0.317796,47.065845,0 0.318617,47.066555,0 0.318807,47.067772,0 0.316847,47.073647,0 0.314460,47.078148,0 0.313534,47.116974,0 0.313197,47.117435,0 0.294732,47.133500,0 0.292530,47.134663,0 0.292073,47.135400,0 0.292474,47.135887,0 0.292321,47.136086,0 0.291416,47.136100,0 0.288860,47.136642,0 0.255481,47.144676,0 0.243726,47.147760,0 0.236386,47.149483,0 0.235866,47.149750,0 0.235681,47.150360,0 0.235724,47.151115,0 0.235922,47.151127,0 0.235852,47.151325,0 0.235922,47.151127,0 0.235724,47.151115,0 0.235752,47.151720,0 0.237380,47.160465,0 0.238806,47.161366,0 0.239226,47.162178,0 0.239058,47.163406,0 0.238419,47.163925,0 0.234397,47.163628,0 0.233766,47.162228,0 0.234325,47.160890,0 0.236775,47.160540,0 0.237596,47.160595,0 0.238806,47.161366,0 0.239203,47.162040,0 0.239058,47.163406,0 0.238317,47.163937,0 0.238092,47.166065,0 0.244687,47.165130,0 0.249700,47.162550,0 0.250128,47.162540,0 0.251026,47.163240,0 0.251383,47.163025,0 0.251717,47.163284,0 0.251360,47.163498,0 0.255358,47.166576,0 0.257310,47.166603,0 0.257234,47.169193,0 0.256347,47.169952,0 0.256441,47.170870,0 0.258588,47.171240,0 0.258423,47.172220,0</coordinates>
          </LineString>
          <LineString>
            <tessellate>1</tessellate>
            <coordinates>0.413678,46.948890,0 0.413622,46.948776,0 0.412265,46.949657,0 0.413514,46.950874,0 0.415379,46.951515,0 0.419125,46.953762,0 0.419328,46.954040,0 0.419472,46.955360,0 0.421278,46.955560,0 0.421985,46.955850,0 0.423876,46.958350,0 0.426790,46.961082,0 0.428039,46.961700,0 0.437260,46.964220,0 0.440022,46.966360,0 0.442472,46.967680,0 0.448472,46.972748,0 0.449828,46.974598,0 0.458451,46.976970,0 0.462598,46.980453,0 0.465853,46.982178,0 0.485097,46.982450,0 0.487583,46.982760,0 0.488204,46.982655,0 0.488576,46.982376,0 0.488281,46.981964,0 0.488665,46.981827,0 0.488525,46.982456,0 0.487583,46.982760,0 0.485097,46.982450,0 0.465096,46.982230,0 0.461974,46.984093,0 0.457644,46.987957,0 0.455670,46.989063,0 0.451089,46.990788,0 0.449577,46.992270,0 0.448465,46.992905,0 0.443116,46.994150,0 0.425592,46.999165,0 0.420117,46.999870,0 0.410864,46.998226,0 0.395478,46.999310,0 0.394381,46.999590,0 0.390242,47.001472,0 0.383853,47.002360,0 0.379524,47.004856,0 0.373957,47.007120,0 0.367438,47.010387,0 0.363508,47.010860,0 0.361430,47.011750,0 0.358830,47.013160,0 0.358358,47.013718,0 0.357834,47.014896,0 0.357132,47.015507,0 0.354712,47.016200,0 0.352068,47.017470,0 0.350154,47.019894,0 0.349724,47.022095,0 0.348534,47.024513,0 0.347368,47.025375,0 0.347143,47.026493,0 0.344385,47.026966,0 0.336737,47.027298,0 0.326103,47.028545,0 0.321168,47.028730,0 0.321789,47.029810,0 0.322751,47.038260,0 0.322263,47.041267,0 0.322669,47.043587,0 0.323021,47.047500,0 0.323141,47.050556,0 0.322983,47.054010,0 0.322133,47.056107,0 0.318139,47.061690,0 0.316803,47.064144,0 0.317796,47.065845,0 0.318617,47.066555,0 0.318807,47.067772,0 0.316847,47.073647,0 0.314460,47.078148,0 0.313641,47.116364,0 0.313445,47.117150,0 0.294732,47.133500,0 0.292530,47.134663,0 0.292073,47.135400,0 0.292474,47.135887,0 0.292321,47.136086,0 0.291416,47.136100,0 0.288860,47.136642,0 0.255481,47.144676,0 0.236001,47.149643,0 0.235681,47.150360,0 0.235724,47.151115,0 0.235922,47.151127,0 0.235852,47.151325,0 0.235922,47.151127,0 0.235724,47.151115,0 0.235752,47.151720,0 0.237380,47.160465,0 0.238806,47.161366,0 0.239226,47.162178,0 0.239058,47.163406,0 0.238419,47.163925,0 0.234556,47.163643,0</coordinates>
          </LineString>
          <LineString>
            <tessellate>1</tessellate>
            <coordinates>0.320058,47.010790,0 0.323819,47.011036,0 0.324203,47.011300,0 0.324136,47.011932,0 0.324650,47.011967,0 0.324548,47.012672,0 0.324031,47.012638,0 0.323416,47.016804,0 0.323538,47.016926,0 0.323388,47.016994,0 0.322935,47.019800,0 0.321053,47.023640,0 0.321506,47.027660,0 0.321179,47.028828,0 0.321789,47.029810,0 0.322751,47.038260,0 0.322263,47.041267,0 0.322669,47.043587,0 0.323021,47.047500,0 0.323141,47.050556,0 0.323000,47.053790,0 0.322413,47.055645,0 0.318139,47.061690,0 0.316803,47.064144,0 0.317796,47.065845,0 0.318617,47.066555,0 0.318807,47.067772,0 0.316847,47.073647,0 0.314460,47.078148,0 0.313950,47.100930,0 0.306263,47.101162,0 0.303898,47.099773,0 0.300210,47.098938,0 0.298496,47.102486,0 0.299297,47.106853,0 0.298818,47.109165,0 0.297273,47.111443,0 0.294582,47.114430,0 0.294011,47.116776,0 0.293458,47.117730,0 0.290792,47.119760,0 0.288689,47.118706,0 0.286808,47.117188,0 0.284114,47.115894,0 0.277759,47.113365,0 0.277388,47.112923,0 0.275608,47.112210,0 0.273765,47.111107,0 0.272632,47.111954,0 0.273081,47.112210,0 0.273379,47.111950,0 0.272936,47.111713,0 0.273765,47.111107,0 0.275608,47.112210,0 0.277388,47.112923,0 0.277759,47.113365,0 0.284114,47.115894,0 0.286808,47.117188,0 0.288689,47.118706,0 0.290792,47.119760,0 0.289659,47.120335,0 0.287144,47.123432,0 0.286748,47.124035,0 0.285830,47.126620,0 0.285871,47.128360,0 0.286523,47.130340,0 0.287191,47.131680,0 0.287162,47.133000,0 0.286741,47.134342,0 0.285584,47.135400,0 0.284446,47.137430,0 0.284494,47.137703,0 0.255481,47.144676,0 0.243726,47.147760,0 0.236386,47.149483,0 0.235771,47.149940,0 0.235724,47.151115,0 0.235922,47.151127,0 0.235852,47.151325,0 0.235922,47.151127,0 0.235724,47.151115,0 0.235752,47.151720,0 0.237380,47.160465,0 0.238806,47.161366,0 0.239226,47.162178,0 0.239058,47.163406,0 0.238419,47.163925,0 0.234397,47.163628,0 0.233766,47.162228,0 0.234325,47.160890,0 0.236775,47.160540,0 0.237596,47.160595,0 0.238806,47.161366,0 0.239203,47.162040,0 0.239058,47.163406,0 0.238317,47.163937,0 0.238092,47.166065,0 0.244687,47.165130,0 0.249758,47.162530,0 0.250128,47.162540,0 0.251026,47.163240,0 0.251383,47.163025,0 0.251717,47.163284,0 0.251360,47.163498,0 0.255358,47.166576,0 0.257310,47.166603,0 0.257234,47.169193,0 0.256347,47.169952,0 0.256441,47.170870,0 0.258588,47.171240,0 0.258404,47.172447,0 0.258882,47.174600,0 0.259483,47.175760,0 0.260451,47.176556,0 0.261016,47.177525,0 0.261822,47.177790,0 0.262610,47.177773,0 0.264749,47.178960,0 0.273611,47.182304,0 0.273494,47.182500,0 0.272601,47.182655,0 0.269806,47.184680,0</coordinates>
          </LineString>
          <LineString>
            <tessellate>1</tessellate>
            <coordinates>0.234556,47.163643,0 0.235828,47.163757,0 0.235847,47.163532,0 0.236740,47.163060,0 0.238037,47.162735,0 0.237408,47.160698,0 0.235752,47.151720,0 0.235681,47.150360,0 0.235501,47.149980,0 0.236001,47.149643,0 0.255034,47.144825,0 0.255326,47.144535,0 0.255814,47.144620,0 0.265739,47.142220,0 0.266286,47.141940,0 0.267924,47.141697,0 0.284241,47.137764,0 0.284844,47.136948,0 0.285584,47.135400,0 0.286741,47.134342,0 0.287084,47.133553,0 0.287218,47.131855,0 0.285871,47.128360,0 0.285830,47.126620,0 0.286748,47.124035,0 0.287144,47.123432,0 0.289418,47.120570,0 0.290792,47.119760,0 0.288689,47.118706,0 0.286808,47.117188,0 0.284114,47.115894,0 0.277759,47.113365,0 0.277388,47.112923,0 0.275608,47.112210,0 0.273765,47.111107,0 0.272632,47.111954,0 0.273081,47.112210,0 0.273379,47.111950,0 0.272936,47.111713,0 0.273765,47.111107,0 0.275608,47.112210,0 0.277388,47.112923,0 0.277759,47.113365,0 0.284114,47.115894,0 0.286808,47.117188,0 0.288689,47.118706,0 0.290792,47.119760,0 0.293458,47.117730,0 0.294011,47.116776,0 0.294582,47.114430,0 0.297273,47.111443,0 0.298818,47.109165,0 0.299297,47.106853,0 0.298496,47.102486,0 0.301156,47.096943,0 0.298673,47.096710,0 0.298194,47.095960,0 0.298673,47.096710,0 0.301156,47.096943,0 0.302369,47.094540,0 0.302704,47.093323,0 0.302470,47.092064,0 0.302906,47.088830,0 0.302789,47.087530,0 0.302260,47.086370,0 0.301192,47.085384,0 0.299711,47.080276,0 0.299613,47.077717,0 0.298059,47.075745,0 0.298856,47.074387,0 0.290170,47.072735,0 0.290277,47.072945,0 0.290920,47.072910,0 0.298856,47.074387,0 0.301885,47.070805,0 0.304886,47.069150,0 0.306914,47.067710,0 0.307856,47.066692,0 0.312207,47.065750,0 0.316803,47.064144,0 0.318139,47.061690,0 0.322413,47.055645,0 0.322983,47.054010,0 0.323141,47.050556,0 0.322772,47.044560,0 0.322263,47.041267,0 0.322751,47.038260,0 0.321791,47.029964,0 0.320786,47.028540,0 0.321349,47.028090,0 0.321506,47.027660,0 0.321068,47.023500,0 0.322935,47.019800,0 0.323388,47.016994,0 0.323261,47.016888,0 0.323416,47.016804,0 0.323586,47.015694,0 0.326697,47.015926,0 0.327460,47.016205,0 0.336514,47.022175,0 0.343155,47.024140,0 0.346159,47.025856,0 0.347173,47.026134,0 0.347674,47.026676,0 0.362352,47.034527,0 0.364266,47.035225,0 0.366157,47.035164,0 0.372371,47.033806,0 0.376490,47.033443,0 0.387928,47.033420,0 0.389584,47.033100,0 0.393312,47.031876,0 0.396197,47.031334,0 0.401041,47.031100,0 0.401139,47.031254,0 0.400812,47.031647,0 0.400257,47.033710,0 0.398727,47.033850,0 0.395570,47.033770,0 0.395022,47.034508,0 0.394624,47.035503,0 0.393501,47.036710,0 0.393232,47.037556,0 0.391741,47.038666,0 0.391598,47.038960,0 0.392387,47.039787,0 0.396220,47.042603,0 0.396595,47.043224,0 0.396974,47.044710,0 0.398715,47.047260,0 0.401944,47.048897,0 0.402922,47.049683,0 0.404364,47.049053,0 0.407328,47.049347,0 0.408281,47.049110,0 0.409478,47.047985,0 0.410188,47.046566,0 0.415785,47.043090,0 0.417910,47.042824,0 0.421206,47.039776,0 0.424862,47.037346,0 0.427439,47.034924,0 0.430664,47.034676,0 0.433247,47.034930,0 0.435189,47.034634,0 0.435254,47.034360,0 0.436211,47.033480,0 0.438099,47.032497,0 0.441005,47.029057,0 0.448137,47.025820,0 0.450384,47.024400,0 0.452842,47.023438,0 0.452847,47.023140,0</coordinates>
          </LineString>
          <LineString>
            <tessellate>1</tessellate>
            <coordinates>0.251172,47.165115,0 0.246493,47.165627,0 0.246127,47.164425,0 0.244687,47.165130,0 0.238092,47.166065,0 0.238317,47.163937,0 0.234397,47.163628,0 0.233766,47.162228,0 0.234387,47.160812,0 0.237412,47.160526,0 0.235522,47.149944,0 0.236754,47.149360,0 0.248517,47.146526,0 0.255034,47.144825,0 0.255326,47.144535,0 0.255814,47.144620,0 0.265739,47.142220,0 0.266286,47.141940,0 0.267924,47.141697,0 0.284241,47.137764,0 0.284844,47.136948,0 0.285584,47.135400,0 0.286633,47.134506,0 0.287084,47.133553,0 0.287191,47.131680,0 0.286523,47.130340,0 0.285871,47.128360,0 0.285830,47.126620,0 0.286748,47.124035,0 0.287144,47.123432,0 0.289418,47.120570,0 0.290792,47.119760,0 0.288689,47.118706,0 0.286808,47.117188,0 0.284114,47.115894,0 0.277759,47.113365,0 0.277388,47.112923,0 0.275608,47.112210,0 0.273765,47.111107,0 0.272632,47.111954,0 0.273081,47.112210,0 0.273379,47.111950,0 0.272936,47.111713,0 0.273765,47.111107,0 0.275608,47.112210,0 0.277388,47.112923,0 0.277759,47.113365,0 0.284114,47.115894,0 0.286808,47.117188,0 0.288689,47.118706,0 0.290792,47.119760,0 0.293458,47.117730,0 0.294011,47.116776,0 0.294582,47.114430,0 0.297273,47.111443,0 0.299046,47.108578,0 0.299264,47.106464,0 0.298496,47.102486,0 0.301156,47.096943,0 0.298673,47.096710,0 0.298194,47.095960,0 0.298673,47.096710,0 0.301156,47.096943,0 0.300210,47.098938,0 0.303898,47.099773,0 0.306263,47.101162,0 0.313950,47.100930,0 0.314460,47.078148,0 0.316847,47.073647,0 0.318807,47.067772,0 0.318617,47.066555,0 0.317796,47.065845,0 0.316803,47.064144,0 0.318139,47.061690,0 0.322413,47.055645,0 0.322933,47.054245,0 0.323027,47.053368,0 0.323021,47.047500,0 0.322669,47.043587,0 0.322263,47.041267,0 0.322751,47.038260,0 0.321791,47.029964,0 0.320786,47.028540,0 0.321349,47.028090,0 0.321506,47.027660,0 0.321068,47.023500,0 0.322968,47.019684,0 0.323388,47.016994,0 0.323261,47.016888,0 0.323416,47.016804,0 0.324031,47.012638,0 0.323516,47.012600,0 0.323622,47.011894,0 0.324136,47.011932,0 0.324203,47.011300,0 0.323819,47.011036,0 0.318946,47.010720,0 0.318742,47.010525,0 0.321025,47.007120,0 0.321142,47.006626,0 0.319626,47.002125,0 0.319336,47.001700,0 0.318742,47.001385,0 0.319068,47.000713,0 0.318348,46.998300,0 0.318487,46.997887,0 0.337218,46.987810,0 0.338318,46.988567,0 0.343856,46.991200,0 0.345643,46.991627,0 0.346839,46.991480,0 0.346694,46.989864,0 0.344826,46.988556,0 0.343787,46.987556,0 0.342468,46.986237,0 0.341999,46.985275,0 0.368538,46.971220,0 0.371346,46.973846,0 0.372901,46.974980,0 0.377195,46.975662,0</coordinates>
          </LineString>
          <LineString>
            <tessellate>1</tessellate>
            <coordinates>0.377260,46.975670,0 0.372901,46.974980,0 0.371346,46.973846,0 0.368538,46.971220,0 0.341999,46.985275,0 0.342468,46.986237,0 0.343787,46.987556,0 0.344826,46.988556,0 0.346694,46.989864,0 0.346839,46.991480,0 0.345643,46.991627,0 0.343856,46.991200,0 0.337096,46.987877,0 0.318487,46.997887,0 0.318348,46.998300,0 0.319037,47.000477,0 0.319079,47.001200,0 0.319670,47.002228,0 0.321142,47.006626,0 0.321025,47.007120,0 0.318742,47.010525,0 0.318946,47.010720,0 0.323819,47.011036,0 0.324203,47.011300,0 0.324136,47.011932,0 0.324650,47.011967,0 0.324548,47.012672,0 0.324031,47.012638,0 0.323416,47.016804,0 0.323538,47.016926,0 0.323388,47.016994,0 0.322935,47.019800,0 0.321053,47.023640,0 0.321506,47.027660,0 0.321179,47.028828,0 0.321789,47.029810,0 0.322751,47.038260,0 0.322263,47.041267,0 0.322669,47.043587,0 0.323021,47.047500,0 0.323027,47.053368,0 0.322933,47.054245,0 0.322413,47.055645,0 0.318139,47.061690,0 0.316803,47.064144,0 0.317796,47.065845,0 0.318617,47.066555,0 0.318807,47.067772,0 0.316847,47.073647,0 0.314460,47.078148,0 0.313950,47.100930,0 0.306263,47.101162,0 0.303898,47.099773,0 0.300210,47.098938,0 0.301156,47.096943,0 0.298166,47.096610,0 0.296418,47.096657,0 0.291027,47.095547,0 0.288356,47.095505,0 0.286744,47.096138,0 0.286208,47.096790,0 0.284734,47.101227,0 0.283006,47.104187,0 0.279201,47.107376,0 0.276324,47.109040,0 0.275259,47.110367,0 0.273765,47.111107,0 0.275608,47.112210,0 0.277388,47.112923,0 0.277759,47.113365,0 0.284114,47.115894,0 0.286808,47.117188,0 0.288689,47.118706,0 0.290792,47.119760,0 0.289659,47.120335,0 0.287144,47.123432,0 0.286748,47.124035,0 0.285830,47.126620,0 0.285871,47.128360,0 0.287218,47.131855,0 0.287084,47.133553,0 0.286741,47.134342,0 0.285584,47.135400,0 0.284446,47.137430,0 0.284494,47.137703,0 0.255481,47.144676,0 0.243726,47.147760,0 0.236386,47.149483,0 0.235866,47.149750,0 0.235681,47.150360,0 0.235724,47.151115,0 0.235922,47.151127,0 0.235852,47.151325,0 0.235922,47.151127,0 0.235724,47.151115,0 0.235752,47.151720,0 0.237380,47.160465,0 0.238806,47.161366,0 0.239226,47.162178,0 0.239058,47.163406,0 0.238419,47.163925,0 0.234397,47.163628,0 0.233766,47.162228,0 0.234387,47.160812,0 0.237412,47.160526,0 0.238806,47.161366,0 0.239226,47.162178,0 0.239058,47.163406,0 0.238317,47.163937,0 0.238092,47.166065,0 0.244687,47.165130,0 0.249901,47.162506,0 0.253168,47.164870,0 0.247946,47.165466,0</coordinates>
          </LineString>
          <LineString>
            <tessellate>1</tessellate>
            <coordinates>0.269806,47.184680,0 0.271916,47.183110,0 0.273047,47.182514,0 0.273900,47.181320,0 0.273948,47.180134,0 0.273780,47.179924,0 0.273918,47.179695,0 0.273516,47.178932,0 0.272880,47.178610,0 0.270835,47.178616,0 0.270820,47.177420,0 0.271545,47.176000,0 0.271405,47.174720,0 0.270500,47.173040,0 0.267544,47.173378,0 0.262158,47.172940,0 0.261278,47.172653,0 0.258431,47.171160,0 0.256478,47.170900,0 0.256347,47.169952,0 0.257234,47.169193,0 0.257310,47.166603,0 0.255358,47.166576,0 0.253168,47.164870,0 0.248908,47.165360,0 0.248324,47.164720,0 0.244931,47.165043,0 0.238092,47.166065,0 0.238317,47.163937,0 0.234397,47.163628,0 0.233766,47.162228,0 0.234387,47.160812,0 0.237412,47.160526,0 0.235501,47.149980,0 0.236754,47.149360,0 0.248517,47.146526,0 0.255034,47.144825,0 0.255326,47.144535,0 0.255814,47.144620,0 0.265739,47.142220,0 0.266286,47.141940,0 0.267924,47.141697,0 0.284241,47.137764,0 0.284844,47.136948,0 0.285584,47.135400,0 0.286633,47.134506,0 0.287084,47.133553,0 0.287191,47.131680,0 0.286523,47.130340,0 0.285757,47.127625,0 0.285830,47.126620,0 0.286748,47.124035,0 0.289418,47.120570,0 0.290792,47.119760,0 0.288689,47.118706,0 0.286808,47.117188,0 0.284114,47.115894,0 0.277759,47.113365,0 0.277388,47.112923,0 0.275608,47.112210,0 0.273765,47.111107,0 0.272632,47.111954,0 0.273081,47.112210,0 0.273379,47.111950,0 0.272936,47.111713,0 0.273765,47.111107,0 0.275608,47.112210,0 0.277388,47.112923,0 0.277759,47.113365,0 0.284114,47.115894,0 0.286808,47.117188,0 0.288689,47.118706,0 0.290792,47.119760,0 0.293458,47.117730,0 0.294011,47.116776,0 0.294582,47.114430,0 0.297273,47.111443,0 0.298818,47.109165,0 0.299297,47.106853,0 0.298496,47.102486,0 0.300210,47.098938,0 0.303898,47.099773,0 0.306263,47.101162,0 0.313950,47.100930,0 0.314460,47.078148,0 0.316847,47.073647,0 0.318807,47.067772,0 0.318617,47.066555,0 0.317796,47.065845,0 0.316803,47.064144,0 0.318139,47.061690,0 0.322413,47.055645,0 0.323000,47.053790,0 0.323141,47.050556,0 0.323021,47.047500,0 0.322669,47.043587,0 0.322263,47.041267,0 0.322751,47.038260,0 0.321791,47.029964,0 0.320786,47.028540,0 0.321349,47.028090,0 0.321506,47.027660,0 0.321068,47.023500,0 0.322968,47.019684,0 0.323388,47.016994,0 0.323261,47.016888,0 0.323416,47.016804,0 0.324031,47.012638,0 0.323516,47.012600,0 0.323622,47.011894,0 0.324136,47.011932,0 0.324210,47.011387,0 0.323819,47.011036,0 0.320058,47.010790,0</coordinates>
          </LineString>
          <LineString>
            <tessellate>1</tessellate>
            <coordinates>0.258423,47.172220,0 0.258588,47.171240,0 0.256441,47.170870,0 0.256347,47.169952,0 0.257234,47.169193,0 0.257310,47.166603,0 0.255358,47.166576,0 0.253168,47.164870,0 0.248908,47.165360,0 0.247443,47.163754,0 0.244687,47.165130,0 0.238092,47.166065,0 0.238317,47.163937,0 0.234397,47.163628,0 0.233766,47.162228,0 0.234387,47.160812,0 0.237412,47.160526,0 0.235501,47.149980,0 0.236754,47.149360,0 0.248517,47.146526,0 0.255034,47.144825,0 0.255326,47.144535,0 0.255814,47.144620,0 0.265739,47.142220,0 0.266286,47.141940,0 0.267924,47.141697,0 0.284241,47.137764,0 0.284844,47.136948,0 0.285584,47.135400,0 0.286741,47.134342,0 0.287084,47.133553,0 0.287218,47.131855,0 0.285966,47.128700,0 0.285740,47.127120,0 0.286748,47.124035,0 0.289659,47.120335,0 0.290599,47.119920,0 0.293458,47.117730,0 0.294011,47.116776,0 0.294582,47.114430,0 0.297273,47.111443,0 0.298818,47.109165,0 0.299297,47.106853,0 0.298496,47.102486,0 0.302369,47.094540,0 0.302725,47.093143,0 0.302470,47.092064,0 0.302906,47.088830,0 0.302789,47.087530,0 0.302260,47.086370,0 0.301192,47.085384,0 0.299711,47.080276,0 0.299613,47.077717,0 0.298059,47.075745,0 0.298856,47.074387,0 0.290190,47.072670,0 0.290277,47.072945,0 0.290920,47.072910,0 0.298856,47.074387,0 0.301885,47.070805,0 0.304886,47.069150,0 0.306914,47.067710,0 0.307856,47.066692,0 0.312207,47.065750,0 0.316803,47.064144,0 0.318139,47.061690,0 0.322413,47.055645,0 0.322983,47.054010,0 0.323141,47.050556,0 0.322772,47.044560,0 0.322263,47.041267,0 0.322751,47.038260,0 0.321791,47.029964,0 0.320786,47.028540,0 0.321349,47.028090,0 0.321506,47.027660,0 0.321068,47.023500,0 0.322935,47.019800,0 0.323388,47.016994,0 0.323261,47.016888,0 0.323416,47.016804,0 0.323586,47.015694,0 0.326697,47.015926,0 0.327460,47.016205,0 0.336514,47.022175,0 0.343155,47.024140,0 0.346159,47.025856,0 0.347173,47.026134,0 0.347674,47.026676,0 0.362352,47.034527,0 0.364266,47.035225,0 0.366157,47.035164,0 0.372371,47.033806,0 0.376490,47.033443,0 0.387928,47.033420,0 0.389584,47.033100,0 0.393312,47.031876,0 0.396197,47.031334,0 0.401041,47.031100,0 0.401139,47.031254,0 0.400812,47.031647,0 0.400257,47.033710,0 0.398727,47.033850,0 0.395570,47.033770,0 0.395022,47.034508,0 0.394624,47.035503,0 0.393501,47.036710,0 0.393232,47.037556,0 0.391741,47.038666,0 0.391598,47.038960,0 0.392387,47.039787,0 0.396220,47.042603,0 0.396595,47.043224,0 0.396974,47.044710,0 0.398715,47.047260,0 0.401944,47.048897,0 0.402922,47.049683,0 0.404364,47.049053,0 0.407328,47.049347,0 0.408281,47.049110,0 0.409478,47.047985,0 0.410188,47.046566,0 0.415785,47.043090,0 0.417910,47.042824,0 0.421206,47.039776,0 0.424862,47.037346,0 0.427439,47.034924,0 0.430664,47.034676,0 0.433247,47.034930,0 0.435189,47.034634,0 0.435254,47.034360,0 0.436211,47.033480,0 0.438099,47.032497,0 0.441005,47.029057,0 0.448137,47.025820,0 0.450384,47.024400,0 0.452842,47.023438,0 0.452847,47.023140,0</coordinates>
          </LineString>
        </MultiGeometry>
      </Placemark>
      <Placemark>
        <name>TF — Langeais - Azay-le-Rideau - Chinon — Ligne de semaine</name>
        <description>Groupe horaire : Ligne de semaine
Ligne régionale Rémi TF. Tracé issu des shapes GTFS officiels fournis.</description>
        <styleUrl>#route_REMI37_Line_351</styleUrl>
        <MultiGeometry>
          <LineString>
            <tessellate>1</tessellate>
            <coordinates>0.234556,47.163643,0 0.238317,47.163937,0 0.238092,47.166065,0 0.244687,47.165130,0 0.249700,47.162550,0 0.250128,47.162540,0 0.255358,47.166576,0 0.257310,47.166603,0 0.257234,47.169193,0 0.256347,47.169952,0 0.256478,47.170900,0 0.258431,47.171160,0 0.261278,47.172653,0 0.262158,47.172940,0 0.267544,47.173378,0 0.270500,47.173040,0 0.271405,47.174720,0 0.271545,47.176000,0 0.270820,47.177420,0 0.270835,47.178616,0 0.272880,47.178610,0 0.273696,47.179130,0 0.273997,47.179928,0 0.273885,47.181404,0 0.273540,47.182030,0 0.273746,47.182446,0 0.320570,47.200570,0 0.371231,47.219646,0 0.411858,47.235435,0 0.451346,47.250397,0 0.452954,47.251160,0 0.453558,47.251230,0 0.461496,47.254242,0 0.463519,47.255615,0 0.464467,47.258320,0 0.464438,47.259960,0 0.465058,47.261074,0 0.465814,47.261818,0 0.467599,47.264977,0 0.472180,47.266804,0 0.472235,47.267120,0 0.471867,47.267162,0 0.470455,47.266280,0 0.469587,47.266030,0 0.460485,47.264250,0 0.458830,47.263280,0 0.457821,47.261790,0 0.457316,47.261517,0 0.457057,47.261772,0 0.457513,47.263046,0 0.447024,47.265000,0 0.444572,47.265026,0 0.440171,47.266964,0 0.434064,47.268745,0 0.433995,47.269043,0 0.432931,47.269375,0 0.432639,47.269165,0 0.425170,47.271404,0 0.424308,47.271920,0 0.424126,47.272440,0 0.424325,47.276608,0 0.425511,47.279610,0 0.421667,47.289925,0 0.418269,47.293640,0 0.416118,47.298500,0 0.413860,47.300755,0 0.412968,47.303955,0 0.408672,47.314556,0 0.407984,47.315186,0 0.403216,47.321045,0 0.406073,47.321800,0 0.409647,47.323578,0 0.411444,47.323760,0 0.414829,47.324825,0 0.422728,47.325745,0 0.423423,47.325610,0 0.423645,47.325860,0 0.423283,47.326040,0 0.423119,47.326460,0 0.419482,47.330400,0 0.419426,47.330784,0 0.419222,47.330890,0 0.417619,47.330307,0 0.415047,47.328728,0 0.410778,47.326656,0 0.408839,47.326035,0 0.408283,47.327553,0 0.408827,47.328070,0 0.410276,47.328644,0 0.410811,47.329174,0 0.411416,47.330170,0 0.411430,47.331960,0 0.411191,47.332417,0 0.410021,47.333454,0 0.409228,47.333015,0 0.408281,47.331932,0 0.407388,47.331577,0</coordinates>
          </LineString>
          <LineString>
            <tessellate>1</tessellate>
            <coordinates>0.234556,47.163643,0 0.238317,47.163937,0 0.238092,47.166065,0 0.244687,47.165130,0 0.249700,47.162550,0 0.250128,47.162540,0 0.253168,47.164870,0 0.246610,47.165627,0 0.247394,47.166485,0 0.249637,47.166183,0 0.250642,47.167313,0 0.252792,47.166855,0 0.255358,47.166576,0 0.257310,47.166603,0 0.257234,47.169193,0 0.256347,47.169952,0 0.256478,47.170900,0 0.258431,47.171160,0 0.261278,47.172653,0 0.262158,47.172940,0 0.267544,47.173378,0 0.270500,47.173040,0 0.271405,47.174720,0 0.271545,47.176000,0 0.270820,47.177420,0 0.270835,47.178616,0 0.272880,47.178610,0 0.273696,47.179130,0 0.273997,47.179928,0 0.273885,47.181404,0 0.273540,47.182030,0 0.273746,47.182446,0 0.320570,47.200570,0 0.371231,47.219646,0 0.411858,47.235435,0 0.451346,47.250397,0 0.453051,47.251415,0 0.454216,47.252780,0 0.456699,47.258400,0 0.457660,47.261303,0 0.459417,47.262790,0 0.449035,47.264507,0 0.447024,47.265000,0 0.444572,47.265026,0 0.440171,47.266964,0 0.434064,47.268745,0 0.433995,47.269043,0 0.432931,47.269375,0 0.432639,47.269165,0 0.425170,47.271404,0 0.424308,47.271920,0 0.424126,47.272440,0 0.424325,47.276608,0 0.425511,47.279610,0 0.421667,47.289925,0 0.418269,47.293640,0 0.416118,47.298500,0 0.413860,47.300755,0 0.412968,47.303955,0 0.408672,47.314556,0 0.403238,47.320953,0 0.403472,47.321190,0 0.406257,47.321873,0 0.409818,47.323624,0 0.411444,47.323760,0 0.415975,47.325050,0 0.422728,47.325745,0 0.423423,47.325610,0 0.423613,47.325920,0 0.423283,47.326040,0 0.423119,47.326460,0 0.419482,47.330400,0 0.419426,47.330784,0 0.419222,47.330890,0 0.417619,47.330307,0 0.415047,47.328728,0 0.410778,47.326656,0 0.408839,47.326035,0 0.408114,47.325085,0 0.406436,47.324856,0 0.405624,47.325874,0 0.404053,47.325626,0 0.403948,47.325970,0 0.403070,47.326030,0 0.401558,47.327026,0 0.402112,47.328240,0 0.402929,47.329247,0 0.405998,47.331050,0 0.408281,47.331932,0 0.409228,47.333015,0 0.410021,47.333454,0 0.411377,47.332130,0 0.411416,47.330170,0 0.410403,47.328730,0 0.408691,47.327995,0 0.408273,47.327500,0 0.408839,47.326035,0 0.410636,47.326603,0 0.414774,47.328583,0 0.418000,47.330490,0 0.418577,47.330690,0 0.419370,47.330566,0 0.419300,47.331184,0 0.420462,47.331867,0 0.427142,47.334778,0 0.435418,47.337597,0 0.438290,47.339417,0 0.441801,47.340958,0 0.450256,47.343460,0 0.453575,47.344887,0 0.449450,47.349693,0 0.448046,47.349525,0 0.446436,47.349020,0 0.443428,47.348846,0 0.441440,47.348230,0 0.439212,47.349667,0 0.437074,47.351420,0 0.436477,47.352375,0 0.435404,47.353405,0 0.437217,47.356560,0 0.439372,47.361824,0 0.422785,47.383244,0 0.423600,47.383390,0 0.425598,47.383250,0 0.425710,47.384840,0 0.423055,47.384510,0 0.422597,47.384647,0 0.421878,47.384422,0 0.389958,47.425630,0 0.390422,47.425640,0</coordinates>
          </LineString>
          <LineString>
            <tessellate>1</tessellate>
            <coordinates>0.234556,47.163643,0 0.238317,47.163937,0 0.238092,47.166065,0 0.244687,47.165130,0 0.249700,47.162550,0 0.250128,47.162540,0 0.255358,47.166576,0 0.257310,47.166603,0 0.257234,47.169193,0 0.256347,47.169952,0 0.256478,47.170900,0 0.258431,47.171160,0 0.261278,47.172653,0 0.262158,47.172940,0 0.267544,47.173378,0 0.270500,47.173040,0 0.271405,47.174720,0 0.271545,47.176000,0 0.270820,47.177420,0 0.270835,47.178616,0 0.272880,47.178610,0 0.273696,47.179130,0 0.273997,47.179928,0 0.273885,47.181404,0 0.273540,47.182030,0 0.273746,47.182446,0 0.320570,47.200570,0 0.371231,47.219646,0 0.411858,47.235435,0 0.451346,47.250397,0 0.453051,47.251415,0 0.454216,47.252780,0 0.456699,47.258400,0 0.457660,47.261303,0 0.459417,47.262790,0 0.449035,47.264507,0 0.447024,47.265000,0 0.444572,47.265026,0 0.440171,47.266964,0 0.434064,47.268745,0 0.433995,47.269043,0 0.432931,47.269375,0 0.432639,47.269165,0 0.425170,47.271404,0 0.424308,47.271920,0 0.424126,47.272440,0 0.424325,47.276608,0 0.425511,47.279610,0 0.421667,47.289925,0 0.418269,47.293640,0 0.416118,47.298500,0 0.413860,47.300755,0 0.412968,47.303955,0 0.408672,47.314556,0 0.403238,47.320953,0 0.403472,47.321190,0 0.406257,47.321873,0 0.409818,47.323624,0 0.411444,47.323760,0 0.415975,47.325050,0 0.422728,47.325745,0 0.423423,47.325610,0 0.423613,47.325920,0 0.423283,47.326040,0 0.423119,47.326460,0 0.419482,47.330400,0 0.419426,47.330784,0 0.419222,47.330890,0 0.417619,47.330307,0 0.415047,47.328728,0 0.410778,47.326656,0 0.408839,47.326035,0 0.408114,47.325085,0 0.406436,47.324856,0 0.405624,47.325874,0 0.404053,47.325626,0 0.403948,47.325970,0 0.403070,47.326030,0 0.401558,47.327026,0 0.402112,47.328240,0 0.402929,47.329247,0 0.405998,47.331050,0 0.408281,47.331932,0 0.409228,47.333015,0 0.410021,47.333454,0 0.411377,47.332130,0 0.411416,47.330170,0 0.410403,47.328730,0 0.408691,47.327995,0 0.408273,47.327500,0 0.408839,47.326035,0 0.410636,47.326603,0 0.414774,47.328583,0 0.418000,47.330490,0 0.418577,47.330690,0 0.419370,47.330566,0 0.419300,47.331184,0 0.420462,47.331867,0 0.427142,47.334778,0 0.435418,47.337597,0 0.438290,47.339417,0 0.441801,47.340958,0 0.450256,47.343460,0 0.453575,47.344887,0 0.449450,47.349693,0 0.448046,47.349525,0 0.446436,47.349020,0 0.443428,47.348846,0 0.441440,47.348230,0 0.439212,47.349667,0 0.437074,47.351420,0 0.436477,47.352375,0 0.435404,47.353405,0 0.437217,47.356560,0 0.439372,47.361824,0 0.422785,47.383244,0 0.423600,47.383390,0 0.425598,47.383250,0 0.425710,47.384840,0 0.423055,47.384510,0 0.422597,47.384647,0 0.421878,47.384422,0 0.389958,47.425630,0 0.390422,47.425640,0</coordinates>
          </LineString>
          <LineString>
            <tessellate>1</tessellate>
            <coordinates>0.407388,47.331577,0 0.405564,47.330826,0 0.402929,47.329247,0 0.402112,47.328240,0 0.401464,47.326900,0 0.400219,47.325710,0 0.399643,47.325523,0 0.400512,47.324570,0 0.402013,47.324040,0 0.403353,47.324146,0 0.405652,47.324740,0 0.406149,47.325070,0 0.406360,47.324978,0 0.406399,47.324467,0 0.404858,47.323230,0 0.399993,47.321117,0 0.392843,47.318535,0 0.364829,47.310745,0 0.363789,47.310207,0 0.362934,47.309357,0 0.362298,47.309383,0 0.359572,47.310837,0 0.357074,47.310837,0 0.356357,47.310684,0 0.354157,47.309174,0 0.350419,47.307970,0 0.348656,47.307533,0 0.348156,47.308470,0 0.347226,47.308163,0 0.347158,47.308037,0 0.347843,47.307380,0 0.346239,47.306587,0 0.345196,47.305836,0 0.344178,47.305553,0 0.342849,47.304850,0 0.340866,47.304370,0 0.339746,47.303844,0 0.336232,47.301110,0 0.332380,47.298927,0 0.330682,47.297646,0 0.329233,47.297012,0 0.327241,47.295467,0 0.323318,47.293655,0 0.318520,47.291885,0 0.318265,47.291603,0 0.315816,47.290993,0 0.315736,47.290714,0 0.316244,47.289410,0 0.315750,47.288700,0 0.313819,47.287810,0 0.311535,47.287205,0 0.309229,47.286324,0 0.309570,47.285896,0</coordinates>
          </LineString>
          <LineString>
            <tessellate>1</tessellate>
            <coordinates>0.407388,47.331577,0 0.408281,47.331932,0 0.409228,47.333015,0 0.410021,47.333454,0 0.411191,47.332417,0 0.411430,47.331960,0 0.411416,47.330170,0 0.410811,47.329174,0 0.410276,47.328644,0 0.408827,47.328070,0 0.408283,47.327553,0 0.408799,47.325977,0 0.408114,47.325085,0 0.406436,47.324856,0 0.406473,47.324560,0 0.405804,47.323853,0 0.404858,47.323230,0 0.400514,47.321445,0 0.400133,47.321136,0 0.401754,47.320700,0 0.403111,47.320995,0 0.407984,47.315186,0 0.408602,47.314670,0 0.412968,47.303955,0 0.413860,47.300755,0 0.416118,47.298500,0 0.418269,47.293640,0 0.421603,47.290073,0 0.425511,47.279610,0 0.424325,47.276608,0 0.424126,47.272440,0 0.424308,47.271920,0 0.425170,47.271404,0 0.432639,47.269165,0 0.432931,47.269375,0 0.433995,47.269043,0 0.434064,47.268745,0 0.440171,47.266964,0 0.444572,47.265026,0 0.447024,47.265000,0 0.449035,47.264507,0 0.459921,47.262720,0 0.463728,47.261726,0 0.465021,47.262062,0 0.465814,47.261818,0 0.467599,47.264977,0 0.472180,47.266804,0 0.472235,47.267120,0 0.471867,47.267162,0 0.470455,47.266280,0 0.469587,47.266030,0 0.461038,47.264427,0 0.460038,47.264070,0 0.458980,47.263405,0 0.457962,47.262140,0 0.456699,47.258400,0 0.454403,47.253155,0 0.453765,47.252113,0 0.453051,47.251415,0 0.453231,47.251210,0 0.453558,47.251230,0 0.461676,47.254320,0 0.460980,47.254574,0 0.460533,47.254223,0 0.460400,47.253834,0 0.459543,47.253498,0 0.453882,47.251354,0 0.453138,47.251488,0 0.451346,47.250397,0 0.411858,47.235435,0 0.371231,47.219646,0 0.325203,47.202340,0 0.276032,47.183410,0 0.273234,47.182487,0 0.273152,47.182290,0 0.273540,47.182030,0 0.273885,47.181404,0 0.273948,47.180134,0 0.273780,47.179924,0 0.273906,47.179646,0 0.273516,47.178932,0 0.272880,47.178610,0 0.270835,47.178616,0 0.270820,47.177420,0 0.271545,47.176000,0 0.271405,47.174720,0 0.270500,47.173040,0 0.267544,47.173378,0 0.262158,47.172940,0 0.261278,47.172653,0 0.258431,47.171160,0 0.256478,47.170900,0 0.256347,47.169952,0 0.257234,47.169193,0 0.257310,47.166603,0 0.255358,47.166576,0 0.253168,47.164870,0 0.248908,47.165360,0 0.247443,47.163754,0 0.244687,47.165130,0 0.238092,47.166065,0 0.238317,47.163937,0 0.234556,47.163643,0</coordinates>
          </LineString>
          <LineString>
            <tessellate>1</tessellate>
            <coordinates>0.234556,47.163643,0 0.238317,47.163937,0 0.238092,47.166065,0 0.244687,47.165130,0 0.249700,47.162550,0 0.250128,47.162540,0 0.253168,47.164870,0 0.246610,47.165627,0 0.247394,47.166485,0 0.249637,47.166183,0 0.250642,47.167313,0 0.252792,47.166855,0 0.255358,47.166576,0 0.257310,47.166603,0 0.257234,47.169193,0 0.256347,47.169952,0 0.256478,47.170900,0 0.258431,47.171160,0 0.261278,47.172653,0 0.262158,47.172940,0 0.267544,47.173378,0 0.270500,47.173040,0 0.271405,47.174720,0 0.271545,47.176000,0 0.270820,47.177420,0 0.270835,47.178616,0 0.272880,47.178610,0 0.273696,47.179130,0 0.273997,47.179928,0 0.273885,47.181404,0 0.273540,47.182030,0 0.273746,47.182446,0 0.320570,47.200570,0 0.371231,47.219646,0 0.411858,47.235435,0 0.451346,47.250397,0 0.452954,47.251160,0 0.453558,47.251230,0 0.461810,47.254370,0 0.463653,47.255795,0 0.464499,47.258484,0 0.464438,47.259960,0 0.465058,47.261074,0 0.465814,47.261818,0 0.467599,47.264977,0 0.472316,47.266960,0 0.471926,47.267178,0 0.470455,47.266280,0 0.469587,47.266030,0 0.460485,47.264250,0 0.458830,47.263280,0 0.457821,47.261790,0 0.457316,47.261517,0 0.457057,47.261772,0 0.457513,47.263046,0 0.447024,47.265000,0 0.444572,47.265026,0 0.440171,47.266964,0 0.434064,47.268745,0 0.433995,47.269043,0 0.432931,47.269375,0 0.432570,47.269184,0 0.424574,47.271667,0 0.424130,47.272354,0 0.424325,47.276608,0 0.425511,47.279610,0 0.421603,47.290073,0 0.418269,47.293640,0 0.416118,47.298500,0 0.413860,47.300755,0 0.412968,47.303955,0 0.408672,47.314556,0 0.406212,47.317307,0 0.403113,47.321210,0 0.401748,47.320736,0 0.400197,47.321255,0 0.392843,47.318535,0 0.364829,47.310745,0 0.363789,47.310207,0 0.362934,47.309357,0 0.362298,47.309383,0 0.359572,47.310837,0 0.357074,47.310837,0 0.356357,47.310684,0 0.354157,47.309174,0 0.350419,47.307970,0 0.348656,47.307533,0 0.348156,47.308470,0 0.347226,47.308163,0 0.347158,47.308037,0 0.347843,47.307380,0 0.346239,47.306587,0 0.345196,47.305836,0 0.344178,47.305553,0 0.342849,47.304850,0 0.340866,47.304370,0 0.339746,47.303844,0 0.336232,47.301110,0 0.332380,47.298927,0 0.330682,47.297646,0 0.329233,47.297012,0 0.327241,47.295467,0 0.323318,47.293655,0 0.318520,47.291885,0 0.318265,47.291603,0 0.315816,47.290993,0 0.315736,47.290714,0 0.316244,47.289410,0 0.315750,47.288700,0 0.313819,47.287810,0 0.311535,47.287205,0 0.309229,47.286324,0 0.309570,47.285896,0</coordinates>
          </LineString>
          <LineString>
            <tessellate>1</tessellate>
            <coordinates>0.234556,47.163643,0 0.238317,47.163937,0 0.238092,47.166065,0 0.244687,47.165130,0 0.249700,47.162550,0 0.250128,47.162540,0 0.255358,47.166576,0 0.257310,47.166603,0 0.257234,47.169193,0 0.256347,47.169952,0 0.256478,47.170900,0 0.258431,47.171160,0 0.261278,47.172653,0 0.262158,47.172940,0 0.267544,47.173378,0 0.270500,47.173040,0 0.271405,47.174720,0 0.271545,47.176000,0 0.270820,47.177420,0 0.270835,47.178616,0 0.272880,47.178610,0 0.273696,47.179130,0 0.273997,47.179928,0 0.273885,47.181404,0 0.273540,47.182030,0 0.273746,47.182446,0 0.320570,47.200570,0 0.371231,47.219646,0 0.411858,47.235435,0 0.451611,47.250510,0 0.453138,47.251488,0 0.454216,47.252780,0 0.456699,47.258400,0 0.457660,47.261303,0 0.459417,47.262790,0 0.449035,47.264507,0 0.447024,47.265000,0 0.444572,47.265026,0 0.440171,47.266964,0 0.434064,47.268745,0 0.433995,47.269043,0 0.432931,47.269375,0 0.432639,47.269165,0 0.425170,47.271404,0 0.424372,47.271843,0 0.424126,47.272440,0 0.424325,47.276608,0 0.425511,47.279610,0 0.421667,47.289925,0 0.418269,47.293640,0 0.416118,47.298500,0 0.413860,47.300755,0 0.412968,47.303955,0 0.408672,47.314556,0 0.406212,47.317307,0 0.403113,47.321210,0 0.401748,47.320736,0 0.400197,47.321255,0 0.392843,47.318535,0 0.364829,47.310745,0 0.363789,47.310207,0 0.362934,47.309357,0 0.362298,47.309383,0 0.359572,47.310837,0 0.357074,47.310837,0 0.356357,47.310684,0 0.354157,47.309174,0 0.350419,47.307970,0 0.348656,47.307533,0 0.348156,47.308470,0 0.347226,47.308163,0 0.347158,47.308037,0 0.347843,47.307380,0 0.346239,47.306587,0 0.345196,47.305836,0 0.344178,47.305553,0 0.342849,47.304850,0 0.340866,47.304370,0 0.339746,47.303844,0 0.336232,47.301110,0 0.332380,47.298927,0 0.330682,47.297646,0 0.329233,47.297012,0 0.327241,47.295467,0 0.323318,47.293655,0 0.318520,47.291885,0 0.318265,47.291603,0 0.315816,47.290993,0 0.315736,47.290714,0 0.316244,47.289410,0 0.315750,47.288700,0 0.313819,47.287810,0 0.311535,47.287205,0 0.309229,47.286324,0 0.309570,47.285896,0</coordinates>
          </LineString>
          <LineString>
            <tessellate>1</tessellate>
            <coordinates>0.407388,47.331577,0 0.408281,47.331932,0 0.409228,47.333015,0 0.410021,47.333454,0 0.409764,47.335945,0 0.409471,47.336365,0 0.408337,47.337050,0 0.407973,47.337494,0 0.406810,47.340225,0 0.406508,47.341640,0 0.395401,47.344530,0 0.394189,47.345300,0 0.393317,47.345540,0 0.389221,47.345253,0 0.371983,47.346497,0 0.367920,47.345795,0 0.367291,47.345947,0 0.365345,47.346962,0 0.363946,47.347298,0 0.355544,47.347460,0 0.352813,47.346756,0 0.347986,47.344570,0 0.343591,47.344547,0 0.339526,47.343950,0 0.336828,47.344227,0 0.335892,47.343998,0 0.333907,47.343025,0 0.332400,47.342870,0 0.329201,47.343197,0 0.325204,47.344486,0 0.321481,47.345383,0 0.316820,47.346980,0 0.308758,47.346367,0 0.306725,47.345657,0 0.302785,47.344933,0 0.301966,47.345460,0 0.300899,47.346874,0 0.300722,47.347830,0 0.299604,47.350163,0 0.295878,47.350002,0 0.293490,47.350193,0 0.293399,47.349690,0</coordinates>
          </LineString>
          <LineString>
            <tessellate>1</tessellate>
            <coordinates>0.234556,47.163643,0 0.238317,47.163937,0 0.238092,47.166065,0 0.244687,47.165130,0 0.249700,47.162550,0 0.250128,47.162540,0 0.255358,47.166576,0 0.257310,47.166603,0 0.257234,47.169193,0 0.256347,47.169952,0 0.256478,47.170900,0 0.258431,47.171160,0 0.261278,47.172653,0 0.262158,47.172940,0 0.267544,47.173378,0 0.270500,47.173040,0 0.271405,47.174720,0 0.271545,47.176000,0 0.270820,47.177420,0 0.270835,47.178616,0 0.272880,47.178610,0 0.273696,47.179130,0 0.273997,47.179928,0 0.273885,47.181404,0 0.273540,47.182030,0 0.273746,47.182446,0 0.320570,47.200570,0 0.371231,47.219646,0 0.411858,47.235435,0 0.451346,47.250397,0 0.452954,47.251160,0 0.453558,47.251230,0 0.461496,47.254242,0 0.463586,47.255688,0 0.464467,47.258320,0 0.464438,47.259960,0 0.465058,47.261074,0 0.465814,47.261818,0 0.467599,47.264977,0 0.472180,47.266804,0 0.472235,47.267120,0 0.471867,47.267162,0 0.470455,47.266280,0 0.469587,47.266030,0 0.460485,47.264250,0 0.458830,47.263280,0 0.457821,47.261790,0 0.457316,47.261517,0 0.457057,47.261772,0 0.457513,47.263046,0 0.447024,47.265000,0 0.444572,47.265026,0 0.440171,47.266964,0 0.434064,47.268745,0 0.433995,47.269043,0 0.432931,47.269375,0 0.432639,47.269165,0 0.425170,47.271404,0 0.424372,47.271843,0 0.424126,47.272440,0 0.424325,47.276608,0 0.425511,47.279610,0 0.421603,47.290073,0 0.418269,47.293640,0 0.416118,47.298500,0 0.413860,47.300755,0 0.412968,47.303955,0 0.408602,47.314670,0 0.405817,47.317780,0 0.403274,47.320860,0 0.403201,47.321175,0 0.401748,47.320736,0 0.400415,47.321228,0 0.400514,47.321445,0 0.404858,47.323230,0 0.405662,47.322773,0 0.406151,47.322840,0 0.410774,47.324654,0 0.410846,47.324814,0 0.410472,47.325394,0 0.410832,47.324690,0 0.409430,47.324093,0 0.408114,47.325085,0 0.408839,47.326035,0 0.410778,47.326656,0 0.414346,47.328365,0 0.418299,47.330624,0 0.419370,47.330566,0 0.419300,47.331184,0 0.420781,47.332020,0 0.427142,47.334778,0 0.435418,47.337597,0 0.438290,47.339417,0 0.441801,47.340958,0 0.450256,47.343460,0 0.453575,47.344887,0 0.449450,47.349693,0 0.448046,47.349525,0 0.446436,47.349020,0 0.443428,47.348846,0 0.441440,47.348230,0 0.439212,47.349667,0 0.437074,47.351420,0 0.436477,47.352375,0 0.435404,47.353405,0 0.437217,47.356560,0 0.439372,47.361824,0 0.422785,47.383244,0 0.424302,47.383305,0</coordinates>
          </LineString>
          <LineString>
            <tessellate>1</tessellate>
            <coordinates>0.234556,47.163643,0 0.238317,47.163937,0 0.238092,47.166065,0 0.244687,47.165130,0 0.249700,47.162550,0 0.250128,47.162540,0 0.253168,47.164870,0 0.246610,47.165627,0 0.247394,47.166485,0 0.249637,47.166183,0 0.250642,47.167313,0 0.252792,47.166855,0 0.255358,47.166576,0 0.257310,47.166603,0 0.257234,47.169193,0 0.256347,47.169952,0 0.256478,47.170900,0 0.258431,47.171160,0 0.261278,47.172653,0 0.262158,47.172940,0 0.267544,47.173378,0 0.270500,47.173040,0 0.271405,47.174720,0 0.271545,47.176000,0 0.270820,47.177420,0 0.270835,47.178616,0 0.272880,47.178610,0 0.273696,47.179130,0 0.273997,47.179928,0 0.273885,47.181404,0 0.273540,47.182030,0 0.273746,47.182446,0 0.320570,47.200570,0 0.371231,47.219646,0 0.411858,47.235435,0 0.451611,47.250510,0 0.453138,47.251488,0 0.454216,47.252780,0 0.456699,47.258400,0 0.457660,47.261303,0 0.459417,47.262790,0 0.449035,47.264507,0 0.447024,47.265000,0 0.444572,47.265026,0 0.440171,47.266964,0 0.434064,47.268745,0 0.433995,47.269043,0 0.432931,47.269375,0 0.432639,47.269165,0 0.425170,47.271404,0 0.424237,47.272022,0 0.424325,47.276608,0 0.425511,47.279610,0 0.421667,47.289925,0 0.418269,47.293640,0 0.416118,47.298500,0 0.413860,47.300755,0 0.412968,47.303955,0 0.408672,47.314556,0 0.407984,47.315186,0 0.403216,47.321045,0 0.406073,47.321800,0 0.409647,47.323578,0 0.411444,47.323760,0 0.414829,47.324825,0 0.422728,47.325745,0 0.423423,47.325610,0 0.423645,47.325860,0 0.423283,47.326040,0 0.423119,47.326460,0 0.419482,47.330400,0 0.419426,47.330784,0 0.419222,47.330890,0 0.417619,47.330307,0 0.415047,47.328728,0 0.410778,47.326656,0 0.408839,47.326035,0 0.408114,47.325085,0 0.406436,47.324856,0 0.405624,47.325874,0 0.404053,47.325626,0 0.403948,47.325970,0 0.403070,47.326030,0 0.401558,47.327026,0 0.402112,47.328240,0 0.402929,47.329247,0 0.405998,47.331050,0 0.408281,47.331932,0 0.409228,47.333015,0 0.410021,47.333454,0 0.409764,47.335945,0 0.409471,47.336365,0 0.408337,47.337050,0 0.407973,47.337494,0 0.406810,47.340225,0 0.406508,47.341640,0 0.395401,47.344530,0 0.394189,47.345300,0 0.393317,47.345540,0 0.389221,47.345253,0 0.371983,47.346497,0 0.367920,47.345795,0 0.365266,47.346990,0 0.363393,47.347340,0 0.355184,47.347420,0 0.352597,47.346672,0 0.347986,47.344570,0 0.343591,47.344547,0 0.339526,47.343950,0 0.336828,47.344227,0 0.335892,47.343998,0 0.333907,47.343025,0 0.332757,47.342870,0 0.329201,47.343197,0 0.325204,47.344486,0 0.321481,47.345383,0 0.316820,47.346980,0 0.308758,47.346367,0 0.306725,47.345657,0 0.302785,47.344933,0 0.301966,47.345460,0 0.300899,47.346874,0 0.300722,47.347830,0 0.299604,47.350163,0 0.295878,47.350002,0 0.293490,47.350193,0 0.293399,47.349690,0</coordinates>
          </LineString>
          <LineString>
            <tessellate>1</tessellate>
            <coordinates>0.390364,47.425640,0 0.389958,47.425630,0 0.422785,47.383244,0 0.423600,47.383390,0 0.425899,47.383236,0 0.425899,47.382965,0 0.425506,47.382545,0 0.425630,47.382027,0 0.426186,47.381264,0 0.425025,47.380360,0 0.439372,47.361824,0 0.437217,47.356560,0 0.435404,47.353405,0 0.436477,47.352375,0 0.437074,47.351420,0 0.439212,47.349667,0 0.441440,47.348230,0 0.443395,47.348840,0 0.446436,47.349020,0 0.448046,47.349525,0 0.449450,47.349693,0 0.453575,47.344887,0 0.450256,47.343460,0 0.441801,47.340958,0 0.438290,47.339417,0 0.435565,47.337660,0 0.427142,47.334778,0 0.419582,47.331410,0 0.418916,47.330630,0 0.419482,47.330400,0 0.423119,47.326460,0 0.423283,47.326040,0 0.423021,47.325764,0 0.414829,47.324825,0 0.411444,47.323760,0 0.409647,47.323578,0 0.405504,47.321610,0 0.402917,47.321087,0 0.408672,47.314556,0 0.412968,47.303955,0 0.413860,47.300755,0 0.416118,47.298500,0 0.418269,47.293640,0 0.421603,47.290073,0 0.425511,47.279610,0 0.424325,47.276608,0 0.424126,47.272440,0 0.424308,47.271920,0 0.425170,47.271404,0 0.440171,47.266964,0 0.444572,47.265026,0 0.447024,47.265000,0 0.457513,47.263046,0 0.457057,47.261772,0 0.457660,47.261303,0 0.457299,47.260120,0 0.454216,47.252780,0 0.453051,47.251415,0 0.451346,47.250397,0 0.411858,47.235435,0 0.371231,47.219646,0 0.325203,47.202340,0 0.276032,47.183410,0 0.273234,47.182487,0 0.273152,47.182290,0 0.273540,47.182030,0 0.273885,47.181404,0 0.273948,47.180134,0 0.273780,47.179924,0 0.273906,47.179646,0 0.273516,47.178932,0 0.272880,47.178610,0 0.270835,47.178616,0 0.270820,47.177420,0 0.271545,47.176000,0 0.271405,47.174720,0 0.270500,47.173040,0 0.267544,47.173378,0 0.262158,47.172940,0 0.261278,47.172653,0 0.258431,47.171160,0 0.256478,47.170900,0 0.256347,47.169952,0 0.257234,47.169193,0 0.257310,47.166603,0 0.255358,47.166576,0 0.253168,47.164870,0 0.246546,47.165630,0 0.246311,47.164950,0 0.244931,47.165043,0 0.238092,47.166065,0 0.238317,47.163937,0 0.234556,47.163643,0</coordinates>
          </LineString>
          <LineString>
            <tessellate>1</tessellate>
            <coordinates>0.234556,47.163643,0 0.238317,47.163937,0 0.238092,47.166065,0 0.244687,47.165130,0 0.249700,47.162550,0 0.250128,47.162540,0 0.253168,47.164870,0 0.246610,47.165627,0 0.247394,47.166485,0 0.249637,47.166183,0 0.250642,47.167313,0 0.252792,47.166855,0 0.255358,47.166576,0 0.257310,47.166603,0 0.257234,47.169193,0 0.256347,47.169952,0 0.256478,47.170900,0 0.258431,47.171160,0 0.261278,47.172653,0 0.262158,47.172940,0 0.267544,47.173378,0 0.270500,47.173040,0 0.271405,47.174720,0 0.271545,47.176000,0 0.270820,47.177420,0 0.270835,47.178616,0 0.272880,47.178610,0 0.273696,47.179130,0 0.273997,47.179928,0 0.273885,47.181404,0 0.273540,47.182030,0 0.273746,47.182446,0 0.320570,47.200570,0 0.371231,47.219646,0 0.411858,47.235435,0 0.451346,47.250397,0 0.453051,47.251415,0 0.454216,47.252780,0 0.456699,47.258400,0 0.457660,47.261303,0 0.459417,47.262790,0 0.449035,47.264507,0 0.447024,47.265000,0 0.444572,47.265026,0 0.440171,47.266964,0 0.434064,47.268745,0 0.433995,47.269043,0 0.432931,47.269375,0 0.432639,47.269165,0 0.425170,47.271404,0 0.424308,47.271920,0 0.424126,47.272440,0 0.424325,47.276608,0 0.425511,47.279610,0 0.421667,47.289925,0 0.418269,47.293640,0 0.416118,47.298500,0 0.413860,47.300755,0 0.412968,47.303955,0 0.408672,47.314556,0 0.407984,47.315186,0 0.403216,47.321045,0 0.406073,47.321800,0 0.409647,47.323578,0 0.411444,47.323760,0 0.414829,47.324825,0 0.422728,47.325745,0 0.423530,47.325650,0 0.423613,47.325920,0 0.423283,47.326040,0 0.422470,47.327206,0 0.419482,47.330400,0 0.419223,47.331040,0 0.419582,47.331410,0 0.427142,47.334778,0 0.435565,47.337660,0 0.438290,47.339417,0 0.441801,47.340958,0 0.450256,47.343460,0 0.453575,47.344887,0 0.449450,47.349693,0 0.448046,47.349525,0 0.446436,47.349020,0 0.443428,47.348846,0 0.441440,47.348230,0 0.439212,47.349667,0 0.437074,47.351420,0 0.436477,47.352375,0 0.435404,47.353405,0 0.437217,47.356560,0 0.439372,47.361824,0 0.422785,47.383244,0 0.423600,47.383390,0 0.425598,47.383250,0 0.425710,47.384840,0 0.423055,47.384510,0 0.422597,47.384647,0 0.421878,47.384422,0 0.389958,47.425630,0 0.390422,47.425640,0</coordinates>
          </LineString>
          <LineString>
            <tessellate>1</tessellate>
            <coordinates>0.452465,47.344337,0 0.448958,47.343040,0 0.441801,47.340958,0 0.438290,47.339417,0 0.435418,47.337597,0 0.426409,47.334465,0 0.420462,47.331867,0 0.419582,47.331410,0 0.418928,47.330790,0 0.417480,47.330235,0 0.415047,47.328728,0 0.412871,47.327650,0 0.410778,47.326656,0 0.408839,47.326035,0 0.408114,47.325085,0 0.406436,47.324856,0 0.405624,47.325874,0 0.404053,47.325626,0 0.403948,47.325970,0 0.403070,47.326030,0 0.401558,47.327026,0 0.402112,47.328240,0 0.402929,47.329247,0 0.405998,47.331050,0 0.408281,47.331932,0 0.409228,47.333015,0 0.410021,47.333454,0 0.411377,47.332130,0 0.411416,47.330170,0 0.410403,47.328730,0 0.408691,47.327995,0 0.408283,47.327553,0 0.408839,47.326035,0 0.408157,47.325130,0 0.406436,47.324856,0 0.406399,47.324467,0 0.405338,47.323505,0 0.400128,47.321170,0 0.401754,47.320700,0 0.403111,47.320995,0 0.407984,47.315186,0 0.408602,47.314670,0 0.412968,47.303955,0 0.413860,47.300755,0 0.416118,47.298500,0 0.418269,47.293640,0 0.421603,47.290073,0 0.425511,47.279610,0 0.424325,47.276608,0 0.424126,47.272440,0 0.424372,47.271843,0 0.425170,47.271404,0 0.440171,47.266964,0 0.444572,47.265026,0 0.447024,47.265000,0 0.457513,47.263046,0 0.457061,47.261710,0 0.457660,47.261303,0 0.456699,47.258400,0 0.454216,47.252780,0 0.453051,47.251415,0 0.451346,47.250397,0 0.411858,47.235435,0 0.371231,47.219646,0 0.325203,47.202340,0 0.276032,47.183410,0 0.273234,47.182487,0 0.273152,47.182290,0 0.273540,47.182030,0 0.273885,47.181404,0 0.273948,47.180134,0 0.273780,47.179924,0 0.273906,47.179646,0 0.273516,47.178932,0 0.272880,47.178610,0 0.270835,47.178616,0 0.270820,47.177420,0 0.271545,47.176000,0 0.271405,47.174720,0 0.270500,47.173040,0 0.267544,47.173378,0 0.262158,47.172940,0 0.261278,47.172653,0 0.258431,47.171160,0 0.256478,47.170900,0 0.256347,47.169952,0 0.257234,47.169193,0 0.257310,47.166603,0 0.255358,47.166576,0 0.253168,47.164870,0 0.246546,47.165630,0 0.246311,47.164950,0 0.244931,47.165043,0 0.238092,47.166065,0 0.238317,47.163937,0 0.234556,47.163643,0</coordinates>
          </LineString>
          <LineString>
            <tessellate>1</tessellate>
            <coordinates>0.293399,47.349690,0 0.293490,47.350193,0 0.295878,47.350002,0 0.299604,47.350163,0 0.300722,47.347830,0 0.300899,47.346874,0 0.301966,47.345460,0 0.302830,47.344868,0 0.303875,47.345203,0 0.306725,47.345657,0 0.308758,47.346367,0 0.316820,47.346980,0 0.321481,47.345383,0 0.325204,47.344486,0 0.329201,47.343197,0 0.332757,47.342870,0 0.333907,47.343025,0 0.335892,47.343998,0 0.336828,47.344227,0 0.339526,47.343950,0 0.343591,47.344547,0 0.347986,47.344570,0 0.352597,47.346672,0 0.355184,47.347420,0 0.363393,47.347340,0 0.365266,47.346990,0 0.367920,47.345795,0 0.371983,47.346497,0 0.389221,47.345253,0 0.393317,47.345540,0 0.394189,47.345300,0 0.395401,47.344530,0 0.406508,47.341640,0 0.406810,47.340225,0 0.407973,47.337494,0 0.408337,47.337050,0 0.409471,47.336365,0 0.409764,47.335945,0 0.410021,47.333454,0 0.409228,47.333015,0 0.408281,47.331932,0 0.405998,47.331050,0 0.402929,47.329247,0 0.402112,47.328240,0 0.401464,47.326900,0 0.400219,47.325710,0 0.399643,47.325523,0 0.400512,47.324570,0 0.401707,47.324078,0 0.402914,47.324070,0 0.404101,47.324310,0 0.405652,47.324740,0 0.406149,47.325070,0 0.406412,47.324910,0 0.406473,47.324560,0 0.405804,47.323853,0 0.404858,47.323230,0 0.400514,47.321445,0 0.400133,47.321136,0 0.401754,47.320700,0 0.403111,47.320995,0 0.407984,47.315186,0 0.408602,47.314670,0 0.412968,47.303955,0 0.413860,47.300755,0 0.416118,47.298500,0 0.418269,47.293640,0 0.421603,47.290073,0 0.425511,47.279610,0 0.424325,47.276608,0 0.424237,47.272022,0 0.425170,47.271404,0 0.440171,47.266964,0 0.444572,47.265026,0 0.447024,47.265000,0 0.457513,47.263046,0 0.457057,47.261772,0 0.457660,47.261303,0 0.457299,47.260120,0 0.454216,47.252780,0 0.453138,47.251488,0 0.451611,47.250510,0 0.411858,47.235435,0 0.371231,47.219646,0 0.325203,47.202340,0 0.276032,47.183410,0 0.273234,47.182487,0 0.273152,47.182290,0 0.273540,47.182030,0 0.273885,47.181404,0 0.273948,47.180134,0 0.273780,47.179924,0 0.273906,47.179646,0 0.273516,47.178932,0 0.272880,47.178610,0 0.270835,47.178616,0 0.270820,47.177420,0 0.271545,47.176000,0 0.271405,47.174720,0 0.270500,47.173040,0 0.267544,47.173378,0 0.262158,47.172940,0 0.261278,47.172653,0 0.258431,47.171160,0 0.256478,47.170900,0 0.256347,47.169952,0 0.257234,47.169193,0 0.257310,47.166603,0 0.255358,47.166576,0 0.253168,47.164870,0 0.246546,47.165630,0 0.246311,47.164950,0 0.244931,47.165043,0 0.238092,47.166065,0 0.238317,47.163937,0 0.234556,47.163643,0</coordinates>
          </LineString>
          <LineString>
            <tessellate>1</tessellate>
            <coordinates>0.234556,47.163643,0 0.238317,47.163937,0 0.238092,47.166065,0 0.244687,47.165130,0 0.249700,47.162550,0 0.250128,47.162540,0 0.255358,47.166576,0 0.257310,47.166603,0 0.257234,47.169193,0 0.256347,47.169952,0 0.256478,47.170900,0 0.258431,47.171160,0 0.261278,47.172653,0 0.262158,47.172940,0 0.267544,47.173378,0 0.270500,47.173040,0 0.271405,47.174720,0 0.271545,47.176000,0 0.270820,47.177420,0 0.270835,47.178616,0 0.272880,47.178610,0 0.273696,47.179130,0 0.273997,47.179928,0 0.273885,47.181404,0 0.273540,47.182030,0 0.273746,47.182446,0 0.320570,47.200570,0 0.371231,47.219646,0 0.411858,47.235435,0 0.451346,47.250397,0 0.452689,47.251140,0 0.453554,47.251877,0 0.454216,47.252780,0 0.455485,47.255596,0 0.456699,47.258400,0 0.457660,47.261303,0 0.459417,47.262790,0 0.449035,47.264507,0 0.447024,47.265000,0 0.444572,47.265026,0 0.440171,47.266964,0 0.434064,47.268745,0 0.433995,47.269043,0 0.432931,47.269375,0 0.432639,47.269165,0 0.425170,47.271404,0 0.424237,47.272022,0 0.424325,47.276608,0 0.425511,47.279610,0 0.421667,47.289925,0 0.418269,47.293640,0 0.416118,47.298500,0 0.413860,47.300755,0 0.412968,47.303955,0 0.408672,47.314556,0 0.407984,47.315186,0 0.403216,47.321045,0 0.406073,47.321800,0 0.409647,47.323578,0 0.411444,47.323760,0 0.414829,47.324825,0 0.422728,47.325745,0 0.423423,47.325610,0 0.423645,47.325860,0 0.423283,47.326040,0 0.423119,47.326460,0 0.419482,47.330400,0 0.419426,47.330784,0 0.419222,47.330890,0 0.417619,47.330307,0 0.415047,47.328728,0 0.410778,47.326656,0 0.408839,47.326035,0 0.408283,47.327553,0 0.408827,47.328070,0 0.410276,47.328644,0 0.410811,47.329174,0 0.411416,47.330170,0 0.411430,47.331960,0 0.411191,47.332417,0 0.410021,47.333454,0 0.409228,47.333015,0 0.408281,47.331932,0 0.407388,47.331577,0</coordinates>
          </LineString>
          <LineString>
            <tessellate>1</tessellate>
            <coordinates>0.424302,47.383305,0 0.422785,47.383244,0 0.439372,47.361824,0 0.437217,47.356560,0 0.435404,47.353405,0 0.436477,47.352375,0 0.437074,47.351420,0 0.439212,47.349667,0 0.441440,47.348230,0 0.443395,47.348840,0 0.446436,47.349020,0 0.448046,47.349525,0 0.449450,47.349693,0 0.453575,47.344887,0 0.450256,47.343460,0 0.441801,47.340958,0 0.438290,47.339417,0 0.435418,47.337597,0 0.427142,47.334778,0 0.420781,47.332020,0 0.419582,47.331410,0 0.419099,47.330887,0 0.417480,47.330235,0 0.414346,47.328365,0 0.410778,47.326656,0 0.408839,47.326035,0 0.408114,47.325085,0 0.409430,47.324093,0 0.410774,47.324654,0 0.410846,47.324814,0 0.410472,47.325394,0 0.410832,47.324690,0 0.409511,47.324112,0 0.405724,47.322770,0 0.404858,47.323230,0 0.400514,47.321445,0 0.400133,47.321136,0 0.401754,47.320700,0 0.403111,47.320995,0 0.407984,47.315186,0 0.408602,47.314670,0 0.412968,47.303955,0 0.413860,47.300755,0 0.416118,47.298500,0 0.418269,47.293640,0 0.421603,47.290073,0 0.425511,47.279610,0 0.424325,47.276608,0 0.424130,47.272354,0 0.424574,47.271667,0 0.432570,47.269184,0 0.432931,47.269375,0 0.433995,47.269043,0 0.434064,47.268745,0 0.440171,47.266964,0 0.444572,47.265026,0 0.447024,47.265000,0 0.449035,47.264507,0 0.459921,47.262720,0 0.463728,47.261726,0 0.465021,47.262062,0 0.465814,47.261818,0 0.467599,47.264977,0 0.472180,47.266804,0 0.472275,47.267082,0 0.471867,47.267162,0 0.470455,47.266280,0 0.469587,47.266030,0 0.461038,47.264427,0 0.460038,47.264070,0 0.458980,47.263405,0 0.457962,47.262140,0 0.456699,47.258400,0 0.454403,47.253155,0 0.453765,47.252113,0 0.453051,47.251415,0 0.453231,47.251210,0 0.453558,47.251230,0 0.461676,47.254320,0 0.460980,47.254574,0 0.460533,47.254223,0 0.460400,47.253834,0 0.459543,47.253498,0 0.453882,47.251354,0 0.453138,47.251488,0 0.451346,47.250397,0 0.411858,47.235435,0 0.371231,47.219646,0 0.325203,47.202340,0 0.276032,47.183410,0 0.273234,47.182487,0 0.273152,47.182290,0 0.273540,47.182030,0 0.273885,47.181404,0 0.273948,47.180134,0 0.273780,47.179924,0 0.273906,47.179646,0 0.273516,47.178932,0 0.272880,47.178610,0 0.270835,47.178616,0 0.270820,47.177420,0 0.271545,47.176000,0 0.271405,47.174720,0 0.270500,47.173040,0 0.267544,47.173378,0 0.262158,47.172940,0 0.261278,47.172653,0 0.258431,47.171160,0 0.256478,47.170900,0 0.256347,47.169952,0 0.257234,47.169193,0 0.257310,47.166603,0 0.255358,47.166576,0 0.253168,47.164870,0 0.248908,47.165360,0 0.248324,47.164720,0 0.244931,47.165043,0 0.238092,47.166065,0 0.238317,47.163937,0 0.234556,47.163643,0</coordinates>
          </LineString>
          <LineString>
            <tessellate>1</tessellate>
            <coordinates>0.234556,47.163643,0 0.238317,47.163937,0 0.238092,47.166065,0 0.244687,47.165130,0 0.249700,47.162550,0 0.250128,47.162540,0 0.255358,47.166576,0 0.257310,47.166603,0 0.257234,47.169193,0 0.256347,47.169952,0 0.256478,47.170900,0 0.258431,47.171160,0 0.261278,47.172653,0 0.262158,47.172940,0 0.267544,47.173378,0 0.270500,47.173040,0 0.271405,47.174720,0 0.271545,47.176000,0 0.270820,47.177420,0 0.270835,47.178616,0 0.272880,47.178610,0 0.273696,47.179130,0 0.273997,47.179928,0 0.273885,47.181404,0 0.273540,47.182030,0 0.273746,47.182446,0 0.320570,47.200570,0 0.371231,47.219646,0 0.411858,47.235435,0 0.451346,47.250397,0 0.452954,47.251160,0 0.453558,47.251230,0 0.461810,47.254370,0 0.463653,47.255795,0 0.464499,47.258484,0 0.464438,47.259960,0 0.465058,47.261074,0 0.465814,47.261818,0 0.467599,47.264977,0 0.472290,47.266890,0 0.472235,47.267120,0 0.471926,47.267178,0 0.470455,47.266280,0 0.469587,47.266030,0 0.460485,47.264250,0 0.458830,47.263280,0 0.457821,47.261790,0 0.457316,47.261517,0 0.457057,47.261772,0 0.457513,47.263046,0 0.447024,47.265000,0 0.444572,47.265026,0 0.440171,47.266964,0 0.434064,47.268745,0 0.433995,47.269043,0 0.432931,47.269375,0 0.432639,47.269165,0 0.425170,47.271404,0 0.424237,47.272022,0 0.424325,47.276608,0 0.425511,47.279610,0 0.421667,47.289925,0 0.418269,47.293640,0 0.416118,47.298500,0 0.413860,47.300755,0 0.412968,47.303955,0 0.408672,47.314556,0 0.407984,47.315186,0 0.403216,47.321045,0 0.406073,47.321800,0 0.409647,47.323578,0 0.411444,47.323760,0 0.414829,47.324825,0 0.422728,47.325745,0 0.423530,47.325650,0 0.423613,47.325920,0 0.423283,47.326040,0 0.422470,47.327206,0 0.419482,47.330400,0 0.419223,47.331040,0 0.419582,47.331410,0 0.427142,47.334778,0 0.435565,47.337660,0 0.438290,47.339417,0 0.441801,47.340958,0 0.450256,47.343460,0 0.453575,47.344887,0 0.449450,47.349693,0 0.448046,47.349525,0 0.446436,47.349020,0 0.443428,47.348846,0 0.441440,47.348230,0 0.439212,47.349667,0 0.437074,47.351420,0 0.436477,47.352375,0 0.435404,47.353405,0 0.437217,47.356560,0 0.439372,47.361824,0 0.422785,47.383244,0 0.423600,47.383390,0 0.425598,47.383250,0 0.425710,47.384840,0 0.423055,47.384510,0 0.422597,47.384647,0 0.421878,47.384422,0 0.389958,47.425630,0 0.390422,47.425640,0</coordinates>
          </LineString>
          <LineString>
            <tessellate>1</tessellate>
            <coordinates>0.309570,47.285896,0 0.309229,47.286324,0 0.311535,47.287205,0 0.313819,47.287810,0 0.315750,47.288700,0 0.316244,47.289410,0 0.315736,47.290714,0 0.315816,47.290993,0 0.318265,47.291603,0 0.318520,47.291885,0 0.323318,47.293655,0 0.327241,47.295467,0 0.329233,47.297012,0 0.330682,47.297646,0 0.332380,47.298927,0 0.336232,47.301110,0 0.337502,47.302250,0 0.340229,47.304110,0 0.343320,47.305027,0 0.344178,47.305553,0 0.345491,47.305977,0 0.346239,47.306587,0 0.347843,47.307380,0 0.350419,47.307970,0 0.354157,47.309174,0 0.356357,47.310684,0 0.359351,47.310883,0 0.362298,47.309383,0 0.362934,47.309357,0 0.363789,47.310207,0 0.364829,47.310745,0 0.392843,47.318535,0 0.399204,47.320923,0 0.400565,47.321080,0 0.401754,47.320700,0 0.403111,47.320995,0 0.408672,47.314556,0 0.412968,47.303955,0 0.413860,47.300755,0 0.416118,47.298500,0 0.418269,47.293640,0 0.421603,47.290073,0 0.425511,47.279610,0 0.424325,47.276608,0 0.424126,47.272440,0 0.424372,47.271843,0 0.425170,47.271404,0 0.440171,47.266964,0 0.444572,47.265026,0 0.447024,47.265000,0 0.457513,47.263046,0 0.457061,47.261710,0 0.457660,47.261303,0 0.456699,47.258400,0 0.454216,47.252780,0 0.453138,47.251488,0 0.451611,47.250510,0 0.411858,47.235435,0 0.371231,47.219646,0 0.325203,47.202340,0 0.276032,47.183410,0 0.273234,47.182487,0 0.273152,47.182290,0 0.273540,47.182030,0 0.273885,47.181404,0 0.273948,47.180134,0 0.273780,47.179924,0 0.273906,47.179646,0 0.273516,47.178932,0 0.272880,47.178610,0 0.270835,47.178616,0 0.270820,47.177420,0 0.271545,47.176000,0 0.271405,47.174720,0 0.270500,47.173040,0 0.267544,47.173378,0 0.262158,47.172940,0 0.261278,47.172653,0 0.258431,47.171160,0 0.256478,47.170900,0 0.256347,47.169952,0 0.257234,47.169193,0 0.257310,47.166603,0 0.255358,47.166576,0 0.253168,47.164870,0 0.246546,47.165630,0 0.246311,47.164950,0 0.244931,47.165043,0 0.238092,47.166065,0 0.238317,47.163937,0 0.234556,47.163643,0</coordinates>
          </LineString>
          <LineString>
            <tessellate>1</tessellate>
            <coordinates>0.234556,47.163643,0 0.238317,47.163937,0 0.238092,47.166065,0 0.244687,47.165130,0 0.249700,47.162550,0 0.250128,47.162540,0 0.253168,47.164870,0 0.246610,47.165627,0 0.247394,47.166485,0 0.249637,47.166183,0 0.250642,47.167313,0 0.252792,47.166855,0 0.255358,47.166576,0 0.257310,47.166603,0 0.257234,47.169193,0 0.256347,47.169952,0 0.256478,47.170900,0 0.258431,47.171160,0 0.261278,47.172653,0 0.262158,47.172940,0 0.267544,47.173378,0 0.270500,47.173040,0 0.271405,47.174720,0 0.271545,47.176000,0 0.270820,47.177420,0 0.270835,47.178616,0 0.272880,47.178610,0 0.273696,47.179130,0 0.273997,47.179928,0 0.273885,47.181404,0 0.273540,47.182030,0 0.273746,47.182446,0 0.320570,47.200570,0 0.371231,47.219646,0 0.411858,47.235435,0 0.451611,47.250510,0 0.453138,47.251488,0 0.454216,47.252780,0 0.456699,47.258400,0 0.457660,47.261303,0 0.459417,47.262790,0 0.449035,47.264507,0 0.447024,47.265000,0 0.444572,47.265026,0 0.440171,47.266964,0 0.434064,47.268745,0 0.433995,47.269043,0 0.432931,47.269375,0 0.432639,47.269165,0 0.425170,47.271404,0 0.424372,47.271843,0 0.424126,47.272440,0 0.424325,47.276608,0 0.425511,47.279610,0 0.421667,47.289925,0 0.418269,47.293640,0 0.416118,47.298500,0 0.413860,47.300755,0 0.412968,47.303955,0 0.408672,47.314556,0 0.406212,47.317307,0 0.403113,47.321210,0 0.401748,47.320736,0 0.400197,47.321255,0 0.392843,47.318535,0 0.364829,47.310745,0 0.363789,47.310207,0 0.362934,47.309357,0 0.362298,47.309383,0 0.359572,47.310837,0 0.357074,47.310837,0 0.356357,47.310684,0 0.354157,47.309174,0 0.350419,47.307970,0 0.348656,47.307533,0 0.348156,47.308470,0 0.347226,47.308163,0 0.347158,47.308037,0 0.347843,47.307380,0 0.346239,47.306587,0 0.345196,47.305836,0 0.344178,47.305553,0 0.342849,47.304850,0 0.340866,47.304370,0 0.339746,47.303844,0 0.336232,47.301110,0 0.332380,47.298927,0 0.330682,47.297646,0 0.329233,47.297012,0 0.327241,47.295467,0 0.323318,47.293655,0 0.318520,47.291885,0 0.318265,47.291603,0 0.315816,47.290993,0 0.315736,47.290714,0 0.316244,47.289410,0 0.315750,47.288700,0 0.313819,47.287810,0 0.311535,47.287205,0 0.309229,47.286324,0 0.309570,47.285896,0</coordinates>
          </LineString>
          <LineString>
            <tessellate>1</tessellate>
            <coordinates>0.234556,47.163643,0 0.238317,47.163937,0 0.238092,47.166065,0 0.244687,47.165130,0 0.249700,47.162550,0 0.250128,47.162540,0 0.255358,47.166576,0 0.257310,47.166603,0 0.257234,47.169193,0 0.256347,47.169952,0 0.256478,47.170900,0 0.258431,47.171160,0 0.261278,47.172653,0 0.262158,47.172940,0 0.267544,47.173378,0 0.270500,47.173040,0 0.271405,47.174720,0 0.271545,47.176000,0 0.270820,47.177420,0 0.270835,47.178616,0 0.272880,47.178610,0 0.273696,47.179130,0 0.273997,47.179928,0 0.273885,47.181404,0 0.273540,47.182030,0 0.273746,47.182446,0 0.320570,47.200570,0 0.371231,47.219646,0 0.411858,47.235435,0 0.451611,47.250510,0 0.453138,47.251488,0 0.454216,47.252780,0 0.456699,47.258400,0 0.457660,47.261303,0 0.459417,47.262790,0 0.449035,47.264507,0 0.447024,47.265000,0 0.444572,47.265026,0 0.440171,47.266964,0 0.434064,47.268745,0 0.433995,47.269043,0 0.432931,47.269375,0 0.432639,47.269165,0 0.425170,47.271404,0 0.424237,47.272022,0 0.424325,47.276608,0 0.425511,47.279610,0 0.421667,47.289925,0 0.418269,47.293640,0 0.416118,47.298500,0 0.413860,47.300755,0 0.412968,47.303955,0 0.408672,47.314556,0 0.407984,47.315186,0 0.403216,47.321045,0 0.406073,47.321800,0 0.409647,47.323578,0 0.411444,47.323760,0 0.414829,47.324825,0 0.422728,47.325745,0 0.423423,47.325610,0 0.423645,47.325860,0 0.423283,47.326040,0 0.423119,47.326460,0 0.419482,47.330400,0 0.419426,47.330784,0 0.419222,47.330890,0 0.417619,47.330307,0 0.415047,47.328728,0 0.410778,47.326656,0 0.408839,47.326035,0 0.408114,47.325085,0 0.406436,47.324856,0 0.405624,47.325874,0 0.404053,47.325626,0 0.403948,47.325970,0 0.403070,47.326030,0 0.401558,47.327026,0 0.402112,47.328240,0 0.402929,47.329247,0 0.405998,47.331050,0 0.408281,47.331932,0 0.409228,47.333015,0 0.410021,47.333454,0 0.409764,47.335945,0 0.409471,47.336365,0 0.408337,47.337050,0 0.407973,47.337494,0 0.406810,47.340225,0 0.406508,47.341640,0 0.395401,47.344530,0 0.394189,47.345300,0 0.393317,47.345540,0 0.389221,47.345253,0 0.371983,47.346497,0 0.367920,47.345795,0 0.365266,47.346990,0 0.363393,47.347340,0 0.355184,47.347420,0 0.352597,47.346672,0 0.347986,47.344570,0 0.343591,47.344547,0 0.339526,47.343950,0 0.336828,47.344227,0 0.335892,47.343998,0 0.333907,47.343025,0 0.332757,47.342870,0 0.329201,47.343197,0 0.325204,47.344486,0 0.321481,47.345383,0 0.316820,47.346980,0 0.308758,47.346367,0 0.306725,47.345657,0 0.302785,47.344933,0 0.301966,47.345460,0 0.300899,47.346874,0 0.300722,47.347830,0 0.299604,47.350163,0 0.295878,47.350002,0 0.293490,47.350193,0 0.293399,47.349690,0</coordinates>
          </LineString>
        </MultiGeometry>
      </Placemark>
      <Placemark>
        <name>TH — Tournon-Saint-Martin - Descartes — Ligne faible</name>
        <description>Groupe horaire : Ligne faible
Ligne régionale Rémi TH. Tracé issu des shapes GTFS officiels fournis.</description>
        <styleUrl>#route_REMI37_Line_357</styleUrl>
        <MultiGeometry>
          <LineString>
            <tessellate>1</tessellate>
            <coordinates>0.954544,46.734516,0 0.958541,46.735180,0 0.957618,46.736713,0 0.956115,46.737534,0 0.955257,46.738396,0 0.954031,46.738792,0 0.952754,46.738580,0 0.944991,46.750156,0 0.922442,46.768764,0 0.885180,46.782660,0 0.873764,46.785330,0 0.871808,46.785380,0 0.866865,46.786070,0 0.863753,46.787010,0 0.838930,46.798805,0 0.835194,46.803276,0 0.834702,46.803493,0 0.834412,46.804070,0 0.825328,46.814816,0 0.820099,46.828280,0 0.809878,46.838608,0 0.810683,46.840130,0 0.810713,46.841470,0 0.811049,46.841904,0 0.810029,46.842680,0 0.809333,46.842530,0 0.807069,46.841410,0 0.798378,46.850110,0 0.797298,46.851000,0 0.773248,46.864075,0 0.771490,46.865307,0 0.767575,46.866684,0 0.763689,46.870083,0 0.747560,46.881565,0 0.740424,46.886390,0 0.737460,46.888040,0 0.734685,46.893610,0 0.730580,46.897495,0 0.724822,46.905506,0 0.709555,46.938473,0 0.709355,46.939564,0 0.710077,46.942867,0 0.709030,46.944786,0 0.708304,46.948067,0 0.707138,46.951140,0 0.706903,46.952220,0 0.706198,46.953606,0 0.705380,46.956320,0 0.705560,46.958107,0 0.705461,46.963478,0 0.703543,46.966450,0 0.701304,46.971153,0 0.702357,46.972534,0 0.701573,46.973072,0 0.700953,46.973824,0 0.701020,46.974420,0 0.700496,46.975098,0</coordinates>
          </LineString>
          <LineString>
            <tessellate>1</tessellate>
            <coordinates>0.700554,46.975050,0 0.701020,46.974420,0 0.700953,46.973824,0 0.701573,46.973072,0 0.702357,46.972534,0 0.701304,46.971153,0 0.703543,46.966450,0 0.705461,46.963478,0 0.705560,46.958107,0 0.705380,46.956320,0 0.706198,46.953606,0 0.706903,46.952220,0 0.707138,46.951140,0 0.708304,46.948067,0 0.709030,46.944786,0 0.710077,46.942867,0 0.709355,46.939564,0 0.709555,46.938473,0 0.724822,46.905506,0 0.730580,46.897495,0 0.734685,46.893610,0 0.737460,46.888040,0 0.740424,46.886390,0 0.747560,46.881565,0 0.763689,46.870083,0 0.767575,46.866684,0 0.771524,46.865288,0 0.773248,46.864075,0 0.797298,46.851000,0 0.798378,46.850110,0 0.807069,46.841410,0 0.809333,46.842530,0 0.810029,46.842680,0 0.811049,46.841904,0 0.810713,46.841470,0 0.810683,46.840130,0 0.809878,46.838608,0 0.820099,46.828280,0 0.825328,46.814816,0 0.834412,46.804070,0 0.834907,46.803158,0 0.835389,46.802967,0 0.838930,46.798805,0 0.863753,46.787010,0 0.866865,46.786070,0 0.871808,46.785380,0 0.873764,46.785330,0 0.885180,46.782660,0 0.922442,46.768764,0 0.944991,46.750156,0 0.949461,46.743560,0 0.950168,46.743793,0 0.951209,46.742325,0 0.953638,46.739650,0 0.954062,46.738735,0 0.955257,46.738396,0 0.956115,46.737534,0 0.957538,46.736782,0 0.958541,46.735180,0 0.954544,46.734516,0</coordinates>
          </LineString>
        </MultiGeometry>
      </Placemark>
      <Placemark>
        <name>36 route de la Rouchouze</name>
        <description>Cars Rémi : TF</description>
        <styleUrl>#carStop</styleUrl>
        <Point>
          <coordinates>0.344955,47.344593,0</coordinates>
        </Point>
      </Placemark>
      <Placemark>
        <name>Agrocampus</name>
        <description>Cars Rémi : M, P, R, S</description>
        <styleUrl>#carStop</styleUrl>
        <Point>
          <coordinates>0.635463,47.399918,0</coordinates>
        </Point>
      </Placemark>
      <Placemark>
        <name>Allée de Réveillon</name>
        <description>Cars Rémi : TE</description>
        <styleUrl>#carStop</styleUrl>
        <Point>
          <coordinates>0.291402,47.072975,0</coordinates>
        </Point>
      </Placemark>
      <Placemark>
        <name>Alouette</name>
        <description>Cars Rémi : I</description>
        <styleUrl>#carStop</styleUrl>
        <Point>
          <coordinates>0.583999,47.268063,0</coordinates>
        </Point>
      </Placemark>
      <Placemark>
        <name>Anatole France</name>
        <description>Cars Rémi : C</description>
        <styleUrl>#carStop</styleUrl>
        <Point>
          <coordinates>0.832011,47.386833,0</coordinates>
        </Point>
      </Placemark>
      <Placemark>
        <name>Ancienne Poste</name>
        <description>Cars Rémi : A</description>
        <styleUrl>#carStop</styleUrl>
        <Point>
          <coordinates>0.874594,47.454144,0</coordinates>
        </Point>
      </Placemark>
      <Placemark>
        <name>Aquarium</name>
        <description>Cars Rémi : C</description>
        <styleUrl>#carStop</styleUrl>
        <Point>
          <coordinates>0.910150,47.389622,0</coordinates>
        </Point>
      </Placemark>
      <Placemark>
        <name>Arsonval</name>
        <description>Cars Rémi : F, G, H, H2, I</description>
        <styleUrl>#carStop</styleUrl>
        <Point>
          <coordinates>0.701615,47.355766,0</coordinates>
        </Point>
      </Placemark>
      <Placemark>
        <name>Atelier du Carroi</name>
        <description>Cars Rémi : P</description>
        <styleUrl>#carStop</styleUrl>
        <Point>
          <coordinates>0.464229,47.447876,0</coordinates>
        </Point>
      </Placemark>
      <Placemark>
        <name>Avenue Général de Gaulle</name>
        <description>Cars Rémi : M</description>
        <styleUrl>#carStop</styleUrl>
        <Point>
          <coordinates>0.551619,47.546982,0</coordinates>
        </Point>
      </Placemark>
      <Placemark>
        <name>Avenue Jean Monnet</name>
        <description>Cars Rémi : H, TC</description>
        <styleUrl>#carStop</styleUrl>
        <Point>
          <coordinates>0.689288,46.980709,0</coordinates>
        </Point>
      </Placemark>
      <Placemark>
        <name>Avenue Louis Proust</name>
        <description>Cars Rémi : M</description>
        <styleUrl>#carStop</styleUrl>
        <Point>
          <coordinates>0.547835,47.546787,0</coordinates>
        </Point>
      </Placemark>
      <Placemark>
        <name>Avenue du 14 juillet</name>
        <description>Cars Rémi : R</description>
        <styleUrl>#carStop</styleUrl>
        <Point>
          <coordinates>0.459164,47.523632,0</coordinates>
        </Point>
      </Placemark>
      <Placemark>
        <name>Avenue du Lac n°6</name>
        <description>Cars Rémi : D</description>
        <styleUrl>#carStop</styleUrl>
        <Point>
          <coordinates>0.722748,47.367706,0</coordinates>
        </Point>
      </Placemark>
      <Placemark>
        <name>Aître des Gauthiers</name>
        <description>Cars Rémi : A</description>
        <styleUrl>#carStop</styleUrl>
        <Point>
          <coordinates>0.840294,47.412716,0</coordinates>
        </Point>
      </Placemark>
      <Placemark>
        <name>Balesmes</name>
        <description>Cars Rémi : H</description>
        <styleUrl>#carStop</styleUrl>
        <Point>
          <coordinates>0.676934,46.986279,0</coordinates>
        </Point>
      </Placemark>
      <Placemark>
        <name>Balthazar Besnard</name>
        <description>Cars Rémi : G, TC</description>
        <styleUrl>#carStop</styleUrl>
        <Point>
          <coordinates>0.817002,47.046398,0</coordinates>
        </Point>
      </Placemark>
      <Placemark>
        <name>Bas Bry</name>
        <description>Cars Rémi : H</description>
        <styleUrl>#carStop</styleUrl>
        <Point>
          <coordinates>0.652144,47.211647,0</coordinates>
        </Point>
      </Placemark>
      <Placemark>
        <name>Beau Chêne</name>
        <description>Cars Rémi : H</description>
        <styleUrl>#carStop</styleUrl>
        <Point>
          <coordinates>0.684556,47.233307,0</coordinates>
        </Point>
      </Placemark>
      <Placemark>
        <name>Beau Séjour</name>
        <description>Cars Rémi : TH</description>
        <styleUrl>#carStop</styleUrl>
        <Point>
          <coordinates>0.810835,46.837643,0</coordinates>
        </Point>
      </Placemark>
      <Placemark>
        <name>Beaumer</name>
        <description>Cars Rémi : I</description>
        <styleUrl>#carStop</styleUrl>
        <Point>
          <coordinates>0.644097,47.280216,0</coordinates>
        </Point>
      </Placemark>
      <Placemark>
        <name>Beauregard</name>
        <description>Cars Rémi : G</description>
        <styleUrl>#carStop</styleUrl>
        <Point>
          <coordinates>0.788040,47.167221,0</coordinates>
        </Point>
      </Placemark>
      <Placemark>
        <name>Beethoven</name>
        <description>Cars Rémi : D</description>
        <styleUrl>#carStop</styleUrl>
        <Point>
          <coordinates>0.701646,47.363781,0</coordinates>
        </Point>
      </Placemark>
      <Placemark>
        <name>Bellevue</name>
        <description>Cars Rémi : G</description>
        <styleUrl>#carStop</styleUrl>
        <Point>
          <coordinates>0.813122,47.048389,0</coordinates>
        </Point>
      </Placemark>
      <Placemark>
        <name>Bellevue</name>
        <description>Cars Rémi : TF</description>
        <styleUrl>#carStop</styleUrl>
        <Point>
          <coordinates>0.471550,47.266533,0</coordinates>
        </Point>
      </Placemark>
      <Placemark>
        <name>Bellevue</name>
        <description>Cars Rémi : D</description>
        <styleUrl>#carStop</styleUrl>
        <Point>
          <coordinates>0.776778,47.364338,0</coordinates>
        </Point>
      </Placemark>
      <Placemark>
        <name>Bibliothèque</name>
        <description>Cars Rémi : TE</description>
        <styleUrl>#carStop</styleUrl>
        <Point>
          <coordinates>0.413837,46.948681,0</coordinates>
        </Point>
      </Placemark>
      <Placemark>
        <name>Bibliothèque</name>
        <description>Cars Rémi : H, H2, TD</description>
        <styleUrl>#carStop</styleUrl>
        <Point>
          <coordinates>0.617138,47.113106,0</coordinates>
        </Point>
      </Placemark>
      <Placemark>
        <name>Biéné</name>
        <description>Cars Rémi : M</description>
        <styleUrl>#carStop</styleUrl>
        <Point>
          <coordinates>0.524399,47.596809,0</coordinates>
        </Point>
      </Placemark>
      <Placemark>
        <name>Bois Cormier</name>
        <description>Cars Rémi : 800</description>
        <styleUrl>#carStop</styleUrl>
        <Point>
          <coordinates>0.717528,47.343044,0</coordinates>
        </Point>
      </Placemark>
      <Placemark>
        <name>Boisdenier</name>
        <description>Cars Rémi : C</description>
        <styleUrl>#carStop</styleUrl>
        <Point>
          <coordinates>0.814405,47.384743,0</coordinates>
        </Point>
      </Placemark>
      <Placemark>
        <name>Bonleuvre</name>
        <description>Cars Rémi : TA</description>
        <styleUrl>#carStop</styleUrl>
        <Point>
          <coordinates>0.922487,47.585163,0</coordinates>
        </Point>
      </Placemark>
      <Placemark>
        <name>Bono</name>
        <description>Cars Rémi : D, TB</description>
        <styleUrl>#carStop</styleUrl>
        <Point>
          <coordinates>0.925130,47.321922,0</coordinates>
        </Point>
      </Placemark>
      <Placemark>
        <name>Boyères</name>
        <description>Cars Rémi : P</description>
        <styleUrl>#carStop</styleUrl>
        <Point>
          <coordinates>0.479718,47.444714,0</coordinates>
        </Point>
      </Placemark>
      <Placemark>
        <name>Béranger</name>
        <description>Cars Rémi : M, P, R, S</description>
        <styleUrl>#carStop</styleUrl>
        <Point>
          <coordinates>0.683762,47.389507,0</coordinates>
        </Point>
      </Placemark>
      <Placemark>
        <name>CHU Trousseau</name>
        <description>Cars Rémi : 800, I</description>
        <styleUrl>#carStop</styleUrl>
        <Point>
          <coordinates>0.712285,47.347988,0</coordinates>
        </Point>
      </Placemark>
      <Placemark>
        <name>Café Brûlé</name>
        <description>Cars Rémi : 800</description>
        <styleUrl>#carStop</styleUrl>
        <Point>
          <coordinates>0.897982,47.212646,0</coordinates>
        </Point>
      </Placemark>
      <Placemark>
        <name>Café de la Poste</name>
        <description>Cars Rémi : TH</description>
        <styleUrl>#carStop</styleUrl>
        <Point>
          <coordinates>0.771514,46.865295,0</coordinates>
        </Point>
      </Placemark>
      <Placemark>
        <name>Camping</name>
        <description>Cars Rémi : TF</description>
        <styleUrl>#carStop</styleUrl>
        <Point>
          <coordinates>0.452612,47.344395,0</coordinates>
        </Point>
      </Placemark>
      <Placemark>
        <name>Carrefour</name>
        <description>Cars Rémi : H2, TE</description>
        <styleUrl>#carStop</styleUrl>
        <Point>
          <coordinates>0.347577,47.026638,0</coordinates>
        </Point>
      </Placemark>
      <Placemark>
        <name>Carrefour</name>
        <description>Cars Rémi : 800</description>
        <styleUrl>#carStop</styleUrl>
        <Point>
          <coordinates>0.866669,47.237625,0</coordinates>
        </Point>
      </Placemark>
      <Placemark>
        <name>Carrefour D943</name>
        <description>Cars Rémi : 800</description>
        <styleUrl>#carStop</styleUrl>
        <Point>
          <coordinates>1.095622,47.033161,0</coordinates>
        </Point>
      </Placemark>
      <Placemark>
        <name>Carrefour D943/D80</name>
        <description>Cars Rémi : 800</description>
        <styleUrl>#carStop</styleUrl>
        <Point>
          <coordinates>1.570404,46.840782,0</coordinates>
        </Point>
      </Placemark>
      <Placemark>
        <name>Carrefour des 4 routes</name>
        <description>Cars Rémi : H, H2, J, TD</description>
        <styleUrl>#carStop</styleUrl>
        <Point>
          <coordinates>0.613960,47.108395,0</coordinates>
        </Point>
      </Placemark>
      <Placemark>
        <name>Cave coopérative</name>
        <description>Cars Rémi : C, TB</description>
        <styleUrl>#carStop</styleUrl>
        <Point>
          <coordinates>1.046791,47.331852,0</coordinates>
        </Point>
      </Placemark>
      <Placemark>
        <name>Centre</name>
        <description>Cars Rémi : 800</description>
        <styleUrl>#carStop</styleUrl>
        <Point>
          <coordinates>1.564160,46.829056,0</coordinates>
        </Point>
      </Placemark>
      <Placemark>
        <name>Centre</name>
        <description>Cars Rémi : 800</description>
        <styleUrl>#carStop</styleUrl>
        <Point>
          <coordinates>1.565568,46.834980,0</coordinates>
        </Point>
      </Placemark>
      <Placemark>
        <name>Centre</name>
        <description>Cars Rémi : 800</description>
        <styleUrl>#carStop</styleUrl>
        <Point>
          <coordinates>1.530851,46.840839,0</coordinates>
        </Point>
      </Placemark>
      <Placemark>
        <name>Centre</name>
        <description>Cars Rémi : 800</description>
        <styleUrl>#carStop</styleUrl>
        <Point>
          <coordinates>1.534287,46.848583,0</coordinates>
        </Point>
      </Placemark>
      <Placemark>
        <name>Centre</name>
        <description>Cars Rémi : G</description>
        <styleUrl>#carStop</styleUrl>
        <Point>
          <coordinates>0.985900,46.913521,0</coordinates>
        </Point>
      </Placemark>
      <Placemark>
        <name>Centre</name>
        <description>Cars Rémi : G</description>
        <styleUrl>#carStop</styleUrl>
        <Point>
          <coordinates>0.919065,46.920727,0</coordinates>
        </Point>
      </Placemark>
      <Placemark>
        <name>Centre</name>
        <description>Cars Rémi : 800</description>
        <styleUrl>#carStop</styleUrl>
        <Point>
          <coordinates>1.232457,46.941727,0</coordinates>
        </Point>
      </Placemark>
      <Placemark>
        <name>Centre</name>
        <description>Cars Rémi : G</description>
        <styleUrl>#carStop</styleUrl>
        <Point>
          <coordinates>0.894365,46.944721,0</coordinates>
        </Point>
      </Placemark>
      <Placemark>
        <name>Centre</name>
        <description>Cars Rémi : 800</description>
        <styleUrl>#carStop</styleUrl>
        <Point>
          <coordinates>1.240279,46.956696,0</coordinates>
        </Point>
      </Placemark>
      <Placemark>
        <name>Centre</name>
        <description>Cars Rémi : G</description>
        <styleUrl>#carStop</styleUrl>
        <Point>
          <coordinates>0.838606,46.981716,0</coordinates>
        </Point>
      </Placemark>
      <Placemark>
        <name>Centre</name>
        <description>Cars Rémi : TE</description>
        <styleUrl>#carStop</styleUrl>
        <Point>
          <coordinates>0.488607,46.982075,0</coordinates>
        </Point>
      </Placemark>
      <Placemark>
        <name>Centre</name>
        <description>Cars Rémi : G</description>
        <styleUrl>#carStop</styleUrl>
        <Point>
          <coordinates>0.881658,46.993286,0</coordinates>
        </Point>
      </Placemark>
      <Placemark>
        <name>Centre</name>
        <description>Cars Rémi : TE</description>
        <styleUrl>#carStop</styleUrl>
        <Point>
          <coordinates>0.452862,47.023125,0</coordinates>
        </Point>
      </Placemark>
      <Placemark>
        <name>Centre</name>
        <description>Cars Rémi : TC</description>
        <styleUrl>#carStop</styleUrl>
        <Point>
          <coordinates>0.788022,47.025394,0</coordinates>
        </Point>
      </Placemark>
      <Placemark>
        <name>Centre</name>
        <description>Cars Rémi : H2, TE</description>
        <styleUrl>#carStop</styleUrl>
        <Point>
          <coordinates>0.396024,47.034042,0</coordinates>
        </Point>
      </Placemark>
      <Placemark>
        <name>Centre</name>
        <description>Cars Rémi : H2</description>
        <styleUrl>#carStop</styleUrl>
        <Point>
          <coordinates>0.456095,47.038521,0</coordinates>
        </Point>
      </Placemark>
      <Placemark>
        <name>Centre</name>
        <description>Cars Rémi : G, TC</description>
        <styleUrl>#carStop</styleUrl>
        <Point>
          <coordinates>0.818934,47.042320,0</coordinates>
        </Point>
      </Placemark>
      <Placemark>
        <name>Centre</name>
        <description>Cars Rémi : H2, TE</description>
        <styleUrl>#carStop</styleUrl>
        <Point>
          <coordinates>0.403600,47.049377,0</coordinates>
        </Point>
      </Placemark>
      <Placemark>
        <name>Centre</name>
        <description>Cars Rémi : G</description>
        <styleUrl>#carStop</styleUrl>
        <Point>
          <coordinates>0.791556,47.086742,0</coordinates>
        </Point>
      </Placemark>
      <Placemark>
        <name>Centre</name>
        <description>Cars Rémi : H2, TD</description>
        <styleUrl>#carStop</styleUrl>
        <Point>
          <coordinates>0.560024,47.108559,0</coordinates>
        </Point>
      </Placemark>
      <Placemark>
        <name>Centre</name>
        <description>Cars Rémi : TE</description>
        <styleUrl>#carStop</styleUrl>
        <Point>
          <coordinates>0.274303,47.111462,0</coordinates>
        </Point>
      </Placemark>
      <Placemark>
        <name>Centre</name>
        <description>Cars Rémi : J</description>
        <styleUrl>#carStop</styleUrl>
        <Point>
          <coordinates>0.729051,47.112183,0</coordinates>
        </Point>
      </Placemark>
      <Placemark>
        <name>Centre</name>
        <description>Cars Rémi : TD</description>
        <styleUrl>#carStop</styleUrl>
        <Point>
          <coordinates>0.460844,47.122017,0</coordinates>
        </Point>
      </Placemark>
      <Placemark>
        <name>Centre</name>
        <description>Cars Rémi : TD</description>
        <styleUrl>#carStop</styleUrl>
        <Point>
          <coordinates>0.386287,47.127003,0</coordinates>
        </Point>
      </Placemark>
      <Placemark>
        <name>Centre</name>
        <description>Cars Rémi : TD</description>
        <styleUrl>#carStop</styleUrl>
        <Point>
          <coordinates>0.343694,47.132450,0</coordinates>
        </Point>
      </Placemark>
      <Placemark>
        <name>Centre</name>
        <description>Cars Rémi : G</description>
        <styleUrl>#carStop</styleUrl>
        <Point>
          <coordinates>0.792390,47.136681,0</coordinates>
        </Point>
      </Placemark>
      <Placemark>
        <name>Centre</name>
        <description>Cars Rémi : G</description>
        <styleUrl>#carStop</styleUrl>
        <Point>
          <coordinates>0.786544,47.160465,0</coordinates>
        </Point>
      </Placemark>
      <Placemark>
        <name>Centre</name>
        <description>Cars Rémi : TC</description>
        <styleUrl>#carStop</styleUrl>
        <Point>
          <coordinates>1.096448,47.183231,0</coordinates>
        </Point>
      </Placemark>
      <Placemark>
        <name>Centre</name>
        <description>Cars Rémi : J</description>
        <styleUrl>#carStop</styleUrl>
        <Point>
          <coordinates>1.026631,47.205112,0</coordinates>
        </Point>
      </Placemark>
      <Placemark>
        <name>Centre</name>
        <description>Cars Rémi : F, G</description>
        <styleUrl>#carStop</styleUrl>
        <Point>
          <coordinates>0.772236,47.226761,0</coordinates>
        </Point>
      </Placemark>
      <Placemark>
        <name>Centre</name>
        <description>Cars Rémi : H, H2</description>
        <styleUrl>#carStop</styleUrl>
        <Point>
          <coordinates>0.693331,47.240665,0</coordinates>
        </Point>
      </Placemark>
      <Placemark>
        <name>Centre</name>
        <description>Cars Rémi : I</description>
        <styleUrl>#carStop</styleUrl>
        <Point>
          <coordinates>0.542958,47.246502,0</coordinates>
        </Point>
      </Placemark>
      <Placemark>
        <name>Centre</name>
        <description>Cars Rémi : J</description>
        <styleUrl>#carStop</styleUrl>
        <Point>
          <coordinates>0.991101,47.265011,0</coordinates>
        </Point>
      </Placemark>
      <Placemark>
        <name>Centre</name>
        <description>Cars Rémi : N2</description>
        <styleUrl>#carStop</styleUrl>
        <Point>
          <coordinates>0.267067,47.282486,0</coordinates>
        </Point>
      </Placemark>
      <Placemark>
        <name>Centre</name>
        <description>Cars Rémi : N2</description>
        <styleUrl>#carStop</styleUrl>
        <Point>
          <coordinates>0.227007,47.282959,0</coordinates>
        </Point>
      </Placemark>
      <Placemark>
        <name>Centre</name>
        <description>Cars Rémi : F</description>
        <styleUrl>#carStop</styleUrl>
        <Point>
          <coordinates>0.785500,47.283958,0</coordinates>
        </Point>
      </Placemark>
      <Placemark>
        <name>Centre</name>
        <description>Cars Rémi : F, G</description>
        <styleUrl>#carStop</styleUrl>
        <Point>
          <coordinates>0.736511,47.287312,0</coordinates>
        </Point>
      </Placemark>
      <Placemark>
        <name>Centre</name>
        <description>Cars Rémi : H, H2</description>
        <styleUrl>#carStop</styleUrl>
        <Point>
          <coordinates>0.714979,47.287724,0</coordinates>
        </Point>
      </Placemark>
      <Placemark>
        <name>Centre</name>
        <description>Cars Rémi : TF</description>
        <styleUrl>#carStop</styleUrl>
        <Point>
          <coordinates>0.349631,47.307804,0</coordinates>
        </Point>
      </Placemark>
      <Placemark>
        <name>Centre</name>
        <description>Cars Rémi : J, TB</description>
        <styleUrl>#carStop</styleUrl>
        <Point>
          <coordinates>0.989994,47.339622,0</coordinates>
        </Point>
      </Placemark>
      <Placemark>
        <name>Centre</name>
        <description>Cars Rémi : D</description>
        <styleUrl>#carStop</styleUrl>
        <Point>
          <coordinates>0.843484,47.347748,0</coordinates>
        </Point>
      </Placemark>
      <Placemark>
        <name>Centre</name>
        <description>Cars Rémi : TF</description>
        <styleUrl>#carStop</styleUrl>
        <Point>
          <coordinates>0.424315,47.383343,0</coordinates>
        </Point>
      </Placemark>
      <Placemark>
        <name>Centre</name>
        <description>Cars Rémi : C</description>
        <styleUrl>#carStop</styleUrl>
        <Point>
          <coordinates>0.921906,47.398350,0</coordinates>
        </Point>
      </Placemark>
      <Placemark>
        <name>Centre</name>
        <description>Cars Rémi : P</description>
        <styleUrl>#carStop</styleUrl>
        <Point>
          <coordinates>0.498993,47.443630,0</coordinates>
        </Point>
      </Placemark>
      <Placemark>
        <name>Centre</name>
        <description>Cars Rémi : P</description>
        <styleUrl>#carStop</styleUrl>
        <Point>
          <coordinates>0.323429,47.443821,0</coordinates>
        </Point>
      </Placemark>
      <Placemark>
        <name>Centre</name>
        <description>Cars Rémi : P</description>
        <styleUrl>#carStop</styleUrl>
        <Point>
          <coordinates>0.247901,47.449543,0</coordinates>
        </Point>
      </Placemark>
      <Placemark>
        <name>Centre</name>
        <description>Cars Rémi : TA</description>
        <styleUrl>#carStop</styleUrl>
        <Point>
          <coordinates>0.994310,47.468258,0</coordinates>
        </Point>
      </Placemark>
      <Placemark>
        <name>Centre</name>
        <description>Cars Rémi : M</description>
        <styleUrl>#carStop</styleUrl>
        <Point>
          <coordinates>0.609290,47.469910,0</coordinates>
        </Point>
      </Placemark>
      <Placemark>
        <name>Centre</name>
        <description>Cars Rémi : P</description>
        <styleUrl>#carStop</styleUrl>
        <Point>
          <coordinates>0.264614,47.480602,0</coordinates>
        </Point>
      </Placemark>
      <Placemark>
        <name>Centre</name>
        <description>Cars Rémi : A</description>
        <styleUrl>#carStop</styleUrl>
        <Point>
          <coordinates>0.884458,47.482147,0</coordinates>
        </Point>
      </Placemark>
      <Placemark>
        <name>Centre</name>
        <description>Cars Rémi : S</description>
        <styleUrl>#carStop</styleUrl>
        <Point>
          <coordinates>0.682410,47.501575,0</coordinates>
        </Point>
      </Placemark>
      <Placemark>
        <name>Centre</name>
        <description>Cars Rémi : R</description>
        <styleUrl>#carStop</styleUrl>
        <Point>
          <coordinates>0.257634,47.507042,0</coordinates>
        </Point>
      </Placemark>
      <Placemark>
        <name>Centre</name>
        <description>Cars Rémi : A</description>
        <styleUrl>#carStop</styleUrl>
        <Point>
          <coordinates>0.910390,47.512562,0</coordinates>
        </Point>
      </Placemark>
      <Placemark>
        <name>Centre</name>
        <description>Cars Rémi : R</description>
        <styleUrl>#carStop</styleUrl>
        <Point>
          <coordinates>0.244741,47.515091,0</coordinates>
        </Point>
      </Placemark>
      <Placemark>
        <name>Centre</name>
        <description>Cars Rémi : TA</description>
        <styleUrl>#carStop</styleUrl>
        <Point>
          <coordinates>1.031792,47.540928,0</coordinates>
        </Point>
      </Placemark>
      <Placemark>
        <name>Centre</name>
        <description>Cars Rémi : A</description>
        <styleUrl>#carStop</styleUrl>
        <Point>
          <coordinates>0.919523,47.542477,0</coordinates>
        </Point>
      </Placemark>
      <Placemark>
        <name>Centre</name>
        <description>Cars Rémi : A</description>
        <styleUrl>#carStop</styleUrl>
        <Point>
          <coordinates>0.889518,47.545658,0</coordinates>
        </Point>
      </Placemark>
      <Placemark>
        <name>Centre</name>
        <description>Cars Rémi : R</description>
        <styleUrl>#carStop</styleUrl>
        <Point>
          <coordinates>0.240689,47.549316,0</coordinates>
        </Point>
      </Placemark>
      <Placemark>
        <name>Centre</name>
        <description>Cars Rémi : R</description>
        <styleUrl>#carStop</styleUrl>
        <Point>
          <coordinates>0.249709,47.554901,0</coordinates>
        </Point>
      </Placemark>
      <Placemark>
        <name>Centre</name>
        <description>Cars Rémi : TA</description>
        <styleUrl>#carStop</styleUrl>
        <Point>
          <coordinates>1.010823,47.563049,0</coordinates>
        </Point>
      </Placemark>
      <Placemark>
        <name>Centre</name>
        <description>Cars Rémi : R</description>
        <styleUrl>#carStop</styleUrl>
        <Point>
          <coordinates>0.390238,47.569187,0</coordinates>
        </Point>
      </Placemark>
      <Placemark>
        <name>Centre</name>
        <description>Cars Rémi : R</description>
        <styleUrl>#carStop</styleUrl>
        <Point>
          <coordinates>0.312620,47.575897,0</coordinates>
        </Point>
      </Placemark>
      <Placemark>
        <name>Centre</name>
        <description>Cars Rémi : TA</description>
        <styleUrl>#carStop</styleUrl>
        <Point>
          <coordinates>1.036457,47.585087,0</coordinates>
        </Point>
      </Placemark>
      <Placemark>
        <name>Centre</name>
        <description>Cars Rémi : TA</description>
        <styleUrl>#carStop</styleUrl>
        <Point>
          <coordinates>0.972493,47.603622,0</coordinates>
        </Point>
      </Placemark>
      <Placemark>
        <name>Centre</name>
        <description>Cars Rémi : M</description>
        <styleUrl>#carStop</styleUrl>
        <Point>
          <coordinates>0.475019,47.615837,0</coordinates>
        </Point>
      </Placemark>
      <Placemark>
        <name>Centre</name>
        <description>Cars Rémi : S</description>
        <styleUrl>#carStop</styleUrl>
        <Point>
          <coordinates>0.613488,47.668804,0</coordinates>
        </Point>
      </Placemark>
      <Placemark>
        <name>Centre</name>
        <description>Cars Rémi : 434</description>
        <styleUrl>#carStop</styleUrl>
        <Point>
          <coordinates>1.232645,47.901928,0</coordinates>
        </Point>
      </Placemark>
      <Placemark>
        <name>Chambray 2</name>
        <description>Cars Rémi : I</description>
        <styleUrl>#carStop</styleUrl>
        <Point>
          <coordinates>0.701141,47.337563,0</coordinates>
        </Point>
      </Placemark>
      <Placemark>
        <name>Champ de Foire</name>
        <description>Cars Rémi : 434, A, TA</description>
        <styleUrl>#carStop</styleUrl>
        <Point>
          <coordinates>0.913393,47.596432,0</coordinates>
        </Point>
      </Placemark>
      <Placemark>
        <name>Champgault</name>
        <description>Cars Rémi : 800</description>
        <styleUrl>#carStop</styleUrl>
        <Point>
          <coordinates>0.814772,47.287376,0</coordinates>
        </Point>
      </Placemark>
      <Placemark>
        <name>Chapelle</name>
        <description>Cars Rémi : 800</description>
        <styleUrl>#carStop</styleUrl>
        <Point>
          <coordinates>0.830414,47.275398,0</coordinates>
        </Point>
      </Placemark>
      <Placemark>
        <name>Chemin du Roi</name>
        <description>Cars Rémi : TA</description>
        <styleUrl>#carStop</styleUrl>
        <Point>
          <coordinates>1.018672,47.414600,0</coordinates>
        </Point>
      </Placemark>
      <Placemark>
        <name>Cheval Blanc</name>
        <description>Cars Rémi : P</description>
        <styleUrl>#carStop</styleUrl>
        <Point>
          <coordinates>0.296144,47.426147,0</coordinates>
        </Point>
      </Placemark>
      <Placemark>
        <name>Cheval-Blanc</name>
        <description>Cars Rémi : H, H2</description>
        <styleUrl>#carStop</styleUrl>
        <Point>
          <coordinates>0.665362,47.191132,0</coordinates>
        </Point>
      </Placemark>
      <Placemark>
        <name>Choiseul</name>
        <description>Cars Rémi : C</description>
        <styleUrl>#carStop</styleUrl>
        <Point>
          <coordinates>0.969474,47.408031,0</coordinates>
        </Point>
      </Placemark>
      <Placemark>
        <name>Chopin</name>
        <description>Cars Rémi : 800</description>
        <styleUrl>#carStop</styleUrl>
        <Point>
          <coordinates>0.964358,47.183754,0</coordinates>
        </Point>
      </Placemark>
      <Placemark>
        <name>Château</name>
        <description>Cars Rémi : C</description>
        <styleUrl>#carStop</styleUrl>
        <Point>
          <coordinates>1.065735,47.331596,0</coordinates>
        </Point>
      </Placemark>
      <Placemark>
        <name>Château</name>
        <description>Cars Rémi : TA</description>
        <styleUrl>#carStop</styleUrl>
        <Point>
          <coordinates>0.994484,47.524040,0</coordinates>
        </Point>
      </Placemark>
      <Placemark>
        <name>Château d'Eau</name>
        <description>Cars Rémi : D</description>
        <styleUrl>#carStop</styleUrl>
        <Point>
          <coordinates>0.770226,47.355511,0</coordinates>
        </Point>
      </Placemark>
      <Placemark>
        <name>Château d'Eau</name>
        <description>Cars Rémi : P</description>
        <styleUrl>#carStop</styleUrl>
        <Point>
          <coordinates>0.452098,47.450733,0</coordinates>
        </Point>
      </Placemark>
      <Placemark>
        <name>Château de Beauvais</name>
        <description>Cars Rémi : D</description>
        <styleUrl>#carStop</styleUrl>
        <Point>
          <coordinates>0.868062,47.341793,0</coordinates>
        </Point>
      </Placemark>
      <Placemark>
        <name>Château de Nitray</name>
        <description>Cars Rémi : D</description>
        <styleUrl>#carStop</styleUrl>
        <Point>
          <coordinates>0.889160,47.336754,0</coordinates>
        </Point>
      </Placemark>
      <Placemark>
        <name>Chêne pendu</name>
        <description>Cars Rémi : 800</description>
        <styleUrl>#carStop</styleUrl>
        <Point>
          <coordinates>0.766308,47.324955,0</coordinates>
        </Point>
      </Placemark>
      <Placemark>
        <name>Cimetière</name>
        <description>Cars Rémi : N1</description>
        <styleUrl>#carStop</styleUrl>
        <Point>
          <coordinates>0.164451,47.283325,0</coordinates>
        </Point>
      </Placemark>
      <Placemark>
        <name>Cimetière</name>
        <description>Cars Rémi : R</description>
        <styleUrl>#carStop</styleUrl>
        <Point>
          <coordinates>0.400568,47.523949,0</coordinates>
        </Point>
      </Placemark>
      <Placemark>
        <name>Cité Scolaire</name>
        <description>Cars Rémi : C, J, TA, TB</description>
        <styleUrl>#carStop</styleUrl>
        <Point>
          <coordinates>0.981593,47.399479,0</coordinates>
        </Point>
      </Placemark>
      <Placemark>
        <name>Cité scolaire</name>
        <description>Cars Rémi : J, TC</description>
        <styleUrl>#carStop</styleUrl>
        <Point>
          <coordinates>0.981003,47.127518,0</coordinates>
        </Point>
      </Placemark>
      <Placemark>
        <name>Clinique</name>
        <description>Cars Rémi : S</description>
        <styleUrl>#carStop</styleUrl>
        <Point>
          <coordinates>0.656274,47.560329,0</coordinates>
        </Point>
      </Placemark>
      <Placemark>
        <name>Clos Barberouge</name>
        <description>Cars Rémi : TD</description>
        <styleUrl>#carStop</styleUrl>
        <Point>
          <coordinates>0.301566,47.135239,0</coordinates>
        </Point>
      </Placemark>
      <Placemark>
        <name>Clos de la Cure</name>
        <description>Cars Rémi : M</description>
        <styleUrl>#carStop</styleUrl>
        <Point>
          <coordinates>0.629734,47.499920,0</coordinates>
        </Point>
      </Placemark>
      <Placemark>
        <name>Clos du Houx</name>
        <description>Cars Rémi : C</description>
        <styleUrl>#carStop</styleUrl>
        <Point>
          <coordinates>0.851611,47.381680,0</coordinates>
        </Point>
      </Placemark>
      <Placemark>
        <name>Cochereau</name>
        <description>Cars Rémi : TE</description>
        <styleUrl>#carStop</styleUrl>
        <Point>
          <coordinates>0.370193,46.972786,0</coordinates>
        </Point>
      </Placemark>
      <Placemark>
        <name>Collège</name>
        <description>Cars Rémi : N2, TF</description>
        <styleUrl>#carStop</styleUrl>
        <Point>
          <coordinates>0.407396,47.331566,0</coordinates>
        </Point>
      </Placemark>
      <Placemark>
        <name>Collège</name>
        <description>Cars Rémi : A</description>
        <styleUrl>#carStop</styleUrl>
        <Point>
          <coordinates>0.801740,47.410282,0</coordinates>
        </Point>
      </Placemark>
      <Placemark>
        <name>Collège Albert Camus</name>
        <description>Cars Rémi : H</description>
        <styleUrl>#carStop</styleUrl>
        <Point>
          <coordinates>0.705621,47.283592,0</coordinates>
        </Point>
      </Placemark>
      <Placemark>
        <name>Collège Jean Zay</name>
        <description>Cars Rémi : TE, TF</description>
        <styleUrl>#carStop</styleUrl>
        <Point>
          <coordinates>0.251185,47.165165,0</coordinates>
        </Point>
      </Placemark>
      <Placemark>
        <name>Collège Philippe de Commynes</name>
        <description>Cars Rémi : D</description>
        <styleUrl>#carStop</styleUrl>
        <Point>
          <coordinates>0.703795,47.366592,0</coordinates>
        </Point>
      </Placemark>
      <Placemark>
        <name>Collège Roger Jahan</name>
        <description>Cars Rémi : H, TC</description>
        <styleUrl>#carStop</styleUrl>
        <Point>
          <coordinates>0.695912,46.978416,0</coordinates>
        </Point>
      </Placemark>
      <Placemark>
        <name>Collège Ronsard</name>
        <description>Cars Rémi : N1</description>
        <styleUrl>#carStop</styleUrl>
        <Point>
          <coordinates>0.173113,47.283512,0</coordinates>
        </Point>
      </Placemark>
      <Placemark>
        <name>Collège St Joseph</name>
        <description>Cars Rémi : TE, TF</description>
        <styleUrl>#carStop</styleUrl>
        <Point>
          <coordinates>0.247952,47.165489,0</coordinates>
        </Point>
      </Placemark>
      <Placemark>
        <name>Collège le Jouteux</name>
        <description>Cars Rémi : N1</description>
        <styleUrl>#carStop</styleUrl>
        <Point>
          <coordinates>0.168553,47.284817,0</coordinates>
        </Point>
      </Placemark>
      <Placemark>
        <name>Conneuil Nord</name>
        <description>Cars Rémi : C</description>
        <styleUrl>#carStop</styleUrl>
        <Point>
          <coordinates>0.803563,47.396545,0</coordinates>
        </Point>
      </Placemark>
      <Placemark>
        <name>Conneuil Sud</name>
        <description>Cars Rémi : C</description>
        <styleUrl>#carStop</styleUrl>
        <Point>
          <coordinates>0.799070,47.393085,0</coordinates>
        </Point>
      </Placemark>
      <Placemark>
        <name>Cosson</name>
        <description>Cars Rémi : A</description>
        <styleUrl>#carStop</styleUrl>
        <Point>
          <coordinates>0.842424,47.416771,0</coordinates>
        </Point>
      </Placemark>
      <Placemark>
        <name>Coursannes</name>
        <description>Cars Rémi : N1</description>
        <styleUrl>#carStop</styleUrl>
        <Point>
          <coordinates>0.163396,47.277096,0</coordinates>
        </Point>
      </Placemark>
      <Placemark>
        <name>Croissant</name>
        <description>Cars Rémi : 800</description>
        <styleUrl>#carStop</styleUrl>
        <Point>
          <coordinates>0.835284,47.268684,0</coordinates>
        </Point>
      </Placemark>
      <Placemark>
        <name>Croix Perrine</name>
        <description>Cars Rémi : 800</description>
        <styleUrl>#carStop</styleUrl>
        <Point>
          <coordinates>1.683211,46.817207,0</coordinates>
        </Point>
      </Placemark>
      <Placemark>
        <name>Delprat</name>
        <description>Cars Rémi : C</description>
        <styleUrl>#carStop</styleUrl>
        <Point>
          <coordinates>0.764110,47.396130,0</coordinates>
        </Point>
      </Placemark>
      <Placemark>
        <name>Descartes</name>
        <description>Cars Rémi : C</description>
        <styleUrl>#carStop</styleUrl>
        <Point>
          <coordinates>0.814089,47.387028,0</coordinates>
        </Point>
      </Placemark>
      <Placemark>
        <name>Douches</name>
        <description>Cars Rémi : TE</description>
        <styleUrl>#carStop</styleUrl>
        <Point>
          <coordinates>0.323359,47.017258,0</coordinates>
        </Point>
      </Placemark>
      <Placemark>
        <name>Ecole</name>
        <description>Cars Rémi : 800</description>
        <styleUrl>#carStop</styleUrl>
        <Point>
          <coordinates>1.337996,46.927608,0</coordinates>
        </Point>
      </Placemark>
      <Placemark>
        <name>Ecole</name>
        <description>Cars Rémi : TC</description>
        <styleUrl>#carStop</styleUrl>
        <Point>
          <coordinates>0.870616,47.059444,0</coordinates>
        </Point>
      </Placemark>
      <Placemark>
        <name>Ecole</name>
        <description>Cars Rémi : P, TF</description>
        <styleUrl>#carStop</styleUrl>
        <Point>
          <coordinates>0.390393,47.425644,0</coordinates>
        </Point>
      </Placemark>
      <Placemark>
        <name>Ecole</name>
        <description>Cars Rémi : P</description>
        <styleUrl>#carStop</styleUrl>
        <Point>
          <coordinates>0.262089,47.477180,0</coordinates>
        </Point>
      </Placemark>
      <Placemark>
        <name>Ecole Commerce</name>
        <description>Cars Rémi : F, G, H, H2, I</description>
        <styleUrl>#carStop</styleUrl>
        <Point>
          <coordinates>0.705426,47.364307,0</coordinates>
        </Point>
      </Placemark>
      <Placemark>
        <name>Edouard Branly</name>
        <description>Cars Rémi : P</description>
        <styleUrl>#carStop</styleUrl>
        <Point>
          <coordinates>0.620383,47.407295,0</coordinates>
        </Point>
      </Placemark>
      <Placemark>
        <name>Eglise</name>
        <description>Cars Rémi : TH</description>
        <styleUrl>#carStop</styleUrl>
        <Point>
          <coordinates>0.954532,46.734516,0</coordinates>
        </Point>
      </Placemark>
      <Placemark>
        <name>Eglise</name>
        <description>Cars Rémi : TE</description>
        <styleUrl>#carStop</styleUrl>
        <Point>
          <coordinates>0.377224,46.975666,0</coordinates>
        </Point>
      </Placemark>
      <Placemark>
        <name>Eglise</name>
        <description>Cars Rémi : H</description>
        <styleUrl>#carStop</styleUrl>
        <Point>
          <coordinates>0.605524,47.021095,0</coordinates>
        </Point>
      </Placemark>
      <Placemark>
        <name>Eglise</name>
        <description>Cars Rémi : H2</description>
        <styleUrl>#carStop</styleUrl>
        <Point>
          <coordinates>0.532540,47.081791,0</coordinates>
        </Point>
      </Placemark>
      <Placemark>
        <name>Eglise</name>
        <description>Cars Rémi : TF</description>
        <styleUrl>#carStop</styleUrl>
        <Point>
          <coordinates>0.416522,47.297592,0</coordinates>
        </Point>
      </Placemark>
      <Placemark>
        <name>Eglise</name>
        <description>Cars Rémi : D, TB</description>
        <styleUrl>#carStop</styleUrl>
        <Point>
          <coordinates>0.916295,47.321095,0</coordinates>
        </Point>
      </Placemark>
      <Placemark>
        <name>Eglise</name>
        <description>Cars Rémi : S</description>
        <styleUrl>#carStop</styleUrl>
        <Point>
          <coordinates>0.594134,47.604130,0</coordinates>
        </Point>
      </Placemark>
      <Placemark>
        <name>Emile Zola</name>
        <description>Cars Rémi : C</description>
        <styleUrl>#carStop</styleUrl>
        <Point>
          <coordinates>0.831294,47.381290,0</coordinates>
        </Point>
      </Placemark>
      <Placemark>
        <name>Espace Agnès Sorel</name>
        <description>Cars Rémi : 800, TC</description>
        <styleUrl>#carStop</styleUrl>
        <Point>
          <coordinates>0.993585,47.125587,0</coordinates>
        </Point>
      </Placemark>
      <Placemark>
        <name>Espace Aquatique</name>
        <description>Cars Rémi : P</description>
        <styleUrl>#carStop</styleUrl>
        <Point>
          <coordinates>0.609163,47.410881,0</coordinates>
        </Point>
      </Placemark>
      <Placemark>
        <name>Etableau</name>
        <description>Cars Rémi : G</description>
        <styleUrl>#carStop</styleUrl>
        <Point>
          <coordinates>0.814089,46.908863,0</coordinates>
        </Point>
      </Placemark>
      <Placemark>
        <name>Fontaine de Mie</name>
        <description>Cars Rémi : M</description>
        <styleUrl>#carStop</styleUrl>
        <Point>
          <coordinates>0.673776,47.432758,0</coordinates>
        </Point>
      </Placemark>
      <Placemark>
        <name>Fougerolles</name>
        <description>Cars Rémi : N2</description>
        <styleUrl>#carStop</styleUrl>
        <Point>
          <coordinates>0.211560,47.282009,0</coordinates>
        </Point>
      </Placemark>
      <Placemark>
        <name>Foulques Nerra</name>
        <description>Cars Rémi : M</description>
        <styleUrl>#carStop</styleUrl>
        <Point>
          <coordinates>0.577244,47.497387,0</coordinates>
        </Point>
      </Placemark>
      <Placemark>
        <name>Gabrielle d'Estrées</name>
        <description>Cars Rémi : C</description>
        <styleUrl>#carStop</styleUrl>
        <Point>
          <coordinates>0.832618,47.381222,0</coordinates>
        </Point>
      </Placemark>
      <Placemark>
        <name>Galandière - Vaucecour</name>
        <description>Cars Rémi : IV</description>
        <styleUrl>#carStop</styleUrl>
        <Point>
          <coordinates>0.497838,47.231411,0</coordinates>
        </Point>
      </Placemark>
      <Placemark>
        <name>Gamard</name>
        <description>Cars Rémi : 405</description>
        <styleUrl>#carStop</styleUrl>
        <Point>
          <coordinates>0.664162,47.348907,0</coordinates>
        </Point>
      </Placemark>
      <Placemark>
        <name>Garage</name>
        <description>Cars Rémi : TD, TE</description>
        <styleUrl>#carStop</styleUrl>
        <Point>
          <coordinates>0.279917,47.138821,0</coordinates>
        </Point>
      </Placemark>
      <Placemark>
        <name>Gare</name>
        <description>Cars Rémi : 800</description>
        <styleUrl>#carStop</styleUrl>
        <Point>
          <coordinates>1.327659,46.928986,0</coordinates>
        </Point>
      </Placemark>
      <Placemark>
        <name>Gare</name>
        <description>Cars Rémi : A</description>
        <styleUrl>#carStop</styleUrl>
        <Point>
          <coordinates>0.878084,47.459064,0</coordinates>
        </Point>
      </Placemark>
      <Placemark>
        <name>Gare - RD760</name>
        <description>Cars Rémi : H2, TD</description>
        <styleUrl>#carStop</styleUrl>
        <Point>
          <coordinates>0.578375,47.108696,0</coordinates>
        </Point>
      </Placemark>
      <Placemark>
        <name>Gare Routière</name>
        <description>Cars Rémi : 800</description>
        <styleUrl>#carStop</styleUrl>
        <Point>
          <coordinates>1.698029,46.809399,0</coordinates>
        </Point>
      </Placemark>
      <Placemark>
        <name>Gare SNCF</name>
        <description>Cars Rémi : 800</description>
        <styleUrl>#carStop</styleUrl>
        <Point>
          <coordinates>1.417820,46.886890,0</coordinates>
        </Point>
      </Placemark>
      <Placemark>
        <name>Gare TGV</name>
        <description>Cars Rémi : 492</description>
        <styleUrl>#carStop</styleUrl>
        <Point>
          <coordinates>1.021567,47.822151,0</coordinates>
        </Point>
      </Placemark>
      <Placemark>
        <name>Gendarmerie</name>
        <description>Cars Rémi : TD</description>
        <styleUrl>#carStop</styleUrl>
        <Point>
          <coordinates>0.420645,47.119057,0</coordinates>
        </Point>
      </Placemark>
      <Placemark>
        <name>Gendarmerie</name>
        <description>Cars Rémi : C</description>
        <styleUrl>#carStop</styleUrl>
        <Point>
          <coordinates>0.821566,47.378510,0</coordinates>
        </Point>
      </Placemark>
      <Placemark>
        <name>Gendarmerie</name>
        <description>Cars Rémi : 434</description>
        <styleUrl>#carStop</styleUrl>
        <Point>
          <coordinates>0.795690,47.505424,0</coordinates>
        </Point>
      </Placemark>
      <Placemark>
        <name>Gendarmerie / Bd Anatole France</name>
        <description>Cars Rémi : TA</description>
        <styleUrl>#carStop</styleUrl>
        <Point>
          <coordinates>0.983265,47.419567,0</coordinates>
        </Point>
      </Placemark>
      <Placemark>
        <name>Genêtelle</name>
        <description>Cars Rémi : H</description>
        <styleUrl>#carStop</styleUrl>
        <Point>
          <coordinates>0.619796,47.195965,0</coordinates>
        </Point>
      </Placemark>
      <Placemark>
        <name>Golf</name>
        <description>Cars Rémi : 800</description>
        <styleUrl>#carStop</styleUrl>
        <Point>
          <coordinates>1.544151,46.846268,0</coordinates>
        </Point>
      </Placemark>
      <Placemark>
        <name>Grand Riz</name>
        <description>Cars Rémi : R</description>
        <styleUrl>#carStop</styleUrl>
        <Point>
          <coordinates>0.386847,47.525497,0</coordinates>
        </Point>
      </Placemark>
      <Placemark>
        <name>Grandlay</name>
        <description>Cars Rémi : D, TB</description>
        <styleUrl>#carStop</styleUrl>
        <Point>
          <coordinates>0.946817,47.326630,0</coordinates>
        </Point>
      </Placemark>
      <Placemark>
        <name>Greux</name>
        <description>Cars Rémi : C</description>
        <styleUrl>#carStop</styleUrl>
        <Point>
          <coordinates>0.800363,47.378868,0</coordinates>
        </Point>
      </Placemark>
      <Placemark>
        <name>Gué des Prés</name>
        <description>Cars Rémi : M</description>
        <styleUrl>#carStop</styleUrl>
        <Point>
          <coordinates>0.662535,47.483570,0</coordinates>
        </Point>
      </Placemark>
      <Placemark>
        <name>Halte Routière</name>
        <description>Cars Rémi : 405, A, C, D, F, G, H, H2, I, M, P, R, S</description>
        <styleUrl>#carStop</styleUrl>
        <Point>
          <coordinates>0.692327,47.390457,0</coordinates>
        </Point>
      </Placemark>
      <Placemark>
        <name>Haut Chandon</name>
        <description>Cars Rémi : C</description>
        <styleUrl>#carStop</styleUrl>
        <Point>
          <coordinates>0.951612,47.402451,0</coordinates>
        </Point>
      </Placemark>
      <Placemark>
        <name>Haute maison</name>
        <description>Cars Rémi : D</description>
        <styleUrl>#carStop</styleUrl>
        <Point>
          <coordinates>0.864853,47.336399,0</coordinates>
        </Point>
      </Placemark>
      <Placemark>
        <name>Hilarion</name>
        <description>Cars Rémi : M</description>
        <styleUrl>#carStop</styleUrl>
        <Point>
          <coordinates>0.469302,47.616535,0</coordinates>
        </Point>
      </Placemark>
      <Placemark>
        <name>Holnon</name>
        <description>Cars Rémi : A</description>
        <styleUrl>#carStop</styleUrl>
        <Point>
          <coordinates>0.801702,47.411163,0</coordinates>
        </Point>
      </Placemark>
      <Placemark>
        <name>Husseau</name>
        <description>Cars Rémi : C</description>
        <styleUrl>#carStop</styleUrl>
        <Point>
          <coordinates>0.883078,47.391895,0</coordinates>
        </Point>
      </Placemark>
      <Placemark>
        <name>Hôpital</name>
        <description>Cars Rémi : 405, TF</description>
        <styleUrl>#carStop</styleUrl>
        <Point>
          <coordinates>0.290975,47.189156,0</coordinates>
        </Point>
      </Placemark>
      <Placemark>
        <name>Hôpital</name>
        <description>Cars Rémi : A, TA</description>
        <styleUrl>#carStop</styleUrl>
        <Point>
          <coordinates>0.917399,47.588570,0</coordinates>
        </Point>
      </Placemark>
      <Placemark>
        <name>Hôpital RD431</name>
        <description>Cars Rémi : C, TA, TB</description>
        <styleUrl>#carStop</styleUrl>
        <Point>
          <coordinates>0.980176,47.404087,0</coordinates>
        </Point>
      </Placemark>
      <Placemark>
        <name>Hôtel</name>
        <description>Cars Rémi : 800</description>
        <styleUrl>#carStop</styleUrl>
        <Point>
          <coordinates>1.175233,46.983280,0</coordinates>
        </Point>
      </Placemark>
      <Placemark>
        <name>Hôtel</name>
        <description>Cars Rémi : 800</description>
        <styleUrl>#carStop</styleUrl>
        <Point>
          <coordinates>1.035794,47.082592,0</coordinates>
        </Point>
      </Placemark>
      <Placemark>
        <name>IUT</name>
        <description>Cars Rémi : M, P, R, S</description>
        <styleUrl>#carStop</styleUrl>
        <Point>
          <coordinates>0.703396,47.408875,0</coordinates>
        </Point>
      </Placemark>
      <Placemark>
        <name>Isoparc - Aire de covoiturage</name>
        <description>Cars Rémi : G</description>
        <styleUrl>#carStop</styleUrl>
        <Point>
          <coordinates>0.679745,47.255856,0</coordinates>
        </Point>
      </Placemark>
      <Placemark>
        <name>Isoparc - Nungesser</name>
        <description>Cars Rémi : G, H, H2</description>
        <styleUrl>#carStop</styleUrl>
        <Point>
          <coordinates>0.694190,47.256947,0</coordinates>
        </Point>
      </Placemark>
      <Placemark>
        <name>Jean-Baptiste Moreau</name>
        <description>Cars Rémi : 434</description>
        <styleUrl>#carStop</styleUrl>
        <Point>
          <coordinates>0.790742,47.502380,0</coordinates>
        </Point>
      </Placemark>
      <Placemark>
        <name>Justices</name>
        <description>Cars Rémi : C</description>
        <styleUrl>#carStop</styleUrl>
        <Point>
          <coordinates>0.740559,47.397030,0</coordinates>
        </Point>
      </Placemark>
      <Placemark>
        <name>Kiosque</name>
        <description>Cars Rémi : TF</description>
        <styleUrl>#carStop</styleUrl>
        <Point>
          <coordinates>0.409454,47.324070,0</coordinates>
        </Point>
      </Placemark>
      <Placemark>
        <name>L'Arche</name>
        <description>Cars Rémi : H, H2</description>
        <styleUrl>#carStop</styleUrl>
        <Point>
          <coordinates>0.640556,47.201599,0</coordinates>
        </Point>
      </Placemark>
      <Placemark>
        <name>L'Isabellière</name>
        <description>Cars Rémi : TC</description>
        <styleUrl>#carStop</styleUrl>
        <Point>
          <coordinates>0.917143,47.072666,0</coordinates>
        </Point>
      </Placemark>
      <Placemark>
        <name>L'Islette</name>
        <description>Cars Rémi : TF</description>
        <styleUrl>#carStop</styleUrl>
        <Point>
          <coordinates>0.433234,47.269283,0</coordinates>
        </Point>
      </Placemark>
      <Placemark>
        <name>L'Orbinais</name>
        <description>Cars Rémi : C</description>
        <styleUrl>#carStop</styleUrl>
        <Point>
          <coordinates>0.841581,47.388798,0</coordinates>
        </Point>
      </Placemark>
      <Placemark>
        <name>L'officière</name>
        <description>Cars Rémi : H</description>
        <styleUrl>#carStop</styleUrl>
        <Point>
          <coordinates>0.711412,47.259995,0</coordinates>
        </Point>
      </Placemark>
      <Placemark>
        <name>LEP Delataille</name>
        <description>Cars Rémi : 800</description>
        <styleUrl>#carStop</styleUrl>
        <Point>
          <coordinates>0.981197,47.127659,0</coordinates>
        </Point>
      </Placemark>
      <Placemark>
        <name>LEP Les Ardilliers</name>
        <description>Cars Rémi : N1</description>
        <styleUrl>#carStop</styleUrl>
        <Point>
          <coordinates>-0.062758,47.253281,0</coordinates>
        </Point>
      </Placemark>
      <Placemark>
        <name>LP Eiffel</name>
        <description>Cars Rémi : M, P, R, S</description>
        <styleUrl>#carStop</styleUrl>
        <Point>
          <coordinates>0.676013,47.422150,0</coordinates>
        </Point>
      </Placemark>
      <Placemark>
        <name>La Baronnerie</name>
        <description>Cars Rémi : D</description>
        <styleUrl>#carStop</styleUrl>
        <Point>
          <coordinates>0.844750,47.344997,0</coordinates>
        </Point>
      </Placemark>
      <Placemark>
        <name>La Barre / D40</name>
        <description>Cars Rémi : C</description>
        <styleUrl>#carStop</styleUrl>
        <Point>
          <coordinates>0.864646,47.387966,0</coordinates>
        </Point>
      </Placemark>
      <Placemark>
        <name>La Blanchardière</name>
        <description>Cars Rémi : TC</description>
        <styleUrl>#carStop</styleUrl>
        <Point>
          <coordinates>0.953867,47.092567,0</coordinates>
        </Point>
      </Placemark>
      <Placemark>
        <name>La Bonde</name>
        <description>Cars Rémi : C</description>
        <styleUrl>#carStop</styleUrl>
        <Point>
          <coordinates>0.855636,47.391323,0</coordinates>
        </Point>
      </Placemark>
      <Placemark>
        <name>La Bourdaisière</name>
        <description>Cars Rémi : C</description>
        <styleUrl>#carStop</styleUrl>
        <Point>
          <coordinates>0.833144,47.369549,0</coordinates>
        </Point>
      </Placemark>
      <Placemark>
        <name>La Bourde</name>
        <description>Cars Rémi : H</description>
        <styleUrl>#carStop</styleUrl>
        <Point>
          <coordinates>0.642525,47.191460,0</coordinates>
        </Point>
      </Placemark>
      <Placemark>
        <name>La Bourderie</name>
        <description>Cars Rémi : D</description>
        <styleUrl>#carStop</styleUrl>
        <Point>
          <coordinates>0.801839,47.342030,0</coordinates>
        </Point>
      </Placemark>
      <Placemark>
        <name>La Bretonnerie</name>
        <description>Cars Rémi : D</description>
        <styleUrl>#carStop</styleUrl>
        <Point>
          <coordinates>0.814969,47.320366,0</coordinates>
        </Point>
      </Placemark>
      <Placemark>
        <name>La Chanterie</name>
        <description>Cars Rémi : A</description>
        <styleUrl>#carStop</styleUrl>
        <Point>
          <coordinates>0.899255,47.543674,0</coordinates>
        </Point>
      </Placemark>
      <Placemark>
        <name>La Chapelle</name>
        <description>Cars Rémi : D</description>
        <styleUrl>#carStop</styleUrl>
        <Point>
          <coordinates>0.811071,47.322098,0</coordinates>
        </Point>
      </Placemark>
      <Placemark>
        <name>La Cigogne</name>
        <description>Cars Rémi : TC</description>
        <styleUrl>#carStop</styleUrl>
        <Point>
          <coordinates>0.758642,47.003517,0</coordinates>
        </Point>
      </Placemark>
      <Placemark>
        <name>La Claie</name>
        <description>Cars Rémi : D</description>
        <styleUrl>#carStop</styleUrl>
        <Point>
          <coordinates>0.831410,47.325306,0</coordinates>
        </Point>
      </Placemark>
      <Placemark>
        <name>La Coupure du Parc</name>
        <description>Cars Rémi : H2, TE</description>
        <styleUrl>#carStop</styleUrl>
        <Point>
          <coordinates>0.336129,47.021957,0</coordinates>
        </Point>
      </Placemark>
      <Placemark>
        <name>La Courtille</name>
        <description>Cars Rémi : F, G, H, H2</description>
        <styleUrl>#carStop</styleUrl>
        <Point>
          <coordinates>0.718367,47.289776,0</coordinates>
        </Point>
      </Placemark>
      <Placemark>
        <name>La Creusette</name>
        <description>Cars Rémi : TH</description>
        <styleUrl>#carStop</styleUrl>
        <Point>
          <coordinates>0.737614,46.887913,0</coordinates>
        </Point>
      </Placemark>
      <Placemark>
        <name>La Croix Buisée</name>
        <description>Cars Rémi : A</description>
        <styleUrl>#carStop</styleUrl>
        <Point>
          <coordinates>0.807388,47.411987,0</coordinates>
        </Point>
      </Placemark>
      <Placemark>
        <name>La Croix Rouge</name>
        <description>Cars Rémi : N1, N2</description>
        <styleUrl>#carStop</styleUrl>
        <Point>
          <coordinates>0.180568,47.282310,0</coordinates>
        </Point>
      </Placemark>
      <Placemark>
        <name>La Croix des Montrais</name>
        <description>Cars Rémi : H</description>
        <styleUrl>#carStop</styleUrl>
        <Point>
          <coordinates>0.611259,47.187965,0</coordinates>
        </Point>
      </Placemark>
      <Placemark>
        <name>La Croix-aux-Jeaux</name>
        <description>Cars Rémi : F, G</description>
        <styleUrl>#carStop</styleUrl>
        <Point>
          <coordinates>0.741189,47.280807,0</coordinates>
        </Point>
      </Placemark>
      <Placemark>
        <name>La Ferme Des Minimes</name>
        <description>Cars Rémi : TE</description>
        <styleUrl>#carStop</styleUrl>
        <Point>
          <coordinates>0.319584,47.059669,0</coordinates>
        </Point>
      </Placemark>
      <Placemark>
        <name>La Flanière</name>
        <description>Cars Rémi : N2</description>
        <styleUrl>#carStop</styleUrl>
        <Point>
          <coordinates>0.319403,47.286167,0</coordinates>
        </Point>
      </Placemark>
      <Placemark>
        <name>La Folie</name>
        <description>Cars Rémi : F, G, H, H2</description>
        <styleUrl>#carStop</styleUrl>
        <Point>
          <coordinates>0.715548,47.301907,0</coordinates>
        </Point>
      </Placemark>
      <Placemark>
        <name>La Fontaine</name>
        <description>Cars Rémi : I</description>
        <styleUrl>#carStop</styleUrl>
        <Point>
          <coordinates>0.626621,47.277367,0</coordinates>
        </Point>
      </Placemark>
      <Placemark>
        <name>La Frelonnerie</name>
        <description>Cars Rémi : C</description>
        <styleUrl>#carStop</styleUrl>
        <Point>
          <coordinates>0.811196,47.374439,0</coordinates>
        </Point>
      </Placemark>
      <Placemark>
        <name>La Fuye</name>
        <description>Cars Rémi : TE</description>
        <styleUrl>#carStop</styleUrl>
        <Point>
          <coordinates>0.299311,47.096840,0</coordinates>
        </Point>
      </Placemark>
      <Placemark>
        <name>La Fuye</name>
        <description>Cars Rémi : C</description>
        <styleUrl>#carStop</styleUrl>
        <Point>
          <coordinates>0.958149,47.404514,0</coordinates>
        </Point>
      </Placemark>
      <Placemark>
        <name>La Galvauderie</name>
        <description>Cars Rémi : TD, TE</description>
        <styleUrl>#carStop</styleUrl>
        <Point>
          <coordinates>0.255285,47.144737,0</coordinates>
        </Point>
      </Placemark>
      <Placemark>
        <name>La Giraudière</name>
        <description>Cars Rémi : D</description>
        <styleUrl>#carStop</styleUrl>
        <Point>
          <coordinates>0.790244,47.338333,0</coordinates>
        </Point>
      </Placemark>
      <Placemark>
        <name>La Goguerie</name>
        <description>Cars Rémi : M</description>
        <styleUrl>#carStop</styleUrl>
        <Point>
          <coordinates>0.617409,47.469742,0</coordinates>
        </Point>
      </Placemark>
      <Placemark>
        <name>La Grange Barbier</name>
        <description>Cars Rémi : H, H2</description>
        <styleUrl>#carStop</styleUrl>
        <Point>
          <coordinates>0.710829,47.279095,0</coordinates>
        </Point>
      </Placemark>
      <Placemark>
        <name>La Grillade</name>
        <description>Cars Rémi : H, H2</description>
        <styleUrl>#carStop</styleUrl>
        <Point>
          <coordinates>0.670303,47.199814,0</coordinates>
        </Point>
      </Placemark>
      <Placemark>
        <name>La Guérinière</name>
        <description>Cars Rémi : D</description>
        <styleUrl>#carStop</styleUrl>
        <Point>
          <coordinates>0.805200,47.357006,0</coordinates>
        </Point>
      </Placemark>
      <Placemark>
        <name>La Halbutterie</name>
        <description>Cars Rémi : D</description>
        <styleUrl>#carStop</styleUrl>
        <Point>
          <coordinates>0.880257,47.339169,0</coordinates>
        </Point>
      </Placemark>
      <Placemark>
        <name>La Hargandière</name>
        <description>Cars Rémi : TA</description>
        <styleUrl>#carStop</styleUrl>
        <Point>
          <coordinates>1.009042,47.487259,0</coordinates>
        </Point>
      </Placemark>
      <Placemark>
        <name>La Haute Borne</name>
        <description>Cars Rémi : D, TB</description>
        <styleUrl>#carStop</styleUrl>
        <Point>
          <coordinates>0.977218,47.328857,0</coordinates>
        </Point>
      </Placemark>
      <Placemark>
        <name>La Horaie - 21 Rue de Noisetiers</name>
        <description>Cars Rémi : I</description>
        <styleUrl>#carStop</styleUrl>
        <Point>
          <coordinates>0.658071,47.296337,0</coordinates>
        </Point>
      </Placemark>
      <Placemark>
        <name>La Huguetterie</name>
        <description>Cars Rémi : I</description>
        <styleUrl>#carStop</styleUrl>
        <Point>
          <coordinates>0.607975,47.273834,0</coordinates>
        </Point>
      </Placemark>
      <Placemark>
        <name>La Liodière 1</name>
        <description>Cars Rémi : I</description>
        <styleUrl>#carStop</styleUrl>
        <Point>
          <coordinates>0.657358,47.315491,0</coordinates>
        </Point>
      </Placemark>
      <Placemark>
        <name>La Liodière 2</name>
        <description>Cars Rémi : I</description>
        <styleUrl>#carStop</styleUrl>
        <Point>
          <coordinates>0.662050,47.323154,0</coordinates>
        </Point>
      </Placemark>
      <Placemark>
        <name>La Lucterie</name>
        <description>Cars Rémi : D</description>
        <styleUrl>#carStop</styleUrl>
        <Point>
          <coordinates>0.834636,47.335678,0</coordinates>
        </Point>
      </Placemark>
      <Placemark>
        <name>La Magnanerie</name>
        <description>Cars Rémi : I</description>
        <styleUrl>#carStop</styleUrl>
        <Point>
          <coordinates>0.577170,47.255360,0</coordinates>
        </Point>
      </Placemark>
      <Placemark>
        <name>La Paix</name>
        <description>Cars Rémi : C</description>
        <styleUrl>#carStop</styleUrl>
        <Point>
          <coordinates>0.824418,47.387058,0</coordinates>
        </Point>
      </Placemark>
      <Placemark>
        <name>La Perrée</name>
        <description>Cars Rémi : N2</description>
        <styleUrl>#carStop</styleUrl>
        <Point>
          <coordinates>0.272400,47.281448,0</coordinates>
        </Point>
      </Placemark>
      <Placemark>
        <name>La Perrée</name>
        <description>Cars Rémi : F, G</description>
        <styleUrl>#carStop</styleUrl>
        <Point>
          <coordinates>0.724128,47.286514,0</coordinates>
        </Point>
      </Placemark>
      <Placemark>
        <name>La Piardière</name>
        <description>Cars Rémi : D</description>
        <styleUrl>#carStop</styleUrl>
        <Point>
          <coordinates>0.860219,47.321655,0</coordinates>
        </Point>
      </Placemark>
      <Placemark>
        <name>La Picherie</name>
        <description>Cars Rémi : R</description>
        <styleUrl>#carStop</styleUrl>
        <Point>
          <coordinates>0.588492,47.435997,0</coordinates>
        </Point>
      </Placemark>
      <Placemark>
        <name>La Pierre</name>
        <description>Cars Rémi : D</description>
        <styleUrl>#carStop</styleUrl>
        <Point>
          <coordinates>0.862011,47.332287,0</coordinates>
        </Point>
      </Placemark>
      <Placemark>
        <name>La Poste</name>
        <description>Cars Rémi : N1, N2</description>
        <styleUrl>#carStop</styleUrl>
        <Point>
          <coordinates>0.171157,47.281967,0</coordinates>
        </Point>
      </Placemark>
      <Placemark>
        <name>La Poste</name>
        <description>Cars Rémi : R</description>
        <styleUrl>#carStop</styleUrl>
        <Point>
          <coordinates>0.394127,47.522743,0</coordinates>
        </Point>
      </Placemark>
      <Placemark>
        <name>La Renardière</name>
        <description>Cars Rémi : D</description>
        <styleUrl>#carStop</styleUrl>
        <Point>
          <coordinates>0.835533,47.338024,0</coordinates>
        </Point>
      </Placemark>
      <Placemark>
        <name>La Rigaudière</name>
        <description>Cars Rémi : D</description>
        <styleUrl>#carStop</styleUrl>
        <Point>
          <coordinates>0.845925,47.324959,0</coordinates>
        </Point>
      </Placemark>
      <Placemark>
        <name>La Rivonnerie</name>
        <description>Cars Rémi : TA</description>
        <styleUrl>#carStop</styleUrl>
        <Point>
          <coordinates>0.986039,47.537113,0</coordinates>
        </Point>
      </Placemark>
      <Placemark>
        <name>La Roche</name>
        <description>Cars Rémi : C, TB</description>
        <styleUrl>#carStop</styleUrl>
        <Point>
          <coordinates>1.008112,47.337250,0</coordinates>
        </Point>
      </Placemark>
      <Placemark>
        <name>La Roche</name>
        <description>Cars Rémi : TF</description>
        <styleUrl>#carStop</styleUrl>
        <Point>
          <coordinates>0.438361,47.339493,0</coordinates>
        </Point>
      </Placemark>
      <Placemark>
        <name>La Roche Racan</name>
        <description>Cars Rémi : M</description>
        <styleUrl>#carStop</styleUrl>
        <Point>
          <coordinates>0.498215,47.593662,0</coordinates>
        </Point>
      </Placemark>
      <Placemark>
        <name>La Rochère</name>
        <description>Cars Rémi : A</description>
        <styleUrl>#carStop</styleUrl>
        <Point>
          <coordinates>0.874718,47.418316,0</coordinates>
        </Point>
      </Placemark>
      <Placemark>
        <name>La Ronde</name>
        <description>Cars Rémi : N1</description>
        <styleUrl>#carStop</styleUrl>
        <Point>
          <coordinates>-0.035849,47.304615,0</coordinates>
        </Point>
      </Placemark>
      <Placemark>
        <name>La Roubellière</name>
        <description>Cars Rémi : A</description>
        <styleUrl>#carStop</styleUrl>
        <Point>
          <coordinates>0.880951,47.474716,0</coordinates>
        </Point>
      </Placemark>
      <Placemark>
        <name>La Royauté</name>
        <description>Cars Rémi : G</description>
        <styleUrl>#carStop</styleUrl>
        <Point>
          <coordinates>0.844386,46.994553,0</coordinates>
        </Point>
      </Placemark>
      <Placemark>
        <name>La Rucherie</name>
        <description>Cars Rémi : S</description>
        <styleUrl>#carStop</styleUrl>
        <Point>
          <coordinates>0.568575,47.652351,0</coordinates>
        </Point>
      </Placemark>
      <Placemark>
        <name>La Rémerie</name>
        <description>Cars Rémi : H, H2</description>
        <styleUrl>#carStop</styleUrl>
        <Point>
          <coordinates>0.674904,47.207890,0</coordinates>
        </Point>
      </Placemark>
      <Placemark>
        <name>La Scierie</name>
        <description>Cars Rémi : IV, TF</description>
        <styleUrl>#carStop</styleUrl>
        <Point>
          <coordinates>0.456777,47.263161,0</coordinates>
        </Point>
      </Placemark>
      <Placemark>
        <name>La Source</name>
        <description>Cars Rémi : M</description>
        <styleUrl>#carStop</styleUrl>
        <Point>
          <coordinates>0.584030,47.500259,0</coordinates>
        </Point>
      </Placemark>
      <Placemark>
        <name>La Tannerie</name>
        <description>Cars Rémi : 492</description>
        <styleUrl>#carStop</styleUrl>
        <Point>
          <coordinates>0.907922,47.590889,0</coordinates>
        </Point>
      </Placemark>
      <Placemark>
        <name>La Tirelière</name>
        <description>Cars Rémi : P</description>
        <styleUrl>#carStop</styleUrl>
        <Point>
          <coordinates>0.267427,47.439857,0</coordinates>
        </Point>
      </Placemark>
      <Placemark>
        <name>La Vallée</name>
        <description>Cars Rémi : C</description>
        <styleUrl>#carStop</styleUrl>
        <Point>
          <coordinates>0.827527,47.370117,0</coordinates>
        </Point>
      </Placemark>
      <Placemark>
        <name>La Vallée</name>
        <description>Cars Rémi : R</description>
        <styleUrl>#carStop</styleUrl>
        <Point>
          <coordinates>0.585325,47.440956,0</coordinates>
        </Point>
      </Placemark>
      <Placemark>
        <name>La Varenne</name>
        <description>Cars Rémi : H</description>
        <styleUrl>#carStop</styleUrl>
        <Point>
          <coordinates>0.635831,47.202736,0</coordinates>
        </Point>
      </Placemark>
      <Placemark>
        <name>La Villatte</name>
        <description>Cars Rémi : N1</description>
        <styleUrl>#carStop</styleUrl>
        <Point>
          <coordinates>0.157908,47.286526,0</coordinates>
        </Point>
      </Placemark>
      <Placemark>
        <name>La Vitrie</name>
        <description>Cars Rémi : D</description>
        <styleUrl>#carStop</styleUrl>
        <Point>
          <coordinates>0.801446,47.348064,0</coordinates>
        </Point>
      </Placemark>
      <Placemark>
        <name>Langennerie</name>
        <description>Cars Rémi : S</description>
        <styleUrl>#carStop</styleUrl>
        <Point>
          <coordinates>0.697632,47.490986,0</coordinates>
        </Point>
      </Placemark>
      <Placemark>
        <name>Lassy</name>
        <description>Cars Rémi : H</description>
        <styleUrl>#carStop</styleUrl>
        <Point>
          <coordinates>0.676897,47.228855,0</coordinates>
        </Point>
      </Placemark>
      <Placemark>
        <name>Le Bois</name>
        <description>Cars Rémi : TD, TE</description>
        <styleUrl>#carStop</styleUrl>
        <Point>
          <coordinates>0.267010,47.141911,0</coordinates>
        </Point>
      </Placemark>
      <Placemark>
        <name>Le Buissonnet</name>
        <description>Cars Rémi : D</description>
        <styleUrl>#carStop</styleUrl>
        <Point>
          <coordinates>0.809357,47.327759,0</coordinates>
        </Point>
      </Placemark>
      <Placemark>
        <name>Le Canal - RD 749</name>
        <description>Cars Rémi : N1</description>
        <styleUrl>#carStop</styleUrl>
        <Point>
          <coordinates>0.167293,47.275570,0</coordinates>
        </Point>
      </Placemark>
      <Placemark>
        <name>Le Carroi</name>
        <description>Cars Rémi : TF</description>
        <styleUrl>#carStop</styleUrl>
        <Point>
          <coordinates>0.435429,47.353394,0</coordinates>
        </Point>
      </Placemark>
      <Placemark>
        <name>Le Carroi</name>
        <description>Cars Rémi : D</description>
        <styleUrl>#carStop</styleUrl>
        <Point>
          <coordinates>0.764754,47.362373,0</coordinates>
        </Point>
      </Placemark>
      <Placemark>
        <name>Le Chapitre</name>
        <description>Cars Rémi : C</description>
        <styleUrl>#carStop</styleUrl>
        <Point>
          <coordinates>0.862955,47.388119,0</coordinates>
        </Point>
      </Placemark>
      <Placemark>
        <name>Le Chiendent</name>
        <description>Cars Rémi : TE</description>
        <styleUrl>#carStop</styleUrl>
        <Point>
          <coordinates>0.285202,47.136173,0</coordinates>
        </Point>
      </Placemark>
      <Placemark>
        <name>Le Chêne</name>
        <description>Cars Rémi : TE</description>
        <styleUrl>#carStop</styleUrl>
        <Point>
          <coordinates>0.426440,46.998978,0</coordinates>
        </Point>
      </Placemark>
      <Placemark>
        <name>Le Clos de Justice</name>
        <description>Cars Rémi : D</description>
        <styleUrl>#carStop</styleUrl>
        <Point>
          <coordinates>0.810548,47.335789,0</coordinates>
        </Point>
      </Placemark>
      <Placemark>
        <name>Le Coudray</name>
        <description>Cars Rémi : TE</description>
        <styleUrl>#carStop</styleUrl>
        <Point>
          <coordinates>0.313951,47.100540,0</coordinates>
        </Point>
      </Placemark>
      <Placemark>
        <name>Le Cueilleminault n°58</name>
        <description>Cars Rémi : TF</description>
        <styleUrl>#carStop</styleUrl>
        <Point>
          <coordinates>0.370583,47.312340,0</coordinates>
        </Point>
      </Placemark>
      <Placemark>
        <name>Le Fondis</name>
        <description>Cars Rémi : N1</description>
        <styleUrl>#carStop</styleUrl>
        <Point>
          <coordinates>0.095939,47.282825,0</coordinates>
        </Point>
      </Placemark>
      <Placemark>
        <name>Le Fouteau</name>
        <description>Cars Rémi : D</description>
        <styleUrl>#carStop</styleUrl>
        <Point>
          <coordinates>0.804716,47.329372,0</coordinates>
        </Point>
      </Placemark>
      <Placemark>
        <name>Le Fresne</name>
        <description>Cars Rémi : 800</description>
        <styleUrl>#carStop</styleUrl>
        <Point>
          <coordinates>1.516638,46.859371,0</coordinates>
        </Point>
      </Placemark>
      <Placemark>
        <name>Le Gaissier</name>
        <description>Cars Rémi : D</description>
        <styleUrl>#carStop</styleUrl>
        <Point>
          <coordinates>0.777189,47.346664,0</coordinates>
        </Point>
      </Placemark>
      <Placemark>
        <name>Le Grais</name>
        <description>Cars Rémi : D</description>
        <styleUrl>#carStop</styleUrl>
        <Point>
          <coordinates>0.844286,47.321545,0</coordinates>
        </Point>
      </Placemark>
      <Placemark>
        <name>Le Grand Village</name>
        <description>Cars Rémi : G</description>
        <styleUrl>#carStop</styleUrl>
        <Point>
          <coordinates>0.776545,47.184326,0</coordinates>
        </Point>
      </Placemark>
      <Placemark>
        <name>Le Grignon</name>
        <description>Cars Rémi : H</description>
        <styleUrl>#carStop</styleUrl>
        <Point>
          <coordinates>0.643434,47.003445,0</coordinates>
        </Point>
      </Placemark>
      <Placemark>
        <name>Le Marigny</name>
        <description>Cars Rémi : D</description>
        <styleUrl>#carStop</styleUrl>
        <Point>
          <coordinates>0.832915,47.329433,0</coordinates>
        </Point>
      </Placemark>
      <Placemark>
        <name>Le May - RD 976</name>
        <description>Cars Rémi : D</description>
        <styleUrl>#carStop</styleUrl>
        <Point>
          <coordinates>0.837075,47.349274,0</coordinates>
        </Point>
      </Placemark>
      <Placemark>
        <name>Le Paradis</name>
        <description>Cars Rémi : 800</description>
        <styleUrl>#carStop</styleUrl>
        <Point>
          <coordinates>0.940569,47.214851,0</coordinates>
        </Point>
      </Placemark>
      <Placemark>
        <name>Le Parc</name>
        <description>Cars Rémi : C</description>
        <styleUrl>#carStop</styleUrl>
        <Point>
          <coordinates>0.827954,47.379307,0</coordinates>
        </Point>
      </Placemark>
      <Placemark>
        <name>Le Parquet</name>
        <description>Cars Rémi : D</description>
        <styleUrl>#carStop</styleUrl>
        <Point>
          <coordinates>0.770189,47.351585,0</coordinates>
        </Point>
      </Placemark>
      <Placemark>
        <name>Le Peu d'Olivet</name>
        <description>Cars Rémi : TE</description>
        <styleUrl>#carStop</styleUrl>
        <Point>
          <coordinates>0.269826,47.184696,0</coordinates>
        </Point>
      </Placemark>
      <Placemark>
        <name>Le Plateau</name>
        <description>Cars Rémi : R</description>
        <styleUrl>#carStop</styleUrl>
        <Point>
          <coordinates>0.327124,47.544125,0</coordinates>
        </Point>
      </Placemark>
      <Placemark>
        <name>Le Point du Jour</name>
        <description>Cars Rémi : H, H2</description>
        <styleUrl>#carStop</styleUrl>
        <Point>
          <coordinates>0.620328,47.117832,0</coordinates>
        </Point>
      </Placemark>
      <Placemark>
        <name>Le Prieuré</name>
        <description>Cars Rémi : P</description>
        <styleUrl>#carStop</styleUrl>
        <Point>
          <coordinates>0.261785,47.442593,0</coordinates>
        </Point>
      </Placemark>
      <Placemark>
        <name>Le Puits d'Abbas</name>
        <description>Cars Rémi : D</description>
        <styleUrl>#carStop</styleUrl>
        <Point>
          <coordinates>0.812752,47.334576,0</coordinates>
        </Point>
      </Placemark>
      <Placemark>
        <name>Le Roussay</name>
        <description>Cars Rémi : M</description>
        <styleUrl>#carStop</styleUrl>
        <Point>
          <coordinates>0.590200,47.512123,0</coordinates>
        </Point>
      </Placemark>
      <Placemark>
        <name>Le Ruau</name>
        <description>Cars Rémi : A, TA</description>
        <styleUrl>#carStop</styleUrl>
        <Point>
          <coordinates>0.922426,47.603081,0</coordinates>
        </Point>
      </Placemark>
      <Placemark>
        <name>Le Serrain</name>
        <description>Cars Rémi : R</description>
        <styleUrl>#carStop</styleUrl>
        <Point>
          <coordinates>0.543951,47.485203,0</coordinates>
        </Point>
      </Placemark>
      <Placemark>
        <name>Le Signal</name>
        <description>Cars Rémi : R</description>
        <styleUrl>#carStop</styleUrl>
        <Point>
          <coordinates>0.465548,47.504295,0</coordinates>
        </Point>
      </Placemark>
      <Placemark>
        <name>Le Teignard</name>
        <description>Cars Rémi : D</description>
        <styleUrl>#carStop</styleUrl>
        <Point>
          <coordinates>0.803065,47.336845,0</coordinates>
        </Point>
      </Placemark>
      <Placemark>
        <name>Le Vigneau</name>
        <description>Cars Rémi : M</description>
        <styleUrl>#carStop</styleUrl>
        <Point>
          <coordinates>0.511018,47.595173,0</coordinates>
        </Point>
      </Placemark>
      <Placemark>
        <name>Les Baffaults</name>
        <description>Cars Rémi : H</description>
        <styleUrl>#carStop</styleUrl>
        <Point>
          <coordinates>0.647546,47.182709,0</coordinates>
        </Point>
      </Placemark>
      <Placemark>
        <name>Les Bastes</name>
        <description>Cars Rémi : A</description>
        <styleUrl>#carStop</styleUrl>
        <Point>
          <coordinates>0.869115,47.449169,0</coordinates>
        </Point>
      </Placemark>
      <Placemark>
        <name>Les Brossereaux</name>
        <description>Cars Rémi : C</description>
        <styleUrl>#carStop</styleUrl>
        <Point>
          <coordinates>0.839580,47.387005,0</coordinates>
        </Point>
      </Placemark>
      <Placemark>
        <name>Les Bruneaux</name>
        <description>Cars Rémi : TE</description>
        <styleUrl>#carStop</styleUrl>
        <Point>
          <coordinates>0.442061,46.967419,0</coordinates>
        </Point>
      </Placemark>
      <Placemark>
        <name>Les Bruyères</name>
        <description>Cars Rémi : M</description>
        <styleUrl>#carStop</styleUrl>
        <Point>
          <coordinates>0.600231,47.501469,0</coordinates>
        </Point>
      </Placemark>
      <Placemark>
        <name>Les Charpereaux</name>
        <description>Cars Rémi : D</description>
        <styleUrl>#carStop</styleUrl>
        <Point>
          <coordinates>0.834565,47.345673,0</coordinates>
        </Point>
      </Placemark>
      <Placemark>
        <name>Les Coquettes</name>
        <description>Cars Rémi : F, G</description>
        <styleUrl>#carStop</styleUrl>
        <Point>
          <coordinates>0.766597,47.231144,0</coordinates>
        </Point>
      </Placemark>
      <Placemark>
        <name>Les Essards Chevaliers Macquaux</name>
        <description>Cars Rémi : TF</description>
        <styleUrl>#carStop</styleUrl>
        <Point>
          <coordinates>0.299924,47.349621,0</coordinates>
        </Point>
      </Placemark>
      <Placemark>
        <name>Les Essards Les Landes</name>
        <description>Cars Rémi : TF</description>
        <styleUrl>#carStop</styleUrl>
        <Point>
          <coordinates>0.293420,47.349686,0</coordinates>
        </Point>
      </Placemark>
      <Placemark>
        <name>Les Fleurs - allée des Fleurs</name>
        <description>Cars Rémi : C</description>
        <styleUrl>#carStop</styleUrl>
        <Point>
          <coordinates>0.823573,47.379101,0</coordinates>
        </Point>
      </Placemark>
      <Placemark>
        <name>Les Fleurs - allée des Pivoines</name>
        <description>Cars Rémi : C</description>
        <styleUrl>#carStop</styleUrl>
        <Point>
          <coordinates>0.823785,47.379337,0</coordinates>
        </Point>
      </Placemark>
      <Placemark>
        <name>Les Forges</name>
        <description>Cars Rémi : N2</description>
        <styleUrl>#carStop</styleUrl>
        <Point>
          <coordinates>0.292075,47.282658,0</coordinates>
        </Point>
      </Placemark>
      <Placemark>
        <name>Les Forges</name>
        <description>Cars Rémi : D</description>
        <styleUrl>#carStop</styleUrl>
        <Point>
          <coordinates>0.834799,47.311222,0</coordinates>
        </Point>
      </Placemark>
      <Placemark>
        <name>Les Fougerolles</name>
        <description>Cars Rémi : C</description>
        <styleUrl>#carStop</styleUrl>
        <Point>
          <coordinates>0.786192,47.393738,0</coordinates>
        </Point>
      </Placemark>
      <Placemark>
        <name>Les Grands Champs</name>
        <description>Cars Rémi : TF</description>
        <styleUrl>#carStop</styleUrl>
        <Point>
          <coordinates>0.443405,47.348858,0</coordinates>
        </Point>
      </Placemark>
      <Placemark>
        <name>Les Granges</name>
        <description>Cars Rémi : I</description>
        <styleUrl>#carStop</styleUrl>
        <Point>
          <coordinates>0.620470,47.277191,0</coordinates>
        </Point>
      </Placemark>
      <Placemark>
        <name>Les Granges Rouges</name>
        <description>Cars Rémi : D</description>
        <styleUrl>#carStop</styleUrl>
        <Point>
          <coordinates>0.845166,47.309326,0</coordinates>
        </Point>
      </Placemark>
      <Placemark>
        <name>Les Graviers</name>
        <description>Cars Rémi : D</description>
        <styleUrl>#carStop</styleUrl>
        <Point>
          <coordinates>0.762773,47.368420,0</coordinates>
        </Point>
      </Placemark>
      <Placemark>
        <name>Les Gués</name>
        <description>Cars Rémi : F, G, H, H2</description>
        <styleUrl>#carStop</styleUrl>
        <Point>
          <coordinates>0.714329,47.305916,0</coordinates>
        </Point>
      </Placemark>
      <Placemark>
        <name>Les Iles</name>
        <description>Cars Rémi : D</description>
        <styleUrl>#carStop</styleUrl>
        <Point>
          <coordinates>0.816078,47.357220,0</coordinates>
        </Point>
      </Placemark>
      <Placemark>
        <name>Les Martineaux</name>
        <description>Cars Rémi : H</description>
        <styleUrl>#carStop</styleUrl>
        <Point>
          <coordinates>0.641980,47.183628,0</coordinates>
        </Point>
      </Placemark>
      <Placemark>
        <name>Les Naudinières</name>
        <description>Cars Rémi : D</description>
        <styleUrl>#carStop</styleUrl>
        <Point>
          <coordinates>0.763716,47.358898,0</coordinates>
        </Point>
      </Placemark>
      <Placemark>
        <name>Les Oeufs Durs</name>
        <description>Cars Rémi : S</description>
        <styleUrl>#carStop</styleUrl>
        <Point>
          <coordinates>0.694931,47.516003,0</coordinates>
        </Point>
      </Placemark>
      <Placemark>
        <name>Les Patis</name>
        <description>Cars Rémi : A</description>
        <styleUrl>#carStop</styleUrl>
        <Point>
          <coordinates>0.781261,47.410397,0</coordinates>
        </Point>
      </Placemark>
      <Placemark>
        <name>Les Perruches</name>
        <description>Cars Rémi : TF</description>
        <styleUrl>#carStop</styleUrl>
        <Point>
          <coordinates>0.448047,47.349510,0</coordinates>
        </Point>
      </Placemark>
      <Placemark>
        <name>Les Prêtiers</name>
        <description>Cars Rémi : TE</description>
        <styleUrl>#carStop</styleUrl>
        <Point>
          <coordinates>0.286633,47.130554,0</coordinates>
        </Point>
      </Placemark>
      <Placemark>
        <name>Les Ralluères</name>
        <description>Cars Rémi : C</description>
        <styleUrl>#carStop</styleUrl>
        <Point>
          <coordinates>0.826482,47.381790,0</coordinates>
        </Point>
      </Placemark>
      <Placemark>
        <name>Les Regains</name>
        <description>Cars Rémi : D, TB</description>
        <styleUrl>#carStop</styleUrl>
        <Point>
          <coordinates>0.986391,47.327934,0</coordinates>
        </Point>
      </Placemark>
      <Placemark>
        <name>Les Reçais</name>
        <description>Cars Rémi : 800</description>
        <styleUrl>#carStop</styleUrl>
        <Point>
          <coordinates>0.806035,47.294014,0</coordinates>
        </Point>
      </Placemark>
      <Placemark>
        <name>Les Roches</name>
        <description>Cars Rémi : 800</description>
        <styleUrl>#carStop</styleUrl>
        <Point>
          <coordinates>1.546425,46.827366,0</coordinates>
        </Point>
      </Placemark>
      <Placemark>
        <name>Les Sables</name>
        <description>Cars Rémi : D</description>
        <styleUrl>#carStop</styleUrl>
        <Point>
          <coordinates>0.856295,47.310497,0</coordinates>
        </Point>
      </Placemark>
      <Placemark>
        <name>Les Sables</name>
        <description>Cars Rémi : D</description>
        <styleUrl>#carStop</styleUrl>
        <Point>
          <coordinates>0.814826,47.356037,0</coordinates>
        </Point>
      </Placemark>
      <Placemark>
        <name>Les Sablons</name>
        <description>Cars Rémi : C</description>
        <styleUrl>#carStop</styleUrl>
        <Point>
          <coordinates>0.810923,47.383743,0</coordinates>
        </Point>
      </Placemark>
      <Placemark>
        <name>Les Serraults</name>
        <description>Cars Rémi : D</description>
        <styleUrl>#carStop</styleUrl>
        <Point>
          <coordinates>0.848599,47.335747,0</coordinates>
        </Point>
      </Placemark>
      <Placemark>
        <name>Les deux rivières</name>
        <description>Cars Rémi : 800</description>
        <styleUrl>#carStop</styleUrl>
        <Point>
          <coordinates>0.946085,47.209236,0</coordinates>
        </Point>
      </Placemark>
      <Placemark>
        <name>Lotissement</name>
        <description>Cars Rémi : TC</description>
        <styleUrl>#carStop</styleUrl>
        <Point>
          <coordinates>0.878423,47.060505,0</coordinates>
        </Point>
      </Placemark>
      <Placemark>
        <name>Luxembourg</name>
        <description>Cars Rémi : M, R, S</description>
        <styleUrl>#carStop</styleUrl>
        <Point>
          <coordinates>0.697354,47.424248,0</coordinates>
        </Point>
      </Placemark>
      <Placemark>
        <name>Lycée Agricole</name>
        <description>Cars Rémi : 800</description>
        <styleUrl>#carStop</styleUrl>
        <Point>
          <coordinates>0.728264,47.339054,0</coordinates>
        </Point>
      </Placemark>
      <Placemark>
        <name>Lycée Albert Bayet - Preuilly</name>
        <description>Cars Rémi : M, P, S</description>
        <styleUrl>#carStop</styleUrl>
        <Point>
          <coordinates>0.670052,47.392666,0</coordinates>
        </Point>
      </Placemark>
      <Placemark>
        <name>Lycée Albert Bayet - rue du Cdt Bourgoin</name>
        <description>Cars Rémi : P, R</description>
        <styleUrl>#carStop</styleUrl>
        <Point>
          <coordinates>0.671655,47.393997,0</coordinates>
        </Point>
      </Placemark>
      <Placemark>
        <name>Lycée B. Pascal</name>
        <description>Cars Rémi : 800</description>
        <styleUrl>#carStop</styleUrl>
        <Point>
          <coordinates>1.713161,46.798584,0</coordinates>
        </Point>
      </Placemark>
      <Placemark>
        <name>Lycée Beauregard</name>
        <description>Cars Rémi : A, TA</description>
        <styleUrl>#carStop</styleUrl>
        <Point>
          <coordinates>0.909132,47.586819,0</coordinates>
        </Point>
      </Placemark>
      <Placemark>
        <name>Lycée Choiseul</name>
        <description>Cars Rémi : M, P, R, S</description>
        <styleUrl>#carStop</styleUrl>
        <Point>
          <coordinates>0.685362,47.434582,0</coordinates>
        </Point>
      </Placemark>
      <Placemark>
        <name>Lycée Choiseul - Rue de Suède</name>
        <description>Cars Rémi : S</description>
        <styleUrl>#carStop</styleUrl>
        <Point>
          <coordinates>0.685932,47.432678,0</coordinates>
        </Point>
      </Placemark>
      <Placemark>
        <name>Lycée Cugnot</name>
        <description>Cars Rémi : TD, TE, TF</description>
        <styleUrl>#carStop</styleUrl>
        <Point>
          <coordinates>0.259017,47.171822,0</coordinates>
        </Point>
      </Placemark>
      <Placemark>
        <name>Lycée Grandmont</name>
        <description>Cars Rémi : 800, D, F, G, H, H2, I</description>
        <styleUrl>#carStop</styleUrl>
        <Point>
          <coordinates>0.701190,47.360409,0</coordinates>
        </Point>
      </Placemark>
      <Placemark>
        <name>Lycée Jean Monnet/Tramway</name>
        <description>Cars Rémi : I</description>
        <styleUrl>#carStop</styleUrl>
        <Point>
          <coordinates>0.657206,47.338017,0</coordinates>
        </Point>
      </Placemark>
      <Placemark>
        <name>Lycée Les Charmilles</name>
        <description>Cars Rémi : 800</description>
        <styleUrl>#carStop</styleUrl>
        <Point>
          <coordinates>1.716836,46.801098,0</coordinates>
        </Point>
      </Placemark>
      <Placemark>
        <name>Lycée Professionnel</name>
        <description>Cars Rémi : H</description>
        <styleUrl>#carStop</styleUrl>
        <Point>
          <coordinates>0.682526,46.983044,0</coordinates>
        </Point>
      </Placemark>
      <Placemark>
        <name>Lycée Rabelais</name>
        <description>Cars Rémi : TD, TE, TF</description>
        <styleUrl>#carStop</styleUrl>
        <Point>
          <coordinates>0.234707,47.163677,0</coordinates>
        </Point>
      </Placemark>
      <Placemark>
        <name>Lycée Vaucanson</name>
        <description>Cars Rémi : M, P, R, S</description>
        <styleUrl>#carStop</styleUrl>
        <Point>
          <coordinates>0.706010,47.422649,0</coordinates>
        </Point>
      </Placemark>
      <Placemark>
        <name>Mairie</name>
        <description>Cars Rémi : TH</description>
        <styleUrl>#carStop</styleUrl>
        <Point>
          <coordinates>0.954650,46.738552,0</coordinates>
        </Point>
      </Placemark>
      <Placemark>
        <name>Mairie</name>
        <description>Cars Rémi : TH</description>
        <styleUrl>#carStop</styleUrl>
        <Point>
          <coordinates>0.810842,46.841797,0</coordinates>
        </Point>
      </Placemark>
      <Placemark>
        <name>Mairie</name>
        <description>Cars Rémi : 800</description>
        <styleUrl>#carStop</styleUrl>
        <Point>
          <coordinates>1.314828,46.943996,0</coordinates>
        </Point>
      </Placemark>
      <Placemark>
        <name>Mairie</name>
        <description>Cars Rémi : TE</description>
        <styleUrl>#carStop</styleUrl>
        <Point>
          <coordinates>0.393476,47.000015,0</coordinates>
        </Point>
      </Placemark>
      <Placemark>
        <name>Mairie</name>
        <description>Cars Rémi : 800</description>
        <styleUrl>#carStop</styleUrl>
        <Point>
          <coordinates>1.107162,47.020687,0</coordinates>
        </Point>
      </Placemark>
      <Placemark>
        <name>Mairie</name>
        <description>Cars Rémi : H2</description>
        <styleUrl>#carStop</styleUrl>
        <Point>
          <coordinates>0.492623,47.057106,0</coordinates>
        </Point>
      </Placemark>
      <Placemark>
        <name>Mairie</name>
        <description>Cars Rémi : 800</description>
        <styleUrl>#carStop</styleUrl>
        <Point>
          <coordinates>1.013624,47.099476,0</coordinates>
        </Point>
      </Placemark>
      <Placemark>
        <name>Mairie</name>
        <description>Cars Rémi : TD</description>
        <styleUrl>#carStop</styleUrl>
        <Point>
          <coordinates>0.497393,47.115379,0</coordinates>
        </Point>
      </Placemark>
      <Placemark>
        <name>Mairie</name>
        <description>Cars Rémi : TD</description>
        <styleUrl>#carStop</styleUrl>
        <Point>
          <coordinates>0.424865,47.120266,0</coordinates>
        </Point>
      </Placemark>
      <Placemark>
        <name>Mairie</name>
        <description>Cars Rémi : TD</description>
        <styleUrl>#carStop</styleUrl>
        <Point>
          <coordinates>0.537288,47.144455,0</coordinates>
        </Point>
      </Placemark>
      <Placemark>
        <name>Mairie</name>
        <description>Cars Rémi : IV</description>
        <styleUrl>#carStop</styleUrl>
        <Point>
          <coordinates>0.496351,47.221233,0</coordinates>
        </Point>
      </Placemark>
      <Placemark>
        <name>Mairie</name>
        <description>Cars Rémi : IV, TF</description>
        <styleUrl>#carStop</styleUrl>
        <Point>
          <coordinates>0.460687,47.253937,0</coordinates>
        </Point>
      </Placemark>
      <Placemark>
        <name>Mairie</name>
        <description>Cars Rémi : 405, IV, TF</description>
        <styleUrl>#carStop</styleUrl>
        <Point>
          <coordinates>0.466115,47.262363,0</coordinates>
        </Point>
      </Placemark>
      <Placemark>
        <name>Mairie</name>
        <description>Cars Rémi : I</description>
        <styleUrl>#carStop</styleUrl>
        <Point>
          <coordinates>0.599474,47.272415,0</coordinates>
        </Point>
      </Placemark>
      <Placemark>
        <name>Mairie</name>
        <description>Cars Rémi : N1</description>
        <styleUrl>#carStop</styleUrl>
        <Point>
          <coordinates>0.024218,47.293121,0</coordinates>
        </Point>
      </Placemark>
      <Placemark>
        <name>Mairie</name>
        <description>Cars Rémi : D</description>
        <styleUrl>#carStop</styleUrl>
        <Point>
          <coordinates>0.777920,47.368149,0</coordinates>
        </Point>
      </Placemark>
      <Placemark>
        <name>Mairie</name>
        <description>Cars Rémi : TA</description>
        <styleUrl>#carStop</styleUrl>
        <Point>
          <coordinates>0.990648,47.442898,0</coordinates>
        </Point>
      </Placemark>
      <Placemark>
        <name>Mairie</name>
        <description>Cars Rémi : A</description>
        <styleUrl>#carStop</styleUrl>
        <Point>
          <coordinates>0.872957,47.451340,0</coordinates>
        </Point>
      </Placemark>
      <Placemark>
        <name>Mairie</name>
        <description>Cars Rémi : P</description>
        <styleUrl>#carStop</styleUrl>
        <Point>
          <coordinates>0.446861,47.451859,0</coordinates>
        </Point>
      </Placemark>
      <Placemark>
        <name>Mairie</name>
        <description>Cars Rémi : TA</description>
        <styleUrl>#carStop</styleUrl>
        <Point>
          <coordinates>0.996797,47.524914,0</coordinates>
        </Point>
      </Placemark>
      <Placemark>
        <name>Mairie</name>
        <description>Cars Rémi : M</description>
        <styleUrl>#carStop</styleUrl>
        <Point>
          <coordinates>0.481783,47.603119,0</coordinates>
        </Point>
      </Placemark>
      <Placemark>
        <name>Mairie</name>
        <description>Cars Rémi : 434</description>
        <styleUrl>#carStop</styleUrl>
        <Point>
          <coordinates>1.207147,47.924637,0</coordinates>
        </Point>
      </Placemark>
      <Placemark>
        <name>Maison de Retraite</name>
        <description>Cars Rémi : S</description>
        <styleUrl>#carStop</styleUrl>
        <Point>
          <coordinates>0.643976,47.658665,0</coordinates>
        </Point>
      </Placemark>
      <Placemark>
        <name>Maison de retraite</name>
        <description>Cars Rémi : C</description>
        <styleUrl>#carStop</styleUrl>
        <Point>
          <coordinates>0.834859,47.376423,0</coordinates>
        </Point>
      </Placemark>
      <Placemark>
        <name>Maisons Rouges</name>
        <description>Cars Rémi : P</description>
        <styleUrl>#carStop</styleUrl>
        <Point>
          <coordinates>0.601101,47.404751,0</coordinates>
        </Point>
      </Placemark>
      <Placemark>
        <name>Marmoutier</name>
        <description>Cars Rémi : A</description>
        <styleUrl>#carStop</styleUrl>
        <Point>
          <coordinates>0.716975,47.401760,0</coordinates>
        </Point>
      </Placemark>
      <Placemark>
        <name>Milletière</name>
        <description>Cars Rémi : C</description>
        <styleUrl>#carStop</styleUrl>
        <Point>
          <coordinates>0.858186,47.382019,0</coordinates>
        </Point>
      </Placemark>
      <Placemark>
        <name>Milletière</name>
        <description>Cars Rémi : S</description>
        <styleUrl>#carStop</styleUrl>
        <Point>
          <coordinates>0.698612,47.436226,0</coordinates>
        </Point>
      </Placemark>
      <Placemark>
        <name>Milletière Saint Aignan</name>
        <description>Cars Rémi : C</description>
        <styleUrl>#carStop</styleUrl>
        <Point>
          <coordinates>0.864705,47.385044,0</coordinates>
        </Point>
      </Placemark>
      <Placemark>
        <name>Mirabeau</name>
        <description>Cars Rémi : C, F, G, H, H2, I</description>
        <styleUrl>#carStop</styleUrl>
        <Point>
          <coordinates>0.700064,47.392086,0</coordinates>
        </Point>
      </Placemark>
      <Placemark>
        <name>Moinerie</name>
        <description>Cars Rémi : C</description>
        <styleUrl>#carStop</styleUrl>
        <Point>
          <coordinates>0.932445,47.399216,0</coordinates>
        </Point>
      </Placemark>
      <Placemark>
        <name>Moulin de Beauvais</name>
        <description>Cars Rémi : TE</description>
        <styleUrl>#carStop</styleUrl>
        <Point>
          <coordinates>0.287861,47.122555,0</coordinates>
        </Point>
      </Placemark>
      <Placemark>
        <name>Musée Mado Robin</name>
        <description>Cars Rémi : TH</description>
        <styleUrl>#carStop</styleUrl>
        <Point>
          <coordinates>0.871066,46.785480,0</coordinates>
        </Point>
      </Placemark>
      <Placemark>
        <name>Médiathèque</name>
        <description>Cars Rémi : 434</description>
        <styleUrl>#carStop</styleUrl>
        <Point>
          <coordinates>1.236039,47.995148,0</coordinates>
        </Point>
      </Placemark>
      <Placemark>
        <name>Node Park</name>
        <description>Cars Rémi : 800</description>
        <styleUrl>#carStop</styleUrl>
        <Point>
          <coordinates>0.840265,47.257126,0</coordinates>
        </Point>
      </Placemark>
      <Placemark>
        <name>Nouvelle Poste</name>
        <description>Cars Rémi : TA</description>
        <styleUrl>#carStop</styleUrl>
        <Point>
          <coordinates>0.990400,47.444027,0</coordinates>
        </Point>
      </Placemark>
      <Placemark>
        <name>Observaloire</name>
        <description>Cars Rémi : A</description>
        <styleUrl>#carStop</styleUrl>
        <Point>
          <coordinates>0.757938,47.408669,0</coordinates>
        </Point>
      </Placemark>
      <Placemark>
        <name>Olympe de Gouge</name>
        <description>Cars Rémi : C</description>
        <styleUrl>#carStop</styleUrl>
        <Point>
          <coordinates>0.818413,47.379990,0</coordinates>
        </Point>
      </Placemark>
      <Placemark>
        <name>Onzay</name>
        <description>Cars Rémi : 800</description>
        <styleUrl>#carStop</styleUrl>
        <Point>
          <coordinates>1.316435,46.930779,0</coordinates>
        </Point>
      </Placemark>
      <Placemark>
        <name>Pablo Neruda</name>
        <description>Cars Rémi : C</description>
        <styleUrl>#carStop</styleUrl>
        <Point>
          <coordinates>0.750738,47.397858,0</coordinates>
        </Point>
      </Placemark>
      <Placemark>
        <name>Pagode</name>
        <description>Cars Rémi : C, J, TA, TB</description>
        <styleUrl>#carStop</styleUrl>
        <Point>
          <coordinates>0.979597,47.391819,0</coordinates>
        </Point>
      </Placemark>
      <Placemark>
        <name>Parc d'activités</name>
        <description>Cars Rémi : H, H2</description>
        <styleUrl>#carStop</styleUrl>
        <Point>
          <coordinates>0.708822,47.274696,0</coordinates>
        </Point>
      </Placemark>
      <Placemark>
        <name>Parc d'attraction</name>
        <description>Cars Rémi : G, H</description>
        <styleUrl>#carStop</styleUrl>
        <Point>
          <coordinates>0.669198,47.258213,0</coordinates>
        </Point>
      </Placemark>
      <Placemark>
        <name>Parc de la Douve</name>
        <description>Cars Rémi : D</description>
        <styleUrl>#carStop</styleUrl>
        <Point>
          <coordinates>0.846910,47.348492,0</coordinates>
        </Point>
      </Placemark>
      <Placemark>
        <name>Paul Louis Courier</name>
        <description>Cars Rémi : D</description>
        <styleUrl>#carStop</styleUrl>
        <Point>
          <coordinates>0.805293,47.360626,0</coordinates>
        </Point>
      </Placemark>
      <Placemark>
        <name>Petite Madelaine</name>
        <description>Cars Rémi : F, G, H, H2</description>
        <styleUrl>#carStop</styleUrl>
        <Point>
          <coordinates>0.708182,47.325718,0</coordinates>
        </Point>
      </Placemark>
      <Placemark>
        <name>Pierre Ballue</name>
        <description>Cars Rémi : H, TC, TH</description>
        <styleUrl>#carStop</styleUrl>
        <Point>
          <coordinates>0.700532,46.975079,0</coordinates>
        </Point>
      </Placemark>
      <Placemark>
        <name>Pierre Maître</name>
        <description>Cars Rémi : C</description>
        <styleUrl>#carStop</styleUrl>
        <Point>
          <coordinates>0.818239,47.387508,0</coordinates>
        </Point>
      </Placemark>
      <Placemark>
        <name>Pierre de St Martin</name>
        <description>Cars Rémi : R</description>
        <styleUrl>#carStop</styleUrl>
        <Point>
          <coordinates>0.394797,47.567379,0</coordinates>
        </Point>
      </Placemark>
      <Placemark>
        <name>Piscine</name>
        <description>Cars Rémi : H2, TE</description>
        <styleUrl>#carStop</styleUrl>
        <Point>
          <coordinates>0.320060,47.010777,0</coordinates>
        </Point>
      </Placemark>
      <Placemark>
        <name>Piscine</name>
        <description>Cars Rémi : I</description>
        <styleUrl>#carStop</styleUrl>
        <Point>
          <coordinates>0.637533,47.277416,0</coordinates>
        </Point>
      </Placemark>
      <Placemark>
        <name>Piscine</name>
        <description>Cars Rémi : D, TB</description>
        <styleUrl>#carStop</styleUrl>
        <Point>
          <coordinates>0.994851,47.326908,0</coordinates>
        </Point>
      </Placemark>
      <Placemark>
        <name>Piscine</name>
        <description>Cars Rémi : M</description>
        <styleUrl>#carStop</styleUrl>
        <Point>
          <coordinates>0.476413,47.603294,0</coordinates>
        </Point>
      </Placemark>
      <Placemark>
        <name>Pl. Gare de l'Etat - Pôle Balzac</name>
        <description>Cars Rémi : N1</description>
        <styleUrl>#carStop</styleUrl>
        <Point>
          <coordinates>-0.079898,47.251526,0</coordinates>
        </Point>
      </Placemark>
      <Placemark>
        <name>Place</name>
        <description>Cars Rémi : S</description>
        <styleUrl>#carStop</styleUrl>
        <Point>
          <coordinates>0.699795,47.621437,0</coordinates>
        </Point>
      </Placemark>
      <Placemark>
        <name>Place Jean Jaurès</name>
        <description>Cars Rémi : 492, A, TA</description>
        <styleUrl>#carStop</styleUrl>
        <Point>
          <coordinates>0.915016,47.592903,0</coordinates>
        </Point>
      </Placemark>
      <Placemark>
        <name>Place Jeanne d'Arc</name>
        <description>Cars Rémi : TD, TE, TF</description>
        <styleUrl>#carStop</styleUrl>
        <Point>
          <coordinates>0.245035,47.165077,0</coordinates>
        </Point>
      </Placemark>
      <Placemark>
        <name>Place Jehan Alain</name>
        <description>Cars Rémi : N1</description>
        <styleUrl>#carStop</styleUrl>
        <Point>
          <coordinates>-0.068556,47.251137,0</coordinates>
        </Point>
      </Placemark>
      <Placemark>
        <name>Place Julien Audebert</name>
        <description>Cars Rémi : P</description>
        <styleUrl>#carStop</styleUrl>
        <Point>
          <coordinates>0.307645,47.482300,0</coordinates>
        </Point>
      </Placemark>
      <Placemark>
        <name>Place Léon Boyer</name>
        <description>Cars Rémi : TF</description>
        <styleUrl>#carStop</styleUrl>
        <Point>
          <coordinates>0.408849,47.326363,0</coordinates>
        </Point>
      </Placemark>
      <Placemark>
        <name>Place d'Armes</name>
        <description>Cars Rémi : R</description>
        <styleUrl>#carStop</styleUrl>
        <Point>
          <coordinates>0.321337,47.547127,0</coordinates>
        </Point>
      </Placemark>
      <Placemark>
        <name>Place de l'Eglise</name>
        <description>Cars Rémi : N1</description>
        <styleUrl>#carStop</styleUrl>
        <Point>
          <coordinates>0.125798,47.284172,0</coordinates>
        </Point>
      </Placemark>
      <Placemark>
        <name>Place de l'église</name>
        <description>Cars Rémi : 800</description>
        <styleUrl>#carStop</styleUrl>
        <Point>
          <coordinates>0.876140,47.249832,0</coordinates>
        </Point>
      </Placemark>
      <Placemark>
        <name>Place de la Bascule</name>
        <description>Cars Rémi : S</description>
        <styleUrl>#carStop</styleUrl>
        <Point>
          <coordinates>0.552165,47.644642,0</coordinates>
        </Point>
      </Placemark>
      <Placemark>
        <name>Place de la Chapelle</name>
        <description>Cars Rémi : M</description>
        <styleUrl>#carStop</styleUrl>
        <Point>
          <coordinates>0.631381,47.496037,0</coordinates>
        </Point>
      </Placemark>
      <Placemark>
        <name>Place de la Mairie</name>
        <description>Cars Rémi : P</description>
        <styleUrl>#carStop</styleUrl>
        <Point>
          <coordinates>0.296525,47.424644,0</coordinates>
        </Point>
      </Placemark>
      <Placemark>
        <name>Place de la mairie</name>
        <description>Cars Rémi : S</description>
        <styleUrl>#carStop</styleUrl>
        <Point>
          <coordinates>0.528595,47.649017,0</coordinates>
        </Point>
      </Placemark>
      <Placemark>
        <name>Place des Halles</name>
        <description>Cars Rémi : G</description>
        <styleUrl>#carStop</styleUrl>
        <Point>
          <coordinates>0.928036,46.854694,0</coordinates>
        </Point>
      </Placemark>
      <Placemark>
        <name>Place du 11 novembre</name>
        <description>Cars Rémi : R</description>
        <styleUrl>#carStop</styleUrl>
        <Point>
          <coordinates>0.342259,47.563942,0</coordinates>
        </Point>
      </Placemark>
      <Placemark>
        <name>Place du Château</name>
        <description>Cars Rémi : TE</description>
        <styleUrl>#carStop</styleUrl>
        <Point>
          <coordinates>0.318675,47.066792,0</coordinates>
        </Point>
      </Placemark>
      <Placemark>
        <name>Place du Général Leclerc</name>
        <description>Cars Rémi : S</description>
        <styleUrl>#carStop</styleUrl>
        <Point>
          <coordinates>0.648245,47.517494,0</coordinates>
        </Point>
      </Placemark>
      <Placemark>
        <name>Place du Mail</name>
        <description>Cars Rémi : 800</description>
        <styleUrl>#carStop</styleUrl>
        <Point>
          <coordinates>1.171783,46.988224,0</coordinates>
        </Point>
      </Placemark>
      <Placemark>
        <name>Place du bourg du Fau</name>
        <description>Cars Rémi : 800</description>
        <styleUrl>#carStop</styleUrl>
        <Point>
          <coordinates>0.915828,47.226902,0</coordinates>
        </Point>
      </Placemark>
      <Placemark>
        <name>Placiers</name>
        <description>Cars Rémi : D</description>
        <styleUrl>#carStop</styleUrl>
        <Point>
          <coordinates>0.757640,47.359039,0</coordinates>
        </Point>
      </Placemark>
      <Placemark>
        <name>Planchoury</name>
        <description>Cars Rémi : TF</description>
        <styleUrl>#carStop</styleUrl>
        <Point>
          <coordinates>0.362669,47.309338,0</coordinates>
        </Point>
      </Placemark>
      <Placemark>
        <name>Pont Chalet</name>
        <description>Cars Rémi : TA</description>
        <styleUrl>#carStop</styleUrl>
        <Point>
          <coordinates>0.992084,47.462120,0</coordinates>
        </Point>
      </Placemark>
      <Placemark>
        <name>Préfecture</name>
        <description>Cars Rémi : 800</description>
        <styleUrl>#carStop</styleUrl>
        <Point>
          <coordinates>1.686424,46.810852,0</coordinates>
        </Point>
      </Placemark>
      <Placemark>
        <name>Quai Bellevue</name>
        <description>Cars Rémi : D, TB</description>
        <styleUrl>#carStop</styleUrl>
        <Point>
          <coordinates>0.989965,47.330181,0</coordinates>
        </Point>
      </Placemark>
      <Placemark>
        <name>Quai Jeanne d'Arc</name>
        <description>Cars Rémi : TD, TE, TF</description>
        <styleUrl>#carStop</styleUrl>
        <Point>
          <coordinates>0.245291,47.164890,0</coordinates>
        </Point>
      </Placemark>
      <Placemark>
        <name>Quartes</name>
        <description>Cars Rémi : C</description>
        <styleUrl>#carStop</styleUrl>
        <Point>
          <coordinates>0.824494,47.380901,0</coordinates>
        </Point>
      </Placemark>
      <Placemark>
        <name>RD 910</name>
        <description>Cars Rémi : H</description>
        <styleUrl>#carStop</styleUrl>
        <Point>
          <coordinates>0.612600,47.047241,0</coordinates>
        </Point>
      </Placemark>
      <Placemark>
        <name>RD 910</name>
        <description>Cars Rémi : H, H2, TD</description>
        <styleUrl>#carStop</styleUrl>
        <Point>
          <coordinates>0.647490,47.159389,0</coordinates>
        </Point>
      </Placemark>
      <Placemark>
        <name>Renault</name>
        <description>Cars Rémi : F, G, H, H2, I</description>
        <styleUrl>#carStop</styleUrl>
        <Point>
          <coordinates>0.700913,47.348946,0</coordinates>
        </Point>
      </Placemark>
      <Placemark>
        <name>Rianderie</name>
        <description>Cars Rémi : D</description>
        <styleUrl>#carStop</styleUrl>
        <Point>
          <coordinates>0.906695,47.330627,0</coordinates>
        </Point>
      </Placemark>
      <Placemark>
        <name>Richemont</name>
        <description>Cars Rémi : D</description>
        <styleUrl>#carStop</styleUrl>
        <Point>
          <coordinates>0.721039,47.367207,0</coordinates>
        </Point>
      </Placemark>
      <Placemark>
        <name>Rives</name>
        <description>Cars Rémi : TH</description>
        <styleUrl>#carStop</styleUrl>
        <Point>
          <coordinates>0.710063,46.942413,0</coordinates>
        </Point>
      </Placemark>
      <Placemark>
        <name>Rochecave</name>
        <description>Cars Rémi : D</description>
        <styleUrl>#carStop</styleUrl>
        <Point>
          <coordinates>0.840370,47.343491,0</coordinates>
        </Point>
      </Placemark>
      <Placemark>
        <name>Rond-point Pidellerie</name>
        <description>Cars Rémi : D</description>
        <styleUrl>#carStop</styleUrl>
        <Point>
          <coordinates>0.827717,47.352695,0</coordinates>
        </Point>
      </Placemark>
      <Placemark>
        <name>Route de Loches</name>
        <description>Cars Rémi : J</description>
        <styleUrl>#carStop</styleUrl>
        <Point>
          <coordinates>0.793498,47.134270,0</coordinates>
        </Point>
      </Placemark>
      <Placemark>
        <name>Route de Tours</name>
        <description>Cars Rémi : TF</description>
        <styleUrl>#carStop</styleUrl>
        <Point>
          <coordinates>0.273713,47.181705,0</coordinates>
        </Point>
      </Placemark>
      <Placemark>
        <name>Route de Tours</name>
        <description>Cars Rémi : S</description>
        <styleUrl>#carStop</styleUrl>
        <Point>
          <coordinates>0.648578,47.657448,0</coordinates>
        </Point>
      </Placemark>
      <Placemark>
        <name>Route de la Gare</name>
        <description>Cars Rémi : D</description>
        <styleUrl>#carStop</styleUrl>
        <Point>
          <coordinates>0.851347,47.352917,0</coordinates>
        </Point>
      </Placemark>
      <Placemark>
        <name>Route du Tapis</name>
        <description>Cars Rémi : N1</description>
        <styleUrl>#carStop</styleUrl>
        <Point>
          <coordinates>0.179581,47.274574,0</coordinates>
        </Point>
      </Placemark>
      <Placemark>
        <name>Rue Fontaine Mademoiselle</name>
        <description>Cars Rémi : TE</description>
        <styleUrl>#carStop</styleUrl>
        <Point>
          <coordinates>0.322153,47.021492,0</coordinates>
        </Point>
      </Placemark>
      <Placemark>
        <name>Rue Foulques Nerra</name>
        <description>Cars Rémi : D</description>
        <styleUrl>#carStop</styleUrl>
        <Point>
          <coordinates>0.848081,47.344063,0</coordinates>
        </Point>
      </Placemark>
      <Placemark>
        <name>Rue Georges Jehan</name>
        <description>Cars Rémi : IV</description>
        <styleUrl>#carStop</styleUrl>
        <Point>
          <coordinates>0.473938,47.265907,0</coordinates>
        </Point>
      </Placemark>
      <Placemark>
        <name>Rue Honoré de Balzac</name>
        <description>Cars Rémi : I</description>
        <styleUrl>#carStop</styleUrl>
        <Point>
          <coordinates>0.578663,47.223984,0</coordinates>
        </Point>
      </Placemark>
      <Placemark>
        <name>Rue Jarry</name>
        <description>Cars Rémi : H2</description>
        <styleUrl>#carStop</styleUrl>
        <Point>
          <coordinates>0.322410,47.015617,0</coordinates>
        </Point>
      </Placemark>
      <Placemark>
        <name>Rue Neuve</name>
        <description>Cars Rémi : A</description>
        <styleUrl>#carStop</styleUrl>
        <Point>
          <coordinates>0.847158,47.417645,0</coordinates>
        </Point>
      </Placemark>
      <Placemark>
        <name>Rue Rabelais</name>
        <description>Cars Rémi : A</description>
        <styleUrl>#carStop</styleUrl>
        <Point>
          <coordinates>0.800501,47.410782,0</coordinates>
        </Point>
      </Placemark>
      <Placemark>
        <name>Rue d'Amboise</name>
        <description>Cars Rémi : C, J, TB</description>
        <styleUrl>#carStop</styleUrl>
        <Point>
          <coordinates>0.989878,47.342663,0</coordinates>
        </Point>
      </Placemark>
      <Placemark>
        <name>Rue de Tours</name>
        <description>Cars Rémi : F</description>
        <styleUrl>#carStop</styleUrl>
        <Point>
          <coordinates>0.781822,47.288727,0</coordinates>
        </Point>
      </Placemark>
      <Placemark>
        <name>Rue de l'Avenir</name>
        <description>Cars Rémi : D, TB</description>
        <styleUrl>#carStop</styleUrl>
        <Point>
          <coordinates>0.921358,47.321285,0</coordinates>
        </Point>
      </Placemark>
      <Placemark>
        <name>Rue de la Croix</name>
        <description>Cars Rémi : D</description>
        <styleUrl>#carStop</styleUrl>
        <Point>
          <coordinates>0.780506,47.367527,0</coordinates>
        </Point>
      </Placemark>
      <Placemark>
        <name>Rue de la Forêt</name>
        <description>Cars Rémi : I</description>
        <styleUrl>#carStop</styleUrl>
        <Point>
          <coordinates>0.641954,47.297081,0</coordinates>
        </Point>
      </Placemark>
      <Placemark>
        <name>Rue de la Plage</name>
        <description>Cars Rémi : TD</description>
        <styleUrl>#carStop</styleUrl>
        <Point>
          <coordinates>0.310392,47.135502,0</coordinates>
        </Point>
      </Placemark>
      <Placemark>
        <name>Rue de la République</name>
        <description>Cars Rémi : TD</description>
        <styleUrl>#carStop</styleUrl>
        <Point>
          <coordinates>0.667922,47.073387,0</coordinates>
        </Point>
      </Placemark>
      <Placemark>
        <name>Rue de la République</name>
        <description>Cars Rémi : A</description>
        <styleUrl>#carStop</styleUrl>
        <Point>
          <coordinates>0.891065,47.421074,0</coordinates>
        </Point>
      </Placemark>
      <Placemark>
        <name>Rue de la Vienne</name>
        <description>Cars Rémi : TD</description>
        <styleUrl>#carStop</styleUrl>
        <Point>
          <coordinates>0.422376,47.119247,0</coordinates>
        </Point>
      </Placemark>
      <Placemark>
        <name>Rue des Alouettes</name>
        <description>Cars Rémi : G</description>
        <styleUrl>#carStop</styleUrl>
        <Point>
          <coordinates>0.788089,47.140625,0</coordinates>
        </Point>
      </Placemark>
      <Placemark>
        <name>Rue des Mouettes</name>
        <description>Cars Rémi : I</description>
        <styleUrl>#carStop</styleUrl>
        <Point>
          <coordinates>0.664228,47.331280,0</coordinates>
        </Point>
      </Placemark>
      <Placemark>
        <name>Rue des Noisetiers</name>
        <description>Cars Rémi : I</description>
        <styleUrl>#carStop</styleUrl>
        <Point>
          <coordinates>0.651909,47.297020,0</coordinates>
        </Point>
      </Placemark>
      <Placemark>
        <name>Rue des Pinsonnières</name>
        <description>Cars Rémi : H</description>
        <styleUrl>#carStop</styleUrl>
        <Point>
          <coordinates>0.623622,47.204243,0</coordinates>
        </Point>
      </Placemark>
      <Placemark>
        <name>Rue du 11 Novembre</name>
        <description>Cars Rémi : S</description>
        <styleUrl>#carStop</styleUrl>
        <Point>
          <coordinates>0.671096,47.570477,0</coordinates>
        </Point>
      </Placemark>
      <Placemark>
        <name>Rue du Lavoir</name>
        <description>Cars Rémi : P</description>
        <styleUrl>#carStop</styleUrl>
        <Point>
          <coordinates>0.286833,47.394218,0</coordinates>
        </Point>
      </Placemark>
      <Placemark>
        <name>Rue du Pont Barry</name>
        <description>Cars Rémi : S</description>
        <styleUrl>#carStop</styleUrl>
        <Point>
          <coordinates>0.650431,47.616661,0</coordinates>
        </Point>
      </Placemark>
      <Placemark>
        <name>Rue du Vallon</name>
        <description>Cars Rémi : F</description>
        <styleUrl>#carStop</styleUrl>
        <Point>
          <coordinates>0.789708,47.286915,0</coordinates>
        </Point>
      </Placemark>
      <Placemark>
        <name>SNCF</name>
        <description>Cars Rémi : 492</description>
        <styleUrl>#carStop</styleUrl>
        <Point>
          <coordinates>1.012750,47.693199,0</coordinates>
        </Point>
      </Placemark>
      <Placemark>
        <name>Saint Louis</name>
        <description>Cars Rémi : N1</description>
        <styleUrl>#carStop</styleUrl>
        <Point>
          <coordinates>-0.083902,47.258312,0</coordinates>
        </Point>
      </Placemark>
      <Placemark>
        <name>Saint Martin</name>
        <description>Cars Rémi : 800</description>
        <styleUrl>#carStop</styleUrl>
        <Point>
          <coordinates>1.083543,47.059853,0</coordinates>
        </Point>
      </Placemark>
      <Placemark>
        <name>Saint-Jacques</name>
        <description>Cars Rémi : 800</description>
        <styleUrl>#carStop</styleUrl>
        <Point>
          <coordinates>0.999742,47.137581,0</coordinates>
        </Point>
      </Placemark>
      <Placemark>
        <name>Saint-Lazare</name>
        <description>Cars Rémi : TD, TE</description>
        <styleUrl>#carStop</styleUrl>
        <Point>
          <coordinates>0.235758,47.151402,0</coordinates>
        </Point>
      </Placemark>
      <Placemark>
        <name>Saint-Malo</name>
        <description>Cars Rémi : 800</description>
        <styleUrl>#carStop</styleUrl>
        <Point>
          <coordinates>0.800866,47.297852,0</coordinates>
        </Point>
      </Placemark>
      <Placemark>
        <name>Saint-Malo</name>
        <description>Cars Rémi : 800</description>
        <styleUrl>#carStop</styleUrl>
        <Point>
          <coordinates>0.798381,47.301941,0</coordinates>
        </Point>
      </Placemark>
      <Placemark>
        <name>Saint-Malo</name>
        <description>Cars Rémi : A, TA</description>
        <styleUrl>#carStop</styleUrl>
        <Point>
          <coordinates>0.921630,47.589848,0</coordinates>
        </Point>
      </Placemark>
      <Placemark>
        <name>Salle Multi-accueil</name>
        <description>Cars Rémi : F</description>
        <styleUrl>#carStop</styleUrl>
        <Point>
          <coordinates>0.787219,47.290215,0</coordinates>
        </Point>
      </Placemark>
      <Placemark>
        <name>Salle des Fêtes</name>
        <description>Cars Rémi : TE</description>
        <styleUrl>#carStop</styleUrl>
        <Point>
          <coordinates>0.345599,46.989082,0</coordinates>
        </Point>
      </Placemark>
      <Placemark>
        <name>Salle des Fêtes</name>
        <description>Cars Rémi : G, H</description>
        <styleUrl>#carStop</styleUrl>
        <Point>
          <coordinates>0.696449,47.243122,0</coordinates>
        </Point>
      </Placemark>
      <Placemark>
        <name>Salle des fêtes</name>
        <description>Cars Rémi : G</description>
        <styleUrl>#carStop</styleUrl>
        <Point>
          <coordinates>0.805981,46.920570,0</coordinates>
        </Point>
      </Placemark>
      <Placemark>
        <name>Santé NCT+</name>
        <description>Cars Rémi : M, P, R</description>
        <styleUrl>#carStop</styleUrl>
        <Point>
          <coordinates>0.666896,47.432064,0</coordinates>
        </Point>
      </Placemark>
      <Placemark>
        <name>Santé Vinci</name>
        <description>Cars Rémi : I</description>
        <styleUrl>#carStop</styleUrl>
        <Point>
          <coordinates>0.691083,47.335716,0</coordinates>
        </Point>
      </Placemark>
      <Placemark>
        <name>Sapin Vert</name>
        <description>Cars Rémi : 800</description>
        <styleUrl>#carStop</styleUrl>
        <Point>
          <coordinates>1.433534,46.888214,0</coordinates>
        </Point>
      </Placemark>
      <Placemark>
        <name>Saule Michaud</name>
        <description>Cars Rémi : C</description>
        <styleUrl>#carStop</styleUrl>
        <Point>
          <coordinates>0.810276,47.391411,0</coordinates>
        </Point>
      </Placemark>
      <Placemark>
        <name>Square Saint Julien</name>
        <description>Cars Rémi : I</description>
        <styleUrl>#carStop</styleUrl>
        <Point>
          <coordinates>0.575407,47.261761,0</coordinates>
        </Point>
      </Placemark>
      <Placemark>
        <name>St Cyr Equatop</name>
        <description>Cars Rémi : M, P, R</description>
        <styleUrl>#carStop</styleUrl>
        <Point>
          <coordinates>0.656560,47.426220,0</coordinates>
        </Point>
      </Placemark>
      <Placemark>
        <name>St Vincent</name>
        <description>Cars Rémi : A</description>
        <styleUrl>#carStop</styleUrl>
        <Point>
          <coordinates>0.797481,47.410477,0</coordinates>
        </Point>
      </Placemark>
      <Placemark>
        <name>Stade</name>
        <description>Cars Rémi : R</description>
        <styleUrl>#carStop</styleUrl>
        <Point>
          <coordinates>0.578259,47.444042,0</coordinates>
        </Point>
      </Placemark>
      <Placemark>
        <name>Stade</name>
        <description>Cars Rémi : M</description>
        <styleUrl>#carStop</styleUrl>
        <Point>
          <coordinates>0.587199,47.504929,0</coordinates>
        </Point>
      </Placemark>
      <Placemark>
        <name>Statue de Rabelais</name>
        <description>Cars Rémi : TD, TE, TF</description>
        <styleUrl>#carStop</styleUrl>
        <Point>
          <coordinates>0.239916,47.165714,0</coordinates>
        </Point>
      </Placemark>
      <Placemark>
        <name>Ste Radegonde</name>
        <description>Cars Rémi : A</description>
        <styleUrl>#carStop</styleUrl>
        <Point>
          <coordinates>0.711133,47.402634,0</coordinates>
        </Point>
      </Placemark>
      <Placemark>
        <name>Supermarché</name>
        <description>Cars Rémi : TB</description>
        <styleUrl>#carStop</styleUrl>
        <Point>
          <coordinates>1.017492,47.404160,0</coordinates>
        </Point>
      </Placemark>
      <Placemark>
        <name>Syndicat d'Initiative</name>
        <description>Cars Rémi : TA, TB</description>
        <styleUrl>#carStop</styleUrl>
        <Point>
          <coordinates>0.981190,47.412441,0</coordinates>
        </Point>
      </Placemark>
      <Placemark>
        <name>Sénateur Belle</name>
        <description>Cars Rémi : C</description>
        <styleUrl>#carStop</styleUrl>
        <Point>
          <coordinates>0.826394,47.384991,0</coordinates>
        </Point>
      </Placemark>
      <Placemark>
        <name>Tartifume</name>
        <description>Cars Rémi : D</description>
        <styleUrl>#carStop</styleUrl>
        <Point>
          <coordinates>0.828931,47.320183,0</coordinates>
        </Point>
      </Placemark>
      <Placemark>
        <name>Tennis</name>
        <description>Cars Rémi : R</description>
        <styleUrl>#carStop</styleUrl>
        <Point>
          <coordinates>0.455591,47.526436,0</coordinates>
        </Point>
      </Placemark>
      <Placemark>
        <name>Tesseau</name>
        <description>Cars Rémi : 800</description>
        <styleUrl>#carStop</styleUrl>
        <Point>
          <coordinates>1.446299,46.883293,0</coordinates>
        </Point>
      </Placemark>
      <Placemark>
        <name>Thalès Lycée Clouet</name>
        <description>Cars Rémi : M, P, R, S</description>
        <styleUrl>#carStop</styleUrl>
        <Point>
          <coordinates>0.690495,47.429703,0</coordinates>
        </Point>
      </Placemark>
      <Placemark>
        <name>Thuisseau</name>
        <description>Cars Rémi : C</description>
        <styleUrl>#carStop</styleUrl>
        <Point>
          <coordinates>0.820946,47.371780,0</coordinates>
        </Point>
      </Placemark>
      <Placemark>
        <name>Théâtre</name>
        <description>Cars Rémi : C</description>
        <styleUrl>#carStop</styleUrl>
        <Point>
          <coordinates>0.979515,47.411221,0</coordinates>
        </Point>
      </Placemark>
      <Placemark>
        <name>Tivoli</name>
        <description>Cars Rémi : F, G, H, H2</description>
        <styleUrl>#carStop</styleUrl>
        <Point>
          <coordinates>0.717578,47.295250,0</coordinates>
        </Point>
      </Placemark>
      <Placemark>
        <name>Torricelli</name>
        <description>Cars Rémi : M, R, S</description>
        <styleUrl>#carStop</styleUrl>
        <Point>
          <coordinates>0.700794,47.428337,0</coordinates>
        </Point>
      </Placemark>
      <Placemark>
        <name>Ursulines</name>
        <description>Cars Rémi : A, M, R, S</description>
        <styleUrl>#carStop</styleUrl>
        <Point>
          <coordinates>0.699776,47.395458,0</coordinates>
        </Point>
      </Placemark>
      <Placemark>
        <name>Val Fleuri</name>
        <description>Cars Rémi : C</description>
        <styleUrl>#carStop</styleUrl>
        <Point>
          <coordinates>0.721403,47.394890,0</coordinates>
        </Point>
      </Placemark>
      <Placemark>
        <name>Val Joli</name>
        <description>Cars Rémi : D</description>
        <styleUrl>#carStop</styleUrl>
        <Point>
          <coordinates>0.774470,47.360954,0</coordinates>
        </Point>
      </Placemark>
      <Placemark>
        <name>Vallée du Lys</name>
        <description>Cars Rémi : I</description>
        <styleUrl>#carStop</styleUrl>
        <Point>
          <coordinates>0.592495,47.270348,0</coordinates>
        </Point>
      </Placemark>
      <Placemark>
        <name>Vaux</name>
        <description>Cars Rémi : TB</description>
        <styleUrl>#carStop</styleUrl>
        <Point>
          <coordinates>1.027363,47.333340,0</coordinates>
        </Point>
      </Placemark>
      <Placemark>
        <name>Verneuil Laiterie</name>
        <description>Cars Rémi : 800</description>
        <styleUrl>#carStop</styleUrl>
        <Point>
          <coordinates>1.058416,47.076378,0</coordinates>
        </Point>
      </Placemark>
      <Placemark>
        <name>Victor Laloux</name>
        <description>Cars Rémi : C</description>
        <styleUrl>#carStop</styleUrl>
        <Point>
          <coordinates>0.841720,47.384308,0</coordinates>
        </Point>
      </Placemark>
      <Placemark>
        <name>Villechenard</name>
        <description>Cars Rémi : TA</description>
        <styleUrl>#carStop</styleUrl>
        <Point>
          <coordinates>1.025738,47.550545,0</coordinates>
        </Point>
      </Placemark>
      <Placemark>
        <name>Villeret</name>
        <description>Cars Rémi : TA</description>
        <styleUrl>#carStop</styleUrl>
        <Point>
          <coordinates>0.981976,47.429237,0</coordinates>
        </Point>
      </Placemark>
      <Placemark>
        <name>Vinci - côté Halte Routière</name>
        <description>Cars Rémi : M, R, S</description>
        <styleUrl>#carStop</styleUrl>
        <Point>
          <coordinates>0.692678,47.390739,0</coordinates>
        </Point>
      </Placemark>
      <Placemark>
        <name>Voie Dieu</name>
        <description>Cars Rémi : H</description>
        <styleUrl>#carStop</styleUrl>
        <Point>
          <coordinates>0.699312,47.243778,0</coordinates>
        </Point>
      </Placemark>
      <Placemark>
        <name>ZAC Vrillonnerie</name>
        <description>Cars Rémi : F, G, H, H2</description>
        <styleUrl>#carStop</styleUrl>
        <Point>
          <coordinates>0.704336,47.337975,0</coordinates>
        </Point>
      </Placemark>
      <Placemark>
        <name>ZI Boitardière</name>
        <description>Cars Rémi : TA</description>
        <styleUrl>#carStop</styleUrl>
        <Point>
          <coordinates>1.026192,47.415932,0</coordinates>
        </Point>
      </Placemark>
      <Placemark>
        <name>Zone Industrielle</name>
        <description>Cars Rémi : 800</description>
        <styleUrl>#carStop</styleUrl>
        <Point>
          <coordinates>1.354087,46.905106,0</coordinates>
        </Point>
      </Placemark>
      <Placemark>
        <name>Zone Industrielle</name>
        <description>Cars Rémi : 492</description>
        <styleUrl>#carStop</styleUrl>
        <Point>
          <coordinates>0.922423,47.603069,0</coordinates>
        </Point>
      </Placemark>
      <Placemark>
        <name>collège les Sablons</name>
        <description>Cars Rémi : 800</description>
        <styleUrl>#carStop</styleUrl>
        <Point>
          <coordinates>1.434606,46.889175,0</coordinates>
        </Point>
      </Placemark>
      <Placemark>
        <name>rue des jonquilles</name>
        <description>Cars Rémi : 800</description>
        <styleUrl>#carStop</styleUrl>
        <Point>
          <coordinates>0.920711,47.225716,0</coordinates>
        </Point>
      </Placemark>
    </Folder>
    <Style id="carStop">
      <IconStyle>
        <scale>0.65</scale>
        <Icon>
          <href>http://maps.google.com/mapfiles/kml/shapes/bus.png</href>
        </Icon>
      </IconStyle>
    </Style>
    <Style id="route_REMI28_Line_89">
      <LineStyle>
        <color>ff459700</color>
        <width>4</width>
      </LineStyle>
    </Style>
    <Style id="route_REMI41_Line_492">
      <LineStyle>
        <color>ff415802</color>
        <width>4</width>
      </LineStyle>
    </Style>
    <Style id="route_REMI36_Line_800">
      <LineStyle>
        <color>ff00b814</color>
        <width>4</width>
      </LineStyle>
    </Style>
    <Style id="route_REMI37_Line_343">
      <LineStyle>
        <color>ff00c227</color>
        <width>4</width>
      </LineStyle>
    </Style>
    <Style id="route_REMI37_Line_355">
      <LineStyle>
        <color>fffd5244</color>
        <width>4</width>
      </LineStyle>
    </Style>
    <Style id="route_REMI37_Line_59">
      <LineStyle>
        <color>fff71ff5</color>
        <width>4</width>
      </LineStyle>
    </Style>
    <Style id="route_REMI37_Line_157">
      <LineStyle>
        <color>ff020093</color>
        <width>4</width>
      </LineStyle>
    </Style>
    <Style id="route_REMI37_Line_156">
      <LineStyle>
        <color>ff17a6f7</color>
        <width>4</width>
      </LineStyle>
    </Style>
    <Style id="route_REMI37_Line_37">
      <LineStyle>
        <color>ffd6db40</color>
        <width>4</width>
      </LineStyle>
    </Style>
    <Style id="route_REMI37_Line_29">
      <LineStyle>
        <color>ff1f29ff</color>
        <width>4</width>
      </LineStyle>
    </Style>
    <Style id="route_REMI37_Line_304">
      <LineStyle>
        <color>ff0cbbd9</color>
        <width>4</width>
      </LineStyle>
    </Style>
    <Style id="route_REMI37_Line_345">
      <LineStyle>
        <color>ff0a5cff</color>
        <width>4</width>
      </LineStyle>
    </Style>
    <Style id="route_REMI37_Line_63">
      <LineStyle>
        <color>ff0f00d1</color>
        <width>4</width>
      </LineStyle>
    </Style>
    <Style id="route_REMI37_Line_351">
      <LineStyle>
        <color>fff58af7</color>
        <width>4</width>
      </LineStyle>
    </Style>
    <Style id="route_REMI37_Line_306">
      <LineStyle>
        <color>ff0a78f7</color>
        <width>4</width>
      </LineStyle>
    </Style>
    <Style id="route_REMI37_Line_139">
      <LineStyle>
        <color>ff0dedba</color>
        <width>4</width>
      </LineStyle>
    </Style>
    <Style id="route_REMI37_Line_349">
      <LineStyle>
        <color>ff28cd2d</color>
        <width>4</width>
      </LineStyle>
    </Style>
    <Style id="route_REMI37_Line_143">
      <LineStyle>
        <color>ff980f02</color>
        <width>4</width>
      </LineStyle>
    </Style>
    <Style id="route_REMI37_Line_144">
      <LineStyle>
        <color>ff17ebed</color>
        <width>4</width>
      </LineStyle>
    </Style>
    <Style id="route_REMI37_Line_152">
      <LineStyle>
        <color>ff910048</color>
        <width>4</width>
      </LineStyle>
    </Style>
    <Style id="route_REMI37_Line_347">
      <LineStyle>
        <color>fff0b5ba</color>
        <width>4</width>
      </LineStyle>
    </Style>
    <Style id="route_REMI37_Line_384">
      <LineStyle>
        <color>ffffffff</color>
        <width>4</width>
      </LineStyle>
    </Style>
    <Style id="route_REMI37_Line_140">
      <LineStyle>
        <color>ff980f02</color>
        <width>4</width>
      </LineStyle>
    </Style>
    <Style id="route_REMI37_Line_303">
      <LineStyle>
        <color>ffae05cb</color>
        <width>4</width>
      </LineStyle>
    </Style>
    <Style id="route_REMI37_Line_357">
      <LineStyle>
        <color>ffffffff</color>
        <width>4</width>
      </LineStyle>
    </Style>
    <Style id="route_REMI37_Line_353">
      <LineStyle>
        <color>ff009f20</color>
        <width>4</width>
      </LineStyle>
    </Style>
    <Style id="route_REMI37_Line_145">
      <LineStyle>
        <color>ff0065a3</color>
        <width>4</width>
      </LineStyle>
    </Style>
  </Document>
</kml>
