{"type":"FeatureCollection","features":[{"type":"Feature","id":"epci.56","geometry":{"type":"MultiPolygon","coordinates":[[[[1.08711125,47.46181986],[1.085394,47.46432007],[1.09265853,47.46715233],[1.09459758,47.46941896],[1.09347101,47.47062511],[1.09023552,47.4728736],[1.08699601,47.47723345],[1.08156806,47.4882708],[1.07901752,47.49444983],[1.06845888,47.50351544],[1.06841212,47.50683453],[1.07115737,47.51402758],[1.06803088,47.52309345],[1.05830401,47.52555834],[1.04483363,47.5318117],[1.04709179,47.53707199],[1.06688895,47.5546826],[1.07708537,47.56155646],[1.07702165,47.57238359],[1.0695197,47.57040937],[1.06387766,47.56635771],[1.05687375,47.58028208],[1.05189803,47.58714657],[1.03308673,47.60732403],[1.03258793,47.6081782],[1.0243309,47.60899317],[1.01851293,47.60779698],[1.01558125,47.60517925],[1.00381505,47.59000041],[1.0037147,47.58456652],[0.99702658,47.58412146],[0.99690972,47.58674055],[0.99302099,47.58903821],[0.98743555,47.59453177],[0.98396793,47.60535877],[0.98548201,47.61099623],[0.99178548,47.62023218],[0.99680973,47.63347863],[1.00203567,47.64300689],[1.01511902,47.64346853],[1.01735716,47.63974384],[1.02381876,47.64304338],[1.0238906,47.64354971],[1.04812895,47.64647014],[1.05026659,47.64098747],[1.05983101,47.64127187],[1.06833429,47.6387432],[1.07503184,47.63403321],[1.07895622,47.63547178],[1.10179606,47.63925395],[1.09781536,47.6457609],[1.10254268,47.65463332],[1.10328286,47.66510917],[1.12351592,47.66780818],[1.12562405,47.6796535],[1.13380396,47.6842356],[1.14144679,47.68112427],[1.14715961,47.67985636],[1.16101873,47.67882555],[1.1691207,47.67562694],[1.17230953,47.67760533],[1.16707544,47.68145417],[1.17405818,47.68913871],[1.18287849,47.6967676],[1.17834446,47.7003145],[1.18383537,47.70496534],[1.18923682,47.71208044],[1.20543972,47.72532765],[1.21773261,47.73094515],[1.2165723,47.73248046],[1.23346845,47.73962295],[1.23904669,47.74460269],[1.24164628,47.74154574],[1.23737433,47.73959991],[1.2426629,47.73383307],[1.24761766,47.73720416],[1.25305875,47.74334522],[1.2578408,47.74637116],[1.26171036,47.74130078],[1.26807202,47.7336879],[1.27131755,47.73166978],[1.27902886,47.72804372],[1.28449146,47.72696979],[1.29426855,47.72207123],[1.29744481,47.7147776],[1.29850004,47.70942914],[1.30171891,47.70824794],[1.30740328,47.72043714],[1.30856003,47.7215693],[1.31015841,47.72173554],[1.31954786,47.71734605],[1.32186725,47.71558332],[1.32315758,47.71311349],[1.33017633,47.70810309],[1.34422185,47.70593776],[1.34560993,47.70633551],[1.34447032,47.69566384],[1.34789559,47.69017203],[1.35488737,47.68901473],[1.3590433,47.69096459],[1.37126909,47.68541613],[1.37722195,47.68164846],[1.37761626,47.67898554],[1.39602639,47.66832925],[1.39186464,47.66291905],[1.42002811,47.64193344],[1.41719679,47.63885398],[1.4096839,47.6334961],[1.39161842,47.62065998],[1.41169682,47.60810835],[1.42380352,47.59922179],[1.41977719,47.59845341],[1.40912119,47.5983996],[1.40858194,47.57602869],[1.40905204,47.57377983],[1.41397774,47.57331571],[1.41366921,47.5721015],[1.40936147,47.57013419],[1.40907102,47.56465362],[1.4114433,47.55233001],[1.39069737,47.55024132],[1.39051957,47.55022807],[1.41269802,47.53605306],[1.42051899,47.53251026],[1.44059424,47.53501242],[1.46248249,47.53999558],[1.46985885,47.52894133],[1.47559175,47.52666751],[1.48254665,47.52482708],[1.52069799,47.51939618],[1.52052981,47.51831728],[1.5265242,47.5090822],[1.52905406,47.50072684],[1.52593968,47.49518924],[1.50578168,47.47146268],[1.49563584,47.45916758],[1.48773617,47.45430602],[1.48429651,47.45061128],[1.48266551,47.44966357],[1.47724881,47.45045447],[1.45425804,47.44691014],[1.4442655,47.45036942],[1.43781152,47.44897296],[1.43107275,47.45028688],[1.42560151,47.45506954],[1.4245999,47.46587736],[1.42209022,47.46512039],[1.41904247,47.46123002],[1.4103103,47.45873867],[1.40890827,47.47111833],[1.39143112,47.46279927],[1.38784365,47.46707949],[1.39003299,47.47198613],[1.38951755,47.47459725],[1.37610493,47.47201962],[1.37161179,47.46816184],[1.36206679,47.46657836],[1.35142086,47.47092725],[1.34800467,47.47482785],[1.34695893,47.47622388],[1.34269376,47.48813362],[1.3365121,47.50089997],[1.32303705,47.49369385],[1.32312876,47.49220867],[1.32106533,47.4910778],[1.31224449,47.49037049],[1.30710052,47.49097292],[1.29975312,47.49344007],[1.29522414,47.49357286],[1.30106187,47.48728261],[1.30220515,47.48034479],[1.29872126,47.46288508],[1.3007854,47.45231498],[1.3025866,47.4482571],[1.30286973,47.44686202],[1.30668664,47.4512836],[1.3184987,47.45197887],[1.316996,47.42786273],[1.32022447,47.42129419],[1.30684567,47.41875378],[1.30229449,47.41819583],[1.28941743,47.41332596],[1.28641451,47.41178348],[1.2843403,47.40953519],[1.27956767,47.41429539],[1.27576307,47.41594983],[1.26742076,47.41807149],[1.26014349,47.41605399],[1.24528314,47.42266311],[1.2295379,47.42823134],[1.22421107,47.43614044],[1.22507124,47.43697474],[1.22092039,47.44128106],[1.2183254,47.44903082],[1.21308229,47.44831205],[1.21049424,47.44496507],[1.20127569,47.43719371],[1.1931675,47.43781004],[1.17205335,47.43647449],[1.16832216,47.43948357],[1.16716451,47.44496245],[1.16396045,47.44170822],[1.15005078,47.4441361],[1.14007347,47.44818748],[1.13346593,47.44897943],[1.12956975,47.44963093],[1.12490747,47.45229323],[1.11393242,47.46267259],[1.11281677,47.46610947],[1.08711125,47.46181986]]]]},"geometry_name":"geometrie","properties":{"code":"200030385","name":"CA de Blois \"Agglopolys\"","level":"epci"}},{"type":"Feature","id":"epci.239","geometry":{"type":"MultiPolygon","coordinates":[[[[0.89262587,47.39805072],[0.87044291,47.39754386],[0.86410963,47.41456114],[0.86466781,47.42059589],[0.87024487,47.42546008],[0.86955974,47.42757276],[0.87636971,47.42895079],[0.88753879,47.43539288],[0.89456889,47.43802732],[0.90459665,47.440664],[0.9139664,47.44086207],[0.9170943,47.44169613],[0.91914644,47.45389042],[0.92154739,47.45886891],[0.92771758,47.46137061],[0.92502907,47.46516509],[0.92097712,47.46777625],[0.91645098,47.4859031],[0.90123967,47.49381355],[0.89042187,47.5030813],[0.87094162,47.51420718],[0.86937446,47.5141092],[0.86881518,47.52027266],[0.87132682,47.52393128],[0.89481954,47.52008887],[0.91044471,47.51663404],[0.91224056,47.51724433],[0.91522044,47.52512631],[0.92893385,47.52257038],[0.9533944,47.53008543],[0.96510005,47.52828688],[0.96329326,47.51855028],[0.96591616,47.51413796],[0.98214388,47.51250034],[0.99381345,47.50646535],[0.99773628,47.50071684],[0.99695143,47.49868184],[0.99908026,47.49583338],[1.00506554,47.4994748],[1.00976812,47.50079065],[1.02104351,47.50227576],[1.03724326,47.50845577],[1.04192166,47.51058297],[1.03556976,47.52822353],[1.03865943,47.5279316],[1.04213852,47.52869422],[1.04483363,47.5318117],[1.05830401,47.52555834],[1.06803088,47.52309345],[1.07115737,47.51402758],[1.06841212,47.50683453],[1.06845888,47.50351544],[1.07901752,47.49444983],[1.08156806,47.4882708],[1.08699601,47.47723345],[1.09023552,47.4728736],[1.09347101,47.47062511],[1.09459758,47.46941896],[1.09265853,47.46715233],[1.085394,47.46432007],[1.08711125,47.46181986],[1.11281677,47.46610947],[1.11393242,47.46267259],[1.12490747,47.45229323],[1.12956975,47.44963093],[1.13346593,47.44897943],[1.12826828,47.44273518],[1.11200455,47.42916029],[1.10222343,47.43025277],[1.08490379,47.42969433],[1.09003899,47.42456242],[1.09734856,47.42086248],[1.11125206,47.40733374],[1.1140296,47.39576022],[1.12185588,47.38369828],[1.12155276,47.38243544],[1.10717499,47.37296068],[1.10359124,47.37380723],[1.09230272,47.37089764],[1.08834441,47.36681647],[1.08298727,47.36380796],[1.08089172,47.36399849],[1.0780167,47.36426703],[1.0757221,47.36934019],[1.05883904,47.37283063],[1.05602098,47.36646481],[1.05395947,47.36717231],[1.04315373,47.36701245],[1.02469863,47.36423374],[1.01810899,47.36853487],[1.0159219,47.36513238],[1.01047779,47.36683039],[1.00421792,47.37127778],[0.99329688,47.37105909],[0.99110026,47.36603864],[0.9851235,47.36597838],[0.98350005,47.37083817],[0.98092932,47.37204794],[0.96755099,47.37255135],[0.95358104,47.37020799],[0.94584422,47.37002375],[0.94023788,47.37456039],[0.94264265,47.37925955],[0.90086931,47.3783559],[0.89845532,47.37760536],[0.89262587,47.39805072]]]]},"geometry_name":"geometrie","properties":{"code":"200043065","name":"CC du Val d'Amboise","level":"epci"}},{"type":"Feature","id":"epci.240","geometry":{"type":"MultiPolygon","coordinates":[[[[0.18121916,47.11439766],[0.17608745,47.11262653],[0.16652442,47.107653],[0.16350812,47.10411692],[0.1618617,47.10007926],[0.15276203,47.10438065],[0.14651595,47.10612302],[0.14003576,47.10568],[0.13518037,47.10711473],[0.13397142,47.10997304],[0.13411595,47.11447571],[0.14068596,47.12465992],[0.13179838,47.1228092],[0.12549112,47.12252736],[0.12210055,47.12845292],[0.1112306,47.13036209],[0.10699099,47.12863179],[0.10433134,47.12474719],[0.10455657,47.12080235],[0.08409811,47.11842245],[0.07836679,47.14642326],[0.0662595,47.1432159],[0.06165018,47.15284143],[0.05750142,47.15852978],[0.05415506,47.16102937],[0.05390703,47.16367895],[0.06318217,47.1763022],[0.06652071,47.18966257],[0.06188884,47.19043251],[0.05660102,47.19425137],[0.05357844,47.19931686],[0.05619748,47.20078076],[0.0611465,47.20837761],[0.06818587,47.21578297],[0.07451948,47.21444222],[0.07623662,47.21610267],[0.07920482,47.21676312],[0.07887167,47.21780876],[0.07705127,47.21940786],[0.07247296,47.22000035],[0.07328363,47.24791306],[0.080794,47.26789098],[0.07990101,47.27168277],[0.08340008,47.27495808],[0.08855005,47.27538027],[0.09846933,47.27425777],[0.11033071,47.27063432],[0.12957311,47.26266589],[0.14580983,47.25846432],[0.16400155,47.25555153],[0.16099429,47.23651341],[0.18470272,47.23384067],[0.20056516,47.23463934],[0.22040463,47.23905259],[0.25482402,47.24787392],[0.26471505,47.25289459],[0.26423024,47.25664848],[0.26252692,47.25951514],[0.27226247,47.26212809],[0.27902111,47.25685784],[0.28209879,47.25219818],[0.28372723,47.2481963],[0.28352245,47.24101939],[0.28562268,47.23499904],[0.29026295,47.23073338],[0.28749223,47.22806345],[0.29504829,47.22958857],[0.31692451,47.23741424],[0.33427263,47.24640885],[0.33963616,47.24692571],[0.35732679,47.24548651],[0.36868414,47.23238028],[0.35992364,47.22081241],[0.36778836,47.21837102],[0.36485511,47.20368299],[0.39396309,47.20134744],[0.38395218,47.18423676],[0.37736893,47.16557317],[0.37563614,47.15771417],[0.37703607,47.15456793],[0.37748173,47.14926788],[0.37606919,47.14731087],[0.36892494,47.14230775],[0.36583174,47.13582729],[0.33172115,47.14085569],[0.31841231,47.12056509],[0.30462146,47.1137522],[0.29765371,47.12225915],[0.29092236,47.12129721],[0.28686056,47.12409275],[0.28640825,47.12644322],[0.29061042,47.1362653],[0.25549966,47.14464053],[0.2520804,47.13940475],[0.24223995,47.1321746],[0.24451956,47.12123587],[0.24463378,47.11389305],[0.24133076,47.10461475],[0.23819315,47.10129584],[0.23549744,47.09842252],[0.2420916,47.08771026],[0.24433713,47.08635578],[0.23962736,47.08081477],[0.23515528,47.06916501],[0.23299143,47.0645683],[0.2295515,47.06249311],[0.21393101,47.05443828],[0.20795547,47.05332281],[0.20693741,47.05501168],[0.19840544,47.06134368],[0.19167203,47.06467201],[0.18706126,47.06058058],[0.17967046,47.05912198],[0.17570622,47.06073501],[0.17685347,47.06470898],[0.1737051,47.06742477],[0.17417325,47.07127314],[0.18296724,47.07939682],[0.1918958,47.08356904],[0.19641655,47.08788863],[0.19821349,47.09369153],[0.19367214,47.09761008],[0.18508228,47.10857842],[0.18323711,47.11404055],[0.18150394,47.11528567],[0.18121916,47.11439766]]]]},"geometry_name":"geometrie","properties":{"code":"200043081","name":"CC Chinon, Vienne et Loire","level":"epci"}},{"type":"Feature","id":"epci.651","geometry":{"type":"MultiPolygon","coordinates":[[[[0.80406376,46.82815776],[0.79836535,46.83216608],[0.79506728,46.83274333],[0.79126572,46.83501231],[0.7869901,46.84007424],[0.78665782,46.84345191],[0.78768832,46.84496245],[0.79537256,46.84646375],[0.79654782,46.84735997],[0.79595383,46.85011654],[0.79049519,46.85248886],[0.76802405,46.85114724],[0.76681263,46.85260185],[0.76618978,46.85627468],[0.76834089,46.8584971],[0.76080259,46.86334888],[0.7435432,46.87172017],[0.73768764,46.87345446],[0.73321509,46.87650017],[0.72939355,46.88330474],[0.71228624,46.89825177],[0.70531972,46.90235299],[0.70404459,46.90443623],[0.70378308,46.90942115],[0.70473417,46.91231438],[0.70323755,46.92607852],[0.70594487,46.93813119],[0.70326145,46.94703197],[0.6963948,46.95628062],[0.69601305,46.95937242],[0.69502124,46.96245382],[0.69450077,46.96441512],[0.69556552,46.96915894],[0.69375369,46.97316521],[0.69217076,46.97442519],[0.67818764,46.97766371],[0.6616213,46.97808655],[0.6580353,46.98050884],[0.65662155,46.98539907],[0.64790366,46.98834001],[0.64324179,46.98805571],[0.63776266,46.985481],[0.62953285,46.98894309],[0.6241006,46.99375394],[0.62137426,46.99650269],[0.62180074,46.99943441],[0.62406985,47.00193479],[0.62370365,47.00418272],[0.61993842,47.00718658],[0.61579381,47.00821525],[0.59056547,47.0066626],[0.5894011,47.00829208],[0.58203894,47.01281389],[0.57520789,47.01914793],[0.57234683,47.025276],[0.57645293,47.02679718],[0.59497305,47.03098836],[0.60553345,47.04149525],[0.60743804,47.04585017],[0.61238892,47.04706865],[0.60639732,47.0537452],[0.60615232,47.05519751],[0.60789192,47.06058032],[0.61515743,47.06409567],[0.61415953,47.07011627],[0.60403968,47.07433665],[0.60440579,47.07624568],[0.61036843,47.08239502],[0.62751427,47.08740771],[0.64098469,47.09471531],[0.64827598,47.09649237],[0.65481218,47.09705119],[0.65665037,47.09603014],[0.66088859,47.09836054],[0.66565911,47.10330184],[0.67075283,47.10676779],[0.67737601,47.10898434],[0.68316713,47.11221602],[0.68927823,47.1188629],[0.70436976,47.12414604],[0.71366932,47.13095022],[0.71033478,47.13978745],[0.7090343,47.14249435],[0.70843715,47.14923848],[0.71181264,47.1571384],[0.7092186,47.16119053],[0.69823592,47.15881011],[0.68136047,47.1585309],[0.68211101,47.16177036],[0.68755238,47.16907108],[0.68981514,47.17063209],[0.70866076,47.17814621],[0.72083888,47.1820973],[0.73128885,47.19342558],[0.73688663,47.19767988],[0.75151242,47.2033893],[0.77508594,47.19757069],[0.7766647,47.20838607],[0.79948394,47.21168576],[0.8047797,47.21399364],[0.81061357,47.21835494],[0.80925411,47.22482718],[0.81357032,47.23081581],[0.82772169,47.23621266],[0.83139138,47.23886071],[0.8298992,47.25204458],[0.83462404,47.26198812],[0.81852971,47.26018248],[0.81682531,47.27338376],[0.81708518,47.27447837],[0.81796099,47.27454798],[0.8198674,47.26960085],[0.82320738,47.26893771],[0.84452585,47.26978076],[0.86281495,47.2643672],[0.86798948,47.2520533],[0.86607449,47.24804919],[0.85743699,47.242136],[0.85223497,47.2362327],[0.85021243,47.23039805],[0.85734357,47.22005886],[0.86452189,47.21195719],[0.86745074,47.21085747],[0.87674792,47.21737114],[0.87784555,47.21451024],[0.88684371,47.20930266],[0.89617292,47.21406907],[0.8987375,47.21940387],[0.89611348,47.22440855],[0.896197,47.22899855],[0.89996421,47.242255],[0.90692508,47.24871734],[0.91014478,47.24866916],[0.91017985,47.24967213],[0.91202653,47.25010616],[0.92493951,47.24838285],[0.9398822,47.24416092],[0.94881169,47.23919594],[0.95756742,47.24171993],[0.95958565,47.24366376],[0.96709864,47.24662891],[0.9776458,47.24996171],[0.98622297,47.25136637],[1.00483991,47.24919281],[1.01103026,47.24573842],[1.02057277,47.25328978],[1.03138424,47.24331577],[1.04817646,47.23830996],[1.06577766,47.22910256],[1.06545233,47.22818669],[1.0724167,47.22571369],[1.07306473,47.22618554],[1.11050197,47.24665934],[1.1066654,47.25086971],[1.11231535,47.25324103],[1.111275,47.24983815],[1.11213375,47.24805561],[1.12040043,47.23977461],[1.13610357,47.22905809],[1.14368022,47.21970446],[1.15291658,47.21739815],[1.17096258,47.21581855],[1.18333659,47.2186553],[1.19048416,47.21944972],[1.20395839,47.2260466],[1.21216487,47.24564577],[1.22493448,47.25194998],[1.23394745,47.25831083],[1.23864482,47.26406609],[1.23882961,47.27376611],[1.24210598,47.27585448],[1.24406712,47.27337547],[1.26028998,47.26447564],[1.2663256,47.25579452],[1.27746261,47.25342026],[1.28792237,47.24105233],[1.29472811,47.23512578],[1.29883496,47.22942759],[1.30277753,47.2200277],[1.30376411,47.21774593],[1.32200733,47.19650456],[1.32201956,47.19424813],[1.32387402,47.18976267],[1.32655607,47.18639043],[1.34320799,47.17404294],[1.34961427,47.16150065],[1.35562297,47.14670742],[1.3633629,47.13567089],[1.36274462,47.13486881],[1.36445744,47.13008802],[1.36494234,47.12180493],[1.35555048,47.108529],[1.34762911,47.10425935],[1.34356517,47.10058568],[1.33479319,47.09988695],[1.32749438,47.10505679],[1.32138175,47.10606053],[1.31883379,47.10491318],[1.3099065,47.09434697],[1.31402017,47.08921646],[1.31527458,47.08071764],[1.31252304,47.07343731],[1.30378882,47.07189832],[1.29339084,47.07242782],[1.29323692,47.06946101],[1.28907039,47.06340186],[1.28576311,47.05774251],[1.27387069,47.04591426],[1.2680306,47.03585061],[1.25325662,47.0217695],[1.24745252,47.02093678],[1.23776747,47.01733211],[1.23204659,47.01418002],[1.22314458,47.02437728],[1.20669406,47.0283952],[1.20473417,47.02756685],[1.19933034,47.02792307],[1.19550273,47.0295861],[1.192958,47.03187156],[1.18106483,47.04103722],[1.17498669,47.04145915],[1.16565878,47.04012622],[1.13880773,47.03086012],[1.11547001,47.0242351],[1.11020436,47.02924816],[1.10081238,47.02710375],[1.08468339,47.02079791],[1.07761563,47.0158379],[1.07363137,47.00301982],[1.06771723,46.99983186],[1.05635574,46.99652583],[1.05552331,46.99573548],[1.05632816,46.98767143],[1.04988025,46.98060444],[1.05247188,46.97756],[1.05901254,46.97383902],[1.05989214,46.97206158],[1.05791362,46.971759],[1.06309362,46.96144485],[1.06337398,46.95641058],[1.05719806,46.95118573],[1.05164137,46.94782358],[1.04489998,46.945348],[1.03846443,46.94196217],[1.03743251,46.94206078],[1.03648507,46.92418953],[1.03380382,46.90746843],[1.02522075,46.87985628],[1.02537195,46.87970847],[1.02642997,46.87868185],[1.02618041,46.87543972],[1.02218055,46.86459741],[1.01789318,46.85752913],[1.0194708,46.84935937],[1.02270804,46.84558542],[1.01576494,46.84308544],[1.0096362,46.8362642],[1.00753235,46.82555753],[1.00896009,46.81723482],[1.00460336,46.81287569],[0.99548436,46.80950527],[0.98363012,46.8037732],[0.98724249,46.79819191],[0.99387062,46.79512025],[1.00153954,46.79449546],[1.00263723,46.78541765],[1.00069477,46.78265751],[1.00119334,46.7788779],[1.00519372,46.77234719],[1.00954993,46.76877406],[1.01140214,46.76702188],[1.01168745,46.7578074],[0.98917267,46.7616046],[0.98311058,46.76422023],[0.97950205,46.75605777],[0.97979795,46.75437597],[0.97238672,46.75270248],[0.96760204,46.74903403],[0.96388697,46.74303169],[0.95918889,46.73814303],[0.95367621,46.73671098],[0.95005575,46.73839467],[0.94736318,46.73673881],[0.94361157,46.73904325],[0.9348989,46.75158243],[0.93012042,46.7556514],[0.92653335,46.75729986],[0.9189031,46.75579639],[0.9167066,46.75651318],[0.90156779,46.75655556],[0.88357082,46.7542708],[0.86740702,46.74819274],[0.86447362,46.75247345],[0.85978929,46.7558775],[0.85909322,46.75677787],[0.8493783,46.76049838],[0.84264825,46.76539919],[0.83127952,46.77520135],[0.83002063,46.77946779],[0.8163802,46.78790965],[0.81224381,46.79929289],[0.81010506,46.81418278],[0.80980645,46.81589029],[0.80897972,46.82329298],[0.80406376,46.82815776]]]]},"geometry_name":"geometrie","properties":{"code":"200071587","name":"CC Loches Sud Touraine","level":"epci"}},{"type":"Feature","id":"epci.665","geometry":{"type":"MultiPolygon","coordinates":[[[[-0.28750372,47.1016934],[-0.29791535,47.09970271],[-0.31255536,47.09225721],[-0.31552693,47.10592282],[-0.32387372,47.11643596],[-0.32145858,47.12128301],[-0.32558135,47.12312078],[-0.34353896,47.13492731],[-0.34773249,47.13912679],[-0.35094998,47.14371847],[-0.35048817,47.14794902],[-0.35168512,47.15221802],[-0.35332259,47.15276169],[-0.35577984,47.14918513],[-0.37394868,47.15254132],[-0.38699478,47.15737486],[-0.41012533,47.15882745],[-0.40538279,47.16476318],[-0.38979704,47.17594411],[-0.40934642,47.17975653],[-0.41378424,47.18023127],[-0.41404321,47.18860318],[-0.41840125,47.19430032],[-0.41124676,47.20372617],[-0.40193684,47.21520085],[-0.40116807,47.21962713],[-0.39313744,47.22214695],[-0.39633245,47.23197803],[-0.39975503,47.23666608],[-0.40362632,47.24000994],[-0.4050936,47.24673318],[-0.40007903,47.24994413],[-0.39216821,47.25248453],[-0.38792488,47.25652837],[-0.38774239,47.26289085],[-0.39325253,47.26919317],[-0.38788294,47.27580283],[-0.38362635,47.2769174],[-0.37993469,47.27605011],[-0.37464156,47.28545105],[-0.36559031,47.28603936],[-0.36104245,47.28861312],[-0.34996124,47.30093123],[-0.35428807,47.30249027],[-0.36239756,47.30261864],[-0.37276598,47.29929461],[-0.37454087,47.29973677],[-0.37471474,47.30216548],[-0.37322178,47.30226927],[-0.36288596,47.31405147],[-0.36249752,47.3204764],[-0.36390947,47.32926035],[-0.3598256,47.3370384],[-0.33383062,47.34066841],[-0.32944898,47.34204567],[-0.33223922,47.34840254],[-0.3322596,47.35333956],[-0.32627829,47.3630393],[-0.31977315,47.3640147],[-0.31590293,47.36312603],[-0.30039858,47.36504887],[-0.29470319,47.36725583],[-0.29284795,47.36818601],[-0.28955855,47.37500964],[-0.29704354,47.38064221],[-0.29786444,47.38889633],[-0.29390817,47.40070426],[-0.29187542,47.40018972],[-0.28860457,47.39902544],[-0.27833132,47.39219522],[-0.26675451,47.37860381],[-0.26343989,47.37995743],[-0.25152098,47.3829882],[-0.23617994,47.39165128],[-0.23250641,47.39469064],[-0.22987803,47.39946851],[-0.22672522,47.41022154],[-0.2211801,47.41520888],[-0.21869022,47.4139084],[-0.21078972,47.40685806],[-0.19622245,47.3977654],[-0.19329892,47.39539791],[-0.1863176,47.39395341],[-0.18209957,47.39468702],[-0.17346102,47.39663858],[-0.1703608,47.39664841],[-0.16653429,47.40026453],[-0.13948041,47.41866071],[-0.12643385,47.42495906],[-0.11761417,47.43937584],[-0.11254709,47.4455889],[-0.09909527,47.45168208],[-0.09645483,47.45388474],[-0.09295885,47.45652538],[-0.0863751,47.4573389],[-0.0843673,47.45822454],[-0.08269227,47.4644047],[-0.06954156,47.47166994],[-0.05008568,47.46992747],[-0.04962572,47.46980619],[-0.03531919,47.46560209],[-0.03377088,47.46394978],[-0.03193526,47.46747125],[-0.01864727,47.48145338],[0.00135963,47.47490708],[0.00962698,47.47451801],[0.01642203,47.47648858],[0.02681644,47.48853796],[0.03003547,47.49133422],[0.0332117,47.49174488],[0.05824479,47.48806158],[0.06995469,47.48229994],[0.0610957,47.46785582],[0.06102962,47.46516437],[0.0562381,47.4588863],[0.05062507,47.45625796],[0.0393196,47.45313872],[0.03605357,47.45057653],[0.03639719,47.44590464],[0.05291491,47.44026176],[0.05800992,47.43532456],[0.06562895,47.43528099],[0.06762827,47.43123363],[0.06914945,47.43354111],[0.07657273,47.43620242],[0.0898242,47.43768771],[0.08455619,47.43324547],[0.09659554,47.42612583],[0.10354821,47.42298696],[0.12755334,47.41848838],[0.14028697,47.40967365],[0.14519158,47.40394177],[0.148699,47.40011392],[0.15197612,47.39843862],[0.15345668,47.39876314],[0.16640844,47.39729242],[0.16950974,47.3958925],[0.17926042,47.38444461],[0.17898822,47.3806448],[0.17644698,47.37697274],[0.1626831,47.3682781],[0.15364251,47.36356647],[0.14605317,47.36160658],[0.14041466,47.36180661],[0.14694,47.35174021],[0.14784771,47.34753231],[0.14698332,47.34554281],[0.13997845,47.33963231],[0.13797626,47.33605088],[0.1264079,47.33256091],[0.11746819,47.33230596],[0.11843022,47.32606278],[0.11395959,47.31828562],[0.10895204,47.31327125],[0.10282273,47.31028526],[0.09549884,47.30412777],[0.08126161,47.28656774],[0.08241749,47.28276456],[0.08652403,47.28049583],[0.08855005,47.27538027],[0.08340008,47.27495808],[0.07990101,47.27168277],[0.080794,47.26789098],[0.07328363,47.24791306],[0.07247296,47.22000035],[0.07705127,47.21940786],[0.07887167,47.21780876],[0.07920482,47.21676312],[0.07623662,47.21610267],[0.07451948,47.21444222],[0.06818587,47.21578297],[0.0611465,47.20837761],[0.05619748,47.20078076],[0.05357844,47.19931686],[0.05660102,47.19425137],[0.06188884,47.19043251],[0.06652071,47.18966257],[0.06318217,47.1763022],[0.05390703,47.16367895],[0.04796342,47.16778612],[0.04017047,47.16379961],[0.03626372,47.16004547],[0.01888438,47.17599053],[0.01055022,47.16960871],[-0.00181535,47.16375599],[-0.01210108,47.15644783],[-0.03418791,47.12739138],[-0.03444017,47.12062121],[-0.03983891,47.11475283],[-0.04010065,47.11279534],[-0.03839893,47.10946233],[-0.03728058,47.10769608],[-0.02652515,47.10608975],[-0.02933846,47.09554947],[-0.0354303,47.08686728],[-0.03967164,47.08701437],[-0.04095352,47.08771044],[-0.04464398,47.09337684],[-0.05697835,47.09522079],[-0.06771172,47.09356147],[-0.08298518,47.09925567],[-0.08590927,47.10101026],[-0.09511713,47.09518144],[-0.09722247,47.09166248],[-0.10128389,47.0857817],[-0.10067409,47.08476641],[-0.10502714,47.07130012],[-0.1021003,47.06517167],[-0.11938009,47.05927401],[-0.1287884,47.05442425],[-0.13014539,47.05497585],[-0.13844474,47.06546657],[-0.14512449,47.06830514],[-0.15090578,47.06988387],[-0.15733837,47.07023713],[-0.16601,47.06469894],[-0.17457528,47.06764273],[-0.17885437,47.07003266],[-0.16528963,47.08244036],[-0.16268505,47.08422726],[-0.15282489,47.08793237],[-0.14573015,47.09163974],[-0.1405458,47.09839606],[-0.14140103,47.10412674],[-0.14806899,47.10229645],[-0.15779668,47.1020455],[-0.16733247,47.10400833],[-0.17985427,47.1081652],[-0.18526503,47.10840818],[-0.18469487,47.10697862],[-0.1866494,47.10140047],[-0.20614194,47.09316729],[-0.21740328,47.09852196],[-0.2340704,47.1036037],[-0.25215257,47.10235924],[-0.25478615,47.10088845],[-0.26056404,47.09976504],[-0.26305051,47.10157991],[-0.26262025,47.10569827],[-0.26573025,47.1054924],[-0.26739024,47.10181053],[-0.26940682,47.10111734],[-0.28032458,47.09988977],[-0.28750372,47.1016934]]]]},"geometry_name":"geometrie","properties":{"code":"200071876","name":"CA Saumur Val de Loire","level":"epci"}},{"type":"Feature","id":"epci.687","geometry":{"type":"MultiPolygon","coordinates":[[[[0.86108479,47.67608385],[0.86214792,47.67670117],[0.85861128,47.67838503],[0.85973019,47.68053589],[0.86236733,47.68449641],[0.86776368,47.68656144],[0.86620514,47.68798716],[0.86160725,47.68788784],[0.85325661,47.68610777],[0.84425096,47.6818758],[0.83731459,47.67964791],[0.83377547,47.67706931],[0.8116195,47.68220772],[0.80516626,47.67899468],[0.79318854,47.68017203],[0.78313589,47.68233645],[0.74986024,47.69221151],[0.73682822,47.69509082],[0.7253115,47.69024625],[0.71232382,47.68218952],[0.70495922,47.68315272],[0.69843714,47.68581321],[0.67474602,47.69925924],[0.66939258,47.69430277],[0.65733127,47.68763329],[0.65441227,47.68453746],[0.65412379,47.68409314],[0.64664791,47.6847344],[0.64318271,47.68604772],[0.64369331,47.68795171],[0.653822,47.69900877],[0.63627886,47.7084832],[0.63084963,47.70954936],[0.62657881,47.70724851],[0.62129514,47.70242267],[0.61493065,47.69414009],[0.61312106,47.69371596],[0.60422027,47.68542231],[0.59552405,47.68802629],[0.59160184,47.69770777],[0.59440867,47.70032924],[0.59297009,47.70359091],[0.58049325,47.71245897],[0.5805948,47.71292572],[0.59093123,47.72130552],[0.59504091,47.72347288],[0.61109805,47.7280764],[0.61240392,47.72996792],[0.61056732,47.73217168],[0.61599264,47.73495132],[0.62019545,47.73872425],[0.61852494,47.74255774],[0.61933722,47.74549984],[0.62099125,47.74831048],[0.62662711,47.75180699],[0.63808658,47.75157865],[0.64597877,47.753091],[0.65028878,47.75490825],[0.65123496,47.75531352],[0.66016286,47.76028984],[0.66963699,47.76637122],[0.674888,47.76891666],[0.68342382,47.7668618],[0.69727977,47.76427719],[0.70356522,47.76778981],[0.70329688,47.76945842],[0.6995876,47.77468725],[0.68933826,47.78001312],[0.69099626,47.7830568],[0.69837376,47.78937881],[0.70052207,47.79012422],[0.7037531,47.78990127],[0.71195483,47.78715255],[0.71298517,47.79037901],[0.71448949,47.7938659],[0.72152191,47.79620706],[0.72991708,47.80533252],[0.73396832,47.80770872],[0.73578563,47.80825166],[0.73962268,47.81140145],[0.73963556,47.8149663],[0.74510753,47.82639123],[0.75162902,47.82924731],[0.75888037,47.8336791],[0.76323186,47.8340224],[0.76845843,47.83126425],[0.7744043,47.84008644],[0.77365536,47.84181081],[0.77490913,47.84355248],[0.7726283,47.84873393],[0.77411914,47.85126971],[0.76465493,47.85519171],[0.75916596,47.85922589],[0.76358913,47.86287388],[0.7645351,47.8664969],[0.75768027,47.88383902],[0.75930495,47.8980224],[0.75964958,47.89959555],[0.76397588,47.8995844],[0.76804139,47.90157226],[0.76855335,47.90114623],[0.77026461,47.90203495],[0.77640164,47.90824832],[0.78564868,47.91159849],[0.78995939,47.91211276],[0.79309606,47.90898015],[0.79459244,47.90532328],[0.80176511,47.89575871],[0.80811678,47.89172072],[0.81449655,47.89100869],[0.81694606,47.89195639],[0.8188359,47.89209416],[0.82613362,47.89517987],[0.83190813,47.89909766],[0.83829414,47.90432735],[0.83766115,47.90606138],[0.83859916,47.9074246],[0.84177398,47.90893878],[0.84370968,47.90819469],[0.85225001,47.9007158],[0.85874104,47.89284062],[0.86077788,47.89225655],[0.86933596,47.89164876],[0.882655,47.89524067],[0.89278818,47.89593167],[0.8894407,47.89968786],[0.88878566,47.90498237],[0.89454161,47.91085834],[0.90440052,47.91843857],[0.90450484,47.92163009],[0.90627353,47.920864],[0.92145138,47.92395773],[0.92930186,47.92147843],[0.9318818,47.91902836],[0.93524174,47.91301159],[0.94292291,47.90540951],[0.94803196,47.90191765],[0.95312541,47.90287532],[0.95115229,47.90650859],[0.95172806,47.91098394],[0.96027323,47.923405],[0.97511745,47.92750861],[0.98296244,47.93156595],[0.9900195,47.93661482],[0.99684471,47.93765593],[1.01355362,47.93851038],[1.03372733,47.93564764],[1.05012482,47.93224804],[1.06038213,47.93110082],[1.06382281,47.92931663],[1.06526255,47.92821958],[1.07750096,47.92474492],[1.08529073,47.92407277],[1.09643731,47.9455943],[1.105988,47.95181866],[1.11621284,47.95470879],[1.12046597,47.9572128],[1.12217084,47.95489866],[1.12362674,47.95567807],[1.12750401,47.95346693],[1.1393573,47.94122807],[1.14534804,47.93507454],[1.12719212,47.92700786],[1.11275557,47.92439035],[1.11259113,47.91225733],[1.10967061,47.90304972],[1.11155858,47.89457388],[1.11569769,47.89132306],[1.1087398,47.88866711],[1.10753525,47.89110712],[1.0980456,47.88075048],[1.09010745,47.88160012],[1.08854718,47.88122453],[1.09144883,47.86948488],[1.09082031,47.86705659],[1.09298962,47.86767343],[1.09463331,47.86395961],[1.10158872,47.85605567],[1.11259927,47.85057438],[1.11623957,47.84997843],[1.12001154,47.85049717],[1.12700493,47.85638323],[1.12943241,47.85612488],[1.13341584,47.85341919],[1.1337303,47.85162551],[1.12387983,47.84453915],[1.13297801,47.83641646],[1.13554459,47.83620613],[1.13848675,47.8381371],[1.14334319,47.83821499],[1.14215007,47.83432412],[1.13726281,47.8289549],[1.14672131,47.82742402],[1.1571997,47.82738394],[1.16404954,47.82634539],[1.17638671,47.8219926],[1.17843721,47.82195427],[1.18323369,47.82073145],[1.18423229,47.81888881],[1.18747618,47.81857892],[1.19123088,47.819322],[1.19542292,47.81281392],[1.20327748,47.80913285],[1.21044268,47.80771746],[1.21108597,47.80670911],[1.21305944,47.80373419],[1.21731203,47.80080384],[1.21958157,47.79742911],[1.22490126,47.79712632],[1.2307782,47.7895874],[1.2366618,47.78631097],[1.2434698,47.78110808],[1.2524256,47.77296873],[1.24651355,47.76571253],[1.24540744,47.75795012],[1.23843164,47.74532085],[1.23904669,47.74460269],[1.23346845,47.73962295],[1.2165723,47.73248046],[1.21773261,47.73094515],[1.20543972,47.72532765],[1.18923682,47.71208044],[1.18383537,47.70496534],[1.17834446,47.7003145],[1.18287849,47.6967676],[1.17405818,47.68913871],[1.16707544,47.68145417],[1.17230953,47.67760533],[1.1691207,47.67562694],[1.16101873,47.67882555],[1.14715961,47.67985636],[1.14144679,47.68112427],[1.13380396,47.6842356],[1.12562405,47.6796535],[1.12351592,47.66780818],[1.10328286,47.66510917],[1.10254268,47.65463332],[1.09781536,47.6457609],[1.10179606,47.63925395],[1.07895622,47.63547178],[1.07503184,47.63403321],[1.06833429,47.6387432],[1.05983101,47.64127187],[1.05026659,47.64098747],[1.04812895,47.64647014],[1.0238906,47.64354971],[1.02381876,47.64304338],[1.01735716,47.63974384],[1.01511902,47.64346853],[1.00203567,47.64300689],[0.99680973,47.63347863],[0.99178548,47.62023218],[0.97073066,47.62205164],[0.96736958,47.62483936],[0.9665284,47.62898457],[0.96510777,47.62973777],[0.95803198,47.62692476],[0.95149391,47.62639517],[0.94304139,47.6282662],[0.93736435,47.62847851],[0.92356713,47.63075426],[0.91928983,47.63273918],[0.90630016,47.61760958],[0.89971567,47.61305312],[0.89606743,47.60909127],[0.89901526,47.60371476],[0.89602902,47.60428857],[0.88893413,47.60368054],[0.86237807,47.59886789],[0.86002991,47.60045737],[0.85937991,47.61149029],[0.85267918,47.61295201],[0.86038992,47.62712149],[0.85482128,47.63890954],[0.84849078,47.64104598],[0.84365791,47.64547613],[0.85521061,47.6631615],[0.86108479,47.67608385]]]]},"geometry_name":"geometrie","properties":{"code":"200072072","name":"CA Territoires Vendômois","level":"epci"}},{"type":"Feature","id":"epci.700","geometry":{"type":"MultiPolygon","coordinates":[[[[0.44301842,46.93526562],[0.43864193,46.92948508],[0.41514292,46.93721202],[0.40632347,46.93682198],[0.40536629,46.93613111],[0.38774845,46.94385424],[0.3877344,46.94327378],[0.38320217,46.94369796],[0.37928157,46.94466378],[0.36651429,46.94987429],[0.36072916,46.94846095],[0.35297697,46.94241498],[0.35149637,46.93974684],[0.34787411,46.93658168],[0.33842465,46.93619896],[0.3298223,46.93270006],[0.32355732,46.93115205],[0.31120515,46.9379625],[0.30769378,46.94505873],[0.3055067,46.95328218],[0.30220758,46.95535361],[0.30131435,46.95585161],[0.30379103,46.9591383],[0.3049046,46.9651984],[0.30084594,46.97042042],[0.29806186,46.97124798],[0.29953261,46.97320941],[0.29732723,46.9847763],[0.29134665,46.99036916],[0.30405049,46.99067847],[0.30811426,46.99995949],[0.30593814,47.00245633],[0.30289789,47.01478748],[0.30703226,47.02419078],[0.31028782,47.02574409],[0.30993797,47.02803221],[0.30894306,47.04571346],[0.307102,47.04864334],[0.30241194,47.0530066],[0.29833225,47.05403729],[0.27950927,47.04593994],[0.26583667,47.04558367],[0.26395165,47.04629305],[0.26669117,47.0487218],[0.26630396,47.0643489],[0.25877577,47.06910001],[0.24421536,47.07150213],[0.23515528,47.06916501],[0.23962736,47.08081477],[0.24433713,47.08635578],[0.2420916,47.08771026],[0.23549744,47.09842252],[0.23819315,47.10129584],[0.24133076,47.10461475],[0.24463378,47.11389305],[0.24451956,47.12123587],[0.24223995,47.1321746],[0.2520804,47.13940475],[0.25549966,47.14464053],[0.29061042,47.1362653],[0.28640825,47.12644322],[0.28686056,47.12409275],[0.29092236,47.12129721],[0.29765371,47.12225915],[0.30462146,47.1137522],[0.31841231,47.12056509],[0.33172115,47.14085569],[0.36583174,47.13582729],[0.36892494,47.14230775],[0.37606919,47.14731087],[0.37748173,47.14926788],[0.37703607,47.15456793],[0.37563614,47.15771417],[0.37736893,47.16557317],[0.38395218,47.18423676],[0.39396309,47.20134744],[0.39691243,47.20182451],[0.40450663,47.20308757],[0.42249847,47.21120701],[0.4369098,47.21539367],[0.46497106,47.22322778],[0.4752645,47.2280066],[0.47666125,47.22780013],[0.47068696,47.22243665],[0.47123493,47.21699739],[0.47746132,47.21029478],[0.48808508,47.20474386],[0.49415815,47.20037717],[0.49721036,47.19931185],[0.49896433,47.20038648],[0.51191974,47.20287409],[0.52674251,47.20372297],[0.53532777,47.20222705],[0.54647631,47.20293482],[0.55290178,47.20854794],[0.55628476,47.2131607],[0.5636387,47.21210145],[0.55941655,47.1894409],[0.57880937,47.18837535],[0.61256539,47.1847205],[0.62844052,47.18297426],[0.64761908,47.18269449],[0.65079891,47.18217991],[0.65205642,47.18094176],[0.65119366,47.17967322],[0.6577668,47.17791586],[0.64626219,47.15762604],[0.64678134,47.14447838],[0.65140147,47.14515231],[0.66929571,47.14397127],[0.68331728,47.13766438],[0.69616244,47.13656718],[0.71033478,47.13978745],[0.71366932,47.13095022],[0.70436976,47.12414604],[0.68927823,47.1188629],[0.68316713,47.11221602],[0.67737601,47.10898434],[0.67075283,47.10676779],[0.66565911,47.10330184],[0.66088859,47.09836054],[0.65665037,47.09603014],[0.65481218,47.09705119],[0.64827598,47.09649237],[0.64098469,47.09471531],[0.62751427,47.08740771],[0.61036843,47.08239502],[0.60440579,47.07624568],[0.60403968,47.07433665],[0.61415953,47.07011627],[0.61515743,47.06409567],[0.60789192,47.06058032],[0.60615232,47.05519751],[0.60639732,47.0537452],[0.61238892,47.04706865],[0.60743804,47.04585017],[0.60553345,47.04149525],[0.59497305,47.03098836],[0.57645293,47.02679718],[0.57234683,47.025276],[0.57520789,47.01914793],[0.58203894,47.01281389],[0.5894011,47.00829208],[0.59056547,47.0066626],[0.57447125,47.00470407],[0.56758496,47.00650837],[0.56707243,47.00262788],[0.56758941,47.00032921],[0.57411937,46.99527288],[0.5745251,46.9929223],[0.57278815,46.98830537],[0.57393527,46.98342752],[0.57977606,46.97912385],[0.59365141,46.97760093],[0.60056121,46.97371128],[0.60172508,46.97147547],[0.60157824,46.95883379],[0.59879806,46.95641141],[0.57011315,46.95565186],[0.56496867,46.95563609],[0.55810845,46.95676109],[0.55434812,46.95845503],[0.5469863,46.95997949],[0.54010165,46.96034806],[0.52736506,46.95708318],[0.51287588,46.95602926],[0.50844353,46.9574577],[0.50523068,46.96002396],[0.50052182,46.95640975],[0.49145781,46.95540395],[0.47812471,46.95026038],[0.46576071,46.94708409],[0.45212105,46.9419793],[0.44488629,46.94126873],[0.44301842,46.93526562]]]]},"geometry_name":"geometrie","properties":{"code":"200072668","name":"CC Touraine Val de Vienne","level":"epci"}},{"type":"Feature","id":"epci.703","geometry":{"type":"MultiPolygon","coordinates":[[[[0.47123493,47.21699739],[0.47068696,47.22243665],[0.47666125,47.22780013],[0.4752645,47.2280066],[0.46497106,47.22322778],[0.4369098,47.21539367],[0.42249847,47.21120701],[0.40450663,47.20308757],[0.39691243,47.20182451],[0.39396309,47.20134744],[0.36485511,47.20368299],[0.36778836,47.21837102],[0.35992364,47.22081241],[0.36868414,47.23238028],[0.35732679,47.24548651],[0.33963616,47.24692571],[0.33427263,47.24640885],[0.31692451,47.23741424],[0.29504829,47.22958857],[0.28749223,47.22806345],[0.29026295,47.23073338],[0.28562268,47.23499904],[0.28352245,47.24101939],[0.28372723,47.2481963],[0.28209879,47.25219818],[0.27902111,47.25685784],[0.27226247,47.26212809],[0.28089229,47.26221189],[0.29201889,47.26355863],[0.31457158,47.273952],[0.33099453,47.28653103],[0.3470066,47.29605537],[0.35644904,47.29937306],[0.36610139,47.30070228],[0.36801979,47.30197712],[0.37616768,47.30562768],[0.38465466,47.31161006],[0.39215445,47.31447649],[0.39749244,47.31763625],[0.40564051,47.31953542],[0.42483439,47.32075814],[0.44180605,47.32304199],[0.44487092,47.3178737],[0.4590736,47.31832058],[0.46170808,47.31910418],[0.46965209,47.32484661],[0.47095905,47.32845534],[0.47562769,47.32949276],[0.48065722,47.32857522],[0.48807038,47.31977582],[0.49629209,47.31389002],[0.50821424,47.31029255],[0.50793817,47.3065686],[0.49546045,47.28797086],[0.49164356,47.28500616],[0.50966941,47.27501042],[0.52287672,47.27163103],[0.52677922,47.27243577],[0.53891603,47.27548788],[0.54308408,47.27781805],[0.54595602,47.27816527],[0.54956669,47.28106163],[0.56212016,47.28830097],[0.57152294,47.29628355],[0.57932168,47.30618988],[0.61026851,47.30540822],[0.61519227,47.30488535],[0.62766503,47.30276238],[0.63743125,47.30272926],[0.64023084,47.30364993],[0.64314917,47.30364709],[0.64692011,47.30364616],[0.66471633,47.30012121],[0.67624843,47.30629055],[0.67804379,47.30745677],[0.69017475,47.31135086],[0.6911803,47.31334142],[0.6995712,47.31373498],[0.70382705,47.31154519],[0.71189613,47.31373632],[0.71164407,47.31455451],[0.73103965,47.31784151],[0.75116032,47.31879591],[0.75390516,47.32308276],[0.7638193,47.32561568],[0.76631039,47.3308123],[0.77033645,47.32742242],[0.77698352,47.32427984],[0.78557144,47.32550215],[0.7915554,47.32737496],[0.80021655,47.32712061],[0.80239277,47.32657105],[0.82711394,47.30975251],[0.84646028,47.30929626],[0.84639938,47.30718329],[0.85013221,47.30294145],[0.85700047,47.29920053],[0.86810134,47.29855486],[0.87509577,47.29723233],[0.88909426,47.2915531],[0.87615409,47.27318214],[0.87065659,47.26836502],[0.86281495,47.2643672],[0.84452585,47.26978076],[0.82320738,47.26893771],[0.8198674,47.26960085],[0.81796099,47.27454798],[0.81708518,47.27447837],[0.81682531,47.27338376],[0.81852971,47.26018248],[0.83462404,47.26198812],[0.8298992,47.25204458],[0.83139138,47.23886071],[0.82772169,47.23621266],[0.81357032,47.23081581],[0.80925411,47.22482718],[0.81061357,47.21835494],[0.8047797,47.21399364],[0.79948394,47.21168576],[0.7766647,47.20838607],[0.77508594,47.19757069],[0.75151242,47.2033893],[0.73688663,47.19767988],[0.73128885,47.19342558],[0.72083888,47.1820973],[0.70866076,47.17814621],[0.68981514,47.17063209],[0.68755238,47.16907108],[0.68211101,47.16177036],[0.68136047,47.1585309],[0.69823592,47.15881011],[0.7092186,47.16119053],[0.71181264,47.1571384],[0.70843715,47.14923848],[0.7090343,47.14249435],[0.71033478,47.13978745],[0.69616244,47.13656718],[0.68331728,47.13766438],[0.66929571,47.14397127],[0.65140147,47.14515231],[0.64678134,47.14447838],[0.64626219,47.15762604],[0.6577668,47.17791586],[0.65119366,47.17967322],[0.65205642,47.18094176],[0.65079891,47.18217991],[0.64761908,47.18269449],[0.62844052,47.18297426],[0.61256539,47.1847205],[0.57880937,47.18837535],[0.55941655,47.1894409],[0.5636387,47.21210145],[0.55628476,47.2131607],[0.55290178,47.20854794],[0.54647631,47.20293482],[0.53532777,47.20222705],[0.52674251,47.20372297],[0.51191974,47.20287409],[0.49896433,47.20038648],[0.49721036,47.19931185],[0.49415815,47.20037717],[0.48808508,47.20474386],[0.47746132,47.21029478],[0.47123493,47.21699739]]]]},"geometry_name":"geometrie","properties":{"code":"200072650","name":"CC Touraine Vallée de l'Indre","level":"epci"}},{"type":"Feature","id":"epci.713","geometry":{"type":"MultiPolygon","coordinates":[[[[0.25482402,47.24787392],[0.22040463,47.23905259],[0.20056516,47.23463934],[0.18470272,47.23384067],[0.16099429,47.23651341],[0.16400155,47.25555153],[0.14580983,47.25846432],[0.12957311,47.26266589],[0.11033071,47.27063432],[0.09846933,47.27425777],[0.08855005,47.27538027],[0.08652403,47.28049583],[0.08241749,47.28276456],[0.08126161,47.28656774],[0.09549884,47.30412777],[0.10282273,47.31028526],[0.10895204,47.31327125],[0.11395959,47.31828562],[0.11843022,47.32606278],[0.11746819,47.33230596],[0.1264079,47.33256091],[0.13797626,47.33605088],[0.13997845,47.33963231],[0.14698332,47.34554281],[0.14784771,47.34753231],[0.14694,47.35174021],[0.14041466,47.36180661],[0.14605317,47.36160658],[0.15364251,47.36356647],[0.1626831,47.3682781],[0.17644698,47.37697274],[0.17898822,47.3806448],[0.17926042,47.38444461],[0.16950974,47.3958925],[0.16640844,47.39729242],[0.15345668,47.39876314],[0.15916822,47.4036644],[0.16245674,47.40477791],[0.17103918,47.41004402],[0.18194159,47.41891922],[0.18503021,47.42358522],[0.18521245,47.42633066],[0.18318199,47.43359299],[0.18187343,47.44942904],[0.18111995,47.45332367],[0.18564757,47.4567255],[0.19037435,47.46120203],[0.19630154,47.47526051],[0.19877447,47.47654505],[0.20048771,47.48448029],[0.20238437,47.48571574],[0.20862148,47.49269924],[0.22000595,47.50189499],[0.22074284,47.51216811],[0.2248417,47.52727881],[0.21850855,47.52902741],[0.21138619,47.5289941],[0.20525806,47.53090363],[0.1930533,47.53812316],[0.20474823,47.55186974],[0.20770654,47.55934077],[0.20802807,47.56334756],[0.21355732,47.56918839],[0.21491534,47.57132214],[0.22070737,47.57380569],[0.22573836,47.57419206],[0.23447133,47.57840026],[0.23268914,47.60028489],[0.22987998,47.60846025],[0.23072529,47.60926389],[0.23901166,47.61058512],[0.25741484,47.61163594],[0.25913671,47.61228973],[0.27046903,47.60345241],[0.28375965,47.59784343],[0.30202128,47.5959272],[0.32210163,47.59538914],[0.32359132,47.59255119],[0.33641112,47.58612041],[0.33911092,47.57973348],[0.34684441,47.57705281],[0.36617894,47.57393438],[0.37847746,47.56840781],[0.39019028,47.57560797],[0.40244789,47.57848524],[0.42307129,47.56971682],[0.42861449,47.56583416],[0.43428219,47.56141992],[0.43701614,47.55646185],[0.4377569,47.55222275],[0.43658844,47.55059578],[0.42587604,47.53832659],[0.42390176,47.53188134],[0.4259582,47.52518649],[0.43282718,47.52316481],[0.43855026,47.51807523],[0.43962117,47.50503875],[0.4381551,47.49696387],[0.43445538,47.49363744],[0.43595716,47.49305177],[0.43868142,47.48855269],[0.46037057,47.4830313],[0.49589923,47.47798004],[0.49913384,47.47701655],[0.50529483,47.4717486],[0.49916472,47.46765704],[0.48932849,47.45499318],[0.48446489,47.45020845],[0.48400147,47.44447307],[0.48636024,47.43712798],[0.48886778,47.43435322],[0.49879714,47.42998917],[0.5002058,47.42861445],[0.49186929,47.42306445],[0.47852262,47.42698732],[0.47544152,47.42672054],[0.46659799,47.42291484],[0.46359668,47.41889464],[0.46295332,47.41241657],[0.47717944,47.40072481],[0.47929675,47.39694203],[0.48277816,47.3834805],[0.48792185,47.3708924],[0.49204622,47.36604854],[0.49344479,47.35966685],[0.49450614,47.3586819],[0.48528975,47.35249597],[0.47989044,47.3443683],[0.4501827,47.32511235],[0.44180605,47.32304199],[0.42483439,47.32075814],[0.40564051,47.31953542],[0.39749244,47.31763625],[0.39215445,47.31447649],[0.38465466,47.31161006],[0.37616768,47.30562768],[0.36801979,47.30197712],[0.36610139,47.30070228],[0.35644904,47.29937306],[0.3470066,47.29605537],[0.33099453,47.28653103],[0.31457158,47.273952],[0.29201889,47.26355863],[0.28089229,47.26221189],[0.27226247,47.26212809],[0.26252692,47.25951514],[0.26423024,47.25664848],[0.26471505,47.25289459],[0.25482402,47.24787392]]]]},"geometry_name":"geometrie","properties":{"code":"200072981","name":"CC Touraine Ouest Val de Loire","level":"epci"}},{"type":"Feature","id":"epci.721","geometry":{"type":"MultiPolygon","coordinates":[[[[0.88050144,47.35447227],[0.87968875,47.34841208],[0.877707,47.33895255],[0.87096814,47.32922389],[0.86831734,47.31919346],[0.86103177,47.31165952],[0.85432541,47.30922939],[0.84646028,47.30929626],[0.82711394,47.30975251],[0.80239277,47.32657105],[0.80021655,47.32712061],[0.7915554,47.32737496],[0.78557144,47.32550215],[0.77698352,47.32427984],[0.77033645,47.32742242],[0.76631039,47.3308123],[0.76582158,47.33514013],[0.76384555,47.33878369],[0.75771571,47.35922674],[0.76278088,47.36660826],[0.76248857,47.36973843],[0.76585022,47.37021918],[0.76566266,47.37071179],[0.76388723,47.37068934],[0.76101317,47.37773953],[0.76024013,47.38926363],[0.75639248,47.39574196],[0.76011706,47.40388914],[0.75984551,47.40603805],[0.77309141,47.40816293],[0.78079077,47.40829211],[0.78128241,47.41038717],[0.77627175,47.4175166],[0.77445219,47.42672864],[0.77137513,47.43271781],[0.77589352,47.43919003],[0.78540291,47.44425323],[0.78908428,47.4481361],[0.79131573,47.46123978],[0.79399342,47.46692695],[0.78667707,47.46532832],[0.76847324,47.4663433],[0.76821111,47.46514507],[0.76609965,47.4651442],[0.76106005,47.46739598],[0.76069174,47.47210499],[0.76247431,47.47921744],[0.75356325,47.48002205],[0.74227823,47.47953183],[0.73615731,47.48003076],[0.7356229,47.49354011],[0.73380255,47.49692853],[0.74085145,47.49662149],[0.75868898,47.51174903],[0.76569256,47.52198639],[0.77385654,47.52785814],[0.77748497,47.54074513],[0.78481623,47.5447622],[0.79925178,47.54585412],[0.79598285,47.53959338],[0.80290034,47.53086311],[0.80793239,47.52114605],[0.81615822,47.51626852],[0.82683574,47.51152982],[0.83326561,47.51376933],[0.84718328,47.51726815],[0.86751901,47.51374118],[0.86937446,47.5141092],[0.87094162,47.51420718],[0.89042187,47.5030813],[0.90123967,47.49381355],[0.91645098,47.4859031],[0.92097712,47.46777625],[0.92502907,47.46516509],[0.92771758,47.46137061],[0.92154739,47.45886891],[0.91914644,47.45389042],[0.9170943,47.44169613],[0.9139664,47.44086207],[0.90459665,47.440664],[0.89456889,47.43802732],[0.88753879,47.43539288],[0.87636971,47.42895079],[0.86955974,47.42757276],[0.87024487,47.42546008],[0.86466781,47.42059589],[0.86410963,47.41456114],[0.87044291,47.39754386],[0.89262587,47.39805072],[0.89845532,47.37760536],[0.89592501,47.37688148],[0.88495997,47.37657438],[0.86664697,47.36655704],[0.8615222,47.36131442],[0.87577085,47.35734145],[0.88050144,47.35447227]]]]},"geometry_name":"geometrie","properties":{"code":"200073161","name":"CC Touraine-Est Vallées","level":"epci"}},{"type":"Feature","id":"epci.722","geometry":{"type":"MultiPolygon","coordinates":[[[[0.58598345,47.44325259],[0.58933941,47.43419994],[0.58713543,47.4299421],[0.57511189,47.42898331],[0.56711223,47.4316289],[0.5663645,47.43470687],[0.56501497,47.43753088],[0.56575417,47.43966639],[0.56785489,47.44149263],[0.5691554,47.45018818],[0.56518126,47.45641385],[0.56007605,47.45791902],[0.55795828,47.45788452],[0.55381223,47.45635107],[0.53852684,47.44818172],[0.5335996,47.44072111],[0.52542736,47.43403064],[0.51404231,47.43318269],[0.50644276,47.43408009],[0.5044277,47.43328575],[0.5002058,47.42861445],[0.49879714,47.42998917],[0.48886778,47.43435322],[0.48636024,47.43712798],[0.48400147,47.44447307],[0.48446489,47.45020845],[0.48932849,47.45499318],[0.49916472,47.46765704],[0.50529483,47.4717486],[0.49913384,47.47701655],[0.49589923,47.47798004],[0.46037057,47.4830313],[0.43868142,47.48855269],[0.43595716,47.49305177],[0.43445538,47.49363744],[0.4381551,47.49696387],[0.43962117,47.50503875],[0.43855026,47.51807523],[0.43282718,47.52316481],[0.4259582,47.52518649],[0.42390176,47.53188134],[0.42587604,47.53832659],[0.43658844,47.55059578],[0.4377569,47.55222275],[0.43701614,47.55646185],[0.43428219,47.56141992],[0.42861449,47.56583416],[0.42307129,47.56971682],[0.40244789,47.57848524],[0.39729583,47.58484491],[0.39675741,47.59422446],[0.395081,47.59458331],[0.39141706,47.59717087],[0.3865623,47.60356824],[0.37335254,47.61282446],[0.36483094,47.62068115],[0.36489291,47.62654819],[0.36848693,47.62844486],[0.3808885,47.63863024],[0.38263352,47.64342178],[0.38516525,47.64187724],[0.38925531,47.6408349],[0.39597237,47.64103258],[0.40521173,47.632743],[0.42421526,47.61791415],[0.42846366,47.6175386],[0.43173894,47.61831315],[0.44124763,47.61998449],[0.4458588,47.6199891],[0.45175479,47.62201365],[0.45635343,47.62887991],[0.45452536,47.63042148],[0.45295355,47.63373732],[0.45706806,47.63937898],[0.46265289,47.64256415],[0.46197784,47.64333657],[0.46507711,47.64491321],[0.47621285,47.64777676],[0.49662146,47.64624192],[0.49841483,47.64462964],[0.51319671,47.65292946],[0.54115399,47.65646595],[0.55078284,47.65904287],[0.55933064,47.66615391],[0.55845369,47.66678937],[0.55833658,47.6707735],[0.57083965,47.66857296],[0.58426599,47.66874411],[0.5966384,47.67286596],[0.60328498,47.67935274],[0.61077612,47.68229582],[0.61480972,47.68292479],[0.61906955,47.69091067],[0.61863876,47.69374652],[0.61493065,47.69414009],[0.62129514,47.70242267],[0.62657881,47.70724851],[0.63084963,47.70954936],[0.63627886,47.7084832],[0.653822,47.69900877],[0.64369331,47.68795171],[0.64318271,47.68604772],[0.64664791,47.6847344],[0.65412379,47.68409314],[0.65441227,47.68453746],[0.65733127,47.68763329],[0.66939258,47.69430277],[0.67474602,47.69925924],[0.69843714,47.68581321],[0.70495922,47.68315272],[0.71232382,47.68218952],[0.70215549,47.67194274],[0.70197673,47.66869755],[0.7161955,47.6596682],[0.72983532,47.6550472],[0.73514267,47.64558999],[0.73832928,47.64368962],[0.73516511,47.64239378],[0.72961149,47.63613485],[0.7271101,47.62827099],[0.73573346,47.61088822],[0.7371228,47.61006061],[0.73665669,47.60682695],[0.73351116,47.60260388],[0.72884472,47.60025204],[0.7294807,47.59271652],[0.72363556,47.58000561],[0.71394616,47.56357283],[0.71284971,47.55990877],[0.71112618,47.55402432],[0.70165011,47.55126155],[0.69614095,47.54792086],[0.69224529,47.54295847],[0.68849649,47.5347083],[0.68958943,47.53068028],[0.68549707,47.5274175],[0.68564074,47.52658646],[0.69217219,47.52490681],[0.69918499,47.52126863],[0.70826113,47.51155333],[0.7191861,47.50352964],[0.71993483,47.50005652],[0.71431129,47.49967706],[0.67224551,47.48468553],[0.66303876,47.48231547],[0.66332809,47.48183497],[0.66044911,47.47971307],[0.6582376,47.47181388],[0.65188542,47.46414005],[0.64691546,47.46197648],[0.633834,47.45959493],[0.62983314,47.4617812],[0.62667461,47.46523991],[0.62201214,47.46340844],[0.61383432,47.45992062],[0.60620904,47.4534527],[0.60382904,47.44673212],[0.5982077,47.44658921],[0.58234686,47.44820336],[0.58598345,47.44325259]]]]},"geometry_name":"geometrie","properties":{"code":"200073237","name":"CC de Gâtine-Racan","level":"epci"}},{"type":"Feature","id":"epci.937","geometry":{"type":"MultiPolygon","coordinates":[[[[0.70826113,47.51155333],[0.69918499,47.52126863],[0.69217219,47.52490681],[0.68564074,47.52658646],[0.68549707,47.5274175],[0.68958943,47.53068028],[0.68849649,47.5347083],[0.69224529,47.54295847],[0.69614095,47.54792086],[0.70165011,47.55126155],[0.71112618,47.55402432],[0.71284971,47.55990877],[0.71394616,47.56357283],[0.72363556,47.58000561],[0.7294807,47.59271652],[0.72884472,47.60025204],[0.73351116,47.60260388],[0.73665669,47.60682695],[0.7371228,47.61006061],[0.73573346,47.61088822],[0.7271101,47.62827099],[0.72961149,47.63613485],[0.73516511,47.64239378],[0.73832928,47.64368962],[0.73514267,47.64558999],[0.72983532,47.6550472],[0.7161955,47.6596682],[0.70197673,47.66869755],[0.70215549,47.67194274],[0.71232382,47.68218952],[0.7253115,47.69024625],[0.73682822,47.69509082],[0.74986024,47.69221151],[0.78313589,47.68233645],[0.79318854,47.68017203],[0.80516626,47.67899468],[0.8116195,47.68220772],[0.83377547,47.67706931],[0.83731459,47.67964791],[0.84425096,47.6818758],[0.85325661,47.68610777],[0.86160725,47.68788784],[0.86620514,47.68798716],[0.86776368,47.68656144],[0.86236733,47.68449641],[0.85973019,47.68053589],[0.85861128,47.67838503],[0.86214792,47.67670117],[0.86108479,47.67608385],[0.85521061,47.6631615],[0.84365791,47.64547613],[0.84849078,47.64104598],[0.85482128,47.63890954],[0.86038992,47.62712149],[0.85267918,47.61295201],[0.85937991,47.61149029],[0.86002991,47.60045737],[0.86237807,47.59886789],[0.88893413,47.60368054],[0.89602902,47.60428857],[0.89901526,47.60371476],[0.89606743,47.60909127],[0.89971567,47.61305312],[0.90630016,47.61760958],[0.91928983,47.63273918],[0.92356713,47.63075426],[0.93736435,47.62847851],[0.94304139,47.6282662],[0.95149391,47.62639517],[0.95803198,47.62692476],[0.96510777,47.62973777],[0.9665284,47.62898457],[0.96736958,47.62483936],[0.97073066,47.62205164],[0.99178548,47.62023218],[0.98548201,47.61099623],[0.98396793,47.60535877],[0.98743555,47.59453177],[0.99302099,47.58903821],[0.99690972,47.58674055],[0.99702658,47.58412146],[1.0037147,47.58456652],[1.00381505,47.59000041],[1.01558125,47.60517925],[1.01851293,47.60779698],[1.0243309,47.60899317],[1.03258793,47.6081782],[1.03308673,47.60732403],[1.05189803,47.58714657],[1.05687375,47.58028208],[1.06387766,47.56635771],[1.0695197,47.57040937],[1.07702165,47.57238359],[1.07708537,47.56155646],[1.06688895,47.5546826],[1.04709179,47.53707199],[1.04483363,47.5318117],[1.04213852,47.52869422],[1.03865943,47.5279316],[1.03556976,47.52822353],[1.04192166,47.51058297],[1.03724326,47.50845577],[1.02104351,47.50227576],[1.00976812,47.50079065],[1.00506554,47.4994748],[0.99908026,47.49583338],[0.99695143,47.49868184],[0.99773628,47.50071684],[0.99381345,47.50646535],[0.98214388,47.51250034],[0.96591616,47.51413796],[0.96329326,47.51855028],[0.96510005,47.52828688],[0.9533944,47.53008543],[0.92893385,47.52257038],[0.91522044,47.52512631],[0.91224056,47.51724433],[0.91044471,47.51663404],[0.89481954,47.52008887],[0.87132682,47.52393128],[0.86881518,47.52027266],[0.86937446,47.5141092],[0.86751901,47.51374118],[0.84718328,47.51726815],[0.83326561,47.51376933],[0.82683574,47.51152982],[0.81615822,47.51626852],[0.80793239,47.52114605],[0.80290034,47.53086311],[0.79598285,47.53959338],[0.79925178,47.54585412],[0.78481623,47.5447622],[0.77748497,47.54074513],[0.77385654,47.52785814],[0.76569256,47.52198639],[0.75868898,47.51174903],[0.74085145,47.49662149],[0.73380255,47.49692853],[0.72021771,47.49875088],[0.71993483,47.50005652],[0.7191861,47.50352964],[0.70826113,47.51155333]]]]},"geometry_name":"geometrie","properties":{"code":"243700499","name":"CC du Castelrenaudais","level":"epci"}},{"type":"Feature","id":"epci.938","geometry":{"type":"MultiPolygon","coordinates":[[[[0.54956669,47.28106163],[0.54595602,47.27816527],[0.54308408,47.27781805],[0.53891603,47.27548788],[0.52677922,47.27243577],[0.52287672,47.27163103],[0.50966941,47.27501042],[0.49164356,47.28500616],[0.49546045,47.28797086],[0.50793817,47.3065686],[0.50821424,47.31029255],[0.49629209,47.31389002],[0.48807038,47.31977582],[0.48065722,47.32857522],[0.47562769,47.32949276],[0.47095905,47.32845534],[0.46965209,47.32484661],[0.46170808,47.31910418],[0.4590736,47.31832058],[0.44487092,47.3178737],[0.44180605,47.32304199],[0.4501827,47.32511235],[0.47989044,47.3443683],[0.48528975,47.35249597],[0.49450614,47.3586819],[0.49344479,47.35966685],[0.49204622,47.36604854],[0.48792185,47.3708924],[0.48277816,47.3834805],[0.47929675,47.39694203],[0.47717944,47.40072481],[0.46295332,47.41241657],[0.46359668,47.41889464],[0.46659799,47.42291484],[0.47544152,47.42672054],[0.47852262,47.42698732],[0.49186929,47.42306445],[0.5002058,47.42861445],[0.5044277,47.43328575],[0.50644276,47.43408009],[0.51404231,47.43318269],[0.52542736,47.43403064],[0.5335996,47.44072111],[0.53852684,47.44818172],[0.55381223,47.45635107],[0.55795828,47.45788452],[0.56007605,47.45791902],[0.56518126,47.45641385],[0.5691554,47.45018818],[0.56785489,47.44149263],[0.56575417,47.43966639],[0.56501497,47.43753088],[0.5663645,47.43470687],[0.56711223,47.4316289],[0.57511189,47.42898331],[0.58713543,47.4299421],[0.58933941,47.43419994],[0.58598345,47.44325259],[0.58234686,47.44820336],[0.5982077,47.44658921],[0.60382904,47.44673212],[0.60620904,47.4534527],[0.61383432,47.45992062],[0.62201214,47.46340844],[0.62667461,47.46523991],[0.62983314,47.4617812],[0.633834,47.45959493],[0.64691546,47.46197648],[0.65188542,47.46414005],[0.6582376,47.47181388],[0.66044911,47.47971307],[0.66332809,47.48183497],[0.66303876,47.48231547],[0.67224551,47.48468553],[0.71431129,47.49967706],[0.71993483,47.50005652],[0.72021771,47.49875088],[0.73380255,47.49692853],[0.7356229,47.49354011],[0.73615731,47.48003076],[0.74227823,47.47953183],[0.75356325,47.48002205],[0.76247431,47.47921744],[0.76069174,47.47210499],[0.76106005,47.46739598],[0.76609965,47.4651442],[0.76821111,47.46514507],[0.76847324,47.4663433],[0.78667707,47.46532832],[0.79399342,47.46692695],[0.79131573,47.46123978],[0.78908428,47.4481361],[0.78540291,47.44425323],[0.77589352,47.43919003],[0.77137513,47.43271781],[0.77445219,47.42672864],[0.77627175,47.4175166],[0.78128241,47.41038717],[0.78079077,47.40829211],[0.77309141,47.40816293],[0.75984551,47.40603805],[0.76011706,47.40388914],[0.75639248,47.39574196],[0.76024013,47.38926363],[0.76101317,47.37773953],[0.76388723,47.37068934],[0.76566266,47.37071179],[0.76585022,47.37021918],[0.76248857,47.36973843],[0.76278088,47.36660826],[0.75771571,47.35922674],[0.76384555,47.33878369],[0.76582158,47.33514013],[0.76631039,47.3308123],[0.7638193,47.32561568],[0.75390516,47.32308276],[0.75116032,47.31879591],[0.73103965,47.31784151],[0.71164407,47.31455451],[0.71189613,47.31373632],[0.70382705,47.31154519],[0.6995712,47.31373498],[0.6911803,47.31334142],[0.69017475,47.31135086],[0.67804379,47.30745677],[0.67624843,47.30629055],[0.66471633,47.30012121],[0.64692011,47.30364616],[0.64314917,47.30364709],[0.64023084,47.30364993],[0.63743125,47.30272926],[0.62766503,47.30276238],[0.61519227,47.30488535],[0.61026851,47.30540822],[0.57932168,47.30618988],[0.57152294,47.29628355],[0.56212016,47.28830097],[0.54956669,47.28106163]]]]},"geometry_name":"geometrie","properties":{"code":"243700754","name":"Tours Métropole Val de Loire","level":"epci"}},{"type":"Feature","id":"epci.939","geometry":{"type":"MultiPolygon","coordinates":[[[[0.89996421,47.242255],[0.896197,47.22899855],[0.89611348,47.22440855],[0.8987375,47.21940387],[0.89617292,47.21406907],[0.88684371,47.20930266],[0.87784555,47.21451024],[0.87674792,47.21737114],[0.86745074,47.21085747],[0.86452189,47.21195719],[0.85734357,47.22005886],[0.85021243,47.23039805],[0.85223497,47.2362327],[0.85743699,47.242136],[0.86607449,47.24804919],[0.86798948,47.2520533],[0.86281495,47.2643672],[0.87065659,47.26836502],[0.87615409,47.27318214],[0.88909426,47.2915531],[0.87509577,47.29723233],[0.86810134,47.29855486],[0.85700047,47.29920053],[0.85013221,47.30294145],[0.84639938,47.30718329],[0.84646028,47.30929626],[0.85432541,47.30922939],[0.86103177,47.31165952],[0.86831734,47.31919346],[0.87096814,47.32922389],[0.877707,47.33895255],[0.87968875,47.34841208],[0.88050144,47.35447227],[0.87577085,47.35734145],[0.8615222,47.36131442],[0.86664697,47.36655704],[0.88495997,47.37657438],[0.89592501,47.37688148],[0.89845532,47.37760536],[0.90086931,47.3783559],[0.94264265,47.37925955],[0.94023788,47.37456039],[0.94584422,47.37002375],[0.95358104,47.37020799],[0.96755099,47.37255135],[0.98092932,47.37204794],[0.98350005,47.37083817],[0.9851235,47.36597838],[0.99110026,47.36603864],[0.99329688,47.37105909],[1.00421792,47.37127778],[1.01047779,47.36683039],[1.0159219,47.36513238],[1.01810899,47.36853487],[1.02469863,47.36423374],[1.04315373,47.36701245],[1.05395947,47.36717231],[1.05602098,47.36646481],[1.05883904,47.37283063],[1.0757221,47.36934019],[1.0780167,47.36426703],[1.08089172,47.36399849],[1.08298727,47.36380796],[1.08834441,47.36681647],[1.09230272,47.37089764],[1.10359124,47.37380723],[1.10717499,47.37296068],[1.10670039,47.37221097],[1.11190551,47.36416079],[1.12188041,47.35328446],[1.11557201,47.3480721],[1.11112146,47.34220342],[1.10624645,47.33288686],[1.10629586,47.33137395],[1.09481685,47.32870534],[1.09799142,47.31615138],[1.10785954,47.29862781],[1.11852782,47.29593228],[1.12696847,47.29612915],[1.13166567,47.2951522],[1.14252896,47.28457921],[1.16196747,47.27220986],[1.17346717,47.28587723],[1.173765,47.28879499],[1.17893358,47.28643771],[1.18925236,47.28379781],[1.20673244,47.2880287],[1.21506225,47.29116833],[1.2157722,47.29270555],[1.22368081,47.29405062],[1.23360733,47.29015184],[1.24367106,47.28391398],[1.2425613,47.2824024],[1.24322187,47.27830716],[1.24210598,47.27585448],[1.23882961,47.27376611],[1.23864482,47.26406609],[1.23394745,47.25831083],[1.22493448,47.25194998],[1.21216487,47.24564577],[1.20395839,47.2260466],[1.19048416,47.21944972],[1.18333659,47.2186553],[1.17096258,47.21581855],[1.15291658,47.21739815],[1.14368022,47.21970446],[1.13610357,47.22905809],[1.12040043,47.23977461],[1.11213375,47.24805561],[1.111275,47.24983815],[1.11231535,47.25324103],[1.1066654,47.25086971],[1.11050197,47.24665934],[1.07306473,47.22618554],[1.0724167,47.22571369],[1.06545233,47.22818669],[1.06577766,47.22910256],[1.04817646,47.23830996],[1.03138424,47.24331577],[1.02057277,47.25328978],[1.01103026,47.24573842],[1.00483991,47.24919281],[0.98622297,47.25136637],[0.9776458,47.24996171],[0.96709864,47.24662891],[0.95958565,47.24366376],[0.95756742,47.24171993],[0.94881169,47.23919594],[0.9398822,47.24416092],[0.92493951,47.24838285],[0.91202653,47.25010616],[0.91017985,47.24967213],[0.91014478,47.24866916],[0.90692508,47.24871734],[0.89996421,47.242255]]]]},"geometry_name":"geometrie","properties":{"code":"243700820","name":"CC Autour de Chenonceaux Bléré-Val de Cher","level":"epci"}},{"type":"Feature","id":"commune.13722","geometry":{"type":"MultiPolygon","coordinates":[[[[0.69502124,46.96245382],[0.70656592,46.96509618],[0.71438608,46.96862377],[0.72450932,46.97107487],[0.74370473,46.96935065],[0.75230712,46.97021398],[0.77295928,46.95012533],[0.78624956,46.94366473],[0.77922522,46.94417722],[0.76790213,46.94017911],[0.7613703,46.93521827],[0.76750836,46.92636978],[0.76714665,46.92045044],[0.76430447,46.916379],[0.76035372,46.91420358],[0.75872147,46.91365662],[0.7483136,46.91485699],[0.73555795,46.91290639],[0.72365338,46.9064936],[0.70378308,46.90942115],[0.70473417,46.91231438],[0.70323755,46.92607852],[0.70594487,46.93813119],[0.70326145,46.94703197],[0.6963948,46.95628062],[0.69601305,46.95937242],[0.69502124,46.96245382]]]]},"geometry_name":"geometrie","properties":{"code":"37001","name":"Abilly","epci":"200071587","level":"commune"}},{"type":"Feature","id":"commune.13723","geometry":{"type":"MultiPolygon","coordinates":[[[[0.50529483,47.4717486],[0.49916472,47.46765704],[0.48932849,47.45499318],[0.48446489,47.45020845],[0.48400147,47.44447307],[0.48636024,47.43712798],[0.48886778,47.43435322],[0.49879714,47.42998917],[0.5002058,47.42861445],[0.49186929,47.42306445],[0.47852262,47.42698732],[0.47544152,47.42672054],[0.46659799,47.42291484],[0.46359668,47.41889464],[0.46295332,47.41241657],[0.4457433,47.41416179],[0.43731027,47.4167278],[0.42494822,47.41568105],[0.41592039,47.4136317],[0.41107657,47.41987915],[0.4039851,47.42370748],[0.39849306,47.42816833],[0.39731262,47.43443405],[0.40357274,47.43990953],[0.408924,47.44836181],[0.40393019,47.45488211],[0.40838281,47.47742848],[0.41245237,47.48821692],[0.40666207,47.49385678],[0.40801327,47.49465781],[0.42922679,47.49014294],[0.43595716,47.49305177],[0.43868142,47.48855269],[0.46037057,47.4830313],[0.49589923,47.47798004],[0.49913384,47.47701655],[0.50529483,47.4717486]]]]},"geometry_name":"geometrie","properties":{"code":"37002","name":"Ambillou","epci":"200072981","level":"commune"}},{"type":"Feature","id":"commune.13724","geometry":{"type":"MultiPolygon","coordinates":[[[[1.04176235,47.40247169],[1.05497881,47.39816412],[1.05607659,47.39744139],[1.056035,47.39127424],[1.05702627,47.38949796],[1.06000015,47.38580524],[1.06371188,47.38384375],[1.05883904,47.37283063],[1.05602098,47.36646481],[1.05395947,47.36717231],[1.04315373,47.36701245],[1.02469863,47.36423374],[1.01810899,47.36853487],[1.0159219,47.36513238],[1.01047779,47.36683039],[1.00421792,47.37127778],[0.99329688,47.37105909],[0.99110026,47.36603864],[0.9851235,47.36597838],[0.98350005,47.37083817],[0.98092932,47.37204794],[0.96755099,47.37255135],[0.95358104,47.37020799],[0.94584422,47.37002375],[0.94023788,47.37456039],[0.94264265,47.37925955],[0.94484516,47.37931833],[0.94917216,47.39166782],[0.9474847,47.3938677],[0.93732198,47.39977437],[0.93412361,47.40430028],[0.95455172,47.40756012],[0.96883259,47.41161773],[0.97521742,47.41596948],[0.97830925,47.4208742],[0.97743288,47.42282563],[0.98034197,47.42259702],[0.99002299,47.42191285],[0.99507152,47.42294098],[1.003114,47.42524047],[1.01074333,47.42935759],[1.02106271,47.41680087],[1.02329043,47.41542771],[1.03032258,47.41670052],[1.0314435,47.41269527],[1.01707061,47.41311205],[1.00158932,47.41129824],[1.00534305,47.40674679],[1.02037477,47.40511354],[1.04176235,47.40247169]]]]},"geometry_name":"geometrie","properties":{"code":"37003","name":"Amboise","epci":"200043065","level":"commune"}},{"type":"Feature","id":"commune.13725","geometry":{"type":"MultiPolygon","coordinates":[[[[0.33172115,47.14085569],[0.31841231,47.12056509],[0.30462146,47.1137522],[0.29765371,47.12225915],[0.29092236,47.12129721],[0.28686056,47.12409275],[0.28640825,47.12644322],[0.29061042,47.1362653],[0.2901155,47.14549888],[0.31318842,47.14547581],[0.32716898,47.14266573],[0.32850382,47.14223895],[0.32881199,47.14102997],[0.33172115,47.14085569]]]]},"geometry_name":"geometrie","properties":{"code":"37004","name":"Anché","epci":"200043081","level":"commune"}},{"type":"Feature","id":"commune.13726","geometry":{"type":"MultiPolygon","coordinates":[[[[0.55434812,46.95845503],[0.5469863,46.95997949],[0.54010165,46.96034806],[0.52736506,46.95708318],[0.51287588,46.95602926],[0.50844353,46.9574577],[0.50523068,46.96002396],[0.50860414,46.96681686],[0.51564788,46.97637852],[0.5266275,46.98107701],[0.53289417,46.98110133],[0.55010643,46.97749578],[0.55364017,46.97749602],[0.57393527,46.98342752],[0.57977606,46.97912385],[0.59365141,46.97760093],[0.60056121,46.97371128],[0.60172508,46.97147547],[0.60157824,46.95883379],[0.59879806,46.95641141],[0.57011315,46.95565186],[0.56496867,46.95563609],[0.55810845,46.95676109],[0.55434812,46.95845503]]]]},"geometry_name":"geometrie","properties":{"code":"37005","name":"Antogny-le-Tillac","epci":"200072668","level":"commune"}},{"type":"Feature","id":"commune.13727","geometry":{"type":"MultiPolygon","coordinates":[[[[0.58678767,47.2549758],[0.57631789,47.2611171],[0.57340096,47.27660808],[0.57070271,47.27733518],[0.56620063,47.27671571],[0.54595602,47.27816527],[0.54956669,47.28106163],[0.56212016,47.28830097],[0.57152294,47.29628355],[0.57932168,47.30618988],[0.61026851,47.30540822],[0.61519227,47.30488535],[0.61505622,47.29733601],[0.61205182,47.2949046],[0.60916299,47.29053727],[0.60408413,47.27949039],[0.6097438,47.26963412],[0.62772074,47.26074266],[0.62937455,47.2545331],[0.63774172,47.24908196],[0.63591288,47.24741718],[0.62494794,47.24966178],[0.61552333,47.24799482],[0.6094093,47.24833364],[0.58823811,47.25599492],[0.58678767,47.2549758]]]]},"geometry_name":"geometrie","properties":{"code":"37006","name":"Artannes-sur-Indre","epci":"200072650","level":"commune"}},{"type":"Feature","id":"commune.13728","geometry":{"type":"MultiPolygon","coordinates":[[[[0.26395165,47.04629305],[0.26669117,47.0487218],[0.26630396,47.0643489],[0.25877577,47.06910001],[0.24421536,47.07150213],[0.23515528,47.06916501],[0.23962736,47.08081477],[0.24433713,47.08635578],[0.25674021,47.08208173],[0.26311332,47.08139506],[0.28473568,47.08368525],[0.30352292,47.07821926],[0.30345117,47.07569883],[0.30534921,47.07431618],[0.30875535,47.07193448],[0.31079277,47.0626483],[0.29833225,47.05403729],[0.27950927,47.04593994],[0.26583667,47.04558367],[0.26395165,47.04629305]]]]},"geometry_name":"geometrie","properties":{"code":"37007","name":"Assay","epci":"200072668","level":"commune"}},{"type":"Feature","id":"commune.13729","geometry":{"type":"MultiPolygon","coordinates":[[[[0.84646028,47.30929626],[0.85432541,47.30922939],[0.86103177,47.31165952],[0.86831734,47.31919346],[0.87096814,47.32922389],[0.877707,47.33895255],[0.87968875,47.34841208],[0.88829451,47.34788354],[0.89982751,47.34443104],[0.91773613,47.34219055],[0.93095203,47.33799071],[0.94664274,47.33389892],[0.94730287,47.32747989],[0.94067791,47.31615178],[0.93826347,47.31040309],[0.93704979,47.30377333],[0.94276934,47.29512786],[0.9420564,47.29418135],[0.93633317,47.29455069],[0.92804866,47.28771015],[0.92705393,47.28340844],[0.92354119,47.2817066],[0.91948538,47.28501193],[0.91192247,47.28329198],[0.90485397,47.2829547],[0.89311196,47.28860563],[0.88909426,47.2915531],[0.87509577,47.29723233],[0.86810134,47.29855486],[0.85700047,47.29920053],[0.85013221,47.30294145],[0.84639938,47.30718329],[0.84646028,47.30929626]]]]},"geometry_name":"geometrie","properties":{"code":"37008","name":"Athée-sur-Cher","epci":"243700820","level":"commune"}},{"type":"Feature","id":"commune.13730","geometry":{"type":"MultiPolygon","coordinates":[[[[0.98757523,47.54642468],[0.99062302,47.54742449],[1.01408787,47.54664514],[1.01525644,47.54207197],[1.01836846,47.5370411],[1.02198634,47.53503156],[1.02460732,47.53606647],[1.03563421,47.52987059],[1.03556976,47.52822353],[1.04192166,47.51058297],[1.03724326,47.50845577],[1.02104351,47.50227576],[1.00976812,47.50079065],[1.00506554,47.4994748],[0.99908026,47.49583338],[0.99695143,47.49868184],[0.99773628,47.50071684],[0.99381345,47.50646535],[0.98214388,47.51250034],[0.96591616,47.51413796],[0.96329326,47.51855028],[0.96510005,47.52828688],[0.98757523,47.54642468]]]]},"geometry_name":"geometrie","properties":{"code":"37009","name":"Autrèche","epci":"243700499","level":"commune"}},{"type":"Feature","id":"commune.13731","geometry":{"type":"MultiPolygon","coordinates":[[[[0.91522044,47.52512631],[0.90764809,47.52889863],[0.90362846,47.5389494],[0.90786037,47.5427047],[0.90959724,47.54270254],[0.91197246,47.54521865],[0.91112078,47.54924823],[0.90813941,47.55375468],[0.90293086,47.55385113],[0.89638156,47.54674832],[0.89405357,47.54635782],[0.89144963,47.54820983],[0.88928579,47.55191299],[0.90041493,47.57533291],[0.90046917,47.58160457],[0.9011609,47.58350885],[0.9113152,47.58732522],[0.9218279,47.58990357],[0.92498631,47.5898031],[0.92606344,47.58616109],[0.93535169,47.57659574],[0.94135603,47.5749298],[0.96076556,47.57211559],[0.97638393,47.56704804],[0.98870384,47.55665142],[0.98986938,47.55430879],[0.9897449,47.55100567],[0.98757523,47.54642468],[0.96510005,47.52828688],[0.9533944,47.53008543],[0.92893385,47.52257038],[0.91522044,47.52512631]]]]},"geometry_name":"geometrie","properties":{"code":"37010","name":"Auzouer-en-Touraine","epci":"243700499","level":"commune"}},{"type":"Feature","id":"commune.13732","geometry":{"type":"MultiPolygon","coordinates":[[[[0.22060662,47.21851775],[0.19715885,47.21636105],[0.1905377,47.21223246],[0.18429746,47.20157887],[0.17750864,47.20100103],[0.17912509,47.2075058],[0.16250335,47.2166191],[0.15945764,47.21808492],[0.15297868,47.22465525],[0.15338509,47.23733569],[0.16099429,47.23651341],[0.18470272,47.23384067],[0.20056516,47.23463934],[0.22040463,47.23905259],[0.22429379,47.22723515],[0.22060662,47.21851775]]]]},"geometry_name":"geometrie","properties":{"code":"37011","name":"Avoine","epci":"200043081","level":"commune"}},{"type":"Feature","id":"commune.13733","geometry":{"type":"MultiPolygon","coordinates":[[[[0.49721036,47.19931185],[0.49573206,47.19745502],[0.49277768,47.19384221],[0.48939648,47.18482917],[0.48856549,47.16741697],[0.48618133,47.16340374],[0.47874809,47.15506505],[0.4741936,47.14842446],[0.47366987,47.14619177],[0.44998565,47.1435662],[0.44216888,47.13827908],[0.4372207,47.13656889],[0.43662052,47.13794639],[0.43768664,47.14722541],[0.43439298,47.1717406],[0.42795933,47.1942312],[0.43204862,47.20734142],[0.4369098,47.21539367],[0.46497106,47.22322778],[0.4752645,47.2280066],[0.47666125,47.22780013],[0.47068696,47.22243665],[0.47123493,47.21699739],[0.47746132,47.21029478],[0.48808508,47.20474386],[0.49415815,47.20037717],[0.49721036,47.19931185]]]]},"geometry_name":"geometrie","properties":{"code":"37012","name":"Avon-les-Roches","epci":"200072668","level":"commune"}},{"type":"Feature","id":"commune.13734","geometry":{"type":"MultiPolygon","coordinates":[[[[0.24657029,47.39919447],[0.24955531,47.39963174],[0.26946001,47.39643046],[0.27309042,47.39643731],[0.2912693,47.40294678],[0.29926371,47.40439919],[0.31228039,47.40500347],[0.31822411,47.40643595],[0.32118055,47.40881625],[0.32201293,47.41085122],[0.33000494,47.41425415],[0.3430556,47.41419819],[0.35062422,47.41796017],[0.36685933,47.41104317],[0.36842582,47.40775776],[0.37156514,47.40072136],[0.37095082,47.39634267],[0.37279503,47.39341205],[0.36731726,47.38781543],[0.36283019,47.38550246],[0.34746238,47.38482218],[0.34263892,47.38533078],[0.32487509,47.39017267],[0.31531412,47.38780039],[0.31253686,47.38618606],[0.30819967,47.38096233],[0.30535643,47.37357436],[0.30392588,47.36505352],[0.30197779,47.35900395],[0.28854532,47.35058894],[0.28456541,47.35199751],[0.27594263,47.35853774],[0.26439572,47.36492207],[0.25579667,47.37225591],[0.24908354,47.37669733],[0.24130679,47.38029255],[0.2332371,47.38810395],[0.23267795,47.38950573],[0.24144555,47.39468361],[0.24644022,47.39447056],[0.24657029,47.39919447]]]]},"geometry_name":"geometrie","properties":{"code":"37013","name":"Avrillé-les-Ponceaux","epci":"200072981","level":"commune"}},{"type":"Feature","id":"commune.13735","geometry":{"type":"MultiPolygon","coordinates":[[[[0.44592355,47.29296705],[0.4697727,47.29365534],[0.49164356,47.28500616],[0.50966941,47.27501042],[0.52287672,47.27163103],[0.52677922,47.27243577],[0.52806798,47.26622685],[0.52922125,47.26629646],[0.53440305,47.26263015],[0.53628241,47.25831795],[0.53413036,47.25389663],[0.52601241,47.2525906],[0.5099931,47.25317897],[0.49823303,47.25481999],[0.48114166,47.2540392],[0.4733974,47.25454352],[0.44300861,47.26468329],[0.41598973,47.27236749],[0.40468938,47.27477413],[0.39291004,47.27489275],[0.39091552,47.2774006],[0.3866167,47.2797124],[0.38607756,47.28200615],[0.42237662,47.28425241],[0.42696402,47.28509194],[0.43572565,47.28789174],[0.44592355,47.29296705]]]]},"geometry_name":"geometrie","properties":{"code":"37014","name":"Azay-le-Rideau","epci":"200072650","level":"commune"}},{"type":"Feature","id":"commune.13736","geometry":{"type":"MultiPolygon","coordinates":[[[[0.80021655,47.32712061],[0.80683655,47.33422261],[0.81716802,47.34122648],[0.83296049,47.34818729],[0.84294668,47.35769842],[0.84666853,47.36432348],[0.8615222,47.36131442],[0.87577085,47.35734145],[0.88050144,47.35447227],[0.87968875,47.34841208],[0.877707,47.33895255],[0.87096814,47.32922389],[0.86831734,47.31919346],[0.86103177,47.31165952],[0.85432541,47.30922939],[0.84646028,47.30929626],[0.82711394,47.30975251],[0.80239277,47.32657105],[0.80021655,47.32712061]]]]},"geometry_name":"geometrie","properties":{"code":"37015","name":"Azay-sur-Cher","epci":"200073161","level":"commune"}},{"type":"Feature","id":"commune.13737","geometry":{"type":"MultiPolygon","coordinates":[[[[0.96505634,47.22085499],[0.96818996,47.21946907],[0.97046439,47.21005747],[0.97128725,47.20099413],[0.97244083,47.1998715],[0.9689266,47.19877157],[0.94499019,47.18546742],[0.93220317,47.19065052],[0.92161837,47.18968834],[0.9164997,47.18687296],[0.90711444,47.19306823],[0.91781326,47.20448062],[0.92468454,47.21291901],[0.92614159,47.21595574],[0.93365071,47.22011369],[0.94580992,47.22293164],[0.9566768,47.22308774],[0.96505634,47.22085499]]]]},"geometry_name":"geometrie","properties":{"code":"37016","name":"Azay-sur-Indre","epci":"200071587","level":"commune"}},{"type":"Feature","id":"commune.13738","geometry":{"type":"MultiPolygon","coordinates":[[[[0.6222048,47.32745703],[0.61695508,47.32158259],[0.61053064,47.31192531],[0.61026851,47.30540822],[0.57932168,47.30618988],[0.57096525,47.30823271],[0.55676374,47.31706557],[0.55640889,47.32186404],[0.56281648,47.32622283],[0.56480007,47.32997606],[0.5771995,47.33684534],[0.5854799,47.34418245],[0.59344871,47.35278414],[0.59321567,47.35661963],[0.59109966,47.3604422],[0.59011771,47.36489169],[0.60291564,47.36336328],[0.60697083,47.36460329],[0.60964208,47.36769159],[0.61131584,47.36942999],[0.61796664,47.3715533],[0.63825568,47.37477465],[0.64079159,47.37327621],[0.641156,47.36029042],[0.64003619,47.35335722],[0.63048752,47.3482265],[0.62155192,47.34476016],[0.62235277,47.34232684],[0.62344203,47.33804681],[0.6222048,47.32745703]]]]},"geometry_name":"geometrie","properties":{"code":"37018","name":"Ballan-Miré","epci":"243700754","level":"commune"}},{"type":"Feature","id":"commune.13739","geometry":{"type":"MultiPolygon","coordinates":[[[[0.76618978,46.85627468],[0.76834089,46.8584971],[0.76080259,46.86334888],[0.7435432,46.87172017],[0.74815873,46.8811278],[0.74040042,46.88640906],[0.73608172,46.89081171],[0.72365338,46.9064936],[0.73555795,46.91290639],[0.7483136,46.91485699],[0.75872147,46.91365662],[0.76035372,46.91420358],[0.76489775,46.91061057],[0.77925706,46.90645313],[0.78731407,46.89567435],[0.80588927,46.88846733],[0.80762638,46.88632068],[0.81428237,46.8890746],[0.81392939,46.8805093],[0.81531803,46.8766977],[0.82352048,46.86439436],[0.82469884,46.86458056],[0.82484897,46.8631972],[0.82000365,46.85699053],[0.80727982,46.85417813],[0.80261152,46.84940439],[0.79654782,46.84735997],[0.79595383,46.85011654],[0.79049519,46.85248886],[0.76802405,46.85114724],[0.76681263,46.85260185],[0.76618978,46.85627468]]]]},"geometry_name":"geometrie","properties":{"code":"37019","name":"Barrou","epci":"200071587","level":"commune"}},{"type":"Feature","id":"commune.13740","geometry":{"type":"MultiPolygon","coordinates":[[[[1.01275202,47.11594488],[1.00784256,47.13447915],[1.01628786,47.13937934],[1.02258595,47.13708351],[1.03045187,47.13538681],[1.03674451,47.13053069],[1.03887571,47.12694111],[1.03804766,47.1261994],[1.03161539,47.11929073],[1.02683626,47.1212131],[1.02049329,47.12194856],[1.01275202,47.11594488]]]]},"geometry_name":"geometrie","properties":{"code":"37020","name":"Beaulieu-lès-Loches","epci":"200071587","level":"commune"}},{"type":"Feature","id":"commune.13741","geometry":{"type":"MultiPolygon","coordinates":[[[[0.6144282,47.54967085],[0.61182533,47.55365382],[0.61084713,47.56211423],[0.60819392,47.56455706],[0.60423236,47.56640922],[0.62236076,47.57674012],[0.63263227,47.58673506],[0.63297995,47.59081338],[0.63179377,47.59528833],[0.62816197,47.60062401],[0.62493794,47.61036602],[0.62525807,47.61499398],[0.6307102,47.62024849],[0.63885013,47.62574349],[0.64712942,47.63418802],[0.65262137,47.63366368],[0.65890725,47.6286138],[0.66145086,47.62531672],[0.66965626,47.61503318],[0.68033875,47.60788255],[0.68512753,47.60050256],[0.68391002,47.59876745],[0.69286339,47.59704023],[0.70843474,47.59777295],[0.72884472,47.60025204],[0.7294807,47.59271652],[0.72363556,47.58000561],[0.71394616,47.56357283],[0.71284971,47.55990877],[0.71112618,47.55402432],[0.70165011,47.55126155],[0.69614095,47.54792086],[0.69224529,47.54295847],[0.68849649,47.5347083],[0.67664715,47.53225831],[0.66236549,47.5422488],[0.65428405,47.55171861],[0.62870158,47.55250064],[0.6144282,47.54967085]]]]},"geometry_name":"geometrie","properties":{"code":"37021","name":"Beaumont-Louestault","epci":"200073237","level":"commune"}},{"type":"Feature","id":"commune.13742","geometry":{"type":"MultiPolygon","coordinates":[[[[0.21979822,47.20755688],[0.21758148,47.19937723],[0.21955892,47.19119108],[0.2193658,47.1866174],[0.18999763,47.17292344],[0.17105758,47.17437281],[0.16739287,47.17585159],[0.15787033,47.17911984],[0.13867452,47.18166398],[0.14076831,47.18729391],[0.14304476,47.19028874],[0.14697211,47.18969552],[0.16050784,47.19343802],[0.16065118,47.20314288],[0.16250335,47.2166191],[0.17912509,47.2075058],[0.17750864,47.20100103],[0.18429746,47.20157887],[0.1905377,47.21223246],[0.19715885,47.21636105],[0.22060662,47.21851775],[0.21671472,47.20828727],[0.21979822,47.20755688]]]]},"geometry_name":"geometrie","properties":{"code":"37022","name":"Beaumont-en-Véron","epci":"200043081","level":"commune"}},{"type":"Feature","id":"commune.13743","geometry":{"type":"MultiPolygon","coordinates":[[[[1.18556986,47.21463261],[1.19315644,47.21493306],[1.20268471,47.20893981],[1.20422282,47.20716085],[1.2053641,47.20269761],[1.20931425,47.19691895],[1.22762421,47.18689699],[1.23740649,47.17823934],[1.244163,47.17504794],[1.23211552,47.16811168],[1.22237295,47.15815857],[1.21171206,47.14901704],[1.20815138,47.15217053],[1.20754296,47.15569656],[1.20504426,47.15703203],[1.19824711,47.15815924],[1.19250988,47.15554831],[1.19245491,47.15466854],[1.17766691,47.17923715],[1.16888338,47.18740501],[1.18395558,47.19542821],[1.1879621,47.19842573],[1.18875255,47.20693262],[1.18556986,47.21463261]]]]},"geometry_name":"geometrie","properties":{"code":"37023","name":"Beaumont-Village","epci":"200071587","level":"commune"}},{"type":"Feature","id":"commune.13744","geometry":{"type":"MultiPolygon","coordinates":[[[[0.19537165,47.28865677],[0.19271469,47.29893652],[0.19486067,47.30921167],[0.19194683,47.33402674],[0.19516121,47.34835227],[0.19782866,47.34762757],[0.20717584,47.3386548],[0.21623282,47.33375943],[0.21990992,47.33316834],[0.22596791,47.33350061],[0.2360432,47.33592078],[0.25032972,47.33442782],[0.25208838,47.33255801],[0.25310119,47.32814747],[0.2481305,47.32382853],[0.25032689,47.32134759],[0.24970934,47.31786226],[0.23352828,47.29510749],[0.22748529,47.2881568],[0.20581104,47.29056077],[0.19537165,47.28865677]]]]},"geometry_name":"geometrie","properties":{"code":"37024","name":"Benais","epci":"200072981","level":"commune"}},{"type":"Feature","id":"commune.13745","geometry":{"type":"MultiPolygon","coordinates":[[[[0.52202966,47.36668829],[0.56352268,47.37424857],[0.56500756,47.37299448],[0.56613778,47.36515196],[0.54529309,47.36105498],[0.53400889,47.35817258],[0.52081379,47.35370274],[0.50477894,47.34801932],[0.48864025,47.34643665],[0.48103227,47.34395444],[0.47989044,47.3443683],[0.48528975,47.35249597],[0.49450614,47.3586819],[0.49801188,47.36022014],[0.50693026,47.36212494],[0.52202966,47.36668829]]]]},"geometry_name":"geometrie","properties":{"code":"37025","name":"Berthenay","epci":"243700754","level":"commune"}},{"type":"Feature","id":"commune.13746","geometry":{"type":"MultiPolygon","coordinates":[[[[0.95504212,46.97090312],[0.95447977,46.97154251],[0.92473427,46.97379594],[0.88904452,46.97137122],[0.89365034,46.98239582],[0.89766115,46.98656971],[0.90517624,46.98986683],[0.90590604,46.9947067],[0.90098887,47.01057429],[0.90508148,47.01579678],[0.9210629,47.01942442],[0.92224791,47.02877282],[0.94098352,47.03111869],[0.9774962,47.03180547],[0.9787173,47.02790013],[0.99443824,47.02060635],[1.00033415,47.01122147],[1.00461253,47.00875305],[1.01414321,47.00644162],[1.01870354,47.00408292],[1.0206736,47.00245238],[1.02172403,46.99940107],[1.00685794,46.9937568],[0.99919468,46.98369471],[0.99899144,46.98033452],[0.99419082,46.97413042],[0.99093414,46.97356488],[0.98245562,46.97510107],[0.97262212,46.97875277],[0.96228195,46.97692509],[0.95504212,46.97090312]]]]},"geometry_name":"geometrie","properties":{"code":"37026","name":"Betz-le-Château","epci":"200071587","level":"commune"}},{"type":"Feature","id":"commune.13747","geometry":{"type":"MultiPolygon","coordinates":[[[[0.94664274,47.33389892],[0.96145688,47.33147815],[0.96813174,47.33070181],[0.99541575,47.33000985],[1.00364212,47.32866573],[1.02808127,47.32806575],[1.02361074,47.31376073],[1.02680531,47.30556093],[1.03209354,47.29731101],[1.03256386,47.29213288],[1.02667919,47.29007882],[1.01945881,47.27006128],[1.01735054,47.26900315],[1.01155605,47.26824206],[1.00842993,47.27983955],[0.99131736,47.28977551],[0.98791603,47.29280901],[0.972422,47.29584969],[0.96333681,47.28905809],[0.95198005,47.29508276],[0.94657667,47.29328343],[0.9420564,47.29418135],[0.94276934,47.29512786],[0.93704979,47.30377333],[0.93826347,47.31040309],[0.94067791,47.31615178],[0.94730287,47.32747989],[0.94664274,47.33389892]]]]},"geometry_name":"geometrie","properties":{"code":"37027","name":"Bléré","epci":"243700820","level":"commune"}},{"type":"Feature","id":"commune.13748","geometry":{"type":"MultiPolygon","coordinates":[[[[0.95239196,46.87718713],[0.96230397,46.87968582],[0.97286489,46.87715764],[0.98373739,46.87681537],[1.00195547,46.87875958],[1.01546715,46.87690285],[1.02522075,46.87985628],[1.02537195,46.87970847],[1.02642997,46.87868185],[1.02618041,46.87543972],[1.02218055,46.86459741],[1.01789318,46.85752913],[1.0194708,46.84935937],[1.02270804,46.84558542],[1.01576494,46.84308544],[1.0096362,46.8362642],[1.00753235,46.82555753],[1.00896009,46.81723482],[1.00460336,46.81287569],[0.99548436,46.80950527],[0.98363012,46.8037732],[0.98724249,46.79819191],[0.99387062,46.79512025],[1.00153954,46.79449546],[1.00263723,46.78541765],[1.00069477,46.78265751],[1.00119334,46.7788779],[1.00519372,46.77234719],[1.00954993,46.76877406],[1.01140214,46.76702188],[1.01168745,46.7578074],[0.98917267,46.7616046],[0.98311058,46.76422023],[0.97950205,46.75605777],[0.96622302,46.77198286],[0.96115658,46.77396288],[0.95638024,46.77411401],[0.95511639,46.77355921],[0.946466,46.77779946],[0.94448262,46.78253142],[0.94453429,46.79116555],[0.94433859,46.79985559],[0.94344028,46.80192643],[0.92475148,46.80316502],[0.91666463,46.81590152],[0.92513495,46.81806052],[0.93951872,46.8230721],[0.94277572,46.83367839],[0.94178725,46.8384857],[0.93971785,46.84292508],[0.9373954,46.84445156],[0.93381513,46.84986892],[0.93523989,46.85361343],[0.94090755,46.86014496],[0.95239196,46.87718713]]]]},"geometry_name":"geometrie","properties":{"code":"37028","name":"Bossay-sur-Claise","epci":"200071587","level":"commune"}},{"type":"Feature","id":"commune.13749","geometry":{"type":"MultiPolygon","coordinates":[[[[0.71307126,47.08136652],[0.71224323,47.08478447],[0.7131436,47.08861492],[0.71284199,47.09581806],[0.7098024,47.10682733],[0.7022157,47.12090764],[0.70436976,47.12414604],[0.71366932,47.13095022],[0.7222718,47.13559628],[0.74073925,47.13676812],[0.74734063,47.1356188],[0.7539882,47.13310101],[0.75687534,47.13016774],[0.76125446,47.12393713],[0.76496506,47.11550844],[0.76466808,47.11271243],[0.75984198,47.10303412],[0.75054043,47.0969523],[0.73880453,47.09145165],[0.73342525,47.08809303],[0.71307126,47.08136652]]]]},"geometry_name":"geometrie","properties":{"code":"37029","name":"Bossée","epci":"200071587","level":"commune"}},{"type":"Feature","id":"commune.13750","geometry":{"type":"MultiPolygon","coordinates":[[[[0.89901526,47.60371476],[0.9008146,47.60312223],[0.90117818,47.5984114],[0.90207563,47.59654293],[0.90362611,47.59607735],[0.90069255,47.59491708],[0.89129898,47.58614312],[0.85012447,47.58221855],[0.83706613,47.58198711],[0.83213379,47.57972905],[0.824112,47.57276318],[0.8211324,47.56823582],[0.81111452,47.57409044],[0.81498654,47.58274991],[0.8148018,47.58739556],[0.8009302,47.59553814],[0.80074272,47.59831254],[0.80130178,47.60077144],[0.80854668,47.60703803],[0.81324342,47.61027501],[0.82054144,47.61338118],[0.85267918,47.61295201],[0.85937991,47.61149029],[0.86002991,47.60045737],[0.86237807,47.59886789],[0.88893413,47.60368054],[0.89602902,47.60428857],[0.89901526,47.60371476]]]]},"geometry_name":"geometrie","properties":{"code":"37030","name":"Le Boulay","epci":"243700499","level":"commune"}},{"type":"Feature","id":"commune.13751","geometry":{"type":"MultiPolygon","coordinates":[[[[0.19588952,47.34912562],[0.19516121,47.34835227],[0.19194683,47.33402674],[0.19486067,47.30921167],[0.19271469,47.29893652],[0.19537165,47.28865677],[0.19713318,47.27776077],[0.20207324,47.26672885],[0.19987484,47.25911611],[0.17924296,47.25536937],[0.16400155,47.25555153],[0.16491082,47.26126435],[0.16058459,47.26560501],[0.15641833,47.27666154],[0.15846837,47.28512464],[0.15980004,47.30295125],[0.16225756,47.30852079],[0.16374974,47.32098852],[0.15661425,47.32857266],[0.14951042,47.34288082],[0.14698332,47.34554281],[0.14784771,47.34753231],[0.14694,47.35174021],[0.14041466,47.36180661],[0.14605317,47.36160658],[0.15364251,47.36356647],[0.15589184,47.36202714],[0.16967334,47.35961092],[0.17868386,47.35669175],[0.19588952,47.34912562]]]]},"geometry_name":"geometrie","properties":{"code":"37031","name":"Bourgueil","epci":"200072981","level":"commune"}},{"type":"Feature","id":"commune.13752","geometry":{"type":"MultiPolygon","coordinates":[[[[0.75465894,47.05415187],[0.75044623,47.05429687],[0.74635305,47.05303087],[0.7475376,47.04915309],[0.72350658,47.04919081],[0.71406637,47.05011672],[0.69817949,47.05038214],[0.70591962,47.05796064],[0.70839049,47.06392638],[0.70811179,47.06896567],[0.70643334,47.07408795],[0.70814766,47.07866958],[0.71307126,47.08136652],[0.73342525,47.08809303],[0.73880453,47.09145165],[0.75054043,47.0969523],[0.74922327,47.0944462],[0.74833001,47.08656138],[0.75441951,47.07123951],[0.75337116,47.06507557],[0.75465894,47.05415187]]]]},"geometry_name":"geometrie","properties":{"code":"37032","name":"Bournan","epci":"200071587","level":"commune"}},{"type":"Feature","id":"commune.13753","geometry":{"type":"MultiPolygon","coordinates":[[[[0.92290622,46.8829538],[0.92448251,46.87216412],[0.9243504,46.86708006],[0.92256365,46.86323162],[0.92190485,46.85822541],[0.9222675,46.85373571],[0.92769165,46.8475476],[0.91046615,46.83456327],[0.91035145,46.83212659],[0.91526025,46.8232483],[0.91559715,46.81807178],[0.91371008,46.81600107],[0.9030588,46.81529754],[0.89461926,46.81653222],[0.88982074,46.81906984],[0.88235081,46.82541944],[0.86982452,46.82540609],[0.84821769,46.82220985],[0.84228208,46.82268501],[0.84474164,46.82458661],[0.85521112,46.82885447],[0.8560129,46.83369816],[0.85285825,46.85136898],[0.86429289,46.85311749],[0.87195726,46.85710729],[0.87990522,46.86759944],[0.88368675,46.87729388],[0.8835116,46.87938838],[0.88536337,46.8825244],[0.90492088,46.87834697],[0.91508761,46.8803239],[0.92082078,46.88290355],[0.92290622,46.8829538]]]]},"geometry_name":"geometrie","properties":{"code":"37033","name":"Boussay","epci":"200071587","level":"commune"}},{"type":"Feature","id":"commune.13754","geometry":{"type":"MultiPolygon","coordinates":[[[[0.87250179,47.02382019],[0.87276908,47.02813387],[0.88261042,47.02946041],[0.89034469,47.0343241],[0.8849335,47.04090254],[0.89086994,47.04353653],[0.9015114,47.04652869],[0.90254525,47.04765976],[0.90734048,47.04748196],[0.91948142,47.05051849],[0.9311502,47.0420865],[0.93001935,47.03687676],[0.92224791,47.02877282],[0.9210629,47.01942442],[0.90508148,47.01579678],[0.88875875,47.01546155],[0.87250179,47.02382019]]]]},"geometry_name":"geometrie","properties":{"code":"37103","name":"Esves-le-Moutier","epci":"200071587","level":"commune"}},{"type":"Feature","id":"commune.13755","geometry":{"type":"MultiPolygon","coordinates":[[[[0.36983367,47.00228921],[0.37827054,47.00535218],[0.38159966,47.01298215],[0.39748453,47.00798606],[0.40132111,47.00778696],[0.40414961,47.00844967],[0.40438101,47.01292296],[0.40777346,47.01685111],[0.41499524,47.01866879],[0.42392424,47.01831352],[0.42884777,47.01695949],[0.42943474,47.01757791],[0.4342162,47.01427564],[0.43437028,47.00640507],[0.43706916,46.99940087],[0.45148726,46.99060675],[0.45579911,46.98900571],[0.44550667,46.98517498],[0.43904209,46.98164817],[0.43703315,46.9867319],[0.434648,46.98855799],[0.42453143,46.99283126],[0.40817089,46.98862823],[0.39812907,46.9836791],[0.39301162,46.98004128],[0.38859478,46.9788054],[0.3759809,46.98754013],[0.36643047,46.99079883],[0.37218166,46.99665842],[0.37230259,47.0003429],[0.36983367,47.00228921]]]]},"geometry_name":"geometrie","properties":{"code":"37034","name":"Braslou","epci":"200072668","level":"commune"}},{"type":"Feature","id":"commune.13756","geometry":{"type":"MultiPolygon","coordinates":[[[[0.32348094,46.99735948],[0.35268231,46.99207954],[0.36659292,47.00123788],[0.36983367,47.00228921],[0.37230259,47.0003429],[0.37218166,46.99665842],[0.36643047,46.99079883],[0.35076003,46.977829],[0.35043149,46.97677196],[0.34426865,46.97351324],[0.3389517,46.9685927],[0.33681065,46.96207598],[0.33151333,46.96095083],[0.30970116,46.96086461],[0.30664488,46.95721318],[0.30220758,46.95535361],[0.30131435,46.95585161],[0.30379103,46.9591383],[0.3049046,46.9651984],[0.30084594,46.97042042],[0.29806186,46.97124798],[0.29953261,46.97320941],[0.29732723,46.9847763],[0.29134665,46.99036916],[0.30405049,46.99067847],[0.30811426,46.99995949],[0.31634559,46.9995864],[0.32348094,46.99735948]]]]},"geometry_name":"geometrie","properties":{"code":"37035","name":"Braye-sous-Faye","epci":"200072668","level":"commune"}},{"type":"Feature","id":"commune.13757","geometry":{"type":"MultiPolygon","coordinates":[[[[0.2566095,47.54049472],[0.24779288,47.54556762],[0.23464031,47.56238565],[0.23568808,47.57580002],[0.23801004,47.57704843],[0.24301657,47.57930867],[0.25032496,47.57950279],[0.26414834,47.57545057],[0.27311505,47.57052675],[0.28248003,47.56417589],[0.28783833,47.55836525],[0.29202608,47.54963966],[0.29145109,47.54762411],[0.28928456,47.54719458],[0.2566095,47.54049472]]]]},"geometry_name":"geometrie","properties":{"code":"37036","name":"Braye-sur-Maulne","epci":"200072981","level":"commune"}},{"type":"Feature","id":"commune.13758","geometry":{"type":"MultiPolygon","coordinates":[[[[0.43658844,47.55059578],[0.42088024,47.54313086],[0.41491009,47.54207188],[0.40198792,47.54686955],[0.38672765,47.55291125],[0.38358552,47.55548864],[0.38018721,47.56035409],[0.38041148,47.56470827],[0.37847746,47.56840781],[0.39019028,47.57560797],[0.40244789,47.57848524],[0.42307129,47.56971682],[0.42861449,47.56583416],[0.43428219,47.56141992],[0.43701614,47.55646185],[0.4377569,47.55222275],[0.43658844,47.55059578]]]]},"geometry_name":"geometrie","properties":{"code":"37037","name":"Brèches","epci":"200072981","level":"commune"}},{"type":"Feature","id":"commune.13759","geometry":{"type":"MultiPolygon","coordinates":[[[[0.36801979,47.30197712],[0.37616768,47.30562768],[0.38465466,47.31161006],[0.39215445,47.31447649],[0.40165706,47.30641106],[0.40325474,47.3044265],[0.40333196,47.30266551],[0.38658863,47.29432714],[0.38200051,47.29097204],[0.38151325,47.28839394],[0.38670069,47.2828831],[0.38607756,47.28200615],[0.3866167,47.2797124],[0.39091552,47.2774006],[0.39291004,47.27489275],[0.39030328,47.27390186],[0.37623488,47.28270989],[0.36726527,47.28514764],[0.36252961,47.28462122],[0.35676889,47.28356863],[0.35277532,47.28190214],[0.34172752,47.27562521],[0.33478108,47.27126192],[0.33100433,47.26512912],[0.32734073,47.26333598],[0.32642302,47.26303108],[0.32377761,47.26415276],[0.31457158,47.273952],[0.33099453,47.28653103],[0.3470066,47.29605537],[0.35644904,47.29937306],[0.36610139,47.30070228],[0.36801979,47.30197712]]]]},"geometry_name":"geometrie","properties":{"code":"37038","name":"Bréhémont","epci":"200072650","level":"commune"}},{"type":"Feature","id":"commune.13760","geometry":{"type":"MultiPolygon","coordinates":[[[[1.08404001,47.06271429],[1.0850007,47.06305082],[1.09924737,47.05019251],[1.10928015,47.03566683],[1.11020436,47.02924816],[1.10081238,47.02710375],[1.08468339,47.02079791],[1.07761563,47.0158379],[1.05654433,47.01638116],[1.05407614,47.0171249],[1.05117963,47.02378647],[1.05600275,47.04224908],[1.0595819,47.04731569],[1.08404001,47.06271429]]]]},"geometry_name":"geometrie","properties":{"code":"37039","name":"Bridoré","epci":"200071587","level":"commune"}},{"type":"Feature","id":"commune.13761","geometry":{"type":"MultiPolygon","coordinates":[[[[0.40312948,47.08652983],[0.38118369,47.0722495],[0.3752129,47.0744282],[0.3623225,47.08343288],[0.36240739,47.09355908],[0.35577648,47.10294539],[0.35854695,47.10771006],[0.36048797,47.10837955],[0.36860862,47.10814219],[0.38322981,47.10939827],[0.39924566,47.1135646],[0.40705462,47.11400122],[0.41191053,47.11702135],[0.4186742,47.11419545],[0.41862945,47.10598468],[0.41595652,47.09585862],[0.40312948,47.08652983]]]]},"geometry_name":"geometrie","properties":{"code":"37040","name":"Brizay","epci":"200072668","level":"commune"}},{"type":"Feature","id":"commune.13762","geometry":{"type":"MultiPolygon","coordinates":[[[[0.52451472,47.60500241],[0.52518294,47.60914382],[0.52015077,47.61859729],[0.52235629,47.62832681],[0.53854783,47.63940725],[0.5377048,47.64231441],[0.53921596,47.64442109],[0.5507424,47.65411887],[0.55781936,47.65773222],[0.56302713,47.65711514],[0.56964998,47.65703066],[0.57444703,47.65960766],[0.58123562,47.65663893],[0.5860955,47.64706073],[0.58711208,47.64403079],[0.58638574,47.63717095],[0.58394352,47.63361113],[0.56476584,47.62507921],[0.55639352,47.62269978],[0.55440262,47.62097499],[0.55335452,47.60304485],[0.54667983,47.60124323],[0.54222235,47.60207521],[0.53443278,47.60049524],[0.53229153,47.59851289],[0.52451472,47.60500241]]]]},"geometry_name":"geometrie","properties":{"code":"37041","name":"Bueil-en-Touraine","epci":"200073237","level":"commune"}},{"type":"Feature","id":"commune.13763","geometry":{"type":"MultiPolygon","coordinates":[[[[0.06652071,47.18966257],[0.06188884,47.19043251],[0.05660102,47.19425137],[0.05357844,47.19931686],[0.05619748,47.20078076],[0.0611465,47.20837761],[0.06818587,47.21578297],[0.07451948,47.21444222],[0.08014944,47.21341672],[0.09534192,47.20585741],[0.09311164,47.20326727],[0.09449451,47.2008903],[0.09370726,47.2011246],[0.07770893,47.19363196],[0.06652071,47.18966257]]]]},"geometry_name":"geometrie","properties":{"code":"37042","name":"Candes-Saint-Martin","epci":"200043081","level":"commune"}},{"type":"Feature","id":"commune.13764","geometry":{"type":"MultiPolygon","coordinates":[[[[1.06396039,47.44841575],[1.0607307,47.45545483],[1.0403267,47.47358767],[1.03555533,47.4901142],[1.04086703,47.4947833],[1.03724326,47.50845577],[1.04192166,47.51058297],[1.03556976,47.52822353],[1.03865943,47.5279316],[1.04213852,47.52869422],[1.04483363,47.5318117],[1.05830401,47.52555834],[1.06803088,47.52309345],[1.07115737,47.51402758],[1.06841212,47.50683453],[1.06845888,47.50351544],[1.07901752,47.49444983],[1.08156806,47.4882708],[1.08699601,47.47723345],[1.09023552,47.4728736],[1.09347101,47.47062511],[1.09459758,47.46941896],[1.09265853,47.46715233],[1.085394,47.46432007],[1.08711125,47.46181986],[1.06667351,47.45088396],[1.06396039,47.44841575]]]]},"geometry_name":"geometrie","properties":{"code":"37043","name":"Cangey","epci":"200043065","level":"commune"}},{"type":"Feature","id":"commune.13765","geometry":{"type":"MultiPolygon","coordinates":[[[[0.95007572,46.94463111],[0.94723773,46.94487242],[0.92793736,46.94228626],[0.92192252,46.94080716],[0.90066097,46.92769802],[0.88829954,46.91841309],[0.86889696,46.91215001],[0.86642516,46.91187008],[0.86428173,46.91272835],[0.86052612,46.92327423],[0.85704987,46.92762932],[0.85319243,46.92892027],[0.8510119,46.93250942],[0.85024183,46.94136236],[0.85188574,46.94367805],[0.85157371,46.94547361],[0.85032877,46.94866856],[0.84717578,46.94966713],[0.85202283,46.95879772],[0.8613344,46.9655692],[0.86735942,46.96612121],[0.88904452,46.97137122],[0.92473427,46.97379594],[0.95447977,46.97154251],[0.95504212,46.97090312],[0.96044293,46.96526522],[0.97185724,46.96575474],[0.96118271,46.95444347],[0.9569131,46.95165873],[0.95007572,46.94463111]]]]},"geometry_name":"geometrie","properties":{"code":"37044","name":"La Celle-Guenand","epci":"200071587","level":"commune"}},{"type":"Feature","id":"commune.13766","geometry":{"type":"MultiPolygon","coordinates":[[[[0.62180074,46.99943441],[0.62406985,47.00193479],[0.62370365,47.00418272],[0.61993842,47.00718658],[0.61579381,47.00821525],[0.59056547,47.0066626],[0.5894011,47.00829208],[0.58203894,47.01281389],[0.57520789,47.01914793],[0.57234683,47.025276],[0.57645293,47.02679718],[0.59497305,47.03098836],[0.60553345,47.04149525],[0.60743804,47.04585017],[0.61238892,47.04706865],[0.6214476,47.04365354],[0.62820846,47.04003024],[0.63462961,47.0376435],[0.63642226,47.03771534],[0.63744447,47.03504127],[0.63648579,47.02736001],[0.63864959,47.02168012],[0.64533635,47.01682665],[0.65922619,47.00988711],[0.65815571,47.00742531],[0.64341424,47.00262873],[0.6280691,46.99913469],[0.62180074,46.99943441]]]]},"geometry_name":"geometrie","properties":{"code":"37045","name":"La Celle-Saint-Avant","epci":"200071587","level":"commune"}},{"type":"Feature","id":"commune.13767","geometry":{"type":"MultiPolygon","coordinates":[[[[1.22368081,47.29405062],[1.23360733,47.29015184],[1.24367106,47.28391398],[1.2425613,47.2824024],[1.24322187,47.27830716],[1.24210598,47.27585448],[1.23882961,47.27376611],[1.23864482,47.26406609],[1.23394745,47.25831083],[1.22493448,47.25194998],[1.21216487,47.24564577],[1.20395839,47.2260466],[1.19048416,47.21944972],[1.18333659,47.2186553],[1.17096258,47.21581855],[1.15291658,47.21739815],[1.14368022,47.21970446],[1.13610357,47.22905809],[1.12040043,47.23977461],[1.11213375,47.24805561],[1.111275,47.24983815],[1.11231535,47.25324103],[1.13493091,47.26184124],[1.14814999,47.26463391],[1.15523444,47.26708541],[1.16196747,47.27220986],[1.17346717,47.28587723],[1.173765,47.28879499],[1.17893358,47.28643771],[1.18925236,47.28379781],[1.20673244,47.2880287],[1.21506225,47.29116833],[1.2157722,47.29270555],[1.22368081,47.29405062]]]]},"geometry_name":"geometrie","properties":{"code":"37046","name":"Céré-la-Ronde","epci":"243700820","level":"commune"}},{"type":"Feature","id":"commune.13768","geometry":{"type":"MultiPolygon","coordinates":[[[[0.68564074,47.52658646],[0.69217219,47.52490681],[0.69918499,47.52126863],[0.70826113,47.51155333],[0.7191861,47.50352964],[0.71993483,47.50005652],[0.71431129,47.49967706],[0.67224551,47.48468553],[0.66303876,47.48231547],[0.65922995,47.49051783],[0.65679843,47.50053087],[0.65713196,47.50283759],[0.65432973,47.50291539],[0.65451346,47.50445363],[0.65679815,47.5066051],[0.67937171,47.51292849],[0.68229776,47.51463562],[0.68564074,47.52658646]]]]},"geometry_name":"geometrie","properties":{"code":"37047","name":"Cerelles","epci":"200073237","level":"commune"}},{"type":"Feature","id":"commune.13769","geometry":{"type":"MultiPolygon","coordinates":[[[[0.84228208,46.82268501],[0.8368729,46.81631435],[0.82504924,46.81061038],[0.81950336,46.8147613],[0.81264577,46.81647486],[0.80980645,46.81589029],[0.80897972,46.82329298],[0.80406376,46.82815776],[0.79836535,46.83216608],[0.79506728,46.83274333],[0.79126572,46.83501231],[0.7869901,46.84007424],[0.78665782,46.84345191],[0.78768832,46.84496245],[0.79537256,46.84646375],[0.79654782,46.84735997],[0.80261152,46.84940439],[0.80727982,46.85417813],[0.82000365,46.85699053],[0.82484897,46.8631972],[0.82469884,46.86458056],[0.82856566,46.86479319],[0.84649913,46.8568688],[0.85285825,46.85136898],[0.8560129,46.83369816],[0.85521112,46.82885447],[0.84474164,46.82458661],[0.84228208,46.82268501]]]]},"geometry_name":"geometrie","properties":{"code":"37048","name":"Chambon","epci":"200071587","level":"commune"}},{"type":"Feature","id":"commune.13770","geometry":{"type":"MultiPolygon","coordinates":[[[[0.97244083,47.1998715],[0.99816422,47.18457699],[1.00307411,47.18436638],[1.01741772,47.18298372],[1.01618864,47.17780423],[1.01101594,47.1611963],[1.01164442,47.16066045],[1.00686932,47.15372222],[1.003603,47.1517675],[0.99416178,47.14735799],[0.99041498,47.1488573],[0.97433384,47.15169476],[0.96605731,47.15100653],[0.95276195,47.15420425],[0.93291086,47.15668017],[0.92720883,47.15804256],[0.92418509,47.15948517],[0.92419469,47.16896325],[0.91818886,47.18541646],[0.9164997,47.18687296],[0.92161837,47.18968834],[0.93220317,47.19065052],[0.94499019,47.18546742],[0.9689266,47.19877157],[0.97244083,47.1998715]]]]},"geometry_name":"geometrie","properties":{"code":"37049","name":"Chambourg-sur-Indre","epci":"200071587","level":"commune"}},{"type":"Feature","id":"commune.13771","geometry":{"type":"MultiPolygon","coordinates":[[[[0.76631039,47.3308123],[0.7638193,47.32561568],[0.75390516,47.32308276],[0.75116032,47.31879591],[0.73103965,47.31784151],[0.71164407,47.31455451],[0.71189613,47.31373632],[0.70382705,47.31154519],[0.6995712,47.31373498],[0.6911803,47.31334142],[0.68816831,47.31541594],[0.6855226,47.32222864],[0.67652844,47.33130555],[0.67453605,47.34075276],[0.68740507,47.34712127],[0.68981491,47.34747183],[0.69929885,47.35417414],[0.70029238,47.35096876],[0.70358556,47.34917146],[0.70377071,47.34930391],[0.70495874,47.35015504],[0.70872216,47.3494116],[0.7141007,47.34717782],[0.71692294,47.34864636],[0.72370941,47.35122648],[0.73881468,47.3379703],[0.7451635,47.33714722],[0.75853256,47.33742675],[0.76384555,47.33878369],[0.76582158,47.33514013],[0.76631039,47.3308123]]]]},"geometry_name":"geometrie","properties":{"code":"37050","name":"Chambray-lès-Tours","epci":"243700754","level":"commune"}},{"type":"Feature","id":"commune.13773","geometry":{"type":"MultiPolygon","coordinates":[[[[0.30993797,47.02803221],[0.30894306,47.04571346],[0.307102,47.04864334],[0.30241194,47.0530066],[0.29833225,47.05403729],[0.31079277,47.0626483],[0.30875535,47.07193448],[0.30534921,47.07431618],[0.30821484,47.07610629],[0.31445544,47.07815588],[0.33704018,47.07867139],[0.34426821,47.07614878],[0.34928244,47.0730741],[0.35361504,47.06797207],[0.35667728,47.06634052],[0.35945402,47.06636258],[0.3643421,47.05943879],[0.33356033,47.04562781],[0.33511358,47.03934157],[0.33302603,47.03428109],[0.33007038,47.03071749],[0.32874548,47.03065351],[0.32845106,47.03138449],[0.30993797,47.02803221]]]]},"geometry_name":"geometrie","properties":{"code":"37051","name":"Champigny-sur-Veude","epci":"200072668","level":"commune"}},{"type":"Feature","id":"commune.13774","geometry":{"type":"MultiPolygon","coordinates":[[[[0.9170943,47.44169613],[0.9139664,47.44086207],[0.90459665,47.440664],[0.89456889,47.43802732],[0.88753879,47.43539288],[0.87636971,47.42895079],[0.86955974,47.42757276],[0.86801196,47.42741833],[0.85951406,47.43036818],[0.86210575,47.43519218],[0.86045217,47.44030643],[0.84924674,47.45091956],[0.8463421,47.45520723],[0.84606833,47.46577507],[0.86651808,47.46786168],[0.86842022,47.46688346],[0.89756056,47.46243903],[0.90751744,47.45905969],[0.91914644,47.45389042],[0.9170943,47.44169613]]]]},"geometry_name":"geometrie","properties":{"code":"37052","name":"Chançay","epci":"200073161","level":"commune"}},{"type":"Feature","id":"commune.13775","geometry":{"type":"MultiPolygon","coordinates":[[[[0.92720883,47.15804256],[0.93291086,47.15668017],[0.95276195,47.15420425],[0.96605731,47.15100653],[0.97433384,47.15169476],[0.99041498,47.1488573],[0.98172234,47.13976497],[0.97783317,47.14238893],[0.96623775,47.13836267],[0.95643244,47.13374094],[0.93903736,47.12383098],[0.93479711,47.12212794],[0.93253551,47.12316107],[0.9288025,47.12477932],[0.92542816,47.1252331],[0.91542056,47.12493159],[0.90889644,47.12626651],[0.90589503,47.12913652],[0.90357559,47.13353274],[0.90490484,47.14031323],[0.92720883,47.15804256]]]]},"geometry_name":"geometrie","properties":{"code":"37053","name":"Chanceaux-près-Loches","epci":"200071587","level":"commune"}},{"type":"Feature","id":"commune.13776","geometry":{"type":"MultiPolygon","coordinates":[[[[0.73338105,47.47058951],[0.72490034,47.4722585],[0.70632879,47.46986066],[0.70034773,47.46130897],[0.69446552,47.45648718],[0.68620671,47.45224373],[0.68489131,47.45162139],[0.6810894,47.4532937],[0.6727664,47.46128402],[0.66456879,47.47240035],[0.66332809,47.48183497],[0.66303876,47.48231547],[0.67224551,47.48468553],[0.71431129,47.49967706],[0.71993483,47.50005652],[0.72021771,47.49875088],[0.73380255,47.49692853],[0.7356229,47.49354011],[0.73615731,47.48003076],[0.74227823,47.47953183],[0.74791758,47.47374342],[0.74616507,47.46785961],[0.7410124,47.4673509],[0.73704971,47.46995305],[0.73338105,47.47058951]]]]},"geometry_name":"geometrie","properties":{"code":"37054","name":"Chanceaux-sur-Choisille","epci":"243700754","level":"commune"}},{"type":"Feature","id":"commune.13777","geometry":{"type":"MultiPolygon","coordinates":[[[[0.26891593,47.45258539],[0.24576567,47.45638397],[0.21267272,47.46812621],[0.19877447,47.47654505],[0.20048771,47.48448029],[0.20238437,47.48571574],[0.20862148,47.49269924],[0.22000595,47.50189499],[0.22141622,47.50053883],[0.24684016,47.48935768],[0.25502306,47.48918067],[0.26353363,47.49488427],[0.27186604,47.50698246],[0.27662281,47.5046736],[0.27866562,47.501151],[0.29714873,47.48683797],[0.29800504,47.48195897],[0.29250486,47.47761774],[0.29059118,47.47046579],[0.292657,47.4646845],[0.29172897,47.45464886],[0.29065095,47.45199279],[0.27579715,47.44940413],[0.27326483,47.44992758],[0.26891593,47.45258539]]]]},"geometry_name":"geometrie","properties":{"code":"37055","name":"Channay-sur-Lathan","epci":"200072981","level":"commune"}},{"type":"Feature","id":"commune.13778","geometry":{"type":"MultiPolygon","coordinates":[[[[0.39215445,47.31447649],[0.39749244,47.31763625],[0.40564051,47.31953542],[0.42483439,47.32075814],[0.44180605,47.32304199],[0.44487092,47.3178737],[0.43747451,47.31055632],[0.42056701,47.30476216],[0.40973167,47.3026365],[0.40333196,47.30266551],[0.40325474,47.3044265],[0.40165706,47.30641106],[0.39215445,47.31447649]]]]},"geometry_name":"geometrie","properties":{"code":"37056","name":"La Chapelle-aux-Naux","epci":"200072650","level":"commune"}},{"type":"Feature","id":"commune.13779","geometry":{"type":"MultiPolygon","coordinates":[[[[0.75465894,47.05415187],[0.75337116,47.06507557],[0.75441951,47.07123951],[0.74833001,47.08656138],[0.74922327,47.0944462],[0.75054043,47.0969523],[0.75984198,47.10303412],[0.76466808,47.11271243],[0.76496506,47.11550844],[0.7699413,47.11609267],[0.78610974,47.11536757],[0.79892522,47.1095391],[0.80376681,47.10435692],[0.81070024,47.10291948],[0.81483584,47.09851697],[0.81489586,47.09277373],[0.81683217,47.08696866],[0.83244713,47.07221892],[0.83256459,47.07100163],[0.8303692,47.06934285],[0.78850709,47.05813828],[0.77022015,47.05798399],[0.7666546,47.05748548],[0.75988153,47.05488555],[0.75465894,47.05415187]]]]},"geometry_name":"geometrie","properties":{"code":"37057","name":"La Chapelle-Blanche-Saint-Martin","epci":"200071587","level":"commune"}},{"type":"Feature","id":"commune.13780","geometry":{"type":"MultiPolygon","coordinates":[[[[0.27226247,47.26212809],[0.26252692,47.25951514],[0.26423024,47.25664848],[0.26471505,47.25289459],[0.25482402,47.24787392],[0.22040463,47.23905259],[0.20056516,47.23463934],[0.18470272,47.23384067],[0.16099429,47.23651341],[0.16400155,47.25555153],[0.17924296,47.25536937],[0.19987484,47.25911611],[0.21542712,47.26099053],[0.23010542,47.26405086],[0.25639043,47.26564955],[0.26704801,47.26971698],[0.27968443,47.26385362],[0.28089229,47.26221189],[0.27226247,47.26212809]]]]},"geometry_name":"geometrie","properties":{"code":"37058","name":"La Chapelle-sur-Loire","epci":"200072981","level":"commune"}},{"type":"Feature","id":"commune.13781","geometry":{"type":"MultiPolygon","coordinates":[[[[0.60382904,47.44673212],[0.5982077,47.44658921],[0.58234686,47.44820336],[0.57517826,47.45871195],[0.56797389,47.46547287],[0.56401654,47.47065954],[0.56535142,47.47290745],[0.57785968,47.48042352],[0.58556787,47.48756767],[0.59649426,47.49082684],[0.60611097,47.49232174],[0.62667461,47.46523991],[0.62201214,47.46340844],[0.61383432,47.45992062],[0.60620904,47.4534527],[0.60382904,47.44673212]]]]},"geometry_name":"geometrie","properties":{"code":"37059","name":"Charentilly","epci":"200073237","level":"commune"}},{"type":"Feature","id":"commune.13782","geometry":{"type":"MultiPolygon","coordinates":[[[[1.06396039,47.44841575],[1.06432039,47.44642543],[1.06867771,47.4424638],[1.07268164,47.43550664],[1.05788145,47.42958134],[1.04977965,47.42442212],[1.05126968,47.42051926],[1.03032258,47.41670052],[1.02329043,47.41542771],[1.02106271,47.41680087],[1.01074333,47.42935759],[1.01263938,47.43036521],[1.02906163,47.43861101],[1.04623204,47.44209452],[1.06051548,47.44655208],[1.06396039,47.44841575]]]]},"geometry_name":"geometrie","properties":{"code":"37060","name":"Chargé","epci":"200043065","level":"commune"}},{"type":"Feature","id":"commune.13783","geometry":{"type":"MultiPolygon","coordinates":[[[[0.97185724,46.96575474],[0.98036595,46.96492957],[0.98699472,46.95487722],[0.99435485,46.95304929],[1.01205099,46.95172382],[1.02536538,46.95204809],[1.03059853,46.94891514],[1.03224104,46.94537848],[1.03586824,46.94244213],[1.03743251,46.94206078],[1.03648507,46.92418953],[1.03380382,46.90746843],[1.02522075,46.87985628],[1.01546715,46.87690285],[1.00195547,46.87875958],[0.98373739,46.87681537],[0.97286489,46.87715764],[0.96230397,46.87968582],[0.95239196,46.87718713],[0.94007903,46.88361628],[0.94022378,46.8865785],[0.94250395,46.89039129],[0.94923157,46.89799408],[0.95557605,46.9086564],[0.95431194,46.91445586],[0.9572842,46.92533907],[0.9505039,46.93933745],[0.94936344,46.94295313],[0.95007572,46.94463111],[0.9569131,46.95165873],[0.96118271,46.95444347],[0.97185724,46.96575474]]]]},"geometry_name":"geometrie","properties":{"code":"37061","name":"Charnizay","epci":"200071587","level":"commune"}},{"type":"Feature","id":"commune.13784","geometry":{"type":"MultiPolygon","coordinates":[[[[0.35987785,47.50614444],[0.34829147,47.50165895],[0.3347745,47.50339047],[0.32861383,47.50485434],[0.32213891,47.50852544],[0.31770839,47.5129512],[0.31383674,47.51356813],[0.31082536,47.51243586],[0.30182345,47.50643905],[0.28004893,47.50646317],[0.28926484,47.51244058],[0.29607088,47.51394976],[0.3105361,47.5151213],[0.31476646,47.51837754],[0.31298514,47.52374321],[0.30419824,47.53371876],[0.29446659,47.5376967],[0.30213467,47.54720084],[0.30364855,47.54706834],[0.30690206,47.55438666],[0.30896782,47.55685173],[0.31571909,47.56020917],[0.31788919,47.55925667],[0.3177083,47.55583633],[0.32037251,47.55386121],[0.32761568,47.55140655],[0.33889393,47.54997399],[0.34077789,47.54694847],[0.34210122,47.53831438],[0.3479406,47.53122595],[0.35290339,47.52736239],[0.36154726,47.52514196],[0.35911149,47.51019715],[0.35987785,47.50614444]]]]},"geometry_name":"geometrie","properties":{"code":"37062","name":"Château-la-Vallière","epci":"200072981","level":"commune"}},{"type":"Feature","id":"commune.13785","geometry":{"type":"MultiPolygon","coordinates":[[[[0.90362611,47.59607735],[0.9063662,47.59575826],[0.91324411,47.59791011],[0.92085629,47.60374927],[0.92289179,47.60378731],[0.92498631,47.5898031],[0.9218279,47.58990357],[0.9113152,47.58732522],[0.9011609,47.58350885],[0.90046917,47.58160457],[0.89129898,47.58614312],[0.90069255,47.59491708],[0.90362611,47.59607735]]]]},"geometry_name":"geometrie","properties":{"code":"37063","name":"Château-Renault","epci":"243700499","level":"commune"}},{"type":"Feature","id":"commune.13786","geometry":{"type":"MultiPolygon","coordinates":[[[[0.88536337,46.8825244],[0.8835116,46.87938838],[0.88368675,46.87729388],[0.87990522,46.86759944],[0.87195726,46.85710729],[0.86429289,46.85311749],[0.85285825,46.85136898],[0.84649913,46.8568688],[0.82856566,46.86479319],[0.82469884,46.86458056],[0.82352048,46.86439436],[0.81531803,46.8766977],[0.81392939,46.8805093],[0.81428237,46.8890746],[0.81942678,46.8914032],[0.83055253,46.89216187],[0.84150879,46.88854606],[0.84987504,46.8888449],[0.85898485,46.89090701],[0.8672366,46.89632201],[0.87114907,46.89813994],[0.87302083,46.89782416],[0.89109484,46.89176073],[0.88532431,46.88486909],[0.88460521,46.88242851],[0.88536337,46.8825244]]]]},"geometry_name":"geometrie","properties":{"code":"37064","name":"Chaumussay","epci":"200071587","level":"commune"}},{"type":"Feature","id":"commune.13787","geometry":{"type":"MultiPolygon","coordinates":[[[[0.32874548,47.03065351],[0.33007038,47.03071749],[0.33302603,47.03428109],[0.33511358,47.03934157],[0.33356033,47.04562781],[0.3643421,47.05943879],[0.36996269,47.06333684],[0.38176715,47.05371403],[0.37985609,47.05189337],[0.37510886,47.05012716],[0.37265965,47.04937783],[0.36558346,47.04398102],[0.36548946,47.03235728],[0.37632774,47.01582165],[0.38159966,47.01298215],[0.37827054,47.00535218],[0.36983367,47.00228921],[0.36659292,47.00123788],[0.35268231,46.99207954],[0.32348094,46.99735948],[0.3255272,47.00033562],[0.32916159,47.00057385],[0.32779762,47.0113462],[0.32503263,47.02222839],[0.3249813,47.02698548],[0.32822571,47.02869746],[0.32874548,47.03065351]]]]},"geometry_name":"geometrie","properties":{"code":"37065","name":"Chaveignes","epci":"200072668","level":"commune"}},{"type":"Feature","id":"commune.13788","geometry":{"type":"MultiPolygon","coordinates":[[[[1.00307411,47.18436638],[0.99816422,47.18457699],[0.97244083,47.1998715],[0.97128725,47.20099413],[0.97046439,47.21005747],[0.96818996,47.21946907],[0.96505634,47.22085499],[0.96785483,47.22232159],[0.96557844,47.22924302],[0.96177034,47.23822138],[0.95756742,47.24171993],[0.95958565,47.24366376],[0.96709864,47.24662891],[0.9776458,47.24996171],[0.98622297,47.25136637],[1.00483991,47.24919281],[1.01103026,47.24573842],[1.01788131,47.23958527],[1.02289694,47.23364808],[1.02496688,47.22408803],[1.01272643,47.21859973],[1.01098011,47.21531786],[1.00947352,47.20834869],[1.00942941,47.1975403],[1.00700075,47.18919713],[1.00307411,47.18436638]]]]},"geometry_name":"geometrie","properties":{"code":"37066","name":"Chédigny","epci":"200071587","level":"commune"}},{"type":"Feature","id":"commune.13789","geometry":{"type":"MultiPolygon","coordinates":[[[[0.4369098,47.21539367],[0.42249847,47.21120701],[0.40450663,47.20308757],[0.39691243,47.20182451],[0.388351,47.20500154],[0.38636876,47.20711507],[0.38405328,47.21142971],[0.38135178,47.22198149],[0.37225237,47.24041047],[0.37050243,47.24752371],[0.37266057,47.26050029],[0.37969142,47.26457585],[0.39030328,47.27390186],[0.39291004,47.27489275],[0.40468938,47.27477413],[0.41598973,47.27236749],[0.44300861,47.26468329],[0.4733974,47.25454352],[0.48114166,47.2540392],[0.49823303,47.25481999],[0.49514433,47.24933462],[0.49031098,47.2450823],[0.48944258,47.2464569],[0.48463108,47.24404226],[0.47848862,47.23888188],[0.47400607,47.23202344],[0.47666125,47.22780013],[0.4752645,47.2280066],[0.46497106,47.22322778],[0.4369098,47.21539367]]]]},"geometry_name":"geometrie","properties":{"code":"37067","name":"Cheillé","epci":"200072650","level":"commune"}},{"type":"Feature","id":"commune.13790","geometry":{"type":"MultiPolygon","coordinates":[[[[0.88495997,47.37657438],[0.86664697,47.36655704],[0.8615222,47.36131442],[0.84666853,47.36432348],[0.8349586,47.36651215],[0.79695542,47.37230079],[0.79114684,47.37267413],[0.78849365,47.37336123],[0.78867992,47.3742131],[0.78949773,47.40248639],[0.7911587,47.40460363],[0.79930646,47.40310382],[0.81176114,47.39652083],[0.81953854,47.39371226],[0.82855682,47.39406747],[0.83266955,47.39271776],[0.84082947,47.39268319],[0.84748319,47.39366389],[0.86548673,47.39757545],[0.87044291,47.39754386],[0.89262587,47.39805072],[0.89845532,47.37760536],[0.89592501,47.37688148],[0.88495997,47.37657438]]]]},"geometry_name":"geometrie","properties":{"code":"37156","name":"Montlouis-sur-Loire","epci":"200073161","level":"commune"}},{"type":"Feature","id":"commune.13791","geometry":{"type":"MultiPolygon","coordinates":[[[[0.71232382,47.68218952],[0.70215549,47.67194274],[0.70197673,47.66869755],[0.7161955,47.6596682],[0.72983532,47.6550472],[0.72501983,47.65002439],[0.7179987,47.64811533],[0.71024248,47.64980773],[0.68978511,47.64544826],[0.67955135,47.64057911],[0.67041644,47.63417129],[0.67149263,47.63225399],[0.66145086,47.62531672],[0.65890725,47.6286138],[0.65262137,47.63366368],[0.64712942,47.63418802],[0.63885013,47.62574349],[0.63604091,47.63121486],[0.62117586,47.63523094],[0.61852083,47.64647908],[0.61597252,47.65254152],[0.61248751,47.65697646],[0.62026668,47.66287403],[0.63335292,47.6688417],[0.6393562,47.66955924],[0.64402069,47.66847643],[0.64969445,47.66529941],[0.65630605,47.66594097],[0.65860242,47.66734763],[0.66388927,47.67322279],[0.6638784,47.681443],[0.66091168,47.68435703],[0.65441227,47.68453746],[0.65733127,47.68763329],[0.66939258,47.69430277],[0.67474602,47.69925924],[0.69843714,47.68581321],[0.70495922,47.68315272],[0.71232382,47.68218952]]]]},"geometry_name":"geometrie","properties":{"code":"37068","name":"Chemillé-sur-Dême","epci":"200073237","level":"commune"}},{"type":"Feature","id":"commune.13792","geometry":{"type":"MultiPolygon","coordinates":[[[[1.19245491,47.15466854],[1.19978839,47.15032254],[1.19934215,47.14823178],[1.19591455,47.1425843],[1.19133583,47.13881524],[1.18628434,47.1359373],[1.17821021,47.13500807],[1.17549819,47.13150366],[1.16072784,47.13177948],[1.14767579,47.12690099],[1.14565243,47.12710992],[1.1259587,47.12981119],[1.12706552,47.13596908],[1.11951098,47.14154072],[1.11137098,47.13948276],[1.11820027,47.14290356],[1.12641007,47.15405677],[1.13845894,47.16716224],[1.1447495,47.177016],[1.14771525,47.18006495],[1.14972262,47.18153159],[1.16888338,47.18740501],[1.17766691,47.17923715],[1.19245491,47.15466854]]]]},"geometry_name":"geometrie","properties":{"code":"37069","name":"Chemillé-sur-Indrois","epci":"200071587","level":"commune"}},{"type":"Feature","id":"commune.13793","geometry":{"type":"MultiPolygon","coordinates":[[[[1.0780167,47.36426703],[1.08089172,47.36399849],[1.08273121,47.359811],[1.07785198,47.35462463],[1.07675369,47.3484084],[1.07652828,47.32960059],[1.07858427,47.32640815],[1.07407521,47.32587509],[1.06581991,47.3234569],[1.0596497,47.32301896],[1.06142484,47.33231927],[1.05991976,47.33951163],[1.0612526,47.34288102],[1.0780167,47.36426703]]]]},"geometry_name":"geometrie","properties":{"code":"37070","name":"Chenonceaux","epci":"243700820","level":"commune"}},{"type":"Feature","id":"commune.13794","geometry":{"type":"MultiPolygon","coordinates":[[[[0.41951665,47.08241275],[0.42552703,47.08869111],[0.43746683,47.08841509],[0.4386473,47.08735851],[0.43884902,47.08466693],[0.44126511,47.08352601],[0.44962915,47.08379377],[0.4523652,47.07947541],[0.45511804,47.08197269],[0.46397258,47.07991],[0.46840112,47.07582659],[0.46930814,47.0715029],[0.47625727,47.06598901],[0.47445834,47.06285191],[0.47513952,47.05840973],[0.47111214,47.05577781],[0.45515032,47.05438231],[0.44213217,47.05157251],[0.43398095,47.04147657],[0.4283444,47.04259518],[0.42590973,47.04418581],[0.41252447,47.05919678],[0.4136211,47.0673637],[0.41951665,47.08241275]]]]},"geometry_name":"geometrie","properties":{"code":"37071","name":"Chezelles","epci":"200072668","level":"commune"}},{"type":"Feature","id":"commune.13795","geometry":{"type":"MultiPolygon","coordinates":[[[[0.19060671,47.16697456],[0.18893014,47.17130571],[0.18999763,47.17292344],[0.2193658,47.1866174],[0.21955892,47.19119108],[0.21758148,47.19937723],[0.21979822,47.20755688],[0.23242957,47.20688019],[0.25011349,47.20228382],[0.26874381,47.20020059],[0.2773772,47.20134973],[0.28267203,47.18839791],[0.29762156,47.1752861],[0.28927173,47.16407117],[0.28840318,47.15934044],[0.28271421,47.14671616],[0.2617542,47.15235215],[0.25371924,47.15260042],[0.24893464,47.14704839],[0.24531952,47.14105645],[0.24223995,47.1321746],[0.23971085,47.13085848],[0.21489334,47.14149631],[0.20937706,47.14537038],[0.21117508,47.15588167],[0.20733746,47.16280315],[0.20078899,47.16533939],[0.19060671,47.16697456]]]]},"geometry_name":"geometrie","properties":{"code":"37072","name":"Chinon","epci":"200043081","level":"commune"}},{"type":"Feature","id":"commune.13796","geometry":{"type":"MultiPolygon","coordinates":[[[[1.09481685,47.32870534],[1.08674584,47.32839974],[1.08256304,47.32688365],[1.07858427,47.32640815],[1.07652828,47.32960059],[1.07675369,47.3484084],[1.07785198,47.35462463],[1.08273121,47.359811],[1.08089172,47.36399849],[1.08298727,47.36380796],[1.08834441,47.36681647],[1.09230272,47.37089764],[1.10359124,47.37380723],[1.10717499,47.37296068],[1.10670039,47.37221097],[1.11190551,47.36416079],[1.12188041,47.35328446],[1.11557201,47.3480721],[1.11112146,47.34220342],[1.10624645,47.33288686],[1.10629586,47.33137395],[1.09481685,47.32870534]]]]},"geometry_name":"geometrie","properties":{"code":"37073","name":"Chisseaux","epci":"243700820","level":"commune"}},{"type":"Feature","id":"commune.13797","geometry":{"type":"MultiPolygon","coordinates":[[[[0.07247296,47.22000035],[0.07328363,47.24791306],[0.080794,47.26789098],[0.07990101,47.27168277],[0.08340008,47.27495808],[0.08855005,47.27538027],[0.09846933,47.27425777],[0.11033071,47.27063432],[0.12957311,47.26266589],[0.14580983,47.25846432],[0.16400155,47.25555153],[0.16099429,47.23651341],[0.15338509,47.23733569],[0.13186693,47.23481694],[0.09041375,47.21785509],[0.07451948,47.21444222],[0.07623662,47.21610267],[0.07920482,47.21676312],[0.07887167,47.21780876],[0.07705127,47.21940786],[0.07247296,47.22000035]]]]},"geometry_name":"geometrie","properties":{"code":"37074","name":"Chouzé-sur-Loire","epci":"200043081","level":"commune"}},{"type":"Feature","id":"commune.13798","geometry":{"type":"MultiPolygon","coordinates":[[[[0.96333681,47.28905809],[0.95557293,47.28394513],[0.97415196,47.27216503],[0.97562154,47.26739977],[0.97495962,47.26081061],[0.97717005,47.25529369],[0.98344062,47.25174307],[0.98622297,47.25136637],[0.9776458,47.24996171],[0.96709864,47.24662891],[0.95958565,47.24366376],[0.95756742,47.24171993],[0.94881169,47.23919594],[0.9398822,47.24416092],[0.92493951,47.24838285],[0.91202653,47.25010616],[0.91017985,47.24967213],[0.90683077,47.26404608],[0.9142529,47.27439852],[0.92354119,47.2817066],[0.92705393,47.28340844],[0.92804866,47.28771015],[0.93633317,47.29455069],[0.9420564,47.29418135],[0.94657667,47.29328343],[0.95198005,47.29508276],[0.96333681,47.28905809]]]]},"geometry_name":"geometrie","properties":{"code":"37075","name":"Cigogné","epci":"243700820","level":"commune"}},{"type":"Feature","id":"commune.13799","geometry":{"type":"MultiPolygon","coordinates":[[[[0.18999763,47.17292344],[0.18893014,47.17130571],[0.19060671,47.16697456],[0.19709056,47.15536838],[0.19718715,47.15247266],[0.19327312,47.14375473],[0.16360071,47.14289407],[0.15874985,47.14817128],[0.15819816,47.15261977],[0.15283563,47.15518336],[0.15935364,47.15980468],[0.16465204,47.17195311],[0.16739287,47.17585159],[0.17105758,47.17437281],[0.18999763,47.17292344]]]]},"geometry_name":"geometrie","properties":{"code":"37076","name":"Cinais","epci":"200043081","level":"commune"}},{"type":"Feature","id":"commune.13800","geometry":{"type":"MultiPolygon","coordinates":[[[[0.48792185,47.3708924],[0.49204622,47.36604854],[0.49344479,47.35966685],[0.49450614,47.3586819],[0.48528975,47.35249597],[0.47989044,47.3443683],[0.4501827,47.32511235],[0.44180605,47.32304199],[0.43359809,47.34194583],[0.42023949,47.34985884],[0.4180265,47.36835686],[0.41944702,47.37126433],[0.43321542,47.37246368],[0.48792185,47.3708924]]]]},"geometry_name":"geometrie","properties":{"code":"37077","name":"Cinq-Mars-la-Pile","epci":"200072981","level":"commune"}},{"type":"Feature","id":"commune.13801","geometry":{"type":"MultiPolygon","coordinates":[[[[0.84742402,47.06369861],[0.85017748,47.06426055],[0.85414976,47.06728584],[0.86025471,47.0696633],[0.8752461,47.07446208],[0.8754637,47.07650153],[0.88442497,47.07303096],[0.88719079,47.07053905],[0.89325478,47.05521189],[0.89574425,47.05216896],[0.90254525,47.04765976],[0.9015114,47.04652869],[0.89086994,47.04353653],[0.8849335,47.04090254],[0.89034469,47.0343241],[0.88261042,47.02946041],[0.87276908,47.02813387],[0.87250179,47.02382019],[0.86739243,47.02639728],[0.85729397,47.03405956],[0.8532136,47.03887616],[0.85452036,47.04898782],[0.84742402,47.06369861]]]]},"geometry_name":"geometrie","properties":{"code":"37078","name":"Ciran","epci":"200071587","level":"commune"}},{"type":"Feature","id":"commune.13802","geometry":{"type":"MultiPolygon","coordinates":[[[[1.0596497,47.32301896],[1.05204599,47.32435136],[1.0496981,47.32208499],[1.04469021,47.31177637],[1.0498191,47.30566714],[1.04572542,47.30388821],[1.03589116,47.29354994],[1.03256386,47.29213288],[1.03209354,47.29731101],[1.02680531,47.30556093],[1.02361074,47.31376073],[1.02808127,47.32806575],[1.00364212,47.32866573],[1.00615075,47.33415604],[1.02250739,47.35608387],[1.02601348,47.36214261],[1.02469863,47.36423374],[1.04315373,47.36701245],[1.05395947,47.36717231],[1.05602098,47.36646481],[1.05883904,47.37283063],[1.0757221,47.36934019],[1.0780167,47.36426703],[1.0612526,47.34288102],[1.05991976,47.33951163],[1.06142484,47.33231927],[1.0596497,47.32301896]]]]},"geometry_name":"geometrie","properties":{"code":"37079","name":"Civray-de-Touraine","epci":"243700820","level":"commune"}},{"type":"Feature","id":"commune.13803","geometry":{"type":"MultiPolygon","coordinates":[[[[0.69817949,47.05038214],[0.71406637,47.05011672],[0.72350658,47.04919081],[0.7475376,47.04915309],[0.74773863,47.04594695],[0.74215142,47.03713533],[0.73226311,47.0273698],[0.72515894,47.02534576],[0.71789264,47.01835155],[0.70419583,47.01791241],[0.69040726,47.02423959],[0.6833785,47.02915719],[0.68527485,47.02996895],[0.68401434,47.034386],[0.68261849,47.03670346],[0.67975821,47.03805204],[0.6764862,47.04134052],[0.6770776,47.04333489],[0.68547578,47.04509778],[0.69463444,47.04859648],[0.69640893,47.05024506],[0.69817949,47.05038214]]]]},"geometry_name":"geometrie","properties":{"code":"37080","name":"Civray-sur-Esves","epci":"200071587","level":"commune"}},{"type":"Feature","id":"commune.13804","geometry":{"type":"MultiPolygon","coordinates":[[[[0.34910584,47.47015482],[0.38025163,47.48056097],[0.39826122,47.48846634],[0.40666207,47.49385678],[0.41245237,47.48821692],[0.40838281,47.47742848],[0.40393019,47.45488211],[0.408924,47.44836181],[0.40357274,47.43990953],[0.39731262,47.43443405],[0.39849306,47.42816833],[0.4039851,47.42370748],[0.41107657,47.41987915],[0.41592039,47.4136317],[0.41319133,47.41296487],[0.41358897,47.41181904],[0.41117809,47.40937499],[0.39666641,47.40488081],[0.36842582,47.40775776],[0.36685933,47.41104317],[0.35062422,47.41796017],[0.34619193,47.4366594],[0.34570309,47.44906699],[0.34829571,47.45500399],[0.34910584,47.47015482]]]]},"geometry_name":"geometrie","properties":{"code":"37081","name":"Cléré-les-Pins","epci":"200072981","level":"commune"}},{"type":"Feature","id":"commune.13805","geometry":{"type":"MultiPolygon","coordinates":[[[[0.28854532,47.35058894],[0.28448371,47.3470919],[0.28424805,47.34433818],[0.28392194,47.3431884],[0.28517518,47.34052534],[0.28637998,47.34065169],[0.28632461,47.33938843],[0.28158075,47.33120035],[0.26592712,47.32313029],[0.25727452,47.3228334],[0.25310119,47.32814747],[0.25208838,47.33255801],[0.25032972,47.33442782],[0.2360432,47.33592078],[0.22596791,47.33350061],[0.21990992,47.33316834],[0.21623282,47.33375943],[0.20717584,47.3386548],[0.19782866,47.34762757],[0.19516121,47.34835227],[0.19588952,47.34912562],[0.20388461,47.35443664],[0.20493135,47.358337],[0.19863491,47.36594377],[0.19881217,47.37772843],[0.2034411,47.38394267],[0.20861101,47.3880925],[0.2131176,47.40006552],[0.21062247,47.41293069],[0.20495904,47.41915945],[0.2054366,47.42481146],[0.21476767,47.42919676],[0.23144362,47.42462548],[0.23089899,47.42401802],[0.24267823,47.40921943],[0.24657029,47.39919447],[0.24644022,47.39447056],[0.24144555,47.39468361],[0.23267795,47.38950573],[0.2332371,47.38810395],[0.24130679,47.38029255],[0.24908354,47.37669733],[0.25579667,47.37225591],[0.26439572,47.36492207],[0.27594263,47.35853774],[0.28456541,47.35199751],[0.28854532,47.35058894]]]]},"geometry_name":"geometrie","properties":{"code":"37082","name":"Continvoir","epci":"200072981","level":"commune"}},{"type":"Feature","id":"commune.13806","geometry":{"type":"MultiPolygon","coordinates":[[[[0.83462404,47.26198812],[0.81852971,47.26018248],[0.81682531,47.27338376],[0.81708518,47.27447837],[0.81796099,47.27454798],[0.8198674,47.26960085],[0.82320738,47.26893771],[0.84452585,47.26978076],[0.86281495,47.2643672],[0.86798948,47.2520533],[0.86607449,47.24804919],[0.85743699,47.242136],[0.85344272,47.24324188],[0.84508356,47.25010062],[0.84208759,47.25738653],[0.83604594,47.26304584],[0.83462404,47.26198812]]]]},"geometry_name":"geometrie","properties":{"code":"37083","name":"Cormery","epci":"200071587","level":"commune"}},{"type":"Feature","id":"commune.13807","geometry":{"type":"MultiPolygon","coordinates":[[[[0.40198792,47.54686955],[0.39773134,47.5349025],[0.37891533,47.52826555],[0.36359232,47.52489914],[0.36154726,47.52514196],[0.35290339,47.52736239],[0.3479406,47.53122595],[0.34210122,47.53831438],[0.34077789,47.54694847],[0.33889393,47.54997399],[0.32761568,47.55140655],[0.32037251,47.55386121],[0.3177083,47.55583633],[0.31788919,47.55925667],[0.3360298,47.57193567],[0.33708355,47.57802824],[0.33911092,47.57973348],[0.34684441,47.57705281],[0.36617894,47.57393438],[0.37847746,47.56840781],[0.38041148,47.56470827],[0.38018721,47.56035409],[0.38358552,47.55548864],[0.38672765,47.55291125],[0.40198792,47.54686955]]]]},"geometry_name":"geometrie","properties":{"code":"37084","name":"Couesmes","epci":"200072981","level":"commune"}},{"type":"Feature","id":"commune.13808","geometry":{"type":"MultiPolygon","coordinates":[[[[1.19934215,47.14823178],[1.19978839,47.15032254],[1.19245491,47.15466854],[1.19250988,47.15554831],[1.19824711,47.15815924],[1.20504426,47.15703203],[1.20754296,47.15569656],[1.20815138,47.15217053],[1.21171206,47.14901704],[1.19934215,47.14823178]]]]},"geometry_name":"geometrie","properties":{"code":"37157","name":"Montrésor","epci":"200071587","level":"commune"}},{"type":"Feature","id":"commune.13809","geometry":{"type":"MultiPolygon","coordinates":[[[[0.91017985,47.24967213],[0.91014478,47.24866916],[0.90692508,47.24871734],[0.89996421,47.242255],[0.896197,47.22899855],[0.89611348,47.22440855],[0.8987375,47.21940387],[0.89617292,47.21406907],[0.88684371,47.20930266],[0.87784555,47.21451024],[0.87674792,47.21737114],[0.86745074,47.21085747],[0.86452189,47.21195719],[0.85734357,47.22005886],[0.85021243,47.23039805],[0.85223497,47.2362327],[0.85743699,47.242136],[0.86607449,47.24804919],[0.86798948,47.2520533],[0.86281495,47.2643672],[0.87065659,47.26836502],[0.87615409,47.27318214],[0.88909426,47.2915531],[0.89311196,47.28860563],[0.90485397,47.2829547],[0.91192247,47.28329198],[0.91948538,47.28501193],[0.92354119,47.2817066],[0.9142529,47.27439852],[0.90683077,47.26404608],[0.91017985,47.24967213]]]]},"geometry_name":"geometrie","properties":{"code":"37085","name":"Courçay","epci":"243700820","level":"commune"}},{"type":"Feature","id":"commune.13810","geometry":{"type":"MultiPolygon","coordinates":[[[[0.39826122,47.48846634],[0.38025163,47.48056097],[0.34910584,47.47015482],[0.34202462,47.47475346],[0.33698896,47.47570479],[0.32699889,47.47615587],[0.32105239,47.47435471],[0.30742352,47.46752196],[0.292657,47.4646845],[0.29059118,47.47046579],[0.29250486,47.47761774],[0.29800504,47.48195897],[0.29714873,47.48683797],[0.27866562,47.501151],[0.27662281,47.5046736],[0.28004893,47.50646317],[0.30182345,47.50643905],[0.31082536,47.51243586],[0.31383674,47.51356813],[0.31770839,47.5129512],[0.32213891,47.50852544],[0.32861383,47.50485434],[0.3347745,47.50339047],[0.34829147,47.50165895],[0.35987785,47.50614444],[0.37630476,47.50014524],[0.39254095,47.49252825],[0.39826122,47.48846634]]]]},"geometry_name":"geometrie","properties":{"code":"37086","name":"Courcelles-de-Touraine","epci":"200072981","level":"commune"}},{"type":"Feature","id":"commune.13811","geometry":{"type":"MultiPolygon","coordinates":[[[[0.42943474,47.01757791],[0.42884777,47.01695949],[0.42392424,47.01831352],[0.41499524,47.01866879],[0.40777346,47.01685111],[0.40438101,47.01292296],[0.40414961,47.00844967],[0.40132111,47.00778696],[0.39748453,47.00798606],[0.38159966,47.01298215],[0.37632774,47.01582165],[0.36548946,47.03235728],[0.36558346,47.04398102],[0.37265965,47.04937783],[0.37510886,47.05012716],[0.38414476,47.0451822],[0.39394793,47.04240504],[0.41342055,47.0425438],[0.42590973,47.04418581],[0.4283444,47.04259518],[0.43398095,47.04147657],[0.43497034,47.04120399],[0.43549356,47.03845736],[0.43480097,47.03304165],[0.43299506,47.02926587],[0.42943474,47.01757791]]]]},"geometry_name":"geometrie","properties":{"code":"37087","name":"Courcoué","epci":"200072668","level":"commune"}},{"type":"Feature","id":"commune.13812","geometry":{"type":"MultiPolygon","coordinates":[[[[0.07836679,47.14642326],[0.0662595,47.1432159],[0.06165018,47.15284143],[0.05750142,47.15852978],[0.05415506,47.16102937],[0.05390703,47.16367895],[0.06318217,47.1763022],[0.06652071,47.18966257],[0.07770893,47.19363196],[0.09370726,47.2011246],[0.09449451,47.2008903],[0.09945267,47.19711557],[0.08058034,47.18392428],[0.07990722,47.17938029],[0.08188791,47.17282484],[0.09677758,47.1675768],[0.1024473,47.1615901],[0.09615172,47.15393231],[0.07836679,47.14642326]]]]},"geometry_name":"geometrie","properties":{"code":"37088","name":"Couziers","epci":"200043081","level":"commune"}},{"type":"Feature","id":"commune.13813","geometry":{"type":"MultiPolygon","coordinates":[[[[0.36583174,47.13582729],[0.33172115,47.14085569],[0.32881199,47.14102997],[0.32850382,47.14223895],[0.32716898,47.14266573],[0.31318842,47.14547581],[0.2901155,47.14549888],[0.28271421,47.14671616],[0.28840318,47.15934044],[0.28927173,47.16407117],[0.29762156,47.1752861],[0.29913527,47.17502776],[0.30003656,47.17270397],[0.30367336,47.17001335],[0.31254754,47.17376892],[0.31440521,47.17913759],[0.31459686,47.19152715],[0.32819185,47.19483228],[0.35969864,47.19733486],[0.36292081,47.19862613],[0.36485511,47.20368299],[0.39396309,47.20134744],[0.38395218,47.18423676],[0.37736893,47.16557317],[0.37563614,47.15771417],[0.37703607,47.15456793],[0.37748173,47.14926788],[0.37606919,47.14731087],[0.36892494,47.14230775],[0.36583174,47.13582729]]]]},"geometry_name":"geometrie","properties":{"code":"37089","name":"Cravant-les-Côteaux","epci":"200043081","level":"commune"}},{"type":"Feature","id":"commune.13814","geometry":{"type":"MultiPolygon","coordinates":[[[[0.49573206,47.19745502],[0.51450306,47.19742074],[0.51028139,47.19089798],[0.50230685,47.18654686],[0.49754101,47.18279868],[0.49370625,47.17047472],[0.49376792,47.16892318],[0.49863557,47.16541741],[0.50407043,47.16345043],[0.51209616,47.16253604],[0.50528122,47.15467811],[0.50397113,47.14989665],[0.50453095,47.14530953],[0.47873906,47.14442878],[0.47373814,47.14546815],[0.47366987,47.14619177],[0.4741936,47.14842446],[0.47874809,47.15506505],[0.48618133,47.16340374],[0.48856549,47.16741697],[0.48939648,47.18482917],[0.49277768,47.19384221],[0.49573206,47.19745502]]]]},"geometry_name":"geometrie","properties":{"code":"37090","name":"Crissay-sur-Manse","epci":"200072668","level":"commune"}},{"type":"Feature","id":"commune.13815","geometry":{"type":"MultiPolygon","coordinates":[[[[1.02469863,47.36423374],[1.02601348,47.36214261],[1.02250739,47.35608387],[1.00615075,47.33415604],[1.00364212,47.32866573],[0.99541575,47.33000985],[0.96813174,47.33070181],[0.96145688,47.33147815],[0.96089903,47.33671302],[0.96829553,47.35436769],[0.97598997,47.36253548],[0.98036793,47.36587061],[0.9851235,47.36597838],[0.99110026,47.36603864],[0.99329688,47.37105909],[1.00421792,47.37127778],[1.01047779,47.36683039],[1.0159219,47.36513238],[1.01810899,47.36853487],[1.02469863,47.36423374]]]]},"geometry_name":"geometrie","properties":{"code":"37091","name":"La Croix-en-Touraine","epci":"243700820","level":"commune"}},{"type":"Feature","id":"commune.13816","geometry":{"type":"MultiPolygon","coordinates":[[[[0.8211324,47.56823582],[0.82286714,47.56383428],[0.83704028,47.55616933],[0.84293437,47.55116202],[0.84663699,47.54615269],[0.84727595,47.53689228],[0.8448014,47.53507621],[0.84293193,47.5321745],[0.84718328,47.51726815],[0.83326561,47.51376933],[0.82683574,47.51152982],[0.81615822,47.51626852],[0.80793239,47.52114605],[0.80290034,47.53086311],[0.79598285,47.53959338],[0.79925178,47.54585412],[0.80689664,47.55586568],[0.80582288,47.55982471],[0.80632434,47.56079856],[0.8211324,47.56823582]]]]},"geometry_name":"geometrie","properties":{"code":"37092","name":"Crotelles","epci":"243700499","level":"commune"}},{"type":"Feature","id":"commune.13817","geometry":{"type":"MultiPolygon","coordinates":[[[[0.4350994,47.11902072],[0.43623286,47.12418118],[0.43359252,47.13359067],[0.43229808,47.13413483],[0.43457982,47.13608609],[0.4372207,47.13656889],[0.44216888,47.13827908],[0.44998565,47.1435662],[0.47366987,47.14619177],[0.47373814,47.14546815],[0.47873906,47.14442878],[0.50453095,47.14530953],[0.503307,47.13867615],[0.501292,47.13589978],[0.49679889,47.13427677],[0.49695621,47.13350463],[0.49767602,47.13056844],[0.49407484,47.12184143],[0.48743025,47.11519288],[0.4809999,47.11562496],[0.47559781,47.11444155],[0.46678388,47.11373355],[0.46214292,47.11530991],[0.45341953,47.12042006],[0.4499467,47.12068853],[0.44471597,47.11987317],[0.4350994,47.11902072]]]]},"geometry_name":"geometrie","properties":{"code":"37093","name":"Crouzilles","epci":"200072668","level":"commune"}},{"type":"Feature","id":"commune.13818","geometry":{"type":"MultiPolygon","coordinates":[[[[0.71789264,47.01835155],[0.72515894,47.02534576],[0.73226311,47.0273698],[0.74215142,47.03713533],[0.74773863,47.04594695],[0.74965223,47.04477012],[0.76087203,47.04441987],[0.77710301,47.045626],[0.77968085,47.04471726],[0.78082911,47.04412597],[0.78336787,47.03797443],[0.78727829,47.0341783],[0.78934102,47.03270557],[0.79358414,47.03202926],[0.79985623,47.02927398],[0.80542118,47.02575286],[0.8187012,47.01048677],[0.81559718,47.00740357],[0.8047437,47.0009865],[0.78705745,46.99998035],[0.78277551,47.0004746],[0.77345494,46.99905397],[0.75779459,46.99436699],[0.75291262,46.99197881],[0.74451519,46.99554929],[0.74137093,47.00869034],[0.73004775,47.01452184],[0.71789264,47.01835155]]]]},"geometry_name":"geometrie","properties":{"code":"37094","name":"Cussay","epci":"200071587","level":"commune"}},{"type":"Feature","id":"commune.13819","geometry":{"type":"MultiPolygon","coordinates":[[[[1.04483363,47.5318117],[1.04213852,47.52869422],[1.03865943,47.5279316],[1.03556976,47.52822353],[1.03563421,47.52987059],[1.02460732,47.53606647],[1.02019686,47.54044876],[1.0197966,47.5477363],[1.03579559,47.55569645],[1.03608505,47.55813514],[1.04256055,47.55892832],[1.06387766,47.56635771],[1.0695197,47.57040937],[1.07702165,47.57238359],[1.07708537,47.56155646],[1.06688895,47.5546826],[1.04709179,47.53707199],[1.04483363,47.5318117]]]]},"geometry_name":"geometrie","properties":{"code":"37095","name":"Dame-Marie-les-Bois","epci":"243700499","level":"commune"}},{"type":"Feature","id":"commune.13820","geometry":{"type":"MultiPolygon","coordinates":[[[[0.93095203,47.33799071],[0.9363589,47.35237742],[0.94063196,47.35863716],[0.95358104,47.37020799],[0.96755099,47.37255135],[0.98092932,47.37204794],[0.98350005,47.37083817],[0.9851235,47.36597838],[0.98036793,47.36587061],[0.97598997,47.36253548],[0.96829553,47.35436769],[0.96089903,47.33671302],[0.96145688,47.33147815],[0.94664274,47.33389892],[0.93095203,47.33799071]]]]},"geometry_name":"geometrie","properties":{"code":"37096","name":"Dierre","epci":"243700820","level":"commune"}},{"type":"Feature","id":"commune.13821","geometry":{"type":"MultiPolygon","coordinates":[[[[0.92720883,47.15804256],[0.90490484,47.14031323],[0.90357559,47.13353274],[0.88960785,47.13234032],[0.88335681,47.12675123],[0.88114778,47.13420127],[0.87913736,47.13732921],[0.87384799,47.13895232],[0.86057386,47.14988347],[0.85212481,47.16342093],[0.85276027,47.16463865],[0.85776779,47.17180579],[0.85773281,47.17417827],[0.8538637,47.17800268],[0.8666848,47.17628169],[0.87901338,47.19394393],[0.88667315,47.20207136],[0.90119094,47.19430112],[0.90711444,47.19306823],[0.9164997,47.18687296],[0.91818886,47.18541646],[0.92419469,47.16896325],[0.92418509,47.15948517],[0.92720883,47.15804256]]]]},"geometry_name":"geometrie","properties":{"code":"37097","name":"Dolus-le-Sec","epci":"200071587","level":"commune"}},{"type":"Feature","id":"commune.13822","geometry":{"type":"MultiPolygon","coordinates":[[[[0.65432107,47.05038152],[0.64820737,47.04355489],[0.64468682,47.04098272],[0.64083054,47.03886475],[0.63642226,47.03771534],[0.63462961,47.0376435],[0.62820846,47.04003024],[0.6214476,47.04365354],[0.61238892,47.04706865],[0.60639732,47.0537452],[0.60615232,47.05519751],[0.60789192,47.06058032],[0.61515743,47.06409567],[0.61415953,47.07011627],[0.60403968,47.07433665],[0.60440579,47.07624568],[0.61036843,47.08239502],[0.62751427,47.08740771],[0.64098469,47.09471531],[0.64827598,47.09649237],[0.65481218,47.09705119],[0.65665037,47.09603014],[0.65359272,47.09437116],[0.65685867,47.0706037],[0.65631675,47.05737829],[0.65432107,47.05038152]]]]},"geometry_name":"geometrie","properties":{"code":"37098","name":"Draché","epci":"200071587","level":"commune"}},{"type":"Feature","id":"commune.13823","geometry":{"type":"MultiPolygon","coordinates":[[[[0.55640889,47.32186404],[0.55676374,47.31706557],[0.57096525,47.30823271],[0.57932168,47.30618988],[0.57152294,47.29628355],[0.56212016,47.28830097],[0.54956669,47.28106163],[0.54595602,47.27816527],[0.54308408,47.27781805],[0.53891603,47.27548788],[0.52677922,47.27243577],[0.52287672,47.27163103],[0.50966941,47.27501042],[0.49164356,47.28500616],[0.49546045,47.28797086],[0.50793817,47.3065686],[0.50821424,47.31029255],[0.50851015,47.31296223],[0.51697239,47.31434418],[0.53438047,47.32099476],[0.53609887,47.32343693],[0.53772422,47.32343539],[0.54414272,47.32330115],[0.54635157,47.32198064],[0.54891197,47.3217186],[0.55640889,47.32186404]]]]},"geometry_name":"geometrie","properties":{"code":"37099","name":"Druye","epci":"243700754","level":"commune"}},{"type":"Feature","id":"commune.13824","geometry":{"type":"MultiPolygon","coordinates":[[[[1.10785954,47.29862781],[1.11852782,47.29593228],[1.12696847,47.29612915],[1.13166567,47.2951522],[1.14252896,47.28457921],[1.16196747,47.27220986],[1.15523444,47.26708541],[1.14814999,47.26463391],[1.13493091,47.26184124],[1.11231535,47.25324103],[1.1127872,47.25494528],[1.11191022,47.25679237],[1.10315439,47.26326555],[1.09536419,47.28916803],[1.10034988,47.29152263],[1.10785954,47.29862781]]]]},"geometry_name":"geometrie","properties":{"code":"37100","name":"Épeigné-les-Bois","epci":"243700820","level":"commune"}},{"type":"Feature","id":"commune.13825","geometry":{"type":"MultiPolygon","coordinates":[[[[0.5860955,47.64706073],[0.58123562,47.65663893],[0.57444703,47.65960766],[0.56964998,47.65703066],[0.56302713,47.65711514],[0.56246332,47.6627145],[0.55933064,47.66615391],[0.55845369,47.66678937],[0.55833658,47.6707735],[0.57083965,47.66857296],[0.58426599,47.66874411],[0.5966384,47.67286596],[0.60328498,47.67935274],[0.61077612,47.68229582],[0.61480972,47.68292479],[0.61906955,47.69091067],[0.61863876,47.69374652],[0.61493065,47.69414009],[0.62129514,47.70242267],[0.62657881,47.70724851],[0.63084963,47.70954936],[0.63627886,47.7084832],[0.653822,47.69900877],[0.64369331,47.68795171],[0.64318271,47.68604772],[0.64664791,47.6847344],[0.65412379,47.68409314],[0.65441227,47.68453746],[0.66091168,47.68435703],[0.6638784,47.681443],[0.66388927,47.67322279],[0.65860242,47.66734763],[0.65630605,47.66594097],[0.64969445,47.66529941],[0.64402069,47.66847643],[0.6393562,47.66955924],[0.63335292,47.6688417],[0.62026668,47.66287403],[0.61248751,47.65697646],[0.60223646,47.6495985],[0.5860955,47.64706073]]]]},"geometry_name":"geometrie","properties":{"code":"37101","name":"Épeigné-sur-Dême","epci":"200073237","level":"commune"}},{"type":"Feature","id":"commune.13827","geometry":{"type":"MultiPolygon","coordinates":[[[[0.82711394,47.30975251],[0.82430458,47.29543018],[0.82490037,47.28630852],[0.81796099,47.27454798],[0.81708518,47.27447837],[0.81682531,47.27338376],[0.81852971,47.26018248],[0.80894075,47.2583797],[0.80403009,47.25628026],[0.80117831,47.25326863],[0.7963727,47.25165807],[0.79189173,47.25197178],[0.78388463,47.25458839],[0.76863148,47.26153859],[0.76510224,47.26404188],[0.77082246,47.27894809],[0.76976994,47.28507899],[0.75164309,47.29101626],[0.75261238,47.29233642],[0.75543567,47.30992041],[0.75480349,47.31734352],[0.75116032,47.31879591],[0.75390516,47.32308276],[0.7638193,47.32561568],[0.76631039,47.3308123],[0.77033645,47.32742242],[0.77698352,47.32427984],[0.78557144,47.32550215],[0.7915554,47.32737496],[0.80021655,47.32712061],[0.80239277,47.32657105],[0.82711394,47.30975251]]]]},"geometry_name":"geometrie","properties":{"code":"37104","name":"Esvres","epci":"200072650","level":"commune"}},{"type":"Feature","id":"commune.13828","geometry":{"type":"MultiPolygon","coordinates":[[[[0.35076003,46.977829],[0.36576099,46.96924521],[0.38171157,46.96252426],[0.38603721,46.95650207],[0.38673651,46.9516993],[0.38660595,46.94735246],[0.38774845,46.94385424],[0.3877344,46.94327378],[0.38320217,46.94369796],[0.37928157,46.94466378],[0.36651429,46.94987429],[0.36072916,46.94846095],[0.35297697,46.94241498],[0.35149637,46.93974684],[0.34787411,46.93658168],[0.33842465,46.93619896],[0.3298223,46.93270006],[0.32355732,46.93115205],[0.31120515,46.9379625],[0.30769378,46.94505873],[0.3055067,46.95328218],[0.30220758,46.95535361],[0.30664488,46.95721318],[0.30970116,46.96086461],[0.33151333,46.96095083],[0.33681065,46.96207598],[0.3389517,46.9685927],[0.34426865,46.97351324],[0.35043149,46.97677196],[0.35076003,46.977829]]]]},"geometry_name":"geometrie","properties":{"code":"37105","name":"Faye-la-Vineuse","epci":"200072668","level":"commune"}},{"type":"Feature","id":"commune.13829","geometry":{"type":"MultiPolygon","coordinates":[[[[0.7371228,47.61006061],[0.73573346,47.61088822],[0.7271101,47.62827099],[0.72961149,47.63613485],[0.73516511,47.64239378],[0.73832928,47.64368962],[0.76209204,47.64457681],[0.7675244,47.64346334],[0.77430051,47.63884635],[0.77848639,47.62973239],[0.782504,47.61540138],[0.78080411,47.61163665],[0.78438103,47.60961101],[0.76988118,47.59721994],[0.76861285,47.59711556],[0.75827347,47.60039957],[0.75306106,47.60359869],[0.750339,47.60809998],[0.74834124,47.60905739],[0.74132925,47.61125867],[0.7371228,47.61006061]]]]},"geometry_name":"geometrie","properties":{"code":"37106","name":"La Ferrière","epci":"243700499","level":"commune"}},{"type":"Feature","id":"commune.13830","geometry":{"type":"MultiPolygon","coordinates":[[[[0.88904452,46.97137122],[0.86735942,46.96612121],[0.8613344,46.9655692],[0.85446155,46.97136351],[0.847766,46.98310881],[0.85555896,47.0039226],[0.84672929,47.01238842],[0.84182907,47.01437384],[0.84170227,47.0164259],[0.84828622,47.01716848],[0.86739243,47.02639728],[0.87250179,47.02382019],[0.88875875,47.01546155],[0.90508148,47.01579678],[0.90098887,47.01057429],[0.90590604,46.9947067],[0.90517624,46.98986683],[0.89766115,46.98656971],[0.89365034,46.98239582],[0.88904452,46.97137122]]]]},"geometry_name":"geometrie","properties":{"code":"37107","name":"Ferrière-Larçon","epci":"200071587","level":"commune"}},{"type":"Feature","id":"commune.13831","geometry":{"type":"MultiPolygon","coordinates":[[[[1.01618864,47.17780423],[1.03578239,47.16828612],[1.05807858,47.15795642],[1.07015535,47.15128354],[1.09451911,47.13367702],[1.09489217,47.12648588],[1.08937616,47.12694694],[1.07385436,47.12551788],[1.06702564,47.1233957],[1.05498717,47.12620901],[1.03804766,47.1261994],[1.03887571,47.12694111],[1.03674451,47.13053069],[1.03045187,47.13538681],[1.02258595,47.13708351],[1.01628786,47.13937934],[1.01739853,47.1533105],[1.01430867,47.1591635],[1.01164442,47.16066045],[1.01101594,47.1611963],[1.01618864,47.17780423]]]]},"geometry_name":"geometrie","properties":{"code":"37108","name":"Ferrière-sur-Beaulieu","epci":"200071587","level":"commune"}},{"type":"Feature","id":"commune.13832","geometry":{"type":"MultiPolygon","coordinates":[[[[0.61130292,47.38486909],[0.60591899,47.38332633],[0.5901313,47.38043146],[0.57693856,47.3770995],[0.57068242,47.38752973],[0.57115555,47.39066841],[0.57316236,47.39365178],[0.57409084,47.39485188],[0.5773815,47.39623092],[0.57822659,47.40018966],[0.57664595,47.40548842],[0.57083082,47.41217489],[0.56697083,47.414697],[0.55868734,47.42256057],[0.5543203,47.42819499],[0.55420533,47.43065487],[0.5663645,47.43470687],[0.56711223,47.4316289],[0.57511189,47.42898331],[0.58713543,47.4299421],[0.58933941,47.43419994],[0.58598345,47.44325259],[0.58234686,47.44820336],[0.5982077,47.44658921],[0.60382904,47.44673212],[0.60531627,47.44111418],[0.60949175,47.43830552],[0.61762464,47.437352],[0.62214237,47.43551264],[0.6353659,47.4270167],[0.63602616,47.41659581],[0.64365689,47.4056427],[0.64522816,47.40348517],[0.64805035,47.40244176],[0.65084146,47.40013772],[0.6517844,47.39838528],[0.65083587,47.39720885],[0.64702754,47.3933493],[0.64796331,47.39160936],[0.61130292,47.38486909]]]]},"geometry_name":"geometrie","properties":{"code":"37109","name":"Fondettes","epci":"243700754","level":"commune"}},{"type":"Feature","id":"commune.13833","geometry":{"type":"MultiPolygon","coordinates":[[[[1.10785954,47.29862781],[1.10034988,47.29152263],[1.09536419,47.28916803],[1.09047161,47.29254556],[1.06460205,47.29916166],[1.0498191,47.30566714],[1.04469021,47.31177637],[1.0496981,47.32208499],[1.05204599,47.32435136],[1.0596497,47.32301896],[1.06581991,47.3234569],[1.07407521,47.32587509],[1.07858427,47.32640815],[1.08256304,47.32688365],[1.08674584,47.32839974],[1.09481685,47.32870534],[1.09799142,47.31615138],[1.10785954,47.29862781]]]]},"geometry_name":"geometrie","properties":{"code":"37110","name":"Francueil","epci":"243700820","level":"commune"}},{"type":"Feature","id":"commune.13834","geometry":{"type":"MultiPolygon","coordinates":[[[[1.07306473,47.22618554],[1.09049613,47.21448888],[1.10368395,47.21755295],[1.10760795,47.2193245],[1.11399011,47.22013456],[1.12397603,47.21695572],[1.13182497,47.212027],[1.13758303,47.21508242],[1.14368022,47.21970446],[1.15291658,47.21739815],[1.17096258,47.21581855],[1.18333659,47.2186553],[1.1829151,47.21736007],[1.18556986,47.21463261],[1.18875255,47.20693262],[1.1879621,47.19842573],[1.18395558,47.19542821],[1.16888338,47.18740501],[1.14972262,47.18153159],[1.14771525,47.18006495],[1.1447495,47.177016],[1.13845894,47.16716224],[1.12641007,47.15405677],[1.11820027,47.14290356],[1.11137098,47.13948276],[1.09451911,47.13367702],[1.07015535,47.15128354],[1.05807858,47.15795642],[1.03578239,47.16828612],[1.05152955,47.1796057],[1.05603793,47.19542944],[1.06294226,47.19973086],[1.0681275,47.19953469],[1.07600479,47.20970414],[1.07469042,47.21242084],[1.06750037,47.21901917],[1.0641392,47.2240475],[1.06545233,47.22818669],[1.0724167,47.22571369],[1.07306473,47.22618554]]]]},"geometry_name":"geometrie","properties":{"code":"37111","name":"Genillé","epci":"200071587","level":"commune"}},{"type":"Feature","id":"commune.13835","geometry":{"type":"MultiPolygon","coordinates":[[[[0.18521245,47.42633066],[0.18764515,47.42742358],[0.19698483,47.42366228],[0.20012665,47.42325245],[0.2054366,47.42481146],[0.20495904,47.41915945],[0.21062247,47.41293069],[0.2131176,47.40006552],[0.20861101,47.3880925],[0.2034411,47.38394267],[0.19881217,47.37772843],[0.19863491,47.36594377],[0.20493135,47.358337],[0.20388461,47.35443664],[0.19588952,47.34912562],[0.17868386,47.35669175],[0.16967334,47.35961092],[0.15589184,47.36202714],[0.15364251,47.36356647],[0.1626831,47.3682781],[0.17644698,47.37697274],[0.17898822,47.3806448],[0.17926042,47.38444461],[0.16950974,47.3958925],[0.16640844,47.39729242],[0.15345668,47.39876314],[0.15916822,47.4036644],[0.16245674,47.40477791],[0.17103918,47.41004402],[0.18194159,47.41891922],[0.18503021,47.42358522],[0.18521245,47.42633066]]]]},"geometry_name":"geometrie","properties":{"code":"37112","name":"Gizeux","epci":"200072981","level":"commune"}},{"type":"Feature","id":"commune.13836","geometry":{"type":"MultiPolygon","coordinates":[[[[0.82079296,46.94912909],[0.8418383,46.94831717],[0.84717578,46.94966713],[0.85032877,46.94866856],[0.85157371,46.94547361],[0.85188574,46.94367805],[0.85024183,46.94136236],[0.8510119,46.93250942],[0.85319243,46.92892027],[0.85704987,46.92762932],[0.86052612,46.92327423],[0.86428173,46.91272835],[0.86631963,46.90908048],[0.86672805,46.90408919],[0.8657649,46.90058746],[0.86315165,46.89861242],[0.8672366,46.89632201],[0.85898485,46.89090701],[0.84987504,46.8888449],[0.84150879,46.88854606],[0.83055253,46.89216187],[0.81942678,46.8914032],[0.81428237,46.8890746],[0.80762638,46.88632068],[0.80588927,46.88846733],[0.78731407,46.89567435],[0.77925706,46.90645313],[0.76489775,46.91061057],[0.76035372,46.91420358],[0.76430447,46.916379],[0.76714665,46.92045044],[0.76750836,46.92636978],[0.7613703,46.93521827],[0.76790213,46.94017911],[0.77922522,46.94417722],[0.78624956,46.94366473],[0.79031766,46.94163063],[0.80395802,46.93894331],[0.81249549,46.93955601],[0.81637222,46.94046898],[0.82079296,46.94912909]]]]},"geometry_name":"geometrie","properties":{"code":"37113","name":"Le Grand-Pressigny","epci":"200071587","level":"commune"}},{"type":"Feature","id":"commune.13837","geometry":{"type":"MultiPolygon","coordinates":[[[[0.70378308,46.90942115],[0.72365338,46.9064936],[0.73608172,46.89081171],[0.74040042,46.88640906],[0.74815873,46.8811278],[0.7435432,46.87172017],[0.73768764,46.87345446],[0.73321509,46.87650017],[0.72939355,46.88330474],[0.71228624,46.89825177],[0.70531972,46.90235299],[0.70404459,46.90443623],[0.70378308,46.90942115]]]]},"geometry_name":"geometrie","properties":{"code":"37114","name":"La Guerche","epci":"200071587","level":"commune"}},{"type":"Feature","id":"commune.13838","geometry":{"type":"MultiPolygon","coordinates":[[[[0.71789264,47.01835155],[0.73004775,47.01452184],[0.74137093,47.00869034],[0.74451519,46.99554929],[0.75291262,46.99197881],[0.75096465,46.9889379],[0.74669184,46.98689007],[0.74502665,46.98266833],[0.74756995,46.97476384],[0.75230712,46.97021398],[0.74370473,46.96935065],[0.72450932,46.97107487],[0.71438608,46.96862377],[0.70656592,46.96509618],[0.69502124,46.96245382],[0.69450077,46.96441512],[0.69556552,46.96915894],[0.69375369,46.97316521],[0.69217076,46.97442519],[0.67818764,46.97766371],[0.6616213,46.97808655],[0.6580353,46.98050884],[0.65662155,46.98539907],[0.64790366,46.98834001],[0.64324179,46.98805571],[0.63776266,46.985481],[0.62953285,46.98894309],[0.6241006,46.99375394],[0.62137426,46.99650269],[0.62180074,46.99943441],[0.6280691,46.99913469],[0.64341424,47.00262873],[0.65815571,47.00742531],[0.65922619,47.00988711],[0.66095169,47.01012026],[0.66819056,47.01472085],[0.67589186,47.02078403],[0.678969,47.02616651],[0.6833785,47.02915719],[0.69040726,47.02423959],[0.70419583,47.01791241],[0.71789264,47.01835155]]]]},"geometry_name":"geometrie","properties":{"code":"37115","name":"Descartes","epci":"200071587","level":"commune"}},{"type":"Feature","id":"commune.13839","geometry":{"type":"MultiPolygon","coordinates":[[[[0.77430051,47.63884635],[0.7675244,47.64346334],[0.76209204,47.64457681],[0.73832928,47.64368962],[0.73514267,47.64558999],[0.72983532,47.6550472],[0.7161955,47.6596682],[0.70197673,47.66869755],[0.70215549,47.67194274],[0.71232382,47.68218952],[0.7253115,47.69024625],[0.73682822,47.69509082],[0.74986024,47.69221151],[0.78313589,47.68233645],[0.79318854,47.68017203],[0.80516626,47.67899468],[0.8116195,47.68220772],[0.83377547,47.67706931],[0.83392046,47.67520723],[0.81349829,47.66416322],[0.79665138,47.65916541],[0.78918087,47.65531088],[0.77750547,47.63908387],[0.77430051,47.63884635]]]]},"geometry_name":"geometrie","properties":{"code":"37116","name":"Les Hermites","epci":"243700499","level":"commune"}},{"type":"Feature","id":"commune.13840","geometry":{"type":"MultiPolygon","coordinates":[[[[0.29172897,47.45464886],[0.30032933,47.44918955],[0.30827252,47.44229402],[0.31599806,47.43938218],[0.32721175,47.43329849],[0.32908563,47.42790398],[0.32873613,47.41990128],[0.33000494,47.41425415],[0.32201293,47.41085122],[0.32118055,47.40881625],[0.31822411,47.40643595],[0.31228039,47.40500347],[0.29926371,47.40439919],[0.2912693,47.40294678],[0.27309042,47.39643731],[0.26946001,47.39643046],[0.24955531,47.39963174],[0.24657029,47.39919447],[0.24267823,47.40921943],[0.23089899,47.42401802],[0.23144362,47.42462548],[0.24521696,47.42637389],[0.2529518,47.43143341],[0.25746353,47.43809899],[0.26250687,47.44877607],[0.26891593,47.45258539],[0.27326483,47.44992758],[0.27579715,47.44940413],[0.29065095,47.45199279],[0.29172897,47.45464886]]]]},"geometry_name":"geometrie","properties":{"code":"37117","name":"Hommes","epci":"200072981","level":"commune"}},{"type":"Feature","id":"commune.13841","geometry":{"type":"MultiPolygon","coordinates":[[[[0.22040463,47.23905259],[0.25482402,47.24787392],[0.26471505,47.25289459],[0.26423024,47.25664848],[0.26252692,47.25951514],[0.27226247,47.26212809],[0.27902111,47.25685784],[0.28209879,47.25219818],[0.28372723,47.2481963],[0.28352245,47.24101939],[0.28562268,47.23499904],[0.29026295,47.23073338],[0.28749223,47.22806345],[0.28487655,47.22649245],[0.28088738,47.22002663],[0.2773772,47.20134973],[0.26874381,47.20020059],[0.25011349,47.20228382],[0.23242957,47.20688019],[0.21979822,47.20755688],[0.21671472,47.20828727],[0.22060662,47.21851775],[0.22429379,47.22723515],[0.22040463,47.23905259]]]]},"geometry_name":"geometrie","properties":{"code":"37118","name":"Huismes","epci":"200043081","level":"commune"}},{"type":"Feature","id":"commune.13842","geometry":{"type":"MultiPolygon","coordinates":[[[[0.41191053,47.11702135],[0.41376852,47.12205238],[0.40214511,47.12348984],[0.4043123,47.1280064],[0.42113071,47.12876186],[0.43229808,47.13413483],[0.43359252,47.13359067],[0.43623286,47.12418118],[0.4350994,47.11902072],[0.431934,47.11438892],[0.42510909,47.11127626],[0.42022105,47.11336071],[0.41987087,47.11428071],[0.4186742,47.11419545],[0.41191053,47.11702135]]]]},"geometry_name":"geometrie","properties":{"code":"37119","name":"L'Île-Bouchard","epci":"200072668","level":"commune"}},{"type":"Feature","id":"commune.13843","geometry":{"type":"MultiPolygon","coordinates":[[[[0.43904209,46.98164817],[0.44550667,46.98517498],[0.45579911,46.98900571],[0.45664981,46.98852451],[0.45189005,46.97978068],[0.44237857,46.96766942],[0.44266381,46.96403373],[0.43583915,46.95170839],[0.43766403,46.94482161],[0.44488629,46.94126873],[0.44301842,46.93526562],[0.43864193,46.92948508],[0.41514292,46.93721202],[0.40632347,46.93682198],[0.40536629,46.93613111],[0.38774845,46.94385424],[0.38660595,46.94735246],[0.38673651,46.9516993],[0.39245571,46.94945419],[0.39419645,46.95021153],[0.40223721,46.96019685],[0.41342725,46.96993962],[0.4309287,46.97669157],[0.43904209,46.98164817]]]]},"geometry_name":"geometrie","properties":{"code":"37121","name":"Jaulnay","epci":"200072668","level":"commune"}},{"type":"Feature","id":"commune.13844","geometry":{"type":"MultiPolygon","coordinates":[[[[0.6222048,47.32745703],[0.62344203,47.33804681],[0.62235277,47.34232684],[0.62155192,47.34476016],[0.63048752,47.3482265],[0.64003619,47.35335722],[0.641156,47.36029042],[0.64079159,47.37327621],[0.64312069,47.37261919],[0.66046367,47.37524369],[0.6609622,47.37092721],[0.65563538,47.36720031],[0.66087873,47.36399624],[0.66442906,47.36300945],[0.66852945,47.36305668],[0.67283703,47.36425529],[0.67442747,47.36416826],[0.67399012,47.36303554],[0.67620771,47.36303489],[0.67621749,47.36204442],[0.67818272,47.36196303],[0.68467932,47.36219805],[0.68548691,47.36231231],[0.68575819,47.36309043],[0.68909663,47.36353243],[0.6892107,47.36171548],[0.68995512,47.3602497],[0.69343012,47.35911554],[0.69750868,47.35978724],[0.69883792,47.35568162],[0.69929885,47.35417414],[0.68981491,47.34747183],[0.68740507,47.34712127],[0.67453605,47.34075276],[0.67652844,47.33130555],[0.6855226,47.32222864],[0.68816831,47.31541594],[0.6911803,47.31334142],[0.69017475,47.31135086],[0.67804379,47.30745677],[0.67624843,47.30629055],[0.66471633,47.30012121],[0.64692011,47.30364616],[0.64314917,47.30364709],[0.64023084,47.30364993],[0.63743125,47.30272926],[0.62766503,47.30276238],[0.61519227,47.30488535],[0.61026851,47.30540822],[0.61053064,47.31192531],[0.61695508,47.32158259],[0.6222048,47.32745703]]]]},"geometry_name":"geometrie","properties":{"code":"37122","name":"Joué-lès-Tours","epci":"243700754","level":"commune"}},{"type":"Feature","id":"commune.13845","geometry":{"type":"MultiPolygon","coordinates":[[[[0.37279503,47.39341205],[0.37564008,47.39062379],[0.38001803,47.38251626],[0.39917575,47.3685669],[0.4180265,47.36835686],[0.42023949,47.34985884],[0.43359809,47.34194583],[0.44180605,47.32304199],[0.42483439,47.32075814],[0.40564051,47.31953542],[0.39749244,47.31763625],[0.39215445,47.31447649],[0.38465466,47.31161006],[0.37616768,47.30562768],[0.36801979,47.30197712],[0.36018109,47.31188195],[0.35352669,47.31777707],[0.34630536,47.32203393],[0.3437408,47.32441629],[0.34128717,47.32928807],[0.33572461,47.33648356],[0.32916174,47.34319192],[0.32393506,47.34476139],[0.31698643,47.34225192],[0.31175741,47.3386523],[0.30822395,47.33560338],[0.30634911,47.32821157],[0.30305681,47.32805496],[0.29769448,47.32870042],[0.29168764,47.3305367],[0.28760177,47.33761135],[0.2877281,47.34077416],[0.28973664,47.3442187],[0.28424805,47.34433818],[0.28448371,47.3470919],[0.28854532,47.35058894],[0.30197779,47.35900395],[0.30392588,47.36505352],[0.30535643,47.37357436],[0.30819967,47.38096233],[0.31253686,47.38618606],[0.31531412,47.38780039],[0.32487509,47.39017267],[0.34263892,47.38533078],[0.34746238,47.38482218],[0.36283019,47.38550246],[0.36731726,47.38781543],[0.37279503,47.39341205]]]]},"geometry_name":"geometrie","properties":{"code":"37123","name":"Langeais","epci":"200072981","level":"commune"}},{"type":"Feature","id":"commune.13846","geometry":{"type":"MultiPolygon","coordinates":[[[[0.76566266,47.37071179],[0.76539767,47.3735399],[0.76769034,47.37881447],[0.78149111,47.37733884],[0.78401633,47.37677193],[0.78710239,47.37421099],[0.78867992,47.3742131],[0.78849365,47.37336123],[0.79114684,47.37267413],[0.79695542,47.37230079],[0.79228357,47.36554254],[0.78708047,47.35324983],[0.78696575,47.34102863],[0.78947151,47.33844667],[0.7915554,47.32737496],[0.78557144,47.32550215],[0.77698352,47.32427984],[0.77033645,47.32742242],[0.76631039,47.3308123],[0.76582158,47.33514013],[0.76384555,47.33878369],[0.75771571,47.35922674],[0.76278088,47.36660826],[0.76248857,47.36973843],[0.76585022,47.37021918],[0.76566266,47.37071179]]]]},"geometry_name":"geometrie","properties":{"code":"37124","name":"Larçay","epci":"200073161","level":"commune"}},{"type":"Feature","id":"commune.13847","geometry":{"type":"MultiPolygon","coordinates":[[[[0.30462146,47.1137522],[0.31841231,47.12056509],[0.32620367,47.11916187],[0.33886487,47.10935309],[0.35644817,47.11375427],[0.36339825,47.11688112],[0.36431247,47.11532195],[0.35877457,47.10976911],[0.35765169,47.1081283],[0.35854695,47.10771006],[0.35577648,47.10294539],[0.36240739,47.09355908],[0.3623225,47.08343288],[0.3752129,47.0744282],[0.36968552,47.06783102],[0.35945402,47.06636258],[0.35667728,47.06634052],[0.35361504,47.06797207],[0.34928244,47.0730741],[0.34426821,47.07614878],[0.33704018,47.07867139],[0.31445544,47.07815588],[0.30821484,47.07610629],[0.30534921,47.07431618],[0.30345117,47.07569883],[0.30352292,47.07821926],[0.30669625,47.09473535],[0.30462146,47.1137522]]]]},"geometry_name":"geometrie","properties":{"code":"37125","name":"Lémeré","epci":"200072668","level":"commune"}},{"type":"Feature","id":"commune.13848","geometry":{"type":"MultiPolygon","coordinates":[[[[0.11460401,47.16275691],[0.12074924,47.15887039],[0.12948936,47.15145432],[0.13454764,47.15092567],[0.14133667,47.15174765],[0.14301975,47.15108834],[0.14194159,47.15035271],[0.14179872,47.14642674],[0.14357211,47.13116719],[0.14068596,47.12465992],[0.13179838,47.1228092],[0.12549112,47.12252736],[0.12210055,47.12845292],[0.1112306,47.13036209],[0.10699099,47.12863179],[0.10433134,47.12474719],[0.10455657,47.12080235],[0.08409811,47.11842245],[0.07836679,47.14642326],[0.09615172,47.15393231],[0.1024473,47.1615901],[0.10936705,47.16080731],[0.11482246,47.16181102],[0.11460401,47.16275691]]]]},"geometry_name":"geometrie","properties":{"code":"37126","name":"Lerné","epci":"200043081","level":"commune"}},{"type":"Feature","id":"commune.13849","geometry":{"type":"MultiPolygon","coordinates":[[[[1.11231535,47.25324103],[1.111275,47.24983815],[1.11213375,47.24805561],[1.12040043,47.23977461],[1.13610357,47.22905809],[1.14368022,47.21970446],[1.13758303,47.21508242],[1.13182497,47.212027],[1.12397603,47.21695572],[1.11399011,47.22013456],[1.10760795,47.2193245],[1.10368395,47.21755295],[1.09049613,47.21448888],[1.07306473,47.22618554],[1.11050197,47.24665934],[1.1066654,47.25086971],[1.11231535,47.25324103]]]]},"geometry_name":"geometrie","properties":{"code":"37127","name":"Le Liège","epci":"200071587","level":"commune"}},{"type":"Feature","id":"commune.13850","geometry":{"type":"MultiPolygon","coordinates":[[[[0.43747451,47.31055632],[0.44561969,47.30954244],[0.44754031,47.30699967],[0.44810095,47.30531777],[0.44592355,47.29296705],[0.43572565,47.28789174],[0.42696402,47.28509194],[0.42237662,47.28425241],[0.38607756,47.28200615],[0.38670069,47.2828831],[0.38151325,47.28839394],[0.38200051,47.29097204],[0.38658863,47.29432714],[0.40333196,47.30266551],[0.40973167,47.3026365],[0.42056701,47.30476216],[0.43747451,47.31055632]]]]},"geometry_name":"geometrie","properties":{"code":"37128","name":"Lignières-de-Touraine","epci":"200072650","level":"commune"}},{"type":"Feature","id":"commune.13851","geometry":{"type":"MultiPolygon","coordinates":[[[[0.24433713,47.08635578],[0.2420916,47.08771026],[0.23549744,47.09842252],[0.23819315,47.10129584],[0.24133076,47.10461475],[0.24463378,47.11389305],[0.24451956,47.12123587],[0.24223995,47.1321746],[0.2520804,47.13940475],[0.25549966,47.14464053],[0.29061042,47.1362653],[0.28640825,47.12644322],[0.28686056,47.12409275],[0.29092236,47.12129721],[0.29765371,47.12225915],[0.30462146,47.1137522],[0.30669625,47.09473535],[0.30352292,47.07821926],[0.28473568,47.08368525],[0.26311332,47.08139506],[0.25674021,47.08208173],[0.24433713,47.08635578]]]]},"geometry_name":"geometrie","properties":{"code":"37129","name":"Ligré","epci":"200072668","level":"commune"}},{"type":"Feature","id":"commune.13852","geometry":{"type":"MultiPolygon","coordinates":[[[[0.86739243,47.02639728],[0.84828622,47.01716848],[0.84170227,47.0164259],[0.83640729,47.01779757],[0.82996108,47.01625079],[0.82443279,47.01294662],[0.82411333,47.01107079],[0.82047978,47.00955034],[0.8187012,47.01048677],[0.80542118,47.02575286],[0.79985623,47.02927398],[0.79358414,47.03202926],[0.78934102,47.03270557],[0.78727829,47.0341783],[0.78336787,47.03797443],[0.78082911,47.04412597],[0.77968085,47.04471726],[0.77710301,47.045626],[0.76087203,47.04441987],[0.74965223,47.04477012],[0.74773863,47.04594695],[0.7475376,47.04915309],[0.74635305,47.05303087],[0.75044623,47.05429687],[0.75465894,47.05415187],[0.75988153,47.05488555],[0.7666546,47.05748548],[0.77022015,47.05798399],[0.78850709,47.05813828],[0.8303692,47.06934285],[0.84245011,47.06352207],[0.84468351,47.06314405],[0.84742402,47.06369861],[0.85452036,47.04898782],[0.8532136,47.03887616],[0.85729397,47.03405956],[0.86739243,47.02639728]]]]},"geometry_name":"geometrie","properties":{"code":"37130","name":"Ligueil","epci":"200071587","level":"commune"}},{"type":"Feature","id":"commune.13853","geometry":{"type":"MultiPolygon","coordinates":[[[[1.01263938,47.43036521],[1.00675319,47.4357385],[1.00646746,47.44559106],[1.0110809,47.46136871],[1.01313642,47.46226015],[1.01853421,47.46713178],[1.02620837,47.4787258],[1.03555533,47.4901142],[1.0403267,47.47358767],[1.0607307,47.45545483],[1.06396039,47.44841575],[1.06051548,47.44655208],[1.04623204,47.44209452],[1.02906163,47.43861101],[1.01263938,47.43036521]]]]},"geometry_name":"geometrie","properties":{"code":"37131","name":"Limeray","epci":"200043065","level":"commune"}},{"type":"Feature","id":"commune.13854","geometry":{"type":"MultiPolygon","coordinates":[[[[0.95995179,47.08614387],[0.95848252,47.08806956],[0.95319461,47.08877128],[0.9430077,47.08712424],[0.93461602,47.08396021],[0.93572827,47.09020967],[0.94301217,47.0995195],[0.94126444,47.1005259],[0.93845936,47.10282923],[0.93365041,47.1121521],[0.93170259,47.1215539],[0.93253551,47.12316107],[0.93479711,47.12212794],[0.93903736,47.12383098],[0.95643244,47.13374094],[0.96623775,47.13836267],[0.97783317,47.14238893],[0.98172234,47.13976497],[0.99041498,47.1488573],[0.99416178,47.14735799],[1.003603,47.1517675],[1.00686932,47.15372222],[1.01164442,47.16066045],[1.01430867,47.1591635],[1.01739853,47.1533105],[1.01628786,47.13937934],[1.00784256,47.13447915],[1.01275202,47.11594488],[1.00804662,47.11489759],[0.98349503,47.10545619],[0.97149428,47.09662927],[0.95995179,47.08614387]]]]},"geometry_name":"geometrie","properties":{"code":"37132","name":"Loches","epci":"200071587","level":"commune"}},{"type":"Feature","id":"commune.13855","geometry":{"type":"MultiPolygon","coordinates":[[[[1.192958,47.03187156],[1.18106483,47.04103722],[1.18015721,47.05482677],[1.17360145,47.06401801],[1.15212444,47.0836357],[1.13236898,47.08382968],[1.12420367,47.08527615],[1.12697455,47.08760762],[1.13380529,47.09718662],[1.1357645,47.11153981],[1.14565243,47.12710992],[1.14767579,47.12690099],[1.16072784,47.13177948],[1.17549819,47.13150366],[1.17431238,47.12518027],[1.18870343,47.11662266],[1.19923477,47.11685825],[1.21304485,47.11887172],[1.22478249,47.1194271],[1.23679381,47.1188823],[1.24429354,47.11483956],[1.25040389,47.10996216],[1.25622988,47.10332143],[1.26906201,47.09442163],[1.26949226,47.09321866],[1.27022529,47.09137275],[1.27961185,47.08340718],[1.28432098,47.07756702],[1.26542739,47.07012934],[1.25749299,47.05983838],[1.24429042,47.04884816],[1.20669406,47.0283952],[1.20473417,47.02756685],[1.19933034,47.02792307],[1.19550273,47.0295861],[1.192958,47.03187156]]]]},"geometry_name":"geometrie","properties":{"code":"37133","name":"Loché-sur-Indrois","epci":"200071587","level":"commune"}},{"type":"Feature","id":"commune.13856","geometry":{"type":"MultiPolygon","coordinates":[[[[0.79380723,47.18361509],[0.79391538,47.18207257],[0.76542727,47.17356548],[0.7522384,47.16823679],[0.73743604,47.16616871],[0.71966841,47.16591641],[0.71015818,47.16278889],[0.70878484,47.161671],[0.7092186,47.16119053],[0.69823592,47.15881011],[0.68136047,47.1585309],[0.68211101,47.16177036],[0.68755238,47.16907108],[0.68981514,47.17063209],[0.70866076,47.17814621],[0.72083888,47.1820973],[0.73128885,47.19342558],[0.73688663,47.19767988],[0.75151242,47.2033893],[0.77508594,47.19757069],[0.77413393,47.19081384],[0.77668321,47.18385856],[0.79380723,47.18361509]]]]},"geometry_name":"geometrie","properties":{"code":"37134","name":"Louans","epci":"200071587","level":"commune"}},{"type":"Feature","id":"commune.13857","geometry":{"type":"MultiPolygon","coordinates":[[[[0.71033478,47.13978745],[0.7090343,47.14249435],[0.70843715,47.14923848],[0.71181264,47.1571384],[0.7092186,47.16119053],[0.70878484,47.161671],[0.71015818,47.16278889],[0.71966841,47.16591641],[0.73743604,47.16616871],[0.7522384,47.16823679],[0.76542727,47.17356548],[0.79391538,47.18207257],[0.79380723,47.18361509],[0.80610974,47.18157836],[0.81759497,47.17931238],[0.82722623,47.17537317],[0.82836711,47.17449665],[0.80472925,47.16117626],[0.79933291,47.1571596],[0.79460094,47.1533814],[0.79423703,47.14792196],[0.78604755,47.14260485],[0.7813052,47.13970848],[0.7665331,47.13583512],[0.76057075,47.13140209],[0.75687534,47.13016774],[0.7539882,47.13310101],[0.74734063,47.1356188],[0.74073925,47.13676812],[0.7222718,47.13559628],[0.71366932,47.13095022],[0.71033478,47.13978745]]]]},"geometry_name":"geometrie","properties":{"code":"37136","name":"Le Louroux","epci":"200071587","level":"commune"}},{"type":"Feature","id":"commune.13858","geometry":{"type":"MultiPolygon","coordinates":[[[[0.22000595,47.50189499],[0.22074284,47.51216811],[0.2248417,47.52727881],[0.22826879,47.52963555],[0.23595219,47.53268225],[0.24488238,47.53176063],[0.25053202,47.53444661],[0.25540675,47.53806608],[0.2571985,47.53967004],[0.2566095,47.54049472],[0.28928456,47.54719458],[0.29105684,47.54650533],[0.30213467,47.54720084],[0.29446659,47.5376967],[0.28849532,47.53073713],[0.27802059,47.52915724],[0.2569802,47.51562186],[0.25123099,47.51319858],[0.2378867,47.50999171],[0.22000595,47.50189499]]]]},"geometry_name":"geometrie","properties":{"code":"37137","name":"Lublé","epci":"200072981","level":"commune"}},{"type":"Feature","id":"commune.13859","geometry":{"type":"MultiPolygon","coordinates":[[[[0.89262587,47.39805072],[0.90539973,47.39908661],[0.93412361,47.40430028],[0.93732198,47.39977437],[0.9474847,47.3938677],[0.94917216,47.39166782],[0.94484516,47.37931833],[0.94264265,47.37925955],[0.90086931,47.3783559],[0.89845532,47.37760536],[0.89262587,47.39805072]]]]},"geometry_name":"geometrie","properties":{"code":"37138","name":"Lussault-sur-Loire","epci":"200043065","level":"commune"}},{"type":"Feature","id":"commune.13860","geometry":{"type":"MultiPolygon","coordinates":[[[[0.95397716,47.4567294],[0.95122346,47.45589844],[0.94256066,47.45730798],[0.93865687,47.46128208],[0.92771758,47.46137061],[0.92502907,47.46516509],[0.92097712,47.46777625],[0.91645098,47.4859031],[0.92233591,47.5020871],[0.93029415,47.50449433],[0.94080587,47.5064212],[0.94857044,47.5101384],[0.94996062,47.51176748],[0.96591616,47.51413796],[0.98214388,47.51250034],[0.99381345,47.50646535],[0.99773628,47.50071684],[0.99695143,47.49868184],[0.99908026,47.49583338],[0.97283811,47.48278941],[0.96917726,47.47109699],[0.97095748,47.46677065],[0.96679898,47.4644127],[0.95695244,47.46208998],[0.95459303,47.46208637],[0.95397716,47.4567294]]]]},"geometry_name":"geometrie","properties":{"code":"37158","name":"Montreuil-en-Touraine","epci":"200043065","level":"commune"}},{"type":"Feature","id":"commune.13861","geometry":{"type":"MultiPolygon","coordinates":[[[[0.5002058,47.42861445],[0.5044277,47.43328575],[0.50644276,47.43408009],[0.51404231,47.43318269],[0.52542736,47.43403064],[0.5335996,47.44072111],[0.53852684,47.44818172],[0.55381223,47.45635107],[0.55795828,47.45788452],[0.56007605,47.45791902],[0.56518126,47.45641385],[0.5691554,47.45018818],[0.56785489,47.44149263],[0.56575417,47.43966639],[0.56501497,47.43753088],[0.5663645,47.43470687],[0.55420533,47.43065487],[0.5543203,47.42819499],[0.55868734,47.42256057],[0.56697083,47.414697],[0.57083082,47.41217489],[0.57664595,47.40548842],[0.57822659,47.40018966],[0.5773815,47.39623092],[0.57409084,47.39485188],[0.57316236,47.39365178],[0.57115555,47.39066841],[0.57068242,47.38752973],[0.57693856,47.3770995],[0.56352268,47.37424857],[0.52202966,47.36668829],[0.52045705,47.37088242],[0.5300999,47.38126245],[0.52750253,47.3870065],[0.52709456,47.39524684],[0.52081306,47.4022966],[0.5068945,47.41111532],[0.49756469,47.42082924],[0.49186929,47.42306445],[0.5002058,47.42861445]]]]},"geometry_name":"geometrie","properties":{"code":"37139","name":"Luynes","epci":"243700754","level":"commune"}},{"type":"Feature","id":"commune.13862","geometry":{"type":"MultiPolygon","coordinates":[[[[0.48046988,47.03625875],[0.48435129,47.03445354],[0.48637733,47.03041531],[0.49169121,47.02855816],[0.50330442,47.0352685],[0.50462344,47.03560688],[0.50803435,47.02516846],[0.50340498,47.02113291],[0.50365008,47.01982037],[0.51440002,47.01714735],[0.51079228,47.01492394],[0.50476101,47.01536299],[0.49903539,47.01403471],[0.49938303,47.012728],[0.47427188,46.99558124],[0.45579911,46.98900571],[0.45148726,46.99060675],[0.43706916,46.99940087],[0.43437028,47.00640507],[0.4342162,47.01427564],[0.42943474,47.01757791],[0.43299506,47.02926587],[0.44204582,47.02740303],[0.46302899,47.0340176],[0.47350853,47.03610213],[0.48046988,47.03625875]]]]},"geometry_name":"geometrie","properties":{"code":"37140","name":"Luzé","epci":"200072668","level":"commune"}},{"type":"Feature","id":"commune.13863","geometry":{"type":"MultiPolygon","coordinates":[[[[1.01155605,47.26824206],[1.01735054,47.26900315],[1.01945881,47.27006128],[1.02667919,47.29007882],[1.03256386,47.29213288],[1.03589116,47.29354994],[1.04572542,47.30388821],[1.0498191,47.30566714],[1.06460205,47.29916166],[1.09047161,47.29254556],[1.09536419,47.28916803],[1.10315439,47.26326555],[1.11191022,47.25679237],[1.1127872,47.25494528],[1.11231535,47.25324103],[1.1066654,47.25086971],[1.11050197,47.24665934],[1.07306473,47.22618554],[1.0724167,47.22571369],[1.06545233,47.22818669],[1.06577766,47.22910256],[1.04817646,47.23830996],[1.03138424,47.24331577],[1.02057277,47.25328978],[1.01239417,47.2643616],[1.01155605,47.26824206]]]]},"geometry_name":"geometrie","properties":{"code":"37141","name":"Luzillé","epci":"243700820","level":"commune"}},{"type":"Feature","id":"commune.13864","geometry":{"type":"MultiPolygon","coordinates":[[[[0.57234683,47.025276],[0.56304905,47.03932199],[0.56468653,47.04510966],[0.56725826,47.04658255],[0.55978722,47.06177466],[0.57835301,47.06794993],[0.58679311,47.07365797],[0.59215245,47.07862114],[0.60403968,47.07433665],[0.61415953,47.07011627],[0.61515743,47.06409567],[0.60789192,47.06058032],[0.60615232,47.05519751],[0.60639732,47.0537452],[0.61238892,47.04706865],[0.60743804,47.04585017],[0.60553345,47.04149525],[0.59497305,47.03098836],[0.57645293,47.02679718],[0.57234683,47.025276]]]]},"geometry_name":"geometrie","properties":{"code":"37142","name":"Maillé","epci":"200072668","level":"commune"}},{"type":"Feature","id":"commune.13865","geometry":{"type":"MultiPolygon","coordinates":[[[[0.76496506,47.11550844],[0.76125446,47.12393713],[0.75687534,47.13016774],[0.76057075,47.13140209],[0.7665331,47.13583512],[0.7813052,47.13970848],[0.78604755,47.14260485],[0.79423703,47.14792196],[0.79460094,47.1533814],[0.79933291,47.1571596],[0.80472925,47.16117626],[0.82836711,47.17449665],[0.85276027,47.16463865],[0.85212481,47.16342093],[0.86057386,47.14988347],[0.87384799,47.13895232],[0.87913736,47.13732921],[0.88114778,47.13420127],[0.88335681,47.12675123],[0.87753294,47.12230889],[0.86932284,47.12141402],[0.86393252,47.12028967],[0.8516627,47.122051],[0.8476556,47.12194678],[0.83102709,47.11215146],[0.81070024,47.10291948],[0.80376681,47.10435692],[0.79892522,47.1095391],[0.78610974,47.11536757],[0.7699413,47.11609267],[0.76496506,47.11550844]]]]},"geometry_name":"geometrie","properties":{"code":"37143","name":"Manthelan","epci":"200071587","level":"commune"}},{"type":"Feature","id":"commune.13866","geometry":{"type":"MultiPolygon","coordinates":[[[[0.18150394,47.11528567],[0.18145193,47.11612852],[0.20026657,47.11234884],[0.22470922,47.10427996],[0.23564371,47.10295284],[0.23819315,47.10129584],[0.23549744,47.09842252],[0.2420916,47.08771026],[0.24433713,47.08635578],[0.23962736,47.08081477],[0.23515528,47.06916501],[0.23299143,47.0645683],[0.2295515,47.06249311],[0.21393101,47.05443828],[0.20795547,47.05332281],[0.20693741,47.05501168],[0.19840544,47.06134368],[0.19167203,47.06467201],[0.18706126,47.06058058],[0.17967046,47.05912198],[0.17570622,47.06073501],[0.17685347,47.06470898],[0.1737051,47.06742477],[0.17417325,47.07127314],[0.18296724,47.07939682],[0.1918958,47.08356904],[0.19641655,47.08788863],[0.19821349,47.09369153],[0.19367214,47.09761008],[0.18508228,47.10857842],[0.18323711,47.11404055],[0.18150394,47.11528567]]]]},"geometry_name":"geometrie","properties":{"code":"37144","name":"Marçay","epci":"200043081","level":"commune"}},{"type":"Feature","id":"commune.13867","geometry":{"type":"MultiPolygon","coordinates":[[[[0.6770776,47.04333489],[0.6764862,47.04134052],[0.67975821,47.03805204],[0.68261849,47.03670346],[0.68401434,47.034386],[0.68527485,47.02996895],[0.6833785,47.02915719],[0.678969,47.02616651],[0.67589186,47.02078403],[0.66819056,47.01472085],[0.66095169,47.01012026],[0.65922619,47.00988711],[0.64533635,47.01682665],[0.63864959,47.02168012],[0.63648579,47.02736001],[0.63744447,47.03504127],[0.63642226,47.03771534],[0.64083054,47.03886475],[0.64468682,47.04098272],[0.64820737,47.04355489],[0.65432107,47.05038152],[0.66439401,47.04853742],[0.6770776,47.04333489]]]]},"geometry_name":"geometrie","properties":{"code":"37145","name":"Marcé-sur-Esves","epci":"200071587","level":"commune"}},{"type":"Feature","id":"commune.13868","geometry":{"type":"MultiPolygon","coordinates":[[[[0.2248417,47.52727881],[0.21850855,47.52902741],[0.21138619,47.5289941],[0.20525806,47.53090363],[0.1930533,47.53812316],[0.20474823,47.55186974],[0.20770654,47.55934077],[0.20802807,47.56334756],[0.21355732,47.56918839],[0.21491534,47.57132214],[0.22070737,47.57380569],[0.22573836,47.57419206],[0.23447133,47.57840026],[0.23801004,47.57704843],[0.23568808,47.57580002],[0.23464031,47.56238565],[0.24779288,47.54556762],[0.2566095,47.54049472],[0.2571985,47.53967004],[0.25540675,47.53806608],[0.25053202,47.53444661],[0.24488238,47.53176063],[0.23595219,47.53268225],[0.22826879,47.52963555],[0.2248417,47.52727881]]]]},"geometry_name":"geometrie","properties":{"code":"37146","name":"Marcilly-sur-Maulne","epci":"200072981","level":"commune"}},{"type":"Feature","id":"commune.13869","geometry":{"type":"MultiPolygon","coordinates":[[[[0.50330442,47.0352685],[0.5041919,47.04052211],[0.51198915,47.0463103],[0.51669683,47.0539736],[0.52589532,47.05965846],[0.52834524,47.06386882],[0.52792225,47.06935892],[0.53192683,47.0720225],[0.53792033,47.07808815],[0.54545142,47.07355275],[0.5468995,47.06450031],[0.54546475,47.05304013],[0.54188758,47.04216933],[0.54252262,47.03618196],[0.52795566,47.02951245],[0.52283574,47.02630945],[0.5178162,47.02208237],[0.51440002,47.01714735],[0.50365008,47.01982037],[0.50340498,47.02113291],[0.50803435,47.02516846],[0.50462344,47.03560688],[0.50330442,47.0352685]]]]},"geometry_name":"geometrie","properties":{"code":"37147","name":"Marcilly-sur-Vienne","epci":"200072668","level":"commune"}},{"type":"Feature","id":"commune.13870","geometry":{"type":"MultiPolygon","coordinates":[[[[0.49145781,46.95540395],[0.47812471,46.95026038],[0.46576071,46.94708409],[0.45212105,46.9419793],[0.44488629,46.94126873],[0.43766403,46.94482161],[0.43583915,46.95170839],[0.44266381,46.96403373],[0.44237857,46.96766942],[0.45189005,46.97978068],[0.45664981,46.98852451],[0.45579911,46.98900571],[0.47427188,46.99558124],[0.49938303,47.012728],[0.50708126,47.01163524],[0.51558591,47.0087794],[0.53185077,46.99762998],[0.53215163,46.99637623],[0.52225045,46.98797858],[0.51586496,46.98453806],[0.51564788,46.97637852],[0.50860414,46.96681686],[0.50523068,46.96002396],[0.50052182,46.95640975],[0.49145781,46.95540395]]]]},"geometry_name":"geometrie","properties":{"code":"37148","name":"Marigny-Marmande","epci":"200072668","level":"commune"}},{"type":"Feature","id":"commune.13871","geometry":{"type":"MultiPolygon","coordinates":[[[[0.7371228,47.61006061],[0.73665669,47.60682695],[0.73351116,47.60260388],[0.72884472,47.60025204],[0.70843474,47.59777295],[0.69286339,47.59704023],[0.68391002,47.59876745],[0.68512753,47.60050256],[0.68033875,47.60788255],[0.66965626,47.61503318],[0.66145086,47.62531672],[0.67149263,47.63225399],[0.67041644,47.63417129],[0.67955135,47.64057911],[0.68978511,47.64544826],[0.71024248,47.64980773],[0.7179987,47.64811533],[0.72501983,47.65002439],[0.72983532,47.6550472],[0.73514267,47.64558999],[0.73832928,47.64368962],[0.73516511,47.64239378],[0.72961149,47.63613485],[0.7271101,47.62827099],[0.73573346,47.61088822],[0.7371228,47.61006061]]]]},"geometry_name":"geometrie","properties":{"code":"37149","name":"Marray","epci":"200073237","level":"commune"}},{"type":"Feature","id":"commune.13872","geometry":{"type":"MultiPolygon","coordinates":[[[[0.48792185,47.3708924],[0.43321542,47.37246368],[0.41944702,47.37126433],[0.4180265,47.36835686],[0.39917575,47.3685669],[0.38001803,47.38251626],[0.37564008,47.39062379],[0.37279503,47.39341205],[0.37095082,47.39634267],[0.37156514,47.40072136],[0.36842582,47.40775776],[0.39666641,47.40488081],[0.41117809,47.40937499],[0.41358897,47.41181904],[0.41319133,47.41296487],[0.41592039,47.4136317],[0.42494822,47.41568105],[0.43731027,47.4167278],[0.4457433,47.41416179],[0.46295332,47.41241657],[0.47717944,47.40072481],[0.47929675,47.39694203],[0.48277816,47.3834805],[0.48792185,47.3708924]]]]},"geometry_name":"geometrie","properties":{"code":"37150","name":"Mazières-de-Touraine","epci":"200072981","level":"commune"}},{"type":"Feature","id":"commune.13873","geometry":{"type":"MultiPolygon","coordinates":[[[[0.60382904,47.44673212],[0.60620904,47.4534527],[0.61383432,47.45992062],[0.62201214,47.46340844],[0.63223503,47.44788904],[0.64293173,47.44707323],[0.65212251,47.44059743],[0.64145808,47.43598147],[0.63992381,47.43534606],[0.6353659,47.4270167],[0.62214237,47.43551264],[0.61762464,47.437352],[0.60949175,47.43830552],[0.60531627,47.44111418],[0.60382904,47.44673212]]]]},"geometry_name":"geometrie","properties":{"code":"37151","name":"La Membrolle-sur-Choisille","epci":"243700754","level":"commune"}},{"type":"Feature","id":"commune.13874","geometry":{"type":"MultiPolygon","coordinates":[[[[0.65212251,47.44059743],[0.64293173,47.44707323],[0.63223503,47.44788904],[0.62201214,47.46340844],[0.62667461,47.46523991],[0.62983314,47.4617812],[0.633834,47.45959493],[0.64691546,47.46197648],[0.65188542,47.46414005],[0.6582376,47.47181388],[0.66044911,47.47971307],[0.66332809,47.48183497],[0.66456879,47.47240035],[0.6727664,47.46128402],[0.6810894,47.4532937],[0.68489131,47.45162139],[0.68620671,47.45224373],[0.69102169,47.43914154],[0.68452969,47.43855323],[0.68322362,47.43959531],[0.67963752,47.43799017],[0.67501392,47.43552305],[0.67512646,47.43809825],[0.67045861,47.44300038],[0.66383144,47.44011805],[0.65212251,47.44059743]]]]},"geometry_name":"geometrie","properties":{"code":"37152","name":"Mettray","epci":"243700754","level":"commune"}},{"type":"Feature","id":"commune.13875","geometry":{"type":"MultiPolygon","coordinates":[[[[0.79925178,47.54585412],[0.79598285,47.53959338],[0.80290034,47.53086311],[0.80793239,47.52114605],[0.81615822,47.51626852],[0.82683574,47.51152982],[0.83326561,47.51376933],[0.83369423,47.50899568],[0.82966288,47.50137268],[0.82371304,47.49478797],[0.82090785,47.48732526],[0.8222189,47.48406563],[0.81988147,47.4790943],[0.81998296,47.47458103],[0.82318381,47.47027252],[0.81905359,47.46039309],[0.80472711,47.46956576],[0.79399342,47.46692695],[0.78667707,47.46532832],[0.76847324,47.4663433],[0.76821111,47.46514507],[0.76609965,47.4651442],[0.76106005,47.46739598],[0.76069174,47.47210499],[0.76247431,47.47921744],[0.75356325,47.48002205],[0.74227823,47.47953183],[0.73615731,47.48003076],[0.7356229,47.49354011],[0.73380255,47.49692853],[0.74085145,47.49662149],[0.75868898,47.51174903],[0.76569256,47.52198639],[0.77385654,47.52785814],[0.77748497,47.54074513],[0.78481623,47.5447622],[0.79925178,47.54585412]]]]},"geometry_name":"geometrie","properties":{"code":"37153","name":"Monnaie","epci":"200073161","level":"commune"}},{"type":"Feature","id":"commune.13876","geometry":{"type":"MultiPolygon","coordinates":[[[[0.68161789,47.28362281],[0.68860391,47.28173759],[0.69151519,47.28208557],[0.69445019,47.29285961],[0.69875361,47.29833078],[0.70255451,47.29984709],[0.70405954,47.29985346],[0.71781437,47.2944509],[0.72494088,47.28943752],[0.7222884,47.28600095],[0.72482978,47.28512318],[0.72775909,47.28524183],[0.72132922,47.27775403],[0.71774805,47.2694393],[0.70761048,47.27510066],[0.69591686,47.27604429],[0.68042736,47.27530145],[0.67840475,47.27540599],[0.67843735,47.27808154],[0.68161789,47.28362281]]]]},"geometry_name":"geometrie","properties":{"code":"37154","name":"Montbazon","epci":"200072650","level":"commune"}},{"type":"Feature","id":"commune.13877","geometry":{"type":"MultiPolygon","coordinates":[[[[0.86214792,47.67670117],[0.86108479,47.67608385],[0.85521061,47.6631615],[0.84365791,47.64547613],[0.84849078,47.64104598],[0.85482128,47.63890954],[0.86038992,47.62712149],[0.85267918,47.61295201],[0.82054144,47.61338118],[0.81941344,47.6145244],[0.8101983,47.61793122],[0.80582186,47.61829388],[0.80038895,47.61720926],[0.79133226,47.61368767],[0.78438103,47.60961101],[0.78080411,47.61163665],[0.782504,47.61540138],[0.77848639,47.62973239],[0.77430051,47.63884635],[0.77750547,47.63908387],[0.78918087,47.65531088],[0.79665138,47.65916541],[0.81349829,47.66416322],[0.83392046,47.67520723],[0.83377547,47.67706931],[0.83731459,47.67964791],[0.84425096,47.6818758],[0.85325661,47.68610777],[0.86160725,47.68788784],[0.86620514,47.68798716],[0.86776368,47.68656144],[0.86236733,47.68449641],[0.85973019,47.68053589],[0.85861128,47.67838503],[0.86214792,47.67670117]]]]},"geometry_name":"geometrie","properties":{"code":"37155","name":"Monthodon","epci":"243700499","level":"commune"}},{"type":"Feature","id":"commune.13878","geometry":{"type":"MultiPolygon","coordinates":[[[[0.67624843,47.30629055],[0.68145913,47.30254099],[0.68037248,47.29680118],[0.6768071,47.29343985],[0.67747078,47.28892925],[0.68161789,47.28362281],[0.67843735,47.27808154],[0.67840475,47.27540599],[0.68042736,47.27530145],[0.67544807,47.26446433],[0.67222576,47.26139424],[0.66560435,47.25849614],[0.66146687,47.25465075],[0.65714631,47.24822112],[0.65259881,47.2383804],[0.64488091,47.24007379],[0.64323645,47.24041955],[0.64326599,47.24412007],[0.64203965,47.24587574],[0.63774172,47.24908196],[0.62937455,47.2545331],[0.62772074,47.26074266],[0.6097438,47.26963412],[0.60408413,47.27949039],[0.60916299,47.29053727],[0.61205182,47.2949046],[0.61505622,47.29733601],[0.61519227,47.30488535],[0.62766503,47.30276238],[0.63743125,47.30272926],[0.64023084,47.30364993],[0.64314917,47.30364709],[0.64692011,47.30364616],[0.66471633,47.30012121],[0.67624843,47.30629055]]]]},"geometry_name":"geometrie","properties":{"code":"37159","name":"Monts","epci":"200072650","level":"commune"}},{"type":"Feature","id":"commune.13879","geometry":{"type":"MultiPolygon","coordinates":[[[[0.98757523,47.54642468],[0.9897449,47.55100567],[0.98986938,47.55430879],[0.98870384,47.55665142],[0.97638393,47.56704804],[0.98116532,47.57103063],[0.98645136,47.5790826],[0.99702658,47.58412146],[1.0037147,47.58456652],[1.00475918,47.58211456],[1.02072128,47.58177235],[1.03309445,47.57205911],[1.03608505,47.55813514],[1.03579559,47.55569645],[1.0197966,47.5477363],[1.02019686,47.54044876],[1.02460732,47.53606647],[1.02198634,47.53503156],[1.01836846,47.5370411],[1.01525644,47.54207197],[1.01408787,47.54664514],[0.99062302,47.54742449],[0.98757523,47.54642468]]]]},"geometry_name":"geometrie","properties":{"code":"37160","name":"Morand","epci":"243700499","level":"commune"}},{"type":"Feature","id":"commune.13880","geometry":{"type":"MultiPolygon","coordinates":[[[[1.11281677,47.46610947],[1.11393242,47.46267259],[1.12490747,47.45229323],[1.12956975,47.44963093],[1.13346593,47.44897943],[1.12826828,47.44273518],[1.11200455,47.42916029],[1.10222343,47.43025277],[1.08490379,47.42969433],[1.08244652,47.42764764],[1.07595347,47.43146552],[1.07268164,47.43550664],[1.06867771,47.4424638],[1.06432039,47.44642543],[1.06396039,47.44841575],[1.06667351,47.45088396],[1.08711125,47.46181986],[1.11281677,47.46610947]]]]},"geometry_name":"geometrie","properties":{"code":"37161","name":"Mosnes","epci":"200043065","level":"commune"}},{"type":"Feature","id":"commune.13881","geometry":{"type":"MultiPolygon","coordinates":[[[[0.88335681,47.12675123],[0.88960785,47.13234032],[0.90357559,47.13353274],[0.90589503,47.12913652],[0.90889644,47.12626651],[0.91542056,47.12493159],[0.92542816,47.1252331],[0.9288025,47.12477932],[0.93253551,47.12316107],[0.93170259,47.1215539],[0.93365041,47.1121521],[0.93845936,47.10282923],[0.94126444,47.1005259],[0.92758485,47.09097989],[0.92032519,47.09002813],[0.90936812,47.08605324],[0.88719079,47.07053905],[0.88442497,47.07303096],[0.8754637,47.07650153],[0.86976412,47.08555344],[0.86941428,47.0889343],[0.87142404,47.09354117],[0.87389624,47.10448976],[0.88041486,47.11056442],[0.86932284,47.12141402],[0.87753294,47.12230889],[0.88335681,47.12675123]]]]},"geometry_name":"geometrie","properties":{"code":"37162","name":"Mouzay","epci":"200071587","level":"commune"}},{"type":"Feature","id":"commune.13882","geometry":{"type":"MultiPolygon","coordinates":[[[[0.95397716,47.4567294],[0.95869457,47.44801993],[0.98002145,47.43957998],[0.98118425,47.43760469],[0.97841415,47.42888945],[0.98034197,47.42259702],[0.97743288,47.42282563],[0.97830925,47.4208742],[0.97521742,47.41596948],[0.96883259,47.41161773],[0.95455172,47.40756012],[0.93412361,47.40430028],[0.92914082,47.40916174],[0.91789338,47.43186257],[0.91667598,47.43699254],[0.9170943,47.44169613],[0.91914644,47.45389042],[0.92154739,47.45886891],[0.92771758,47.46137061],[0.93865687,47.46128208],[0.94256066,47.45730798],[0.95122346,47.45589844],[0.95397716,47.4567294]]]]},"geometry_name":"geometrie","properties":{"code":"37163","name":"Nazelles-Négron","epci":"200043065","level":"commune"}},{"type":"Feature","id":"commune.13883","geometry":{"type":"MultiPolygon","coordinates":[[[[0.51209616,47.16253604],[0.50407043,47.16345043],[0.49863557,47.16541741],[0.49376792,47.16892318],[0.49370625,47.17047472],[0.49754101,47.18279868],[0.50230685,47.18654686],[0.51028139,47.19089798],[0.51450306,47.19742074],[0.49573206,47.19745502],[0.49721036,47.19931185],[0.49896433,47.20038648],[0.51191974,47.20287409],[0.52674251,47.20372297],[0.53532777,47.20222705],[0.54647631,47.20293482],[0.55290178,47.20854794],[0.55628476,47.2131607],[0.5636387,47.21210145],[0.55941655,47.1894409],[0.55238422,47.17234101],[0.54856611,47.16887801],[0.53422685,47.16367529],[0.51968311,47.16196659],[0.51250558,47.16336451],[0.51209616,47.16253604]]]]},"geometry_name":"geometrie","properties":{"code":"37165","name":"Neuil","epci":"200072668","level":"commune"}},{"type":"Feature","id":"commune.13884","geometry":{"type":"MultiPolygon","coordinates":[[[[0.86937446,47.5141092],[0.86881518,47.52027266],[0.87132682,47.52393128],[0.89481954,47.52008887],[0.91044471,47.51663404],[0.91224056,47.51724433],[0.91522044,47.52512631],[0.92893385,47.52257038],[0.9533944,47.53008543],[0.96510005,47.52828688],[0.96329326,47.51855028],[0.96591616,47.51413796],[0.94996062,47.51176748],[0.94857044,47.5101384],[0.94080587,47.5064212],[0.93029415,47.50449433],[0.92233591,47.5020871],[0.91645098,47.4859031],[0.90123967,47.49381355],[0.89042187,47.5030813],[0.87094162,47.51420718],[0.86937446,47.5141092]]]]},"geometry_name":"geometrie","properties":{"code":"37166","name":"Neuillé-le-Lierre","epci":"200043065","level":"commune"}},{"type":"Feature","id":"commune.13885","geometry":{"type":"MultiPolygon","coordinates":[[[[0.59810213,47.53915577],[0.59444489,47.53877147],[0.59344782,47.53713888],[0.58704007,47.53281879],[0.57681479,47.52858201],[0.57128078,47.52720601],[0.56651408,47.53039008],[0.55724575,47.53938837],[0.55129555,47.53712556],[0.5452792,47.53425766],[0.53888913,47.52753424],[0.53381391,47.51669463],[0.53101208,47.51337244],[0.5267247,47.51409925],[0.51741825,47.51847727],[0.51116201,47.52361681],[0.50065745,47.53453149],[0.49374994,47.54514619],[0.49298375,47.54693361],[0.49711349,47.54785088],[0.49571346,47.55002276],[0.49886323,47.5511927],[0.50253806,47.55507825],[0.51093721,47.56723106],[0.51416402,47.57561038],[0.52799348,47.58005587],[0.54494704,47.57826424],[0.56285484,47.5781075],[0.5684689,47.57625784],[0.58589956,47.56437689],[0.59191064,47.56695155],[0.60324293,47.56710933],[0.60423236,47.56640922],[0.60819392,47.56455706],[0.61084713,47.56211423],[0.61182533,47.55365382],[0.6144282,47.54967085],[0.61157469,47.54807069],[0.61320737,47.54469103],[0.60947478,47.54128251],[0.60141132,47.53879164],[0.59810213,47.53915577]]]]},"geometry_name":"geometrie","properties":{"code":"37167","name":"Neuillé-Pont-Pierre","epci":"200073237","level":"commune"}},{"type":"Feature","id":"commune.13886","geometry":{"type":"MultiPolygon","coordinates":[[[[0.75291262,46.99197881],[0.75779459,46.99436699],[0.77345494,46.99905397],[0.78277551,47.0004746],[0.78705745,46.99998035],[0.78863171,46.99873425],[0.79427714,46.99721296],[0.8011729,46.99200439],[0.8028889,46.98580339],[0.80345782,46.98145758],[0.80062318,46.97139864],[0.79607605,46.96216163],[0.80043776,46.95723702],[0.8102961,46.95087119],[0.81618452,46.95175838],[0.81973407,46.95359904],[0.82079296,46.94912909],[0.81637222,46.94046898],[0.81249549,46.93955601],[0.80395802,46.93894331],[0.79031766,46.94163063],[0.78624956,46.94366473],[0.77295928,46.95012533],[0.75230712,46.97021398],[0.74756995,46.97476384],[0.74502665,46.98266833],[0.74669184,46.98689007],[0.75096465,46.9889379],[0.75291262,46.99197881]]]]},"geometry_name":"geometrie","properties":{"code":"37168","name":"Neuilly-le-Brignon","epci":"200071587","level":"commune"}},{"type":"Feature","id":"commune.13887","geometry":{"type":"MultiPolygon","coordinates":[[[[0.92289179,47.60378731],[0.92085629,47.60374927],[0.91324411,47.59791011],[0.9063662,47.59575826],[0.90362611,47.59607735],[0.90207563,47.59654293],[0.90117818,47.5984114],[0.9008146,47.60312223],[0.89901526,47.60371476],[0.89606743,47.60909127],[0.89971567,47.61305312],[0.90630016,47.61760958],[0.91928983,47.63273918],[0.92356713,47.63075426],[0.93736435,47.62847851],[0.93380596,47.62371456],[0.93249447,47.62023196],[0.93176066,47.61036839],[0.92289179,47.60378731]]]]},"geometry_name":"geometrie","properties":{"code":"37169","name":"Neuville-sur-Brenne","epci":"243700499","level":"commune"}},{"type":"Feature","id":"commune.13888","geometry":{"type":"MultiPolygon","coordinates":[[[[0.52799348,47.58005587],[0.52622146,47.5809576],[0.52583505,47.58590882],[0.5315996,47.59366587],[0.53229153,47.59851289],[0.53443278,47.60049524],[0.54222235,47.60207521],[0.54667983,47.60124323],[0.55335452,47.60304485],[0.55440262,47.62097499],[0.55639352,47.62269978],[0.56476584,47.62507921],[0.58394352,47.63361113],[0.58638574,47.63717095],[0.58711208,47.64403079],[0.5860955,47.64706073],[0.60223646,47.6495985],[0.61248751,47.65697646],[0.61597252,47.65254152],[0.61852083,47.64647908],[0.62117586,47.63523094],[0.63604091,47.63121486],[0.63885013,47.62574349],[0.6307102,47.62024849],[0.62525807,47.61499398],[0.62493794,47.61036602],[0.62816197,47.60062401],[0.63179377,47.59528833],[0.63297995,47.59081338],[0.63263227,47.58673506],[0.62236076,47.57674012],[0.60423236,47.56640922],[0.60324293,47.56710933],[0.59191064,47.56695155],[0.58589956,47.56437689],[0.5684689,47.57625784],[0.56285484,47.5781075],[0.54494704,47.57826424],[0.52799348,47.58005587]]]]},"geometry_name":"geometrie","properties":{"code":"37170","name":"Neuvy-le-Roi","epci":"200073237","level":"commune"}},{"type":"Feature","id":"commune.13889","geometry":{"type":"MultiPolygon","coordinates":[[[[0.9170943,47.44169613],[0.91667598,47.43699254],[0.91789338,47.43186257],[0.92914082,47.40916174],[0.93412361,47.40430028],[0.90539973,47.39908661],[0.89262587,47.39805072],[0.87044291,47.39754386],[0.86410963,47.41456114],[0.86466781,47.42059589],[0.87024487,47.42546008],[0.86955974,47.42757276],[0.87636971,47.42895079],[0.88753879,47.43539288],[0.89456889,47.43802732],[0.90459665,47.440664],[0.9139664,47.44086207],[0.9170943,47.44169613]]]]},"geometry_name":"geometrie","properties":{"code":"37171","name":"Noizay","epci":"200043065","level":"commune"}},{"type":"Feature","id":"commune.13890","geometry":{"type":"MultiPolygon","coordinates":[[[[0.71017785,47.4388735],[0.69168718,47.43771383],[0.69102169,47.43914154],[0.68620671,47.45224373],[0.69446552,47.45648718],[0.70034773,47.46130897],[0.70632879,47.46986066],[0.72490034,47.4722585],[0.73338105,47.47058951],[0.73144205,47.46873895],[0.72978095,47.46390846],[0.73270664,47.46117648],[0.72316103,47.4502943],[0.7158127,47.44590237],[0.71017785,47.4388735]]]]},"geometry_name":"geometrie","properties":{"code":"37172","name":"Notre-Dame-d'Oé","epci":"243700754","level":"commune"}},{"type":"Feature","id":"commune.13891","geometry":{"type":"MultiPolygon","coordinates":[[[[1.32201956,47.19424813],[1.32387402,47.18976267],[1.32655607,47.18639043],[1.34320799,47.17404294],[1.34961427,47.16150065],[1.35562297,47.14670742],[1.3633629,47.13567089],[1.36274462,47.13486881],[1.36445744,47.13008802],[1.36494234,47.12180493],[1.35555048,47.108529],[1.34762911,47.10425935],[1.34356517,47.10058568],[1.33479319,47.09988695],[1.32749438,47.10505679],[1.32138175,47.10606053],[1.31883379,47.10491318],[1.3099065,47.09434697],[1.31402017,47.08921646],[1.31527458,47.08071764],[1.31252304,47.07343731],[1.30378882,47.07189832],[1.29339084,47.07242782],[1.28963684,47.07172304],[1.28518856,47.07528084],[1.28432098,47.07756702],[1.27961185,47.08340718],[1.27022529,47.09137275],[1.26949226,47.09321866],[1.27234644,47.09336131],[1.27425222,47.09475047],[1.28249363,47.10477264],[1.28641403,47.112469],[1.27573076,47.11972688],[1.2655001,47.12455648],[1.26394963,47.1407389],[1.26622463,47.14132233],[1.26802965,47.1456466],[1.26829102,47.15012064],[1.26776143,47.15603896],[1.26482755,47.16326571],[1.27148388,47.16583988],[1.28108988,47.16856464],[1.29661841,47.18037632],[1.3074485,47.18356707],[1.31406433,47.1846253],[1.3170652,47.18610612],[1.32201956,47.19424813]]]]},"geometry_name":"geometrie","properties":{"code":"37173","name":"Nouans-les-Fontaines","epci":"200071587","level":"commune"}},{"type":"Feature","id":"commune.13892","geometry":{"type":"MultiPolygon","coordinates":[[[[0.56758496,47.00650837],[0.56338704,47.01461947],[0.54406787,47.03291534],[0.54252262,47.03618196],[0.54188758,47.04216933],[0.54546475,47.05304013],[0.5468995,47.06450031],[0.55555315,47.06497739],[0.55978722,47.06177466],[0.56725826,47.04658255],[0.56468653,47.04510966],[0.56304905,47.03932199],[0.57234683,47.025276],[0.57520789,47.01914793],[0.58203894,47.01281389],[0.5894011,47.00829208],[0.59056547,47.0066626],[0.57447125,47.00470407],[0.56758496,47.00650837]]]]},"geometry_name":"geometrie","properties":{"code":"37174","name":"Nouâtre","epci":"200072668","level":"commune"}},{"type":"Feature","id":"commune.13893","geometry":{"type":"MultiPolygon","coordinates":[[[[0.73380255,47.49692853],[0.72021771,47.49875088],[0.71993483,47.50005652],[0.7191861,47.50352964],[0.70826113,47.51155333],[0.69918499,47.52126863],[0.69217219,47.52490681],[0.68564074,47.52658646],[0.68549707,47.5274175],[0.68958943,47.53068028],[0.68849649,47.5347083],[0.69224529,47.54295847],[0.69614095,47.54792086],[0.70165011,47.55126155],[0.71112618,47.55402432],[0.71284971,47.55990877],[0.72543149,47.55942723],[0.73159928,47.56189587],[0.74178599,47.56879418],[0.75047445,47.57123131],[0.75748437,47.57129064],[0.76073306,47.56387896],[0.76295019,47.56049603],[0.76621121,47.5579426],[0.76919241,47.55736842],[0.79236889,47.56128443],[0.80582288,47.55982471],[0.80689664,47.55586568],[0.79925178,47.54585412],[0.78481623,47.5447622],[0.77748497,47.54074513],[0.77385654,47.52785814],[0.76569256,47.52198639],[0.75868898,47.51174903],[0.74085145,47.49662149],[0.73380255,47.49692853]]]]},"geometry_name":"geometrie","properties":{"code":"37175","name":"Nouzilly","epci":"243700499","level":"commune"}},{"type":"Feature","id":"commune.13894","geometry":{"type":"MultiPolygon","coordinates":[[[[0.54103661,47.1095951],[0.54489033,47.11596776],[0.55484657,47.12232083],[0.56438247,47.12436044],[0.58122195,47.11932661],[0.58385614,47.1177883],[0.58902235,47.11421306],[0.58661298,47.10667327],[0.58743411,47.08900727],[0.58521228,47.08278634],[0.58338632,47.08145381],[0.5752241,47.07884183],[0.55910255,47.08276023],[0.55136473,47.08548613],[0.545871,47.10298188],[0.54103661,47.1095951]]]]},"geometry_name":"geometrie","properties":{"code":"37176","name":"Noyant-de-Touraine","epci":"200072668","level":"commune"}},{"type":"Feature","id":"commune.13895","geometry":{"type":"MultiPolygon","coordinates":[[[[1.24210598,47.27585448],[1.24406712,47.27337547],[1.26028998,47.26447564],[1.2663256,47.25579452],[1.27746261,47.25342026],[1.28792237,47.24105233],[1.29472811,47.23512578],[1.29883496,47.22942759],[1.30277753,47.2200277],[1.30376411,47.21774593],[1.32200733,47.19650456],[1.32201956,47.19424813],[1.3170652,47.18610612],[1.31406433,47.1846253],[1.3074485,47.18356707],[1.29661841,47.18037632],[1.28108988,47.16856464],[1.27148388,47.16583988],[1.26305823,47.16940763],[1.24948,47.17215948],[1.244163,47.17504794],[1.23740649,47.17823934],[1.22762421,47.18689699],[1.20931425,47.19691895],[1.2053641,47.20269761],[1.20422282,47.20716085],[1.20268471,47.20893981],[1.19315644,47.21493306],[1.18556986,47.21463261],[1.1829151,47.21736007],[1.18333659,47.2186553],[1.19048416,47.21944972],[1.20395839,47.2260466],[1.21216487,47.24564577],[1.22493448,47.25194998],[1.23394745,47.25831083],[1.23864482,47.26406609],[1.23882961,47.27376611],[1.24210598,47.27585448]]]]},"geometry_name":"geometrie","properties":{"code":"37177","name":"Orbigny","epci":"200071587","level":"commune"}},{"type":"Feature","id":"commune.13896","geometry":{"type":"MultiPolygon","coordinates":[[[[0.39691243,47.20182451],[0.40450663,47.20308757],[0.42249847,47.21120701],[0.4369098,47.21539367],[0.43204862,47.20734142],[0.42795933,47.1942312],[0.43439298,47.1717406],[0.43768664,47.14722541],[0.43662052,47.13794639],[0.4372207,47.13656889],[0.43457982,47.13608609],[0.43229808,47.13413483],[0.42113071,47.12876186],[0.4043123,47.1280064],[0.40214511,47.12348984],[0.39272213,47.12678816],[0.38298353,47.13275486],[0.36583174,47.13582729],[0.36892494,47.14230775],[0.37606919,47.14731087],[0.37748173,47.14926788],[0.37703607,47.15456793],[0.37563614,47.15771417],[0.37736893,47.16557317],[0.38395218,47.18423676],[0.39396309,47.20134744],[0.39691243,47.20182451]]]]},"geometry_name":"geometrie","properties":{"code":"37178","name":"Panzoult","epci":"200072668","level":"commune"}},{"type":"Feature","id":"commune.13897","geometry":{"type":"MultiPolygon","coordinates":[[[[0.73372924,47.42889534],[0.73345715,47.43106039],[0.73008267,47.43108015],[0.70951939,47.43676493],[0.71017785,47.4388735],[0.7158127,47.44590237],[0.72316103,47.4502943],[0.73270664,47.46117648],[0.72978095,47.46390846],[0.73144205,47.46873895],[0.73338105,47.47058951],[0.73704971,47.46995305],[0.7410124,47.4673509],[0.74616507,47.46785961],[0.74791758,47.47374342],[0.74227823,47.47953183],[0.75356325,47.48002205],[0.76247431,47.47921744],[0.76069174,47.47210499],[0.76106005,47.46739598],[0.76609965,47.4651442],[0.76821111,47.46514507],[0.76934729,47.46229054],[0.76543212,47.4492585],[0.76142322,47.44489756],[0.74590159,47.43138232],[0.73372924,47.42889534]]]]},"geometry_name":"geometrie","properties":{"code":"37179","name":"Parçay-Meslay","epci":"243700754","level":"commune"}},{"type":"Feature","id":"commune.13898","geometry":{"type":"MultiPolygon","coordinates":[[[[0.47625727,47.06598901],[0.46930814,47.0715029],[0.46840112,47.07582659],[0.46397258,47.07991],[0.45511804,47.08197269],[0.4523652,47.07947541],[0.44962915,47.08379377],[0.44830569,47.08757127],[0.45421074,47.09658048],[0.45552623,47.10428496],[0.45311639,47.11117146],[0.44947655,47.11623555],[0.44548619,47.11840751],[0.44471597,47.11987317],[0.4499467,47.12068853],[0.45341953,47.12042006],[0.46214292,47.11530991],[0.46678388,47.11373355],[0.47559781,47.11444155],[0.4809999,47.11562496],[0.48743025,47.11519288],[0.49180079,47.11269088],[0.49276907,47.10886654],[0.49988047,47.09731697],[0.51088528,47.08900627],[0.51812552,47.08119026],[0.52006143,47.07324568],[0.51843613,47.0726361],[0.51358606,47.07416941],[0.49723147,47.07470988],[0.49015821,47.07002376],[0.47625727,47.06598901]]]]},"geometry_name":"geometrie","properties":{"code":"37180","name":"Parçay-sur-Vienne","epci":"200072668","level":"commune"}},{"type":"Feature","id":"commune.13899","geometry":{"type":"MultiPolygon","coordinates":[[[[0.82079296,46.94912909],[0.81973407,46.95359904],[0.81618452,46.95175838],[0.8102961,46.95087119],[0.80043776,46.95723702],[0.79607605,46.96216163],[0.80062318,46.97139864],[0.80345782,46.98145758],[0.8028889,46.98580339],[0.8011729,46.99200439],[0.79427714,46.99721296],[0.78863171,46.99873425],[0.78705745,46.99998035],[0.8047437,47.0009865],[0.81559718,47.00740357],[0.8187012,47.01048677],[0.82047978,47.00955034],[0.82411333,47.01107079],[0.82443279,47.01294662],[0.82996108,47.01625079],[0.83640729,47.01779757],[0.84170227,47.0164259],[0.84182907,47.01437384],[0.84672929,47.01238842],[0.85555896,47.0039226],[0.847766,46.98310881],[0.85446155,46.97136351],[0.8613344,46.9655692],[0.85202283,46.95879772],[0.84717578,46.94966713],[0.8418383,46.94831717],[0.82079296,46.94912909]]]]},"geometry_name":"geometrie","properties":{"code":"37181","name":"Paulmy","epci":"200071587","level":"commune"}},{"type":"Feature","id":"commune.13900","geometry":{"type":"MultiPolygon","coordinates":[[[[0.5002058,47.42861445],[0.49879714,47.42998917],[0.48886778,47.43435322],[0.48636024,47.43712798],[0.48400147,47.44447307],[0.48446489,47.45020845],[0.48932849,47.45499318],[0.49916472,47.46765704],[0.50529483,47.4717486],[0.50623395,47.47266034],[0.5195757,47.47282557],[0.52967192,47.47449833],[0.53152343,47.47576964],[0.54325529,47.46920649],[0.55283403,47.46560858],[0.55626875,47.46339229],[0.56160963,47.45987576],[0.56007605,47.45791902],[0.55795828,47.45788452],[0.55381223,47.45635107],[0.53852684,47.44818172],[0.5335996,47.44072111],[0.52542736,47.43403064],[0.51404231,47.43318269],[0.50644276,47.43408009],[0.5044277,47.43328575],[0.5002058,47.42861445]]]]},"geometry_name":"geometrie","properties":{"code":"37182","name":"Pernay","epci":"200073237","level":"commune"}},{"type":"Feature","id":"commune.13901","geometry":{"type":"MultiPolygon","coordinates":[[[[1.06702564,47.1233957],[1.06816331,47.12279781],[1.06888455,47.11434358],[1.06774132,47.10961898],[1.06377297,47.11150595],[1.05993075,47.11208006],[1.05340003,47.10717383],[1.02428505,47.09298653],[1.01965765,47.08440753],[1.01314314,47.0757067],[1.00942244,47.06739764],[1.00596788,47.06432734],[1.00082103,47.0655722],[0.99890202,47.06258588],[1.00414488,47.05948752],[0.99379559,47.04973743],[0.9877035,47.04978726],[0.97625538,47.05474689],[0.97741383,47.06680122],[0.97340677,47.07701242],[0.95995179,47.08614387],[0.97149428,47.09662927],[0.98349503,47.10545619],[1.00804662,47.11489759],[1.01275202,47.11594488],[1.02049329,47.12194856],[1.02683626,47.1212131],[1.03161539,47.11929073],[1.03804766,47.1261994],[1.05498717,47.12620901],[1.06702564,47.1233957]]]]},"geometry_name":"geometrie","properties":{"code":"37183","name":"Perrusson","epci":"200071587","level":"commune"}},{"type":"Feature","id":"commune.13902","geometry":{"type":"MultiPolygon","coordinates":[[[[0.94007903,46.88361628],[0.92290622,46.8829538],[0.92082078,46.88290355],[0.91508761,46.8803239],[0.90492088,46.87834697],[0.88536337,46.8825244],[0.88460521,46.88242851],[0.88532431,46.88486909],[0.89109484,46.89176073],[0.87302083,46.89782416],[0.87114907,46.89813994],[0.8672366,46.89632201],[0.86315165,46.89861242],[0.8657649,46.90058746],[0.86672805,46.90408919],[0.86631963,46.90908048],[0.86428173,46.91272835],[0.86642516,46.91187008],[0.86889696,46.91215001],[0.88829954,46.91841309],[0.90066097,46.92769802],[0.92192252,46.94080716],[0.92793736,46.94228626],[0.94723773,46.94487242],[0.95007572,46.94463111],[0.94936344,46.94295313],[0.9505039,46.93933745],[0.9572842,46.92533907],[0.95431194,46.91445586],[0.95557605,46.9086564],[0.94923157,46.89799408],[0.94250395,46.89039129],[0.94022378,46.8865785],[0.94007903,46.88361628]]]]},"geometry_name":"geometrie","properties":{"code":"37184","name":"Le Petit-Pressigny","epci":"200071587","level":"commune"}},{"type":"Feature","id":"commune.13903","geometry":{"type":"MultiPolygon","coordinates":[[[[1.01263938,47.43036521],[1.01074333,47.42935759],[1.003114,47.42524047],[0.99507152,47.42294098],[0.99002299,47.42191285],[0.98034197,47.42259702],[0.97841415,47.42888945],[0.98118425,47.43760469],[0.98002145,47.43957998],[0.95869457,47.44801993],[0.95397716,47.4567294],[0.95459303,47.46208637],[0.95695244,47.46208998],[0.97552765,47.45604095],[0.9887569,47.45663048],[1.0110809,47.46136871],[1.00646746,47.44559106],[1.00675319,47.4357385],[1.01263938,47.43036521]]]]},"geometry_name":"geometrie","properties":{"code":"37185","name":"Pocé-sur-Cisse","epci":"200043065","level":"commune"}},{"type":"Feature","id":"commune.13904","geometry":{"type":"MultiPolygon","coordinates":[[[[0.53891603,47.27548788],[0.54308408,47.27781805],[0.54595602,47.27816527],[0.56620063,47.27671571],[0.57070271,47.27733518],[0.57340096,47.27660808],[0.57631789,47.2611171],[0.58678767,47.2549758],[0.58882351,47.25023015],[0.57422153,47.24407379],[0.5695614,47.25865372],[0.56591342,47.26100184],[0.55388736,47.26186471],[0.54095179,47.26813642],[0.53891603,47.27548788]]]]},"geometry_name":"geometrie","properties":{"code":"37186","name":"Pont-de-Ruan","epci":"200072650","level":"commune"}},{"type":"Feature","id":"commune.13905","geometry":{"type":"MultiPolygon","coordinates":[[[[0.54252262,47.03618196],[0.54406787,47.03291534],[0.56338704,47.01461947],[0.56758496,47.00650837],[0.56707243,47.00262788],[0.54980125,47.00050502],[0.53215163,46.99637623],[0.53185077,46.99762998],[0.51558591,47.0087794],[0.50708126,47.01163524],[0.49938303,47.012728],[0.49903539,47.01403471],[0.50476101,47.01536299],[0.51079228,47.01492394],[0.51440002,47.01714735],[0.5178162,47.02208237],[0.52283574,47.02630945],[0.52795566,47.02951245],[0.54252262,47.03618196]]]]},"geometry_name":"geometrie","properties":{"code":"37187","name":"Ports-sur-Vienne","epci":"200072668","level":"commune"}},{"type":"Feature","id":"commune.13906","geometry":{"type":"MultiPolygon","coordinates":[[[[0.54103661,47.1095951],[0.545871,47.10298188],[0.55136473,47.08548613],[0.55910255,47.08276023],[0.5752241,47.07884183],[0.58338632,47.08145381],[0.58521228,47.08278634],[0.59215245,47.07862114],[0.58679311,47.07365797],[0.57835301,47.06794993],[0.55978722,47.06177466],[0.55555315,47.06497739],[0.5468995,47.06450031],[0.54545142,47.07355275],[0.53792033,47.07808815],[0.53192683,47.0720225],[0.52792225,47.06935892],[0.52006143,47.07324568],[0.51812552,47.08119026],[0.51088528,47.08900627],[0.52170814,47.09866614],[0.53255995,47.10993874],[0.53570188,47.11255216],[0.53731936,47.11168858],[0.53833457,47.11236864],[0.54103661,47.1095951]]]]},"geometry_name":"geometrie","properties":{"code":"37188","name":"Pouzay","epci":"200072668","level":"commune"}},{"type":"Feature","id":"commune.13907","geometry":{"type":"MultiPolygon","coordinates":[[[[0.95239196,46.87718713],[0.94090755,46.86014496],[0.93523989,46.85361343],[0.93381513,46.84986892],[0.9373954,46.84445156],[0.93971785,46.84292508],[0.94178725,46.8384857],[0.94277572,46.83367839],[0.93951872,46.8230721],[0.92513495,46.81806052],[0.91666463,46.81590152],[0.91371008,46.81600107],[0.91559715,46.81807178],[0.91526025,46.8232483],[0.91035145,46.83212659],[0.91046615,46.83456327],[0.92769165,46.8475476],[0.9222675,46.85373571],[0.92190485,46.85822541],[0.92256365,46.86323162],[0.9243504,46.86708006],[0.92448251,46.87216412],[0.92290622,46.8829538],[0.94007903,46.88361628],[0.95239196,46.87718713]]]]},"geometry_name":"geometrie","properties":{"code":"37189","name":"Preuilly-sur-Claise","epci":"200071587","level":"commune"}},{"type":"Feature","id":"commune.13908","geometry":{"type":"MultiPolygon","coordinates":[[[[0.56707243,47.00262788],[0.56758941,47.00032921],[0.57411937,46.99527288],[0.5745251,46.9929223],[0.57278815,46.98830537],[0.57393527,46.98342752],[0.55364017,46.97749602],[0.55010643,46.97749578],[0.53289417,46.98110133],[0.5266275,46.98107701],[0.51564788,46.97637852],[0.51586496,46.98453806],[0.52225045,46.98797858],[0.53215163,46.99637623],[0.54980125,47.00050502],[0.56707243,47.00262788]]]]},"geometry_name":"geometrie","properties":{"code":"37190","name":"Pussigny","epci":"200072668","level":"commune"}},{"type":"Feature","id":"commune.13909","geometry":{"type":"MultiPolygon","coordinates":[[[[0.43904209,46.98164817],[0.4309287,46.97669157],[0.41342725,46.96993962],[0.40223721,46.96019685],[0.39419645,46.95021153],[0.39245571,46.94945419],[0.38673651,46.9516993],[0.38603721,46.95650207],[0.38171157,46.96252426],[0.36576099,46.96924521],[0.35076003,46.977829],[0.36643047,46.99079883],[0.3759809,46.98754013],[0.38859478,46.9788054],[0.39301162,46.98004128],[0.39812907,46.9836791],[0.40817089,46.98862823],[0.42453143,46.99283126],[0.434648,46.98855799],[0.43703315,46.9867319],[0.43904209,46.98164817]]]]},"geometry_name":"geometrie","properties":{"code":"37191","name":"Razines","epci":"200072668","level":"commune"}},{"type":"Feature","id":"commune.13910","geometry":{"type":"MultiPolygon","coordinates":[[[[0.90711444,47.19306823],[0.90119094,47.19430112],[0.88667315,47.20207136],[0.87901338,47.19394393],[0.87505331,47.1967956],[0.8691152,47.21064494],[0.86745074,47.21085747],[0.87674792,47.21737114],[0.87784555,47.21451024],[0.88684371,47.20930266],[0.89617292,47.21406907],[0.8987375,47.21940387],[0.89611348,47.22440855],[0.896197,47.22899855],[0.89996421,47.242255],[0.90692508,47.24871734],[0.91014478,47.24866916],[0.91017985,47.24967213],[0.91202653,47.25010616],[0.92493951,47.24838285],[0.9398822,47.24416092],[0.94881169,47.23919594],[0.95756742,47.24171993],[0.96177034,47.23822138],[0.96557844,47.22924302],[0.96785483,47.22232159],[0.96505634,47.22085499],[0.9566768,47.22308774],[0.94580992,47.22293164],[0.93365071,47.22011369],[0.92614159,47.21595574],[0.92468454,47.21291901],[0.91781326,47.20448062],[0.90711444,47.19306823]]]]},"geometry_name":"geometrie","properties":{"code":"37192","name":"Reignac-sur-Indre","epci":"200071587","level":"commune"}},{"type":"Feature","id":"commune.13911","geometry":{"type":"MultiPolygon","coordinates":[[[[0.19537165,47.28865677],[0.20581104,47.29056077],[0.22748529,47.2881568],[0.23352828,47.29510749],[0.24970934,47.31786226],[0.25032689,47.32134759],[0.2481305,47.32382853],[0.25310119,47.32814747],[0.25727452,47.3228334],[0.26592712,47.32313029],[0.28158075,47.33120035],[0.27090663,47.32031997],[0.26218342,47.30858732],[0.2565721,47.29741571],[0.25535759,47.2919039],[0.26057958,47.27853264],[0.26704801,47.26971698],[0.25639043,47.26564955],[0.23010542,47.26405086],[0.21542712,47.26099053],[0.19987484,47.25911611],[0.20207324,47.26672885],[0.19713318,47.27776077],[0.19537165,47.28865677]]]]},"geometry_name":"geometrie","properties":{"code":"37193","name":"Restigné","epci":"200072981","level":"commune"}},{"type":"Feature","id":"commune.13912","geometry":{"type":"MultiPolygon","coordinates":[[[[0.83326561,47.51376933],[0.84718328,47.51726815],[0.86751901,47.51374118],[0.86937446,47.5141092],[0.87094162,47.51420718],[0.89042187,47.5030813],[0.90123967,47.49381355],[0.91645098,47.4859031],[0.92097712,47.46777625],[0.92502907,47.46516509],[0.92771758,47.46137061],[0.92154739,47.45886891],[0.91914644,47.45389042],[0.90751744,47.45905969],[0.89756056,47.46243903],[0.86842022,47.46688346],[0.86651808,47.46786168],[0.84606833,47.46577507],[0.84196691,47.4846998],[0.82090785,47.48732526],[0.82371304,47.49478797],[0.82966288,47.50137268],[0.83369423,47.50899568],[0.83326561,47.51376933]]]]},"geometry_name":"geometrie","properties":{"code":"37194","name":"Reugny","epci":"200073161","level":"commune"}},{"type":"Feature","id":"commune.13913","geometry":{"type":"MultiPolygon","coordinates":[[[[0.66611236,47.3843651],[0.66631661,47.38162236],[0.6655853,47.37920217],[0.66124771,47.37535403],[0.66046367,47.37524369],[0.64312069,47.37261919],[0.64079159,47.37327621],[0.63825568,47.37477465],[0.61796664,47.3715533],[0.61131584,47.36942999],[0.60964208,47.36769159],[0.60857824,47.36791467],[0.60591899,47.38332633],[0.61130292,47.38486909],[0.64796331,47.39160936],[0.64852908,47.39174239],[0.65780926,47.39394438],[0.66418281,47.39541721],[0.66456929,47.39388316],[0.66562122,47.39393941],[0.66821388,47.39153551],[0.66775601,47.39004935],[0.66633994,47.38992096],[0.66611236,47.3843651]]]]},"geometry_name":"geometrie","properties":{"code":"37195","name":"La Riche","epci":"243700754","level":"commune"}},{"type":"Feature","id":"commune.13914","geometry":{"type":"MultiPolygon","coordinates":[[[[0.32348094,46.99735948],[0.31634559,46.9995864],[0.30811426,46.99995949],[0.30593814,47.00245633],[0.30289789,47.01478748],[0.30703226,47.02419078],[0.31028782,47.02574409],[0.30993797,47.02803221],[0.32845106,47.03138449],[0.32874548,47.03065351],[0.32822571,47.02869746],[0.3249813,47.02698548],[0.32503263,47.02222839],[0.32779762,47.0113462],[0.32916159,47.00057385],[0.3255272,47.00033562],[0.32348094,46.99735948]]]]},"geometry_name":"geometrie","properties":{"code":"37196","name":"Richelieu","epci":"200072668","level":"commune"}},{"type":"Feature","id":"commune.13915","geometry":{"type":"MultiPolygon","coordinates":[[[[0.27226247,47.26212809],[0.28089229,47.26221189],[0.29201889,47.26355863],[0.31457158,47.273952],[0.32377761,47.26415276],[0.32642302,47.26303108],[0.32734073,47.26333598],[0.33118839,47.2493816],[0.33427263,47.24640885],[0.31692451,47.23741424],[0.29504829,47.22958857],[0.28749223,47.22806345],[0.29026295,47.23073338],[0.28562268,47.23499904],[0.28352245,47.24101939],[0.28372723,47.2481963],[0.28209879,47.25219818],[0.27902111,47.25685784],[0.27226247,47.26212809]]]]},"geometry_name":"geometrie","properties":{"code":"37197","name":"Rigny-Ussé","epci":"200072650","level":"commune"}},{"type":"Feature","id":"commune.13916","geometry":{"type":"MultiPolygon","coordinates":[[[[0.18521245,47.42633066],[0.18318199,47.43359299],[0.18187343,47.44942904],[0.18111995,47.45332367],[0.18564757,47.4567255],[0.19037435,47.46120203],[0.19630154,47.47526051],[0.19877447,47.47654505],[0.21267272,47.46812621],[0.24576567,47.45638397],[0.26891593,47.45258539],[0.26250687,47.44877607],[0.25746353,47.43809899],[0.2529518,47.43143341],[0.24521696,47.42637389],[0.23144362,47.42462548],[0.21476767,47.42919676],[0.2054366,47.42481146],[0.20012665,47.42325245],[0.19698483,47.42366228],[0.18764515,47.42742358],[0.18521245,47.42633066]]]]},"geometry_name":"geometrie","properties":{"code":"37198","name":"Rillé","epci":"200072981","level":"commune"}},{"type":"Feature","id":"commune.13917","geometry":{"type":"MultiPolygon","coordinates":[[[[0.52006143,47.07324568],[0.52792225,47.06935892],[0.52834524,47.06386882],[0.52589532,47.05965846],[0.51669683,47.0539736],[0.51198915,47.0463103],[0.5041919,47.04052211],[0.50330442,47.0352685],[0.49169121,47.02855816],[0.48637733,47.03041531],[0.48435129,47.03445354],[0.48046988,47.03625875],[0.47904563,47.05007814],[0.47513952,47.05840973],[0.47445834,47.06285191],[0.47625727,47.06598901],[0.49015821,47.07002376],[0.49723147,47.07470988],[0.51358606,47.07416941],[0.51843613,47.0726361],[0.52006143,47.07324568]]]]},"geometry_name":"geometrie","properties":{"code":"37199","name":"Rilly-sur-Vienne","epci":"200072668","level":"commune"}},{"type":"Feature","id":"commune.13918","geometry":{"type":"MultiPolygon","coordinates":[[[[0.32734073,47.26333598],[0.33100433,47.26512912],[0.33478108,47.27126192],[0.34172752,47.27562521],[0.35277532,47.28190214],[0.35676889,47.28356863],[0.36252961,47.28462122],[0.36726527,47.28514764],[0.37623488,47.28270989],[0.39030328,47.27390186],[0.37969142,47.26457585],[0.37266057,47.26050029],[0.37050243,47.24752371],[0.37225237,47.24041047],[0.38135178,47.22198149],[0.38405328,47.21142971],[0.38636876,47.20711507],[0.388351,47.20500154],[0.39691243,47.20182451],[0.39396309,47.20134744],[0.36485511,47.20368299],[0.36778836,47.21837102],[0.35992364,47.22081241],[0.36868414,47.23238028],[0.35732679,47.24548651],[0.33963616,47.24692571],[0.33427263,47.24640885],[0.33118839,47.2493816],[0.32734073,47.26333598]]]]},"geometry_name":"geometrie","properties":{"code":"37200","name":"Rivarennes","epci":"200072650","level":"commune"}},{"type":"Feature","id":"commune.13919","geometry":{"type":"MultiPolygon","coordinates":[[[[0.2901155,47.14549888],[0.29061042,47.1362653],[0.25549966,47.14464053],[0.2520804,47.13940475],[0.24223995,47.1321746],[0.24531952,47.14105645],[0.24893464,47.14704839],[0.25371924,47.15260042],[0.2617542,47.15235215],[0.28271421,47.14671616],[0.2901155,47.14549888]]]]},"geometry_name":"geometrie","properties":{"code":"37201","name":"Rivière","epci":"200043081","level":"commune"}},{"type":"Feature","id":"commune.13920","geometry":{"type":"MultiPolygon","coordinates":[[[[0.19060671,47.16697456],[0.20078899,47.16533939],[0.20733746,47.16280315],[0.21117508,47.15588167],[0.20937706,47.14537038],[0.21489334,47.14149631],[0.23971085,47.13085848],[0.24223995,47.1321746],[0.24451956,47.12123587],[0.24463378,47.11389305],[0.24133076,47.10461475],[0.23819315,47.10129584],[0.23564371,47.10295284],[0.22470922,47.10427996],[0.20026657,47.11234884],[0.18145193,47.11612852],[0.17976451,47.11932152],[0.19019168,47.13519556],[0.18985753,47.1383612],[0.19327312,47.14375473],[0.19718715,47.15247266],[0.19709056,47.15536838],[0.19060671,47.16697456]]]]},"geometry_name":"geometrie","properties":{"code":"37202","name":"La Roche-Clermault","epci":"200043081","level":"commune"}},{"type":"Feature","id":"commune.13921","geometry":{"type":"MultiPolygon","coordinates":[[[[0.75984551,47.40603805],[0.74103925,47.40349034],[0.72965138,47.40061185],[0.72702753,47.40615315],[0.72828122,47.41275361],[0.72920637,47.41308778],[0.7310161,47.41747194],[0.73372924,47.42889534],[0.74590159,47.43138232],[0.76142322,47.44489756],[0.76543212,47.4492585],[0.76934729,47.46229054],[0.76821111,47.46514507],[0.76847324,47.4663433],[0.78667707,47.46532832],[0.79399342,47.46692695],[0.79131573,47.46123978],[0.78908428,47.4481361],[0.78540291,47.44425323],[0.77589352,47.43919003],[0.77137513,47.43271781],[0.77445219,47.42672864],[0.77627175,47.4175166],[0.78128241,47.41038717],[0.78079077,47.40829211],[0.77309141,47.40816293],[0.75984551,47.40603805]]]]},"geometry_name":"geometrie","properties":{"code":"37203","name":"Rochecorbon","epci":"243700754","level":"commune"}},{"type":"Feature","id":"commune.13922","geometry":{"type":"MultiPolygon","coordinates":[[[[0.6144282,47.54967085],[0.62870158,47.55250064],[0.65428405,47.55171861],[0.66236549,47.5422488],[0.67664715,47.53225831],[0.68849649,47.5347083],[0.68958943,47.53068028],[0.68549707,47.5274175],[0.68564074,47.52658646],[0.68229776,47.51463562],[0.67937171,47.51292849],[0.65679815,47.5066051],[0.65451346,47.50445363],[0.65432973,47.50291539],[0.64881162,47.50201255],[0.64026091,47.51277154],[0.63487933,47.52520446],[0.63485166,47.52883582],[0.63625298,47.53073289],[0.63433157,47.53358828],[0.62993906,47.53617548],[0.62557005,47.53549941],[0.61645803,47.53305845],[0.61474785,47.53213732],[0.61540091,47.53043422],[0.61343314,47.53010306],[0.60788957,47.52870972],[0.60559992,47.52998653],[0.59810213,47.53915577],[0.60141132,47.53879164],[0.60947478,47.54128251],[0.61320737,47.54469103],[0.61157469,47.54807069],[0.6144282,47.54967085]]]]},"geometry_name":"geometrie","properties":{"code":"37204","name":"Rouziers-de-Touraine","epci":"200073237","level":"commune"}},{"type":"Feature","id":"commune.13923","geometry":{"type":"MultiPolygon","coordinates":[[[[0.49031098,47.2450823],[0.49514433,47.24933462],[0.49823303,47.25481999],[0.5099931,47.25317897],[0.52601241,47.2525906],[0.53413036,47.25389663],[0.53628241,47.25831795],[0.53440305,47.26263015],[0.52922125,47.26629646],[0.52806798,47.26622685],[0.52677922,47.27243577],[0.53891603,47.27548788],[0.54095179,47.26813642],[0.55388736,47.26186471],[0.56591342,47.26100184],[0.5695614,47.25865372],[0.57422153,47.24407379],[0.57360799,47.23958724],[0.56806114,47.23055865],[0.5636387,47.21210145],[0.55628476,47.2131607],[0.55290178,47.20854794],[0.54647631,47.20293482],[0.53532777,47.20222705],[0.52674251,47.20372297],[0.52270687,47.20732427],[0.51722857,47.22109151],[0.5113572,47.23097608],[0.50083719,47.23452188],[0.49132337,47.2429452],[0.49031098,47.2450823]]]]},"geometry_name":"geometrie","properties":{"code":"37205","name":"Saché","epci":"200072650","level":"commune"}},{"type":"Feature","id":"commune.13924","geometry":{"type":"MultiPolygon","coordinates":[[[[0.62667461,47.46523991],[0.60611097,47.49232174],[0.60015449,47.50215053],[0.59856436,47.50693133],[0.59884924,47.5110366],[0.60570227,47.51594344],[0.6122657,47.52352308],[0.61450463,47.5280222],[0.61343314,47.53010306],[0.61540091,47.53043422],[0.61474785,47.53213732],[0.61645803,47.53305845],[0.62557005,47.53549941],[0.62993906,47.53617548],[0.63433157,47.53358828],[0.63625298,47.53073289],[0.63485166,47.52883582],[0.63487933,47.52520446],[0.64026091,47.51277154],[0.64881162,47.50201255],[0.65432973,47.50291539],[0.65713196,47.50283759],[0.65679843,47.50053087],[0.65922995,47.49051783],[0.66303876,47.48231547],[0.66332809,47.48183497],[0.66044911,47.47971307],[0.6582376,47.47181388],[0.65188542,47.46414005],[0.64691546,47.46197648],[0.633834,47.45959493],[0.62983314,47.4617812],[0.62667461,47.46523991]]]]},"geometry_name":"geometrie","properties":{"code":"37206","name":"Saint-Antoine-du-Rocher","epci":"200073237","level":"commune"}},{"type":"Feature","id":"commune.13925","geometry":{"type":"MultiPolygon","coordinates":[[[[0.39597237,47.64103258],[0.40521173,47.632743],[0.42421526,47.61791415],[0.42846366,47.6175386],[0.43173894,47.61831315],[0.4269694,47.60847278],[0.42061246,47.60098903],[0.41960756,47.59979604],[0.41520882,47.59827125],[0.39629485,47.59541014],[0.395081,47.59458331],[0.39141706,47.59717087],[0.3865623,47.60356824],[0.37335254,47.61282446],[0.36483094,47.62068115],[0.36489291,47.62654819],[0.36848693,47.62844486],[0.3808885,47.63863024],[0.38263352,47.64342178],[0.38516525,47.64187724],[0.38925531,47.6408349],[0.39597237,47.64103258]]]]},"geometry_name":"geometrie","properties":{"code":"37207","name":"Saint-Aubin-le-Dépeint","epci":"200073237","level":"commune"}},{"type":"Feature","id":"commune.13926","geometry":{"type":"MultiPolygon","coordinates":[[[[0.7451635,47.33714722],[0.73881468,47.3379703],[0.72370941,47.35122648],[0.71692294,47.34864636],[0.7141007,47.34717782],[0.70872216,47.3494116],[0.70495874,47.35015504],[0.70377071,47.34930391],[0.71156324,47.36165268],[0.71368638,47.36538962],[0.7150906,47.36929879],[0.71525961,47.37298642],[0.71513495,47.37407638],[0.72999591,47.37456305],[0.7370972,47.37652973],[0.7396036,47.36924958],[0.74145535,47.36919012],[0.74867315,47.37462649],[0.75081017,47.37516589],[0.75352749,47.37473484],[0.75812401,47.3705774],[0.76248857,47.36973843],[0.76278088,47.36660826],[0.75771571,47.35922674],[0.76384555,47.33878369],[0.75853256,47.33742675],[0.7451635,47.33714722]]]]},"geometry_name":"geometrie","properties":{"code":"37208","name":"Saint-Avertin","epci":"243700754","level":"commune"}},{"type":"Feature","id":"commune.13927","geometry":{"type":"MultiPolygon","coordinates":[[[[0.2773772,47.20134973],[0.28088738,47.22002663],[0.28487655,47.22649245],[0.28749223,47.22806345],[0.29504829,47.22958857],[0.31692451,47.23741424],[0.33427263,47.24640885],[0.33963616,47.24692571],[0.35732679,47.24548651],[0.36868414,47.23238028],[0.35992364,47.22081241],[0.36778836,47.21837102],[0.36485511,47.20368299],[0.36292081,47.19862613],[0.35969864,47.19733486],[0.32819185,47.19483228],[0.31459686,47.19152715],[0.31440521,47.17913759],[0.31254754,47.17376892],[0.30367336,47.17001335],[0.30003656,47.17270397],[0.29913527,47.17502776],[0.29762156,47.1752861],[0.28267203,47.18839791],[0.2773772,47.20134973]]]]},"geometry_name":"geometrie","properties":{"code":"37210","name":"Saint-Benoît-la-Forêt","epci":"200043081","level":"commune"}},{"type":"Feature","id":"commune.13928","geometry":{"type":"MultiPolygon","coordinates":[[[[0.67950307,47.17757718],[0.69661704,47.18865846],[0.6986381,47.19543289],[0.71101591,47.21396143],[0.72040169,47.23698767],[0.72012952,47.2440298],[0.72220882,47.2480812],[0.72980854,47.25491295],[0.73237009,47.25668597],[0.75866323,47.2536983],[0.76863148,47.26153859],[0.78388463,47.25458839],[0.79189173,47.25197178],[0.7963727,47.25165807],[0.80117831,47.25326863],[0.80403009,47.25628026],[0.80894075,47.2583797],[0.81852971,47.26018248],[0.83462404,47.26198812],[0.8298992,47.25204458],[0.83139138,47.23886071],[0.82772169,47.23621266],[0.81357032,47.23081581],[0.80925411,47.22482718],[0.81061357,47.21835494],[0.8047797,47.21399364],[0.79948394,47.21168576],[0.7766647,47.20838607],[0.77508594,47.19757069],[0.75151242,47.2033893],[0.73688663,47.19767988],[0.73128885,47.19342558],[0.72083888,47.1820973],[0.70866076,47.17814621],[0.68981514,47.17063209],[0.68593038,47.17509659],[0.67950307,47.17757718]]]]},"geometry_name":"geometrie","properties":{"code":"37211","name":"Saint-Branchs","epci":"200072650","level":"commune"}},{"type":"Feature","id":"commune.13929","geometry":{"type":"MultiPolygon","coordinates":[[[[0.65991412,47.18169619],[0.67950307,47.17757718],[0.68593038,47.17509659],[0.68981514,47.17063209],[0.68755238,47.16907108],[0.68211101,47.16177036],[0.68136047,47.1585309],[0.69823592,47.15881011],[0.7092186,47.16119053],[0.71181264,47.1571384],[0.70843715,47.14923848],[0.7090343,47.14249435],[0.71033478,47.13978745],[0.69616244,47.13656718],[0.68331728,47.13766438],[0.66929571,47.14397127],[0.65140147,47.14515231],[0.64678134,47.14447838],[0.64626219,47.15762604],[0.6577668,47.17791586],[0.65991412,47.18169619]]]]},"geometry_name":"geometrie","properties":{"code":"37212","name":"Sainte-Catherine-de-Fierbois","epci":"200072650","level":"commune"}},{"type":"Feature","id":"commune.13930","geometry":{"type":"MultiPolygon","coordinates":[[[[0.5012336,47.60644432],[0.49428652,47.60848556],[0.48569378,47.60948954],[0.48120589,47.60963053],[0.47626863,47.60876921],[0.45309205,47.60859091],[0.44272275,47.60749062],[0.4249181,47.6013597],[0.42061246,47.60098903],[0.4269694,47.60847278],[0.43173894,47.61831315],[0.44124763,47.61998449],[0.4458588,47.6199891],[0.45175479,47.62201365],[0.45635343,47.62887991],[0.45452536,47.63042148],[0.45295355,47.63373732],[0.45706806,47.63937898],[0.46265289,47.64256415],[0.46197784,47.64333657],[0.46507711,47.64491321],[0.47621285,47.64777676],[0.49662146,47.64624192],[0.49841483,47.64462964],[0.50693569,47.63164943],[0.5012336,47.60644432]]]]},"geometry_name":"geometrie","properties":{"code":"37213","name":"Saint-Christophe-sur-le-Nais","epci":"200073237","level":"commune"}},{"type":"Feature","id":"commune.13931","geometry":{"type":"MultiPolygon","coordinates":[[[[0.64852908,47.39174239],[0.64796331,47.39160936],[0.64702754,47.3933493],[0.65083587,47.39720885],[0.6517844,47.39838528],[0.65084146,47.40013772],[0.64805035,47.40244176],[0.64522816,47.40348517],[0.64365689,47.4056427],[0.63602616,47.41659581],[0.6353659,47.4270167],[0.63992381,47.43534606],[0.64145808,47.43598147],[0.65212251,47.44059743],[0.66383144,47.44011805],[0.67045861,47.44300038],[0.67512646,47.43809825],[0.67501392,47.43552305],[0.6737386,47.43270667],[0.67300684,47.43070085],[0.67259313,47.42806558],[0.67377622,47.41943285],[0.67440181,47.41844031],[0.67650204,47.4180473],[0.67773782,47.41194441],[0.67946494,47.40974453],[0.67928303,47.40754257],[0.67909628,47.40447234],[0.68041316,47.4004964],[0.67520517,47.39965029],[0.66381024,47.3970272],[0.66418281,47.39541721],[0.65780926,47.39394438],[0.64852908,47.39174239]]]]},"geometry_name":"geometrie","properties":{"code":"37214","name":"Saint-Cyr-sur-Loire","epci":"243700754","level":"commune"}},{"type":"Feature","id":"commune.13932","geometry":{"type":"MultiPolygon","coordinates":[[[[0.54103661,47.1095951],[0.53833457,47.11236864],[0.53166912,47.11919109],[0.51502394,47.12517046],[0.49695621,47.13350463],[0.49679889,47.13427677],[0.501292,47.13589978],[0.503307,47.13867615],[0.50453095,47.14530953],[0.50397113,47.14989665],[0.50528122,47.15467811],[0.51209616,47.16253604],[0.51250558,47.16336451],[0.51968311,47.16196659],[0.53422685,47.16367529],[0.54856611,47.16887801],[0.55238422,47.17234101],[0.55941655,47.1894409],[0.57880937,47.18837535],[0.61256539,47.1847205],[0.62844052,47.18297426],[0.64761908,47.18269449],[0.65079891,47.18217991],[0.65205642,47.18094176],[0.65119366,47.17967322],[0.6577668,47.17791586],[0.64626219,47.15762604],[0.64678134,47.14447838],[0.644609,47.14244184],[0.63386971,47.13740126],[0.62800163,47.13628041],[0.62133619,47.1374991],[0.60773926,47.13279804],[0.59501759,47.12693088],[0.58385614,47.1177883],[0.58122195,47.11932661],[0.56438247,47.12436044],[0.55484657,47.12232083],[0.54489033,47.11596776],[0.54103661,47.1095951]]]]},"geometry_name":"geometrie","properties":{"code":"37216","name":"Saint-Épain","epci":"200072668","level":"commune"}},{"type":"Feature","id":"commune.13933","geometry":{"type":"MultiPolygon","coordinates":[[[[0.52202966,47.36668829],[0.50693026,47.36212494],[0.49801188,47.36022014],[0.49450614,47.3586819],[0.49344479,47.35966685],[0.49204622,47.36604854],[0.48792185,47.3708924],[0.48277816,47.3834805],[0.47929675,47.39694203],[0.47717944,47.40072481],[0.46295332,47.41241657],[0.46359668,47.41889464],[0.46659799,47.42291484],[0.47544152,47.42672054],[0.47852262,47.42698732],[0.49186929,47.42306445],[0.49756469,47.42082924],[0.5068945,47.41111532],[0.52081306,47.4022966],[0.52709456,47.39524684],[0.52750253,47.3870065],[0.5300999,47.38126245],[0.52045705,47.37088242],[0.52202966,47.36668829]]]]},"geometry_name":"geometrie","properties":{"code":"37217","name":"Saint-Étienne-de-Chigny","epci":"243700754","level":"commune"}},{"type":"Feature","id":"commune.13934","geometry":{"type":"MultiPolygon","coordinates":[[[[1.05635574,46.99652583],[1.05552331,46.99573548],[1.05632816,46.98767143],[1.04988025,46.98060444],[1.05247188,46.97756],[1.05901254,46.97383902],[1.05989214,46.97206158],[1.05791362,46.971759],[1.06309362,46.96144485],[1.06337398,46.95641058],[1.05719806,46.95118573],[1.05164137,46.94782358],[1.04489998,46.945348],[1.03846443,46.94196217],[1.03743251,46.94206078],[1.03586824,46.94244213],[1.03224104,46.94537848],[1.03059853,46.94891514],[1.02536538,46.95204809],[1.01205099,46.95172382],[0.99435485,46.95304929],[0.98699472,46.95487722],[0.98036595,46.96492957],[0.97185724,46.96575474],[0.96044293,46.96526522],[0.95504212,46.97090312],[0.96228195,46.97692509],[0.97262212,46.97875277],[0.98245562,46.97510107],[0.99093414,46.97356488],[0.99419082,46.97413042],[0.99899144,46.98033452],[0.99919468,46.98369471],[1.00685794,46.9937568],[1.02172403,46.99940107],[1.03393467,47.00002855],[1.05635574,46.99652583]]]]},"geometry_name":"geometrie","properties":{"code":"37218","name":"Saint-Flovier","epci":"200071587","level":"commune"}},{"type":"Feature","id":"commune.13935","geometry":{"type":"MultiPolygon","coordinates":[[[[0.57693856,47.3770995],[0.5901313,47.38043146],[0.60591899,47.38332633],[0.60857824,47.36791467],[0.60964208,47.36769159],[0.60697083,47.36460329],[0.60291564,47.36336328],[0.59011771,47.36489169],[0.58865777,47.36501991],[0.58793702,47.36795903],[0.56613778,47.36515196],[0.56500756,47.37299448],[0.56352268,47.37424857],[0.57693856,47.3770995]]]]},"geometry_name":"geometrie","properties":{"code":"37219","name":"Saint-Genouph","epci":"243700754","level":"commune"}},{"type":"Feature","id":"commune.13936","geometry":{"type":"MultiPolygon","coordinates":[[[[0.09534192,47.20585741],[0.1042328,47.20277382],[0.12253448,47.19085468],[0.12620555,47.18719731],[0.124951,47.18357076],[0.13867452,47.18166398],[0.15787033,47.17911984],[0.15494897,47.17484733],[0.14988317,47.17019132],[0.13965193,47.17438745],[0.12205143,47.16833506],[0.11469012,47.16432931],[0.11460401,47.16275691],[0.11482246,47.16181102],[0.10936705,47.16080731],[0.1024473,47.1615901],[0.09677758,47.1675768],[0.08188791,47.17282484],[0.07990722,47.17938029],[0.08058034,47.18392428],[0.09945267,47.19711557],[0.09449451,47.2008903],[0.09311164,47.20326727],[0.09534192,47.20585741]]]]},"geometry_name":"geometrie","properties":{"code":"37220","name":"Saint-Germain-sur-Vienne","epci":"200043081","level":"commune"}},{"type":"Feature","id":"commune.13937","geometry":{"type":"MultiPolygon","coordinates":[[[[1.12420367,47.08527615],[1.13236898,47.08382968],[1.15212444,47.0836357],[1.17360145,47.06401801],[1.18015721,47.05482677],[1.18106483,47.04103722],[1.17498669,47.04145915],[1.16565878,47.04012622],[1.13880773,47.03086012],[1.11547001,47.0242351],[1.11020436,47.02924816],[1.10928015,47.03566683],[1.09924737,47.05019251],[1.0850007,47.06305082],[1.08404001,47.06271429],[1.08068129,47.07151039],[1.09765315,47.07556627],[1.12043446,47.08575886],[1.12420367,47.08527615]]]]},"geometry_name":"geometrie","properties":{"code":"37221","name":"Saint-Hippolyte","epci":"200071587","level":"commune"}},{"type":"Feature","id":"commune.13938","geometry":{"type":"MultiPolygon","coordinates":[[[[1.06774132,47.10961898],[1.06658006,47.10694737],[1.06560801,47.1069086],[1.0773301,47.097223],[1.09231434,47.09404905],[1.10852082,47.08819508],[1.12043446,47.08575886],[1.09765315,47.07556627],[1.08068129,47.07151039],[1.07376001,47.07770112],[1.07059262,47.07927113],[1.05815604,47.08232566],[1.0540717,47.07698672],[1.04033942,47.06652391],[1.02192582,47.06595887],[1.0159304,47.06129],[1.00608358,47.05584831],[1.00414488,47.05948752],[0.99890202,47.06258588],[1.00082103,47.0655722],[1.00596788,47.06432734],[1.00942244,47.06739764],[1.01314314,47.0757067],[1.01965765,47.08440753],[1.02428505,47.09298653],[1.05340003,47.10717383],[1.05993075,47.11208006],[1.06377297,47.11150595],[1.06774132,47.10961898]]]]},"geometry_name":"geometrie","properties":{"code":"37222","name":"Saint-Jean-Saint-Germain","epci":"200071587","level":"commune"}},{"type":"Feature","id":"commune.13939","geometry":{"type":"MultiPolygon","coordinates":[[[[0.27662281,47.5046736],[0.27186604,47.50698246],[0.26353363,47.49488427],[0.25502306,47.48918067],[0.24684016,47.48935768],[0.22141622,47.50053883],[0.22000595,47.50189499],[0.2378867,47.50999171],[0.25123099,47.51319858],[0.2569802,47.51562186],[0.27802059,47.52915724],[0.28849532,47.53073713],[0.29446659,47.5376967],[0.30419824,47.53371876],[0.31298514,47.52374321],[0.31476646,47.51837754],[0.3105361,47.5151213],[0.29607088,47.51394976],[0.28926484,47.51244058],[0.28004893,47.50646317],[0.27662281,47.5046736]]]]},"geometry_name":"geometrie","properties":{"code":"37223","name":"Saint-Laurent-de-Lin","epci":"200072981","level":"commune"}},{"type":"Feature","id":"commune.13940","geometry":{"type":"MultiPolygon","coordinates":[[[[0.71284971,47.55990877],[0.71394616,47.56357283],[0.72363556,47.58000561],[0.7294807,47.59271652],[0.72884472,47.60025204],[0.73351116,47.60260388],[0.73665669,47.60682695],[0.7371228,47.61006061],[0.74132925,47.61125867],[0.74834124,47.60905739],[0.750339,47.60809998],[0.75306106,47.60359869],[0.75827347,47.60039957],[0.76861285,47.59711556],[0.76988118,47.59721994],[0.78438103,47.60961101],[0.79133226,47.61368767],[0.80038895,47.61720926],[0.80582186,47.61829388],[0.8101983,47.61793122],[0.81941344,47.6145244],[0.82054144,47.61338118],[0.81324342,47.61027501],[0.80854668,47.60703803],[0.80130178,47.60077144],[0.80074272,47.59831254],[0.8009302,47.59553814],[0.8148018,47.58739556],[0.81498654,47.58274991],[0.81111452,47.57409044],[0.8211324,47.56823582],[0.80632434,47.56079856],[0.80582288,47.55982471],[0.79236889,47.56128443],[0.76919241,47.55736842],[0.76621121,47.5579426],[0.76295019,47.56049603],[0.76073306,47.56387896],[0.75748437,47.57129064],[0.75047445,47.57123131],[0.74178599,47.56879418],[0.73159928,47.56189587],[0.72543149,47.55942723],[0.71284971,47.55990877]]]]},"geometry_name":"geometrie","properties":{"code":"37224","name":"Saint-Laurent-en-Gâtines","epci":"243700499","level":"commune"}},{"type":"Feature","id":"commune.13941","geometry":{"type":"MultiPolygon","coordinates":[[[[0.94264265,47.37925955],[0.94023788,47.37456039],[0.94584422,47.37002375],[0.95358104,47.37020799],[0.94063196,47.35863716],[0.9363589,47.35237742],[0.93095203,47.33799071],[0.91773613,47.34219055],[0.89982751,47.34443104],[0.88829451,47.34788354],[0.87968875,47.34841208],[0.88050144,47.35447227],[0.87577085,47.35734145],[0.8615222,47.36131442],[0.86664697,47.36655704],[0.88495997,47.37657438],[0.89592501,47.37688148],[0.89845532,47.37760536],[0.90086931,47.3783559],[0.94264265,47.37925955]]]]},"geometry_name":"geometrie","properties":{"code":"37225","name":"Saint-Martin-le-Beau","epci":"243700820","level":"commune"}},{"type":"Feature","id":"commune.13942","geometry":{"type":"MultiPolygon","coordinates":[[[[0.64678134,47.14447838],[0.65140147,47.14515231],[0.66929571,47.14397127],[0.68331728,47.13766438],[0.69616244,47.13656718],[0.71033478,47.13978745],[0.71366932,47.13095022],[0.70436976,47.12414604],[0.68927823,47.1188629],[0.68316713,47.11221602],[0.67737601,47.10898434],[0.67075283,47.10676779],[0.66565911,47.10330184],[0.66088859,47.09836054],[0.65665037,47.09603014],[0.65481218,47.09705119],[0.64827598,47.09649237],[0.64098469,47.09471531],[0.62751427,47.08740771],[0.61036843,47.08239502],[0.60440579,47.07624568],[0.60403968,47.07433665],[0.59215245,47.07862114],[0.58521228,47.08278634],[0.58743411,47.08900727],[0.58661298,47.10667327],[0.58902235,47.11421306],[0.58385614,47.1177883],[0.59501759,47.12693088],[0.60773926,47.13279804],[0.62133619,47.1374991],[0.62800163,47.13628041],[0.63386971,47.13740126],[0.644609,47.14244184],[0.64678134,47.14447838]]]]},"geometry_name":"geometrie","properties":{"code":"37226","name":"Sainte-Maure-de-Touraine","epci":"200072668","level":"commune"}},{"type":"Feature","id":"commune.13943","geometry":{"type":"MultiPolygon","coordinates":[[[[0.08855005,47.27538027],[0.08652403,47.28049583],[0.08241749,47.28276456],[0.08126161,47.28656774],[0.09549884,47.30412777],[0.10282273,47.31028526],[0.10895204,47.31327125],[0.11395959,47.31828562],[0.11843022,47.32606278],[0.11746819,47.33230596],[0.1264079,47.33256091],[0.13797626,47.33605088],[0.13997845,47.33963231],[0.14698332,47.34554281],[0.14951042,47.34288082],[0.15661425,47.32857266],[0.16374974,47.32098852],[0.16225756,47.30852079],[0.15980004,47.30295125],[0.15846837,47.28512464],[0.15641833,47.27666154],[0.16058459,47.26560501],[0.16491082,47.26126435],[0.16400155,47.25555153],[0.14580983,47.25846432],[0.12957311,47.26266589],[0.11033071,47.27063432],[0.09846933,47.27425777],[0.08855005,47.27538027]]]]},"geometry_name":"geometrie","properties":{"code":"37228","name":"Saint-Nicolas-de-Bourgueil","epci":"200072981","level":"commune"}},{"type":"Feature","id":"commune.13944","geometry":{"type":"MultiPolygon","coordinates":[[[[1.03608505,47.55813514],[1.03309445,47.57205911],[1.02072128,47.58177235],[1.00475918,47.58211456],[1.0037147,47.58456652],[1.00381505,47.59000041],[1.01558125,47.60517925],[1.01851293,47.60779698],[1.0243309,47.60899317],[1.03258793,47.6081782],[1.03308673,47.60732403],[1.05189803,47.58714657],[1.05687375,47.58028208],[1.06387766,47.56635771],[1.04256055,47.55892832],[1.03608505,47.55813514]]]]},"geometry_name":"geometrie","properties":{"code":"37229","name":"Saint-Nicolas-des-Motets","epci":"243700499","level":"commune"}},{"type":"Feature","id":"commune.13945","geometry":{"type":"MultiPolygon","coordinates":[[[[1.03724326,47.50845577],[1.04086703,47.4947833],[1.03555533,47.4901142],[1.02620837,47.4787258],[1.01853421,47.46713178],[1.01313642,47.46226015],[1.0110809,47.46136871],[0.9887569,47.45663048],[0.97552765,47.45604095],[0.95695244,47.46208998],[0.96679898,47.4644127],[0.97095748,47.46677065],[0.96917726,47.47109699],[0.97283811,47.48278941],[0.99908026,47.49583338],[1.00506554,47.4994748],[1.00976812,47.50079065],[1.02104351,47.50227576],[1.03724326,47.50845577]]]]},"geometry_name":"geometrie","properties":{"code":"37230","name":"Saint-Ouen-les-Vignes","epci":"200043065","level":"commune"}},{"type":"Feature","id":"commune.13946","geometry":{"type":"MultiPolygon","coordinates":[[[[0.395081,47.59458331],[0.39629485,47.59541014],[0.41520882,47.59827125],[0.41960756,47.59979604],[0.42061246,47.60098903],[0.4249181,47.6013597],[0.44272275,47.60749062],[0.45309205,47.60859091],[0.47626863,47.60876921],[0.48120589,47.60963053],[0.48569378,47.60948954],[0.49428652,47.60848556],[0.5012336,47.60644432],[0.50645732,47.60599408],[0.51100152,47.60409363],[0.51773824,47.60322757],[0.52165823,47.60365939],[0.52451472,47.60500241],[0.53229153,47.59851289],[0.5315996,47.59366587],[0.52583505,47.58590882],[0.52622146,47.5809576],[0.52799348,47.58005587],[0.51416402,47.57561038],[0.51093721,47.56723106],[0.50253806,47.55507825],[0.49886323,47.5511927],[0.49571346,47.55002276],[0.49374247,47.54936171],[0.46531077,47.55094994],[0.45088431,47.54843254],[0.4377569,47.55222275],[0.43701614,47.55646185],[0.43428219,47.56141992],[0.42861449,47.56583416],[0.42307129,47.56971682],[0.40244789,47.57848524],[0.39729583,47.58484491],[0.39675741,47.59422446],[0.395081,47.59458331]]]]},"geometry_name":"geometrie","properties":{"code":"37231","name":"Saint-Paterne-Racan","epci":"200073237","level":"commune"}},{"type":"Feature","id":"commune.13947","geometry":{"type":"MultiPolygon","coordinates":[[[[0.28089229,47.26221189],[0.27968443,47.26385362],[0.26704801,47.26971698],[0.26057958,47.27853264],[0.25535759,47.2919039],[0.2565721,47.29741571],[0.26218342,47.30858732],[0.27090663,47.32031997],[0.28158075,47.33120035],[0.28632461,47.33938843],[0.28637998,47.34065169],[0.28517518,47.34052534],[0.28392194,47.3431884],[0.28424805,47.34433818],[0.28973664,47.3442187],[0.2877281,47.34077416],[0.28760177,47.33761135],[0.29168764,47.3305367],[0.29769448,47.32870042],[0.30305681,47.32805496],[0.30634911,47.32821157],[0.30822395,47.33560338],[0.31175741,47.3386523],[0.31698643,47.34225192],[0.32393506,47.34476139],[0.32916174,47.34319192],[0.33572461,47.33648356],[0.34128717,47.32928807],[0.3437408,47.32441629],[0.34630536,47.32203393],[0.35352669,47.31777707],[0.36018109,47.31188195],[0.36801979,47.30197712],[0.36610139,47.30070228],[0.35644904,47.29937306],[0.3470066,47.29605537],[0.33099453,47.28653103],[0.31457158,47.273952],[0.29201889,47.26355863],[0.28089229,47.26221189]]]]},"geometry_name":"geometrie","properties":{"code":"37232","name":"Coteaux-sur-Loire","epci":"200072981","level":"commune"}},{"type":"Feature","id":"commune.13948","geometry":{"type":"MultiPolygon","coordinates":[[[[0.71242181,47.38148798],[0.71236323,47.38158679],[0.71037527,47.38497978],[0.70781982,47.38929545],[0.70497585,47.39513637],[0.70552427,47.39707264],[0.70087719,47.39935207],[0.70125686,47.39931364],[0.71181106,47.39865728],[0.72965138,47.40061185],[0.74103925,47.40349034],[0.75984551,47.40603805],[0.76011706,47.40388914],[0.75639248,47.39574196],[0.76024013,47.38926363],[0.76101317,47.37773953],[0.76388723,47.37068934],[0.76566266,47.37071179],[0.76585022,47.37021918],[0.76248857,47.36973843],[0.75812401,47.3705774],[0.75352749,47.37473484],[0.75081017,47.37516589],[0.74867315,47.37462649],[0.74145535,47.36919012],[0.7396036,47.36924958],[0.7370972,47.37652973],[0.73633635,47.38004338],[0.73460066,47.3794494],[0.73311793,47.37723208],[0.72896997,47.3765306],[0.728053,47.37664416],[0.72662059,47.38015904],[0.71510325,47.37727825],[0.71242181,47.38148798]]]]},"geometry_name":"geometrie","properties":{"code":"37233","name":"Saint-Pierre-des-Corps","epci":"243700754","level":"commune"}},{"type":"Feature","id":"commune.13949","geometry":{"type":"MultiPolygon","coordinates":[[[[1.00307411,47.18436638],[1.00700075,47.18919713],[1.00942941,47.1975403],[1.00947352,47.20834869],[1.01098011,47.21531786],[1.01272643,47.21859973],[1.02496688,47.22408803],[1.02289694,47.23364808],[1.01788131,47.23958527],[1.01103026,47.24573842],[1.02057277,47.25328978],[1.03138424,47.24331577],[1.04817646,47.23830996],[1.06577766,47.22910256],[1.06545233,47.22818669],[1.0641392,47.2240475],[1.06750037,47.21901917],[1.07469042,47.21242084],[1.07600479,47.20970414],[1.0681275,47.19953469],[1.06294226,47.19973086],[1.05603793,47.19542944],[1.05152955,47.1796057],[1.03578239,47.16828612],[1.01618864,47.17780423],[1.01741772,47.18298372],[1.00307411,47.18436638]]]]},"geometry_name":"geometrie","properties":{"code":"37234","name":"Saint-Quentin-sur-Indrois","epci":"200071587","level":"commune"}},{"type":"Feature","id":"commune.13950","geometry":{"type":"MultiPolygon","coordinates":[[[[1.05497881,47.39816412],[1.04176235,47.40247169],[1.02037477,47.40511354],[1.00534305,47.40674679],[1.00158932,47.41129824],[1.01707061,47.41311205],[1.0314435,47.41269527],[1.03032258,47.41670052],[1.05126968,47.42051926],[1.06007481,47.4221459],[1.06366361,47.41873621],[1.06378615,47.41563885],[1.05870207,47.40265127],[1.05497881,47.39816412]]]]},"geometry_name":"geometrie","properties":{"code":"37236","name":"Saint-Règle","epci":"200043065","level":"commune"}},{"type":"Feature","id":"commune.13951","geometry":{"type":"MultiPolygon","coordinates":[[[[0.55626875,47.46339229],[0.5558704,47.46391439],[0.56797389,47.46547287],[0.57517826,47.45871195],[0.58234686,47.44820336],[0.58598345,47.44325259],[0.58933941,47.43419994],[0.58713543,47.4299421],[0.57511189,47.42898331],[0.56711223,47.4316289],[0.5663645,47.43470687],[0.56501497,47.43753088],[0.56575417,47.43966639],[0.56785489,47.44149263],[0.5691554,47.45018818],[0.56518126,47.45641385],[0.56007605,47.45791902],[0.56160963,47.45987576],[0.55626875,47.46339229]]]]},"geometry_name":"geometrie","properties":{"code":"37237","name":"Saint-Roch","epci":"200073237","level":"commune"}},{"type":"Feature","id":"commune.13952","geometry":{"type":"MultiPolygon","coordinates":[[[[0.99379559,47.04973743],[0.99429188,47.0416324],[0.98386497,47.03353437],[0.9774962,47.03180547],[0.94098352,47.03111869],[0.92224791,47.02877282],[0.93001935,47.03687676],[0.9311502,47.0420865],[0.91948142,47.05051849],[0.92102304,47.05164953],[0.92064873,47.06119132],[0.92231619,47.06385477],[0.92790989,47.06773337],[0.92792939,47.08143135],[0.93461602,47.08396021],[0.9430077,47.08712424],[0.95319461,47.08877128],[0.95848252,47.08806956],[0.95995179,47.08614387],[0.97340677,47.07701242],[0.97741383,47.06680122],[0.97625538,47.05474689],[0.9877035,47.04978726],[0.99379559,47.04973743]]]]},"geometry_name":"geometrie","properties":{"code":"37238","name":"Saint-Senoch","epci":"200071587","level":"commune"}},{"type":"Feature","id":"commune.13953","geometry":{"type":"MultiPolygon","coordinates":[[[[0.99178548,47.62023218],[0.98548201,47.61099623],[0.98396793,47.60535877],[0.98743555,47.59453177],[0.99302099,47.58903821],[0.99690972,47.58674055],[0.99702658,47.58412146],[0.98645136,47.5790826],[0.98116532,47.57103063],[0.97638393,47.56704804],[0.96076556,47.57211559],[0.94135603,47.5749298],[0.93535169,47.57659574],[0.92606344,47.58616109],[0.92498631,47.5898031],[0.92289179,47.60378731],[0.93176066,47.61036839],[0.93249447,47.62023196],[0.93380596,47.62371456],[0.93736435,47.62847851],[0.94304139,47.6282662],[0.95149391,47.62639517],[0.95803198,47.62692476],[0.96510777,47.62973777],[0.9665284,47.62898457],[0.96736958,47.62483936],[0.97073066,47.62205164],[0.99178548,47.62023218]]]]},"geometry_name":"geometrie","properties":{"code":"37240","name":"Saunay","epci":"243700499","level":"commune"}},{"type":"Feature","id":"commune.13954","geometry":{"type":"MultiPolygon","coordinates":[[[[0.292657,47.4646845],[0.30742352,47.46752196],[0.32105239,47.47435471],[0.32699889,47.47615587],[0.33698896,47.47570479],[0.34202462,47.47475346],[0.34910584,47.47015482],[0.34829571,47.45500399],[0.34570309,47.44906699],[0.34619193,47.4366594],[0.35062422,47.41796017],[0.3430556,47.41419819],[0.33000494,47.41425415],[0.32873613,47.41990128],[0.32908563,47.42790398],[0.32721175,47.43329849],[0.31599806,47.43938218],[0.30827252,47.44229402],[0.30032933,47.44918955],[0.29172897,47.45464886],[0.292657,47.4646845]]]]},"geometry_name":"geometrie","properties":{"code":"37241","name":"Savigné-sur-Lathan","epci":"200072981","level":"commune"}},{"type":"Feature","id":"commune.13955","geometry":{"type":"MultiPolygon","coordinates":[[[[0.07451948,47.21444222],[0.09041375,47.21785509],[0.13186693,47.23481694],[0.15338509,47.23733569],[0.15297868,47.22465525],[0.15945764,47.21808492],[0.16250335,47.2166191],[0.16065118,47.20314288],[0.16050784,47.19343802],[0.14697211,47.18969552],[0.14304476,47.19028874],[0.14076831,47.18729391],[0.13867452,47.18166398],[0.124951,47.18357076],[0.12620555,47.18719731],[0.12253448,47.19085468],[0.1042328,47.20277382],[0.09534192,47.20585741],[0.08014944,47.21341672],[0.07451948,47.21444222]]]]},"geometry_name":"geometrie","properties":{"code":"37242","name":"Savigny-en-Véron","epci":"200043081","level":"commune"}},{"type":"Feature","id":"commune.13956","geometry":{"type":"MultiPolygon","coordinates":[[[[0.59321567,47.35661963],[0.59344871,47.35278414],[0.5854799,47.34418245],[0.5771995,47.33684534],[0.56480007,47.32997606],[0.56281648,47.32622283],[0.55640889,47.32186404],[0.54891197,47.3217186],[0.54635157,47.32198064],[0.54414272,47.32330115],[0.53772422,47.32343539],[0.52675251,47.34841726],[0.52081379,47.35370274],[0.53400889,47.35817258],[0.54529309,47.36105498],[0.56613778,47.36515196],[0.58793702,47.36795903],[0.58865777,47.36501991],[0.59011771,47.36489169],[0.59109966,47.3604422],[0.59321567,47.35661963]]]]},"geometry_name":"geometrie","properties":{"code":"37243","name":"Savonnières","epci":"243700754","level":"commune"}},{"type":"Feature","id":"commune.13957","geometry":{"type":"MultiPolygon","coordinates":[[[[0.38298353,47.13275486],[0.38156777,47.12470484],[0.37883592,47.11924988],[0.37504011,47.1180675],[0.3703733,47.11832269],[0.36339825,47.11688112],[0.35644817,47.11375427],[0.33886487,47.10935309],[0.32620367,47.11916187],[0.31841231,47.12056509],[0.33172115,47.14085569],[0.36583174,47.13582729],[0.38298353,47.13275486]]]]},"geometry_name":"geometrie","properties":{"code":"37244","name":"Sazilly","epci":"200072668","level":"commune"}},{"type":"Feature","id":"commune.13958","geometry":{"type":"MultiPolygon","coordinates":[[[[0.55626875,47.46339229],[0.55283403,47.46560858],[0.54325529,47.46920649],[0.53152343,47.47576964],[0.52491603,47.47847169],[0.5172784,47.48446567],[0.52168206,47.49245331],[0.53231833,47.50390424],[0.53101208,47.51337244],[0.53381391,47.51669463],[0.53888913,47.52753424],[0.5452792,47.53425766],[0.55129555,47.53712556],[0.55724575,47.53938837],[0.56651408,47.53039008],[0.57128078,47.52720601],[0.57681479,47.52858201],[0.58704007,47.53281879],[0.59344782,47.53713888],[0.59444489,47.53877147],[0.59810213,47.53915577],[0.60559992,47.52998653],[0.60788957,47.52870972],[0.61343314,47.53010306],[0.61450463,47.5280222],[0.6122657,47.52352308],[0.60570227,47.51594344],[0.59884924,47.5110366],[0.59856436,47.50693133],[0.60015449,47.50215053],[0.60611097,47.49232174],[0.59649426,47.49082684],[0.58556787,47.48756767],[0.57785968,47.48042352],[0.56535142,47.47290745],[0.56401654,47.47065954],[0.56797389,47.46547287],[0.5558704,47.46391439],[0.55626875,47.46339229]]]]},"geometry_name":"geometrie","properties":{"code":"37245","name":"Semblançay","epci":"200073237","level":"commune"}},{"type":"Feature","id":"commune.13959","geometry":{"type":"MultiPolygon","coordinates":[[[[1.14565243,47.12710992],[1.1357645,47.11153981],[1.13380529,47.09718662],[1.12697455,47.08760762],[1.12420367,47.08527615],[1.12043446,47.08575886],[1.10852082,47.08819508],[1.09231434,47.09404905],[1.0773301,47.097223],[1.06560801,47.1069086],[1.06658006,47.10694737],[1.06774132,47.10961898],[1.06888455,47.11434358],[1.06816331,47.12279781],[1.06702564,47.1233957],[1.07385436,47.12551788],[1.08937616,47.12694694],[1.09489217,47.12648588],[1.09451911,47.13367702],[1.11137098,47.13948276],[1.11951098,47.14154072],[1.12706552,47.13596908],[1.1259587,47.12981119],[1.14565243,47.12710992]]]]},"geometry_name":"geometrie","properties":{"code":"37246","name":"Sennevières","epci":"200071587","level":"commune"}},{"type":"Feature","id":"commune.13960","geometry":{"type":"MultiPolygon","coordinates":[[[[0.69817949,47.05038214],[0.69640893,47.05024506],[0.69463444,47.04859648],[0.68547578,47.04509778],[0.6770776,47.04333489],[0.66439401,47.04853742],[0.65432107,47.05038152],[0.65631675,47.05737829],[0.65685867,47.0706037],[0.65359272,47.09437116],[0.65665037,47.09603014],[0.66088859,47.09836054],[0.66565911,47.10330184],[0.67075283,47.10676779],[0.67737601,47.10898434],[0.68316713,47.11221602],[0.68927823,47.1188629],[0.70436976,47.12414604],[0.7022157,47.12090764],[0.7098024,47.10682733],[0.71284199,47.09581806],[0.7131436,47.08861492],[0.71224323,47.08478447],[0.71307126,47.08136652],[0.70814766,47.07866958],[0.70643334,47.07408795],[0.70811179,47.06896567],[0.70839049,47.06392638],[0.70591962,47.05796064],[0.69817949,47.05038214]]]]},"geometry_name":"geometrie","properties":{"code":"37247","name":"Sepmes","epci":"200071587","level":"commune"}},{"type":"Feature","id":"commune.13961","geometry":{"type":"MultiPolygon","coordinates":[[[[0.14068596,47.12465992],[0.14357211,47.13116719],[0.14179872,47.14642674],[0.14194159,47.15035271],[0.14301975,47.15108834],[0.1463954,47.15190586],[0.15283563,47.15518336],[0.15819816,47.15261977],[0.15874985,47.14817128],[0.16360071,47.14289407],[0.19327312,47.14375473],[0.18985753,47.1383612],[0.19019168,47.13519556],[0.17976451,47.11932152],[0.18145193,47.11612852],[0.18150394,47.11528567],[0.18121916,47.11439766],[0.17608745,47.11262653],[0.16652442,47.107653],[0.16350812,47.10411692],[0.1618617,47.10007926],[0.15276203,47.10438065],[0.14651595,47.10612302],[0.14003576,47.10568],[0.13518037,47.10711473],[0.13397142,47.10997304],[0.13411595,47.11447571],[0.14068596,47.12465992]]]]},"geometry_name":"geometrie","properties":{"code":"37248","name":"Seuilly","epci":"200043081","level":"commune"}},{"type":"Feature","id":"commune.13962","geometry":{"type":"MultiPolygon","coordinates":[[[[0.4377569,47.55222275],[0.45088431,47.54843254],[0.46531077,47.55094994],[0.49374247,47.54936171],[0.49571346,47.55002276],[0.49711349,47.54785088],[0.49298375,47.54693361],[0.49374994,47.54514619],[0.50065745,47.53453149],[0.51116201,47.52361681],[0.51741825,47.51847727],[0.5267247,47.51409925],[0.53101208,47.51337244],[0.53231833,47.50390424],[0.52168206,47.49245331],[0.5172784,47.48446567],[0.52491603,47.47847169],[0.53152343,47.47576964],[0.52967192,47.47449833],[0.5195757,47.47282557],[0.50623395,47.47266034],[0.50529483,47.4717486],[0.49913384,47.47701655],[0.49589923,47.47798004],[0.46037057,47.4830313],[0.43868142,47.48855269],[0.43595716,47.49305177],[0.43445538,47.49363744],[0.4381551,47.49696387],[0.43962117,47.50503875],[0.43855026,47.51807523],[0.43282718,47.52316481],[0.4259582,47.52518649],[0.42390176,47.53188134],[0.42587604,47.53832659],[0.43658844,47.55059578],[0.4377569,47.55222275]]]]},"geometry_name":"geometrie","properties":{"code":"37249","name":"Sonzay","epci":"200073237","level":"commune"}},{"type":"Feature","id":"commune.13963","geometry":{"type":"MultiPolygon","coordinates":[[[[0.68042736,47.27530145],[0.69591686,47.27604429],[0.70761048,47.27510066],[0.71774805,47.2694393],[0.72682911,47.26787224],[0.72939042,47.25814071],[0.72854645,47.2554169],[0.72980854,47.25491295],[0.72220882,47.2480812],[0.72012952,47.2440298],[0.72040169,47.23698767],[0.71101591,47.21396143],[0.6986381,47.19543289],[0.69661704,47.18865846],[0.67950307,47.17757718],[0.65991412,47.18169619],[0.66482342,47.19027516],[0.65973315,47.19870898],[0.6551759,47.20921951],[0.65234061,47.2192784],[0.64846826,47.22605755],[0.64593801,47.23897665],[0.64488091,47.24007379],[0.65259881,47.2383804],[0.65714631,47.24822112],[0.66146687,47.25465075],[0.66560435,47.25849614],[0.67222576,47.26139424],[0.67544807,47.26446433],[0.68042736,47.27530145]]]]},"geometry_name":"geometrie","properties":{"code":"37250","name":"Sorigny","epci":"200072650","level":"commune"}},{"type":"Feature","id":"commune.13964","geometry":{"type":"MultiPolygon","coordinates":[[[[0.35987785,47.50614444],[0.35911149,47.51019715],[0.36154726,47.52514196],[0.36359232,47.52489914],[0.37891533,47.52826555],[0.39773134,47.5349025],[0.40198792,47.54686955],[0.41491009,47.54207188],[0.42088024,47.54313086],[0.43658844,47.55059578],[0.42587604,47.53832659],[0.42390176,47.53188134],[0.4259582,47.52518649],[0.43282718,47.52316481],[0.43855026,47.51807523],[0.43962117,47.50503875],[0.4381551,47.49696387],[0.43445538,47.49363744],[0.43595716,47.49305177],[0.42922679,47.49014294],[0.40801327,47.49465781],[0.40666207,47.49385678],[0.39826122,47.48846634],[0.39254095,47.49252825],[0.37630476,47.50014524],[0.35987785,47.50614444]]]]},"geometry_name":"geometrie","properties":{"code":"37251","name":"Souvigné","epci":"200072981","level":"commune"}},{"type":"Feature","id":"commune.13965","geometry":{"type":"MultiPolygon","coordinates":[[[[1.10717499,47.37296068],[1.10359124,47.37380723],[1.09230272,47.37089764],[1.08834441,47.36681647],[1.08298727,47.36380796],[1.08089172,47.36399849],[1.0780167,47.36426703],[1.0757221,47.36934019],[1.05883904,47.37283063],[1.06371188,47.38384375],[1.06000015,47.38580524],[1.05702627,47.38949796],[1.056035,47.39127424],[1.05607659,47.39744139],[1.05497881,47.39816412],[1.05870207,47.40265127],[1.06378615,47.41563885],[1.06366361,47.41873621],[1.06007481,47.4221459],[1.05126968,47.42051926],[1.04977965,47.42442212],[1.05788145,47.42958134],[1.07268164,47.43550664],[1.07595347,47.43146552],[1.08244652,47.42764764],[1.08490379,47.42969433],[1.09003899,47.42456242],[1.09734856,47.42086248],[1.11125206,47.40733374],[1.1140296,47.39576022],[1.12185588,47.38369828],[1.12155276,47.38243544],[1.10717499,47.37296068]]]]},"geometry_name":"geometrie","properties":{"code":"37252","name":"Souvigny-de-Touraine","epci":"200043065","level":"commune"}},{"type":"Feature","id":"commune.13966","geometry":{"type":"MultiPolygon","coordinates":[[[[1.01155605,47.26824206],[1.01239417,47.2643616],[1.02057277,47.25328978],[1.01103026,47.24573842],[1.00483991,47.24919281],[0.98622297,47.25136637],[0.98344062,47.25174307],[0.97717005,47.25529369],[0.97495962,47.26081061],[0.97562154,47.26739977],[0.97415196,47.27216503],[0.95557293,47.28394513],[0.96333681,47.28905809],[0.972422,47.29584969],[0.98791603,47.29280901],[0.99131736,47.28977551],[1.00842993,47.27983955],[1.01155605,47.26824206]]]]},"geometry_name":"geometrie","properties":{"code":"37253","name":"Sublaines","epci":"243700820","level":"commune"}},{"type":"Feature","id":"commune.13967","geometry":{"type":"MultiPolygon","coordinates":[[[[0.83462404,47.26198812],[0.83604594,47.26304584],[0.84208759,47.25738653],[0.84508356,47.25010062],[0.85344272,47.24324188],[0.85743699,47.242136],[0.85223497,47.2362327],[0.85021243,47.23039805],[0.85734357,47.22005886],[0.86452189,47.21195719],[0.86745074,47.21085747],[0.8691152,47.21064494],[0.87505331,47.1967956],[0.87901338,47.19394393],[0.8666848,47.17628169],[0.8538637,47.17800268],[0.85773281,47.17417827],[0.85776779,47.17180579],[0.85276027,47.16463865],[0.82836711,47.17449665],[0.82722623,47.17537317],[0.81759497,47.17931238],[0.80610974,47.18157836],[0.79380723,47.18361509],[0.77668321,47.18385856],[0.77413393,47.19081384],[0.77508594,47.19757069],[0.7766647,47.20838607],[0.79948394,47.21168576],[0.8047797,47.21399364],[0.81061357,47.21835494],[0.80925411,47.22482718],[0.81357032,47.23081581],[0.82772169,47.23621266],[0.83139138,47.23886071],[0.8298992,47.25204458],[0.83462404,47.26198812]]]]},"geometry_name":"geometrie","properties":{"code":"37254","name":"Tauxigny-Saint-Bauld","epci":"200071587","level":"commune"}},{"type":"Feature","id":"commune.13968","geometry":{"type":"MultiPolygon","coordinates":[[[[0.36339825,47.11688112],[0.3703733,47.11832269],[0.37504011,47.1180675],[0.37883592,47.11924988],[0.38156777,47.12470484],[0.38298353,47.13275486],[0.39272213,47.12678816],[0.40214511,47.12348984],[0.41376852,47.12205238],[0.41191053,47.11702135],[0.40705462,47.11400122],[0.39924566,47.1135646],[0.38322981,47.10939827],[0.36860862,47.10814219],[0.36048797,47.10837955],[0.35854695,47.10771006],[0.35765169,47.1081283],[0.35877457,47.10976911],[0.36431247,47.11532195],[0.36339825,47.11688112]]]]},"geometry_name":"geometrie","properties":{"code":"37255","name":"Tavant","epci":"200072668","level":"commune"}},{"type":"Feature","id":"commune.13969","geometry":{"type":"MultiPolygon","coordinates":[[[[0.4350994,47.11902072],[0.44471597,47.11987317],[0.44548619,47.11840751],[0.44947655,47.11623555],[0.45311639,47.11117146],[0.45552623,47.10428496],[0.45421074,47.09658048],[0.44830569,47.08757127],[0.44962915,47.08379377],[0.44126511,47.08352601],[0.43884902,47.08466693],[0.4386473,47.08735851],[0.43746683,47.08841509],[0.42552703,47.08869111],[0.41951665,47.08241275],[0.41202379,47.08328741],[0.40312948,47.08652983],[0.41595652,47.09585862],[0.41862945,47.10598468],[0.4186742,47.11419545],[0.41987087,47.11428071],[0.42022105,47.11336071],[0.42510909,47.11127626],[0.431934,47.11438892],[0.4350994,47.11902072]]]]},"geometry_name":"geometrie","properties":{"code":"37256","name":"Theneuil","epci":"200072668","level":"commune"}},{"type":"Feature","id":"commune.13970","geometry":{"type":"MultiPolygon","coordinates":[[[[0.58678767,47.2549758],[0.58823811,47.25599492],[0.6094093,47.24833364],[0.61552333,47.24799482],[0.62494794,47.24966178],[0.63591288,47.24741718],[0.63774172,47.24908196],[0.64203965,47.24587574],[0.64326599,47.24412007],[0.64323645,47.24041955],[0.64488091,47.24007379],[0.64593801,47.23897665],[0.64846826,47.22605755],[0.64552206,47.22443777],[0.6406717,47.21945568],[0.63839525,47.21406651],[0.63320812,47.21124692],[0.62618612,47.20871645],[0.61642445,47.20709202],[0.61012341,47.19395445],[0.61256539,47.1847205],[0.57880937,47.18837535],[0.55941655,47.1894409],[0.5636387,47.21210145],[0.56806114,47.23055865],[0.57360799,47.23958724],[0.57422153,47.24407379],[0.58882351,47.25023015],[0.58678767,47.2549758]]]]},"geometry_name":"geometrie","properties":{"code":"37257","name":"Thilouze","epci":"200072650","level":"commune"}},{"type":"Feature","id":"commune.13971","geometry":{"type":"MultiPolygon","coordinates":[[[[0.15787033,47.17911984],[0.16739287,47.17585159],[0.16465204,47.17195311],[0.15935364,47.15980468],[0.15283563,47.15518336],[0.1463954,47.15190586],[0.14301975,47.15108834],[0.14133667,47.15174765],[0.13454764,47.15092567],[0.12948936,47.15145432],[0.12074924,47.15887039],[0.11460401,47.16275691],[0.11469012,47.16432931],[0.12205143,47.16833506],[0.13965193,47.17438745],[0.14988317,47.17019132],[0.15494897,47.17484733],[0.15787033,47.17911984]]]]},"geometry_name":"geometrie","properties":{"code":"37258","name":"Thizay","epci":"200043081","level":"commune"}},{"type":"Feature","id":"commune.13972","geometry":{"type":"MultiPolygon","coordinates":[[[[0.94453429,46.79116555],[0.94448262,46.78253142],[0.946466,46.77779946],[0.95511639,46.77355921],[0.95638024,46.77411401],[0.96115658,46.77396288],[0.96622302,46.77198286],[0.97950205,46.75605777],[0.97979795,46.75437597],[0.97238672,46.75270248],[0.96760204,46.74903403],[0.96388697,46.74303169],[0.95918889,46.73814303],[0.95367621,46.73671098],[0.95005575,46.73839467],[0.94736318,46.73673881],[0.94361157,46.73904325],[0.9348989,46.75158243],[0.93012042,46.7556514],[0.92653335,46.75729986],[0.9189031,46.75579639],[0.9167066,46.75651318],[0.91525638,46.75738488],[0.91595002,46.76283508],[0.91881315,46.76886951],[0.94203333,46.79027054],[0.94453429,46.79116555]]]]},"geometry_name":"geometrie","properties":{"code":"37259","name":"Tournon-Saint-Pierre","epci":"200071587","level":"commune"}},{"type":"Feature","id":"commune.13973","geometry":{"type":"MultiPolygon","coordinates":[[[[0.35945402,47.06636258],[0.36968552,47.06783102],[0.3752129,47.0744282],[0.38118369,47.0722495],[0.40312948,47.08652983],[0.41202379,47.08328741],[0.41951665,47.08241275],[0.4136211,47.0673637],[0.41252447,47.05919678],[0.42590973,47.04418581],[0.41342055,47.0425438],[0.39394793,47.04240504],[0.38414476,47.0451822],[0.37510886,47.05012716],[0.37985609,47.05189337],[0.38176715,47.05371403],[0.36996269,47.06333684],[0.3643421,47.05943879],[0.35945402,47.06636258]]]]},"geometry_name":"geometrie","properties":{"code":"37260","name":"La Tour-Saint-Gelin","epci":"200072668","level":"commune"}},{"type":"Feature","id":"commune.13974","geometry":{"type":"MultiPolygon","coordinates":[[[[0.67620771,47.36303489],[0.67399012,47.36303554],[0.67442747,47.36416826],[0.67283703,47.36425529],[0.66852945,47.36305668],[0.66442906,47.36300945],[0.66087873,47.36399624],[0.65563538,47.36720031],[0.6609622,47.37092721],[0.66046367,47.37524369],[0.66124771,47.37535403],[0.6655853,47.37920217],[0.66631661,47.38162236],[0.66611236,47.3843651],[0.66633994,47.38992096],[0.66775601,47.39004935],[0.66821388,47.39153551],[0.66562122,47.39393941],[0.66456929,47.39388316],[0.66418281,47.39541721],[0.66381024,47.3970272],[0.67520517,47.39965029],[0.68041316,47.4004964],[0.67909628,47.40447234],[0.67928303,47.40754257],[0.67946494,47.40974453],[0.67773782,47.41194441],[0.67650204,47.4180473],[0.67440181,47.41844031],[0.67377622,47.41943285],[0.67259313,47.42806558],[0.67300684,47.43070085],[0.6737386,47.43270667],[0.67501392,47.43552305],[0.67963752,47.43799017],[0.68322362,47.43959531],[0.68452969,47.43855323],[0.69102169,47.43914154],[0.69168718,47.43771383],[0.71017785,47.4388735],[0.70951939,47.43676493],[0.73008267,47.43108015],[0.73345715,47.43106039],[0.73372924,47.42889534],[0.7310161,47.41747194],[0.72920637,47.41308778],[0.72828122,47.41275361],[0.72702753,47.40615315],[0.72965138,47.40061185],[0.71181106,47.39865728],[0.70125686,47.39931364],[0.70087719,47.39935207],[0.70552427,47.39707264],[0.70497585,47.39513637],[0.70781982,47.38929545],[0.71037527,47.38497978],[0.71236323,47.38158679],[0.71242181,47.38148798],[0.71510325,47.37727825],[0.72662059,47.38015904],[0.728053,47.37664416],[0.72896997,47.3765306],[0.73311793,47.37723208],[0.73460066,47.3794494],[0.73633635,47.38004338],[0.7370972,47.37652973],[0.72999591,47.37456305],[0.71513495,47.37407638],[0.71525961,47.37298642],[0.7150906,47.36929879],[0.71368638,47.36538962],[0.71156324,47.36165268],[0.70377071,47.34930391],[0.70358556,47.34917146],[0.70029238,47.35096876],[0.69929885,47.35417414],[0.69883792,47.35568162],[0.69750868,47.35978724],[0.69343012,47.35911554],[0.68995512,47.3602497],[0.6892107,47.36171548],[0.68909663,47.36353243],[0.68575819,47.36309043],[0.68548691,47.36231231],[0.68467932,47.36219805],[0.67818272,47.36196303],[0.67621749,47.36204442],[0.67620771,47.36303489]]]]},"geometry_name":"geometrie","properties":{"code":"37261","name":"Tours","epci":"243700754","level":"commune"}},{"type":"Feature","id":"commune.13975","geometry":{"type":"MultiPolygon","coordinates":[[[[0.48743025,47.11519288],[0.49407484,47.12184143],[0.49767602,47.13056844],[0.49695621,47.13350463],[0.51502394,47.12517046],[0.53166912,47.11919109],[0.53833457,47.11236864],[0.53731936,47.11168858],[0.53570188,47.11255216],[0.53255995,47.10993874],[0.52170814,47.09866614],[0.51088528,47.08900627],[0.49988047,47.09731697],[0.49276907,47.10886654],[0.49180079,47.11269088],[0.48743025,47.11519288]]]]},"geometry_name":"geometrie","properties":{"code":"37262","name":"Trogues","epci":"200072668","level":"commune"}},{"type":"Feature","id":"commune.13976","geometry":{"type":"MultiPolygon","coordinates":[[[[0.84646028,47.30929626],[0.84639938,47.30718329],[0.85013221,47.30294145],[0.85700047,47.29920053],[0.86810134,47.29855486],[0.87509577,47.29723233],[0.88909426,47.2915531],[0.87615409,47.27318214],[0.87065659,47.26836502],[0.86281495,47.2643672],[0.84452585,47.26978076],[0.82320738,47.26893771],[0.8198674,47.26960085],[0.81796099,47.27454798],[0.82490037,47.28630852],[0.82430458,47.29543018],[0.82711394,47.30975251],[0.84646028,47.30929626]]]]},"geometry_name":"geometrie","properties":{"code":"37263","name":"Truyes","epci":"200072650","level":"commune"}},{"type":"Feature","id":"commune.13977","geometry":{"type":"MultiPolygon","coordinates":[[[[0.44487092,47.3178737],[0.4590736,47.31832058],[0.46170808,47.31910418],[0.46965209,47.32484661],[0.47095905,47.32845534],[0.47562769,47.32949276],[0.48065722,47.32857522],[0.48807038,47.31977582],[0.49629209,47.31389002],[0.50821424,47.31029255],[0.50793817,47.3065686],[0.49546045,47.28797086],[0.49164356,47.28500616],[0.4697727,47.29365534],[0.44592355,47.29296705],[0.44810095,47.30531777],[0.44754031,47.30699967],[0.44561969,47.30954244],[0.43747451,47.31055632],[0.44487092,47.3178737]]]]},"geometry_name":"geometrie","properties":{"code":"37264","name":"Vallères","epci":"200072650","level":"commune"}},{"type":"Feature","id":"commune.13979","geometry":{"type":"MultiPolygon","coordinates":[[[[0.90254525,47.04765976],[0.89574425,47.05216896],[0.89325478,47.05521189],[0.88719079,47.07053905],[0.90936812,47.08605324],[0.92032519,47.09002813],[0.92758485,47.09097989],[0.94126444,47.1005259],[0.94301217,47.0995195],[0.93572827,47.09020967],[0.93461602,47.08396021],[0.92792939,47.08143135],[0.92790989,47.06773337],[0.92231619,47.06385477],[0.92064873,47.06119132],[0.92102304,47.05164953],[0.91948142,47.05051849],[0.90734048,47.04748196],[0.90254525,47.04765976]]]]},"geometry_name":"geometrie","properties":{"code":"37265","name":"Varennes","epci":"200071587","level":"commune"}},{"type":"Feature","id":"commune.13980","geometry":{"type":"MultiPolygon","coordinates":[[[[0.76976994,47.28507899],[0.77082246,47.27894809],[0.76510224,47.26404188],[0.76863148,47.26153859],[0.75866323,47.2536983],[0.73237009,47.25668597],[0.72980854,47.25491295],[0.72854645,47.2554169],[0.72939042,47.25814071],[0.72682911,47.26787224],[0.71774805,47.2694393],[0.72132922,47.27775403],[0.72775909,47.28524183],[0.72482978,47.28512318],[0.7222884,47.28600095],[0.72494088,47.28943752],[0.71781437,47.2944509],[0.70405954,47.29985346],[0.70255451,47.29984709],[0.69875361,47.29833078],[0.69445019,47.29285961],[0.69151519,47.28208557],[0.68860391,47.28173759],[0.68161789,47.28362281],[0.67747078,47.28892925],[0.6768071,47.29343985],[0.68037248,47.29680118],[0.68145913,47.30254099],[0.67624843,47.30629055],[0.67804379,47.30745677],[0.69017475,47.31135086],[0.6911803,47.31334142],[0.6995712,47.31373498],[0.70382705,47.31154519],[0.71189613,47.31373632],[0.71164407,47.31455451],[0.73103965,47.31784151],[0.75116032,47.31879591],[0.75480349,47.31734352],[0.75543567,47.30992041],[0.75261238,47.29233642],[0.75164309,47.29101626],[0.76976994,47.28507899]]]]},"geometry_name":"geometrie","properties":{"code":"37266","name":"Veigné","epci":"200072650","level":"commune"}},{"type":"Feature","id":"commune.13981","geometry":{"type":"MultiPolygon","coordinates":[[[[0.84666853,47.36432348],[0.84294668,47.35769842],[0.83296049,47.34818729],[0.81716802,47.34122648],[0.80683655,47.33422261],[0.80021655,47.32712061],[0.7915554,47.32737496],[0.78947151,47.33844667],[0.78696575,47.34102863],[0.78708047,47.35324983],[0.79228357,47.36554254],[0.79695542,47.37230079],[0.8349586,47.36651215],[0.84666853,47.36432348]]]]},"geometry_name":"geometrie","properties":{"code":"37267","name":"Véretz","epci":"200073161","level":"commune"}},{"type":"Feature","id":"commune.13982","geometry":{"type":"MultiPolygon","coordinates":[[[[0.48046988,47.03625875],[0.47350853,47.03610213],[0.46302899,47.0340176],[0.44204582,47.02740303],[0.43299506,47.02926587],[0.43480097,47.03304165],[0.43549356,47.03845736],[0.43497034,47.04120399],[0.43398095,47.04147657],[0.44213217,47.05157251],[0.45515032,47.05438231],[0.47111214,47.05577781],[0.47513952,47.05840973],[0.47904563,47.05007814],[0.48046988,47.03625875]]]]},"geometry_name":"geometrie","properties":{"code":"37268","name":"Verneuil-le-Château","epci":"200072668","level":"commune"}},{"type":"Feature","id":"commune.13983","geometry":{"type":"MultiPolygon","coordinates":[[[[1.08068129,47.07151039],[1.08404001,47.06271429],[1.0595819,47.04731569],[1.05600275,47.04224908],[1.05117963,47.02378647],[1.05407614,47.0171249],[1.05654433,47.01638116],[1.07761563,47.0158379],[1.07363137,47.00301982],[1.06771723,46.99983186],[1.05635574,46.99652583],[1.03393467,47.00002855],[1.02172403,46.99940107],[1.0206736,47.00245238],[1.01870354,47.00408292],[1.01414321,47.00644162],[1.00461253,47.00875305],[1.00033415,47.01122147],[0.99443824,47.02060635],[0.9787173,47.02790013],[0.9774962,47.03180547],[0.98386497,47.03353437],[0.99429188,47.0416324],[0.99379559,47.04973743],[1.00414488,47.05948752],[1.00608358,47.05584831],[1.0159304,47.06129],[1.02192582,47.06595887],[1.04033942,47.06652391],[1.0540717,47.07698672],[1.05815604,47.08232566],[1.07059262,47.07927113],[1.07376001,47.07770112],[1.08068129,47.07151039]]]]},"geometry_name":"geometrie","properties":{"code":"37269","name":"Verneuil-sur-Indre","epci":"200071587","level":"commune"}},{"type":"Feature","id":"commune.13984","geometry":{"type":"MultiPolygon","coordinates":[[[[0.82090785,47.48732526],[0.84196691,47.4846998],[0.84606833,47.46577507],[0.8463421,47.45520723],[0.84924674,47.45091956],[0.86045217,47.44030643],[0.86210575,47.43519218],[0.85951406,47.43036818],[0.86801196,47.42741833],[0.86955974,47.42757276],[0.87024487,47.42546008],[0.86466781,47.42059589],[0.86410963,47.41456114],[0.87044291,47.39754386],[0.86548673,47.39757545],[0.84748319,47.39366389],[0.84082947,47.39268319],[0.83266955,47.39271776],[0.83886986,47.41451451],[0.82798672,47.41743303],[0.82179221,47.42189911],[0.81523197,47.43843144],[0.81357556,47.4473714],[0.81345028,47.45271547],[0.81905359,47.46039309],[0.82318381,47.47027252],[0.81998296,47.47458103],[0.81988147,47.4790943],[0.8222189,47.48406563],[0.82090785,47.48732526]]]]},"geometry_name":"geometrie","properties":{"code":"37270","name":"Vernou-sur-Brenne","epci":"200073161","level":"commune"}},{"type":"Feature","id":"commune.13985","geometry":{"type":"MultiPolygon","coordinates":[[[[0.49721036,47.19931185],[0.49415815,47.20037717],[0.48808508,47.20474386],[0.47746132,47.21029478],[0.47123493,47.21699739],[0.47068696,47.22243665],[0.47666125,47.22780013],[0.47400607,47.23202344],[0.47848862,47.23888188],[0.48463108,47.24404226],[0.48944258,47.2464569],[0.49031098,47.2450823],[0.49132337,47.2429452],[0.50083719,47.23452188],[0.5113572,47.23097608],[0.51722857,47.22109151],[0.52270687,47.20732427],[0.52674251,47.20372297],[0.51191974,47.20287409],[0.49896433,47.20038648],[0.49721036,47.19931185]]]]},"geometry_name":"geometrie","properties":{"code":"37271","name":"Villaines-les-Rochers","epci":"200072650","level":"commune"}},{"type":"Feature","id":"commune.13986","geometry":{"type":"MultiPolygon","coordinates":[[[[0.44180605,47.32304199],[0.4501827,47.32511235],[0.47989044,47.3443683],[0.48103227,47.34395444],[0.48864025,47.34643665],[0.50477894,47.34801932],[0.52081379,47.35370274],[0.52675251,47.34841726],[0.53772422,47.32343539],[0.53609887,47.32343693],[0.53438047,47.32099476],[0.51697239,47.31434418],[0.50851015,47.31296223],[0.50821424,47.31029255],[0.49629209,47.31389002],[0.48807038,47.31977582],[0.48065722,47.32857522],[0.47562769,47.32949276],[0.47095905,47.32845534],[0.46965209,47.32484661],[0.46170808,47.31910418],[0.4590736,47.31832058],[0.44487092,47.3178737],[0.44180605,47.32304199]]]]},"geometry_name":"geometrie","properties":{"code":"37272","name":"Villandry","epci":"243700754","level":"commune"}},{"type":"Feature","id":"commune.13987","geometry":{"type":"MultiPolygon","coordinates":[[[[0.76011706,47.40388914],[0.75984551,47.40603805],[0.77309141,47.40816293],[0.78079077,47.40829211],[0.7911587,47.40460363],[0.78949773,47.40248639],[0.78867992,47.3742131],[0.78710239,47.37421099],[0.78401633,47.37677193],[0.78149111,47.37733884],[0.76769034,47.37881447],[0.76539767,47.3735399],[0.76566266,47.37071179],[0.76388723,47.37068934],[0.76101317,47.37773953],[0.76024013,47.38926363],[0.75639248,47.39574196],[0.76011706,47.40388914]]]]},"geometry_name":"geometrie","properties":{"code":"37273","name":"La Ville-aux-Dames","epci":"200073161","level":"commune"}},{"type":"Feature","id":"commune.13988","geometry":{"type":"MultiPolygon","coordinates":[[[[0.55933064,47.66615391],[0.56246332,47.6627145],[0.56302713,47.65711514],[0.55781936,47.65773222],[0.5507424,47.65411887],[0.53921596,47.64442109],[0.5377048,47.64231441],[0.53854783,47.63940725],[0.52235629,47.62832681],[0.52015077,47.61859729],[0.52518294,47.60914382],[0.52451472,47.60500241],[0.52165823,47.60365939],[0.51773824,47.60322757],[0.51100152,47.60409363],[0.50645732,47.60599408],[0.5012336,47.60644432],[0.50693569,47.63164943],[0.49841483,47.64462964],[0.51319671,47.65292946],[0.54115399,47.65646595],[0.55078284,47.65904287],[0.55933064,47.66615391]]]]},"geometry_name":"geometrie","properties":{"code":"37274","name":"Villebourg","epci":"200073237","level":"commune"}},{"type":"Feature","id":"commune.13989","geometry":{"type":"MultiPolygon","coordinates":[[[[1.28432098,47.07756702],[1.28518856,47.07528084],[1.28963684,47.07172304],[1.29339084,47.07242782],[1.29323692,47.06946101],[1.28907039,47.06340186],[1.28576311,47.05774251],[1.27387069,47.04591426],[1.2680306,47.03585061],[1.25325662,47.0217695],[1.24745252,47.02093678],[1.23776747,47.01733211],[1.23204659,47.01418002],[1.22314458,47.02437728],[1.20669406,47.0283952],[1.24429042,47.04884816],[1.25749299,47.05983838],[1.26542739,47.07012934],[1.28432098,47.07756702]]]]},"geometry_name":"geometrie","properties":{"code":"37275","name":"Villedômain","epci":"200071587","level":"commune"}},{"type":"Feature","id":"commune.13990","geometry":{"type":"MultiPolygon","coordinates":[[[[0.91522044,47.52512631],[0.91224056,47.51724433],[0.91044471,47.51663404],[0.89481954,47.52008887],[0.87132682,47.52393128],[0.86881518,47.52027266],[0.86937446,47.5141092],[0.86751901,47.51374118],[0.84718328,47.51726815],[0.84293193,47.5321745],[0.8448014,47.53507621],[0.84727595,47.53689228],[0.84663699,47.54615269],[0.84293437,47.55116202],[0.83704028,47.55616933],[0.82286714,47.56383428],[0.8211324,47.56823582],[0.824112,47.57276318],[0.83213379,47.57972905],[0.83706613,47.58198711],[0.85012447,47.58221855],[0.89129898,47.58614312],[0.90046917,47.58160457],[0.90041493,47.57533291],[0.88928579,47.55191299],[0.89144963,47.54820983],[0.89405357,47.54635782],[0.89638156,47.54674832],[0.90293086,47.55385113],[0.90813941,47.55375468],[0.91112078,47.54924823],[0.91197246,47.54521865],[0.90959724,47.54270254],[0.90786037,47.5427047],[0.90362846,47.5389494],[0.90764809,47.52889863],[0.91522044,47.52512631]]]]},"geometry_name":"geometrie","properties":{"code":"37276","name":"Villedômer","epci":"243700499","level":"commune"}},{"type":"Feature","id":"commune.13991","geometry":{"type":"MultiPolygon","coordinates":[[[[1.19934215,47.14823178],[1.21171206,47.14901704],[1.22237295,47.15815857],[1.23211552,47.16811168],[1.244163,47.17504794],[1.24948,47.17215948],[1.26305823,47.16940763],[1.27148388,47.16583988],[1.26482755,47.16326571],[1.26776143,47.15603896],[1.26829102,47.15012064],[1.26802965,47.1456466],[1.26622463,47.14132233],[1.26394963,47.1407389],[1.2655001,47.12455648],[1.27573076,47.11972688],[1.28641403,47.112469],[1.28249363,47.10477264],[1.27425222,47.09475047],[1.27234644,47.09336131],[1.26949226,47.09321866],[1.26906201,47.09442163],[1.25622988,47.10332143],[1.25040389,47.10996216],[1.24429354,47.11483956],[1.23679381,47.1188823],[1.22478249,47.1194271],[1.21304485,47.11887172],[1.19923477,47.11685825],[1.18870343,47.11662266],[1.17431238,47.12518027],[1.17549819,47.13150366],[1.17821021,47.13500807],[1.18628434,47.1359373],[1.19133583,47.13881524],[1.19591455,47.1425843],[1.19934215,47.14823178]]]]},"geometry_name":"geometrie","properties":{"code":"37277","name":"Villeloin-Coulangé","epci":"200071587","level":"commune"}},{"type":"Feature","id":"commune.13992","geometry":{"type":"MultiPolygon","coordinates":[[[[0.65991412,47.18169619],[0.6577668,47.17791586],[0.65119366,47.17967322],[0.65205642,47.18094176],[0.65079891,47.18217991],[0.64761908,47.18269449],[0.62844052,47.18297426],[0.61256539,47.1847205],[0.61012341,47.19395445],[0.61642445,47.20709202],[0.62618612,47.20871645],[0.63320812,47.21124692],[0.63839525,47.21406651],[0.6406717,47.21945568],[0.64552206,47.22443777],[0.64846826,47.22605755],[0.65234061,47.2192784],[0.6551759,47.20921951],[0.65973315,47.19870898],[0.66482342,47.19027516],[0.65991412,47.18169619]]]]},"geometry_name":"geometrie","properties":{"code":"37278","name":"Villeperdue","epci":"200072650","level":"commune"}},{"type":"Feature","id":"commune.13993","geometry":{"type":"MultiPolygon","coordinates":[[[[0.25913671,47.61228973],[0.27046903,47.60345241],[0.28375965,47.59784343],[0.30202128,47.5959272],[0.32210163,47.59538914],[0.32359132,47.59255119],[0.33641112,47.58612041],[0.33911092,47.57973348],[0.33708355,47.57802824],[0.3360298,47.57193567],[0.31788919,47.55925667],[0.31571909,47.56020917],[0.30896782,47.55685173],[0.30690206,47.55438666],[0.30364855,47.54706834],[0.30213467,47.54720084],[0.29105684,47.54650533],[0.28928456,47.54719458],[0.29145109,47.54762411],[0.29202608,47.54963966],[0.28783833,47.55836525],[0.28248003,47.56417589],[0.27311505,47.57052675],[0.26414834,47.57545057],[0.25032496,47.57950279],[0.24301657,47.57930867],[0.23801004,47.57704843],[0.23447133,47.57840026],[0.23268914,47.60028489],[0.22987998,47.60846025],[0.23072529,47.60926389],[0.23901166,47.61058512],[0.25741484,47.61163594],[0.25913671,47.61228973]]]]},"geometry_name":"geometrie","properties":{"code":"37279","name":"Villiers-au-Bouin","epci":"200072981","level":"commune"}},{"type":"Feature","id":"commune.13994","geometry":{"type":"MultiPolygon","coordinates":[[[[0.81070024,47.10291948],[0.83102709,47.11215146],[0.8476556,47.12194678],[0.8516627,47.122051],[0.86393252,47.12028967],[0.86932284,47.12141402],[0.88041486,47.11056442],[0.87389624,47.10448976],[0.87142404,47.09354117],[0.86941428,47.0889343],[0.86976412,47.08555344],[0.8754637,47.07650153],[0.8752461,47.07446208],[0.86025471,47.0696633],[0.85414976,47.06728584],[0.85017748,47.06426055],[0.84742402,47.06369861],[0.84468351,47.06314405],[0.84245011,47.06352207],[0.8303692,47.06934285],[0.83256459,47.07100163],[0.83244713,47.07221892],[0.81683217,47.08696866],[0.81489586,47.09277373],[0.81483584,47.09851697],[0.81070024,47.10291948]]]]},"geometry_name":"geometrie","properties":{"code":"37280","name":"Vou","epci":"200071587","level":"commune"}},{"type":"Feature","id":"commune.13995","geometry":{"type":"MultiPolygon","coordinates":[[[[0.81953854,47.39371226],[0.81176114,47.39652083],[0.79930646,47.40310382],[0.7911587,47.40460363],[0.78079077,47.40829211],[0.78128241,47.41038717],[0.77627175,47.4175166],[0.77445219,47.42672864],[0.77137513,47.43271781],[0.77589352,47.43919003],[0.78540291,47.44425323],[0.78908428,47.4481361],[0.79131573,47.46123978],[0.79399342,47.46692695],[0.80472711,47.46956576],[0.81905359,47.46039309],[0.81345028,47.45271547],[0.81357556,47.4473714],[0.81523197,47.43843144],[0.82179221,47.42189911],[0.82798672,47.41743303],[0.83886986,47.41451451],[0.83266955,47.39271776],[0.82855682,47.39406747],[0.81953854,47.39371226]]]]},"geometry_name":"geometrie","properties":{"code":"37281","name":"Vouvray","epci":"200073161","level":"commune"}},{"type":"Feature","id":"commune.13996","geometry":{"type":"MultiPolygon","coordinates":[[[[0.86740702,46.74819274],[0.86447362,46.75247345],[0.85978929,46.7558775],[0.85909322,46.75677787],[0.8493783,46.76049838],[0.84264825,46.76539919],[0.83127952,46.77520135],[0.83002063,46.77946779],[0.8163802,46.78790965],[0.81224381,46.79929289],[0.81010506,46.81418278],[0.80980645,46.81589029],[0.81264577,46.81647486],[0.81950336,46.8147613],[0.82504924,46.81061038],[0.8368729,46.81631435],[0.84228208,46.82268501],[0.84821769,46.82220985],[0.86982452,46.82540609],[0.88235081,46.82541944],[0.88982074,46.81906984],[0.89461926,46.81653222],[0.9030588,46.81529754],[0.91371008,46.81600107],[0.91666463,46.81590152],[0.92475148,46.80316502],[0.94344028,46.80192643],[0.94433859,46.79985559],[0.94453429,46.79116555],[0.94203333,46.79027054],[0.91881315,46.76886951],[0.91595002,46.76283508],[0.91525638,46.75738488],[0.9167066,46.75651318],[0.90156779,46.75655556],[0.88357082,46.7542708],[0.86740702,46.74819274]]]]},"geometry_name":"geometrie","properties":{"code":"37282","name":"Yzeures-sur-Creuse","epci":"200071587","level":"commune"}},{"type":"Feature","id":"commune.15272","geometry":{"type":"MultiPolygon","coordinates":[[[[0.75888037,47.8336791],[0.76323186,47.8340224],[0.76845843,47.83126425],[0.78066934,47.8216497],[0.77960271,47.81821982],[0.78278294,47.81369987],[0.78398591,47.80532939],[0.78080701,47.80291385],[0.77398696,47.8011341],[0.75676959,47.79336045],[0.74717911,47.79678427],[0.74302087,47.79904615],[0.73448096,47.80621679],[0.73396832,47.80770872],[0.73578563,47.80825166],[0.73962268,47.81140145],[0.73963556,47.8149663],[0.74510753,47.82639123],[0.75162902,47.82924731],[0.75888037,47.8336791]]]]},"geometry_name":"geometrie","properties":{"code":"41020","name":"Bonneveau","epci":"200072072","level":"commune"}},{"type":"Feature","id":"commune.15329","geometry":{"type":"MultiPolygon","coordinates":[[[[0.94686977,47.70996271],[0.95530157,47.71835143],[0.96263644,47.73507835],[0.96496528,47.73480105],[0.97393669,47.73009663],[0.98592043,47.72519134],[0.98836812,47.72033825],[1.00020337,47.70614275],[0.98995454,47.70294006],[0.96983907,47.68915191],[0.96480457,47.68448868],[0.96126879,47.68374909],[0.957359,47.69141597],[0.95630788,47.6918757],[0.95168598,47.68770712],[0.94063873,47.69539497],[0.94697468,47.69976155],[0.94825738,47.7088823],[0.94670963,47.70982574],[0.94686977,47.70996271]]]]},"geometry_name":"geometrie","properties":{"code":"41001","name":"Ambloy","epci":"200072072","level":"commune"}},{"type":"Feature","id":"commune.15331","geometry":{"type":"MultiPolygon","coordinates":[[[[1.09447871,47.80967402],[1.09980486,47.81011071],[1.11040541,47.80657928],[1.11674459,47.80312075],[1.11736243,47.80193691],[1.11533943,47.80057739],[1.12125475,47.7970983],[1.12262496,47.79707885],[1.11863186,47.78890329],[1.10846925,47.78677072],[1.10656358,47.78791751],[1.10466033,47.78670646],[1.10237493,47.787748],[1.10150287,47.78946242],[1.0813947,47.79382533],[1.08265289,47.79587427],[1.0831098,47.79750676],[1.09447871,47.80967402]]]]},"geometry_name":"geometrie","properties":{"code":"41003","name":"Areines","epci":"200072072","level":"commune"}},{"type":"Feature","id":"commune.15332","geometry":{"type":"MultiPolygon","coordinates":[[[[0.74264694,47.72898025],[0.72359365,47.72506611],[0.72552723,47.73022445],[0.7247405,47.73626902],[0.72027548,47.74141899],[0.71867779,47.74203796],[0.72024454,47.75476892],[0.72129138,47.75623447],[0.72721338,47.75513764],[0.7325734,47.75603754],[0.74322874,47.76665123],[0.75040034,47.76772836],[0.7510049,47.763093],[0.76101009,47.76524673],[0.76465251,47.76784014],[0.77409471,47.77224735],[0.78728862,47.77403526],[0.7877476,47.76922776],[0.77694816,47.76245126],[0.76233191,47.75947253],[0.76543224,47.74771036],[0.7483763,47.72989472],[0.74264694,47.72898025]]]]},"geometry_name":"geometrie","properties":{"code":"41004","name":"Artins","epci":"200072072","level":"commune"}},{"type":"Feature","id":"commune.15334","geometry":{"type":"MultiPolygon","coordinates":[[[[0.85267918,47.61295201],[0.86038992,47.62712149],[0.85482128,47.63890954],[0.84849078,47.64104598],[0.84365791,47.64547613],[0.85521061,47.6631615],[0.86108479,47.67608385],[0.86214792,47.67670117],[0.879292,47.67266902],[0.89308717,47.66338412],[0.91174788,47.65482219],[0.92521341,47.6537457],[0.93178798,47.65582063],[0.93493608,47.65030374],[0.93708555,47.64923242],[0.93696244,47.64762663],[0.92485968,47.64125801],[0.92157038,47.63745833],[0.91928983,47.63273918],[0.90630016,47.61760958],[0.89971567,47.61305312],[0.89606743,47.60909127],[0.89901526,47.60371476],[0.89602902,47.60428857],[0.88893413,47.60368054],[0.86237807,47.59886789],[0.86002991,47.60045737],[0.85937991,47.61149029],[0.85267918,47.61295201]]]]},"geometry_name":"geometrie","properties":{"code":"41007","name":"Authon","epci":"200072072","level":"commune"}},{"type":"Feature","id":"commune.15336","geometry":{"type":"MultiPolygon","coordinates":[[[[1.3285856,47.6744074],[1.32230037,47.67162101],[1.31344854,47.66627105],[1.30295961,47.66195897],[1.29349299,47.6593579],[1.28636905,47.65869007],[1.28088691,47.65558543],[1.27194646,47.65317848],[1.2641281,47.66937881],[1.25564541,47.68198097],[1.25326211,47.68994361],[1.25558851,47.69639201],[1.25907579,47.70051328],[1.27256165,47.69462552],[1.28107537,47.69394072],[1.28842788,47.69436277],[1.29135312,47.69566504],[1.30171891,47.70824794],[1.30740328,47.72043714],[1.30856003,47.7215693],[1.31015841,47.72173554],[1.31954786,47.71734605],[1.32186725,47.71558332],[1.32315758,47.71311349],[1.33017633,47.70810309],[1.34422185,47.70593776],[1.34560993,47.70633551],[1.34447032,47.69566384],[1.34789559,47.69017203],[1.35488737,47.68901473],[1.3285856,47.6744074]]]]},"geometry_name":"geometrie","properties":{"code":"41009","name":"Averdon","epci":"200030385","level":"commune"}},{"type":"Feature","id":"commune.15337","geometry":{"type":"MultiPolygon","coordinates":[[[[1.04190385,47.84031458],[1.02042431,47.83358714],[1.01996772,47.82355384],[1.00861788,47.82705728],[1.00470236,47.8272986],[0.99532054,47.82125241],[0.98944044,47.82081859],[0.98837867,47.8223831],[0.98667167,47.82944094],[0.98368886,47.83289543],[0.97602813,47.8375125],[0.96543325,47.84073406],[0.95836976,47.84484179],[0.96481354,47.85887319],[0.96105909,47.87457917],[0.95962771,47.87610097],[0.96183892,47.87887624],[0.96424096,47.87926274],[0.97133085,47.8839256],[0.97246652,47.8925644],[0.97481078,47.89479972],[0.97867438,47.89665514],[0.99276756,47.89560328],[0.99775085,47.88617444],[1.01975241,47.87671058],[1.02350084,47.87382722],[1.02693968,47.86871309],[1.03027969,47.86729278],[1.03155657,47.8669541],[1.03099754,47.85626396],[1.03286968,47.85277441],[1.03677056,47.84902983],[1.04156927,47.84765252],[1.04190385,47.84031458]]]]},"geometry_name":"geometrie","properties":{"code":"41010","name":"Azé","epci":"200072072","level":"commune"}},{"type":"Feature","id":"commune.15343","geometry":{"type":"MultiPolygon","coordinates":[[[[1.29230205,47.54841787],[1.28533177,47.54155574],[1.27529293,47.54604361],[1.27146035,47.5423062],[1.26484912,47.5576689],[1.25811521,47.57329044],[1.25410381,47.58253375],[1.25991502,47.58269528],[1.25990045,47.59208831],[1.27689645,47.5945625],[1.28840645,47.59905884],[1.30372053,47.60790477],[1.30829869,47.61043267],[1.31513381,47.61549945],[1.31904602,47.6171818],[1.34053266,47.62096072],[1.33891574,47.61707722],[1.3394516,47.60451652],[1.34600381,47.60000444],[1.34969938,47.60322044],[1.34981954,47.59808316],[1.3556915,47.59382382],[1.35389543,47.59280816],[1.35563385,47.59055217],[1.35347479,47.58158607],[1.34860721,47.57780166],[1.34853513,47.57772321],[1.34783175,47.57142629],[1.32577517,47.55678033],[1.32395057,47.55592581],[1.31738515,47.5593633],[1.31113922,47.56470207],[1.30709899,47.56681152],[1.29230205,47.54841787]]]]},"geometry_name":"geometrie","properties":{"code":"41018","name":"Blois","epci":"200030385","level":"commune"}},{"type":"Feature","id":"commune.15351","geometry":{"type":"MultiPolygon","coordinates":[[[[1.23478736,47.49378107],[1.23975059,47.4953166],[1.24468321,47.49840101],[1.24890805,47.50599627],[1.25219508,47.51698969],[1.25497524,47.5215188],[1.26586649,47.52906166],[1.27864744,47.53532312],[1.29367512,47.52565092],[1.30013521,47.52055384],[1.30049887,47.51161946],[1.29069454,47.50927736],[1.28550977,47.51013397],[1.27864377,47.50727401],[1.2747905,47.49976553],[1.27430986,47.49316496],[1.26974017,47.49237687],[1.26858387,47.48759037],[1.26400043,47.48523698],[1.25902217,47.48351857],[1.2511053,47.48272376],[1.24009501,47.47745358],[1.23678205,47.4770316],[1.23551671,47.47851249],[1.23479733,47.48369325],[1.23691244,47.48827316],[1.23684129,47.49055367],[1.23478736,47.49378107]]]]},"geometry_name":"geometrie","properties":{"code":"41029","name":"Candé-sur-Beuvron","epci":"200030385","level":"commune"}},{"type":"Feature","id":"commune.15352","geometry":{"type":"MultiPolygon","coordinates":[[[[0.76845843,47.83126425],[0.7744043,47.84008644],[0.77365536,47.84181081],[0.77490913,47.84355248],[0.7726283,47.84873393],[0.77411914,47.85126971],[0.77964047,47.85380801],[0.78423561,47.85463769],[0.78727363,47.8543142],[0.80768986,47.83939269],[0.81955158,47.83261819],[0.83258297,47.82118147],[0.82742706,47.81826252],[0.81745818,47.81436785],[0.80078531,47.8113722],[0.78797967,47.81682329],[0.78066934,47.8216497],[0.76845843,47.83126425]]]]},"geometry_name":"geometrie","properties":{"code":"41030","name":"Cellé","epci":"200072072","level":"commune"}},{"type":"Feature","id":"commune.15353","geometry":{"type":"MultiPolygon","coordinates":[[[[1.42051899,47.53251026],[1.42217205,47.53176827],[1.42301811,47.53012582],[1.42177782,47.52359606],[1.41825386,47.51695607],[1.41770525,47.50868084],[1.41519925,47.50872152],[1.41295952,47.50713255],[1.41347282,47.50245957],[1.41098953,47.5039374],[1.40725728,47.50813155],[1.39174463,47.51145682],[1.38977109,47.51018169],[1.38569308,47.51510596],[1.38275538,47.51587554],[1.36807537,47.5125629],[1.36020236,47.50776786],[1.35284229,47.50953228],[1.3533669,47.5105778],[1.34997014,47.51204775],[1.34797004,47.51136215],[1.34113028,47.51474575],[1.35468345,47.53422146],[1.34690254,47.53343433],[1.3446817,47.54672515],[1.39051957,47.55022807],[1.41269802,47.53605306],[1.42051899,47.53251026]]]]},"geometry_name":"geometrie","properties":{"code":"41031","name":"Cellettes","epci":"200030385","level":"commune"}},{"type":"Feature","id":"commune.15354","geometry":{"type":"MultiPolygon","coordinates":[[[[1.30709899,47.56681152],[1.31113922,47.56470207],[1.31738515,47.5593633],[1.32395057,47.55592581],[1.32577517,47.55678033],[1.32719981,47.55651986],[1.34186675,47.56318108],[1.3446817,47.54672515],[1.34690254,47.53343433],[1.3432578,47.53307198],[1.33691435,47.52476059],[1.33374145,47.51947163],[1.3338225,47.51806464],[1.32256604,47.5182534],[1.30277646,47.51179221],[1.30049887,47.51161946],[1.30013521,47.52055384],[1.29367512,47.52565092],[1.27864744,47.53532312],[1.28533177,47.54155574],[1.29230205,47.54841787],[1.30709899,47.56681152]]]]},"geometry_name":"geometrie","properties":{"code":"41032","name":"Chailles","epci":"200030385","level":"commune"}},{"type":"Feature","id":"commune.15356","geometry":{"type":"MultiPolygon","coordinates":[[[[1.25907579,47.70051328],[1.2507794,47.69965395],[1.24852375,47.69845162],[1.24374737,47.69770657],[1.22679421,47.70462249],[1.22298241,47.70838008],[1.22055374,47.71803839],[1.22030915,47.72731752],[1.21773261,47.73094515],[1.2165723,47.73248046],[1.23346845,47.73962295],[1.23904669,47.74460269],[1.24164628,47.74154574],[1.23737433,47.73959991],[1.2426629,47.73383307],[1.24761766,47.73720416],[1.25305875,47.74334522],[1.2578408,47.74637116],[1.26171036,47.74130078],[1.26807202,47.7336879],[1.27131755,47.73166978],[1.27902886,47.72804372],[1.28449146,47.72696979],[1.29426855,47.72207123],[1.29744481,47.7147776],[1.29850004,47.70942914],[1.30171891,47.70824794],[1.29135312,47.69566504],[1.28842788,47.69436277],[1.28107537,47.69394072],[1.27256165,47.69462552],[1.25907579,47.70051328]]]]},"geometry_name":"geometrie","properties":{"code":"41035","name":"Champigny-en-Beauce","epci":"200030385","level":"commune"}},{"type":"Feature","id":"commune.15361","geometry":{"type":"MultiPolygon","coordinates":[[[[1.19982222,47.67088464],[1.19862178,47.67453854],[1.20199784,47.67787306],[1.20972095,47.68274162],[1.22541209,47.68636869],[1.23594265,47.69635569],[1.23894335,47.6975596],[1.24374737,47.69770657],[1.24852375,47.69845162],[1.2507794,47.69965395],[1.25907579,47.70051328],[1.25558851,47.69639201],[1.25326211,47.68994361],[1.25564541,47.68198097],[1.2641281,47.66937881],[1.27194646,47.65317848],[1.27160085,47.65307074],[1.26748255,47.65576919],[1.25730654,47.65848805],[1.21914498,47.66140144],[1.21812157,47.66199715],[1.22000248,47.66533717],[1.21815551,47.66875993],[1.20981372,47.67191861],[1.19982222,47.67088464]]]]},"geometry_name":"geometrie","properties":{"code":"41040","name":"La Chapelle-Vendômoise","epci":"200030385","level":"commune"}},{"type":"Feature","id":"commune.15366","geometry":{"type":"MultiPolygon","coordinates":[[[[1.21196392,47.49250286],[1.22715562,47.4921228],[1.23478736,47.49378107],[1.23684129,47.49055367],[1.23691244,47.48827316],[1.23479733,47.48369325],[1.23551671,47.47851249],[1.23678205,47.4770316],[1.23580284,47.47692313],[1.23500919,47.47320148],[1.23440062,47.46443498],[1.23239572,47.45936681],[1.2305338,47.4581788],[1.23234183,47.45705826],[1.22604482,47.45117555],[1.2183254,47.44903082],[1.21308229,47.44831205],[1.21049424,47.44496507],[1.20127569,47.43719371],[1.1931675,47.43781004],[1.17205335,47.43647449],[1.16832216,47.43948357],[1.16716451,47.44496245],[1.16900334,47.4460737],[1.16477452,47.46412178],[1.15681509,47.47397537],[1.15522987,47.47762306],[1.16711872,47.47907317],[1.17658515,47.48006726],[1.20039846,47.48996752],[1.21196392,47.49250286]]]]},"geometry_name":"geometrie","properties":{"code":"41045","name":"Chaumont-sur-Loire","epci":"200030385","level":"commune"}},{"type":"Feature","id":"commune.15368","geometry":{"type":"MultiPolygon","coordinates":[[[[1.34053266,47.62096072],[1.34337528,47.62123066],[1.34675501,47.62105708],[1.35319946,47.62427038],[1.35888985,47.62556859],[1.37030281,47.62129265],[1.38092338,47.61437036],[1.36672299,47.60050416],[1.3556915,47.59382382],[1.34981954,47.59808316],[1.34969938,47.60322044],[1.34600381,47.60000444],[1.3394516,47.60451652],[1.33891574,47.61707722],[1.34053266,47.62096072]]]]},"geometry_name":"geometrie","properties":{"code":"41047","name":"La Chaussée-Saint-Victor","epci":"200030385","level":"commune"}},{"type":"Feature","id":"commune.15371","geometry":{"type":"MultiPolygon","coordinates":[[[[1.41347282,47.50245957],[1.41295952,47.50713255],[1.41519925,47.50872152],[1.41770525,47.50868084],[1.4215239,47.50738573],[1.42469985,47.50895838],[1.43876753,47.50806011],[1.45364241,47.50385765],[1.46093217,47.50360304],[1.47539206,47.49576673],[1.48347746,47.49012816],[1.48604042,47.48691311],[1.49698067,47.47775349],[1.50578168,47.47146268],[1.49563584,47.45916758],[1.48773617,47.45430602],[1.48429651,47.45061128],[1.48266551,47.44966357],[1.47724881,47.45045447],[1.45425804,47.44691014],[1.4442655,47.45036942],[1.43781152,47.44897296],[1.43107275,47.45028688],[1.42560151,47.45506954],[1.4245999,47.46587736],[1.42416474,47.47037683],[1.40998349,47.48628593],[1.41476767,47.49382491],[1.41467906,47.50044753],[1.41347282,47.50245957]]]]},"geometry_name":"geometrie","properties":{"code":"41050","name":"Cheverny","epci":"200030385","level":"commune"}},{"type":"Feature","id":"commune.15373","geometry":{"type":"MultiPolygon","coordinates":[[[[1.38977109,47.51018169],[1.39158153,47.48514912],[1.38959771,47.48115835],[1.38951755,47.47459725],[1.37610493,47.47201962],[1.37161179,47.46816184],[1.36206679,47.46657836],[1.35142086,47.47092725],[1.34800467,47.47482785],[1.34695893,47.47622388],[1.34269376,47.48813362],[1.3365121,47.50089997],[1.35284229,47.50953228],[1.36020236,47.50776786],[1.36807537,47.5125629],[1.38275538,47.51587554],[1.38569308,47.51510596],[1.38977109,47.51018169]]]]},"geometry_name":"geometrie","properties":{"code":"41052","name":"Chitenay","epci":"200030385","level":"commune"}},{"type":"Feature","id":"commune.15376","geometry":{"type":"MultiPolygon","coordinates":[[[[1.23478736,47.49378107],[1.22715562,47.4921228],[1.21196392,47.49250286],[1.21225582,47.49418388],[1.20653758,47.50663844],[1.20198022,47.51010223],[1.19960404,47.51314487],[1.19841176,47.52135687],[1.1965685,47.52520992],[1.19112545,47.53187846],[1.1843009,47.53377031],[1.18045305,47.52928492],[1.17509997,47.52876635],[1.16768536,47.52979263],[1.14425322,47.53729318],[1.14282402,47.54299241],[1.14365748,47.55395259],[1.14861039,47.56213386],[1.15325329,47.56400822],[1.15516913,47.56538821],[1.16019583,47.56698743],[1.17380985,47.56696906],[1.17972793,47.56522931],[1.18704587,47.56134744],[1.18770753,47.55097643],[1.17859318,47.54790189],[1.17601595,47.54790033],[1.17032431,47.54470934],[1.17265633,47.53686396],[1.17614249,47.53628018],[1.17796519,47.53651847],[1.18800835,47.53778787],[1.20457914,47.55160746],[1.21344327,47.55622112],[1.21929508,47.55527609],[1.23367697,47.55023668],[1.23541757,47.54657785],[1.23816703,47.54586942],[1.24625448,47.54981067],[1.25388693,47.55468809],[1.26484912,47.5576689],[1.27146035,47.5423062],[1.27529293,47.54604361],[1.28533177,47.54155574],[1.27864744,47.53532312],[1.26586649,47.52906166],[1.25497524,47.5215188],[1.25219508,47.51698969],[1.24890805,47.50599627],[1.24468321,47.49840101],[1.23975059,47.4953166],[1.23478736,47.49378107]]]]},"geometry_name":"geometrie","properties":{"code":"41055","name":"Valloire-sur-Cisse","epci":"200030385","level":"commune"}},{"type":"Feature","id":"commune.15382","geometry":{"type":"MultiPolygon","coordinates":[[[[1.38951755,47.47459725],[1.38959771,47.48115835],[1.39158153,47.48514912],[1.38977109,47.51018169],[1.39174463,47.51145682],[1.40725728,47.50813155],[1.41098953,47.5039374],[1.41347282,47.50245957],[1.41467906,47.50044753],[1.41476767,47.49382491],[1.40998349,47.48628593],[1.42416474,47.47037683],[1.4245999,47.46587736],[1.42209022,47.46512039],[1.41904247,47.46123002],[1.4103103,47.45873867],[1.40890827,47.47111833],[1.39143112,47.46279927],[1.38784365,47.46707949],[1.39003299,47.47198613],[1.38951755,47.47459725]]]]},"geometry_name":"geometrie","properties":{"code":"41061","name":"Cormeray","epci":"200030385","level":"commune"}},{"type":"Feature","id":"commune.15385","geometry":{"type":"MultiPolygon","coordinates":[[[[1.16918774,47.77282782],[1.17034172,47.77181414],[1.16846994,47.77013017],[1.16410265,47.77111151],[1.16121847,47.77059812],[1.15411585,47.7660768],[1.14788636,47.76032645],[1.12680656,47.75861635],[1.12562828,47.76420991],[1.12179979,47.76845465],[1.11841711,47.77023334],[1.10973842,47.7720283],[1.10257624,47.77670923],[1.1015592,47.77844922],[1.10099378,47.78336463],[1.10778563,47.78495821],[1.10466033,47.78670646],[1.10656358,47.78791751],[1.10846925,47.78677072],[1.11863186,47.78890329],[1.12262496,47.79707885],[1.12307233,47.80075823],[1.12650248,47.80196907],[1.1315477,47.80213245],[1.13317686,47.79881211],[1.13922394,47.79660631],[1.1385111,47.7959774],[1.14019757,47.79279562],[1.1517792,47.78064697],[1.16918774,47.77282782]]]]},"geometry_name":"geometrie","properties":{"code":"41065","name":"Coulommiers-la-Tour","epci":"200072072","level":"commune"}},{"type":"Feature","id":"commune.15387","geometry":{"type":"MultiPolygon","coordinates":[[[[1.52069799,47.51939618],[1.52052981,47.51831728],[1.5265242,47.5090822],[1.52905406,47.50072684],[1.52593968,47.49518924],[1.50578168,47.47146268],[1.49698067,47.47775349],[1.48604042,47.48691311],[1.48347746,47.49012816],[1.47539206,47.49576673],[1.46093217,47.50360304],[1.45364241,47.50385765],[1.43876753,47.50806011],[1.42469985,47.50895838],[1.4215239,47.50738573],[1.41770525,47.50868084],[1.41825386,47.51695607],[1.42177782,47.52359606],[1.42301811,47.53012582],[1.42217205,47.53176827],[1.42051899,47.53251026],[1.44059424,47.53501242],[1.46248249,47.53999558],[1.46985885,47.52894133],[1.47559175,47.52666751],[1.48254665,47.52482708],[1.52069799,47.51939618]]]]},"geometry_name":"geometrie","properties":{"code":"41067","name":"Cour-Cheverny","epci":"200030385","level":"commune"}},{"type":"Feature","id":"commune.15390","geometry":{"type":"MultiPolygon","coordinates":[[[[0.69384154,47.72314626],[0.68442602,47.7340042],[0.66526504,47.74038758],[0.65733298,47.74193721],[0.65012707,47.7396965],[0.62812108,47.72990309],[0.61109805,47.7280764],[0.61240392,47.72996792],[0.61056732,47.73217168],[0.61599264,47.73495132],[0.62019545,47.73872425],[0.61852494,47.74255774],[0.61933722,47.74549984],[0.62099125,47.74831048],[0.62662711,47.75180699],[0.63808658,47.75157865],[0.64597877,47.753091],[0.65028878,47.75490825],[0.65123496,47.75531352],[0.66016286,47.76028984],[0.66963699,47.76637122],[0.674888,47.76891666],[0.68342382,47.7668618],[0.69727977,47.76427719],[0.69853411,47.7603166],[0.70562693,47.76051884],[0.71529302,47.75851356],[0.72129138,47.75623447],[0.72024454,47.75476892],[0.71867779,47.74203796],[0.70599829,47.74269955],[0.70070315,47.74228499],[0.69948448,47.73356917],[0.70105752,47.72637859],[0.69905335,47.72584665],[0.69384154,47.72314626]]]]},"geometry_name":"geometrie","properties":{"code":"41070","name":"Vallée-de-Ronsard","epci":"200072072","level":"commune"}},{"type":"Feature","id":"commune.15392","geometry":{"type":"MultiPolygon","coordinates":[[[[1.12680656,47.75861635],[1.12813816,47.75754019],[1.12602342,47.75492072],[1.11817517,47.74908873],[1.12311983,47.74552461],[1.12228247,47.7434927],[1.12646121,47.73204748],[1.12839848,47.72765348],[1.13350463,47.72104125],[1.12513878,47.70812481],[1.12285456,47.70677911],[1.12277741,47.70768179],[1.11661431,47.7086802],[1.11107454,47.70713955],[1.1041769,47.69856038],[1.09741629,47.69584233],[1.09580249,47.69607086],[1.07923165,47.71419183],[1.0667415,47.72987416],[1.0538855,47.734765],[1.05072678,47.74150448],[1.05721528,47.74292323],[1.06405324,47.74685477],[1.06892946,47.75186274],[1.06941812,47.75381277],[1.0708555,47.75426771],[1.07944053,47.74570197],[1.08775411,47.74614239],[1.09971606,47.75151755],[1.10101225,47.75275489],[1.10240717,47.75616805],[1.1003883,47.75868046],[1.10654919,47.76414783],[1.10973842,47.7720283],[1.11841711,47.77023334],[1.12179979,47.76845465],[1.12562828,47.76420991],[1.12680656,47.75861635]]]]},"geometry_name":"geometrie","properties":{"code":"41072","name":"Crucheray","epci":"200072072","level":"commune"}},{"type":"Feature","id":"commune.15393","geometry":{"type":"MultiPolygon","coordinates":[[[[0.96027323,47.923405],[0.97511745,47.92750861],[0.98296244,47.93156595],[0.9900195,47.93661482],[0.99684471,47.93765593],[1.01355362,47.93851038],[1.03372733,47.93564764],[1.05012482,47.93224804],[1.06047467,47.90841573],[1.0641653,47.901426],[1.06535749,47.90030505],[1.0664326,47.90055953],[1.06710304,47.89979456],[1.05981204,47.88661629],[1.05531741,47.88048504],[1.05101628,47.8772403],[1.03027969,47.86729278],[1.02693968,47.86871309],[1.02350084,47.87382722],[1.01975241,47.87671058],[0.99775085,47.88617444],[0.99276756,47.89560328],[0.97867438,47.89665514],[0.97481078,47.89479972],[0.97246652,47.8925644],[0.96436499,47.89571827],[0.95447308,47.90080478],[0.95312541,47.90287532],[0.95115229,47.90650859],[0.95172806,47.91098394],[0.96027323,47.923405]]]]},"geometry_name":"geometrie","properties":{"code":"41073","name":"Danzé","epci":"200072072","level":"commune"}},{"type":"Feature","id":"commune.15397","geometry":{"type":"MultiPolygon","coordinates":[[[[0.9110115,47.87277063],[0.90485494,47.87772143],[0.89974847,47.8836036],[0.89740241,47.89208465],[0.89278818,47.89593167],[0.8894407,47.89968786],[0.88878566,47.90498237],[0.89454161,47.91085834],[0.90440052,47.91843857],[0.90450484,47.92163009],[0.90627353,47.920864],[0.92145138,47.92395773],[0.92930186,47.92147843],[0.9318818,47.91902836],[0.93524174,47.91301159],[0.94292291,47.90540951],[0.94803196,47.90191765],[0.95312541,47.90287532],[0.95447308,47.90080478],[0.96436499,47.89571827],[0.97246652,47.8925644],[0.97133085,47.8839256],[0.96424096,47.87926274],[0.96183892,47.87887624],[0.95962771,47.87610097],[0.95737491,47.87430893],[0.94535869,47.87126054],[0.93871058,47.87065688],[0.9110115,47.87277063]]]]},"geometry_name":"geometrie","properties":{"code":"41078","name":"Épuisay","epci":"200072072","level":"commune"}},{"type":"Feature","id":"commune.15398","geometry":{"type":"MultiPolygon","coordinates":[[[[0.69905335,47.72584665],[0.70105752,47.72637859],[0.69948448,47.73356917],[0.70070315,47.74228499],[0.70599829,47.74269955],[0.71867779,47.74203796],[0.72027548,47.74141899],[0.7247405,47.73626902],[0.72552723,47.73022445],[0.72359365,47.72506611],[0.72305076,47.72290621],[0.71589063,47.71956649],[0.70650394,47.72026797],[0.69905335,47.72584665]]]]},"geometry_name":"geometrie","properties":{"code":"41079","name":"Les Essarts","epci":"200072072","level":"commune"}},{"type":"Feature","id":"commune.15400","geometry":{"type":"MultiPolygon","coordinates":[[[[1.21958157,47.79742911],[1.21681531,47.79708726],[1.21102633,47.7941002],[1.19803927,47.79089792],[1.18796878,47.79023845],[1.17678945,47.79621379],[1.17000662,47.79659059],[1.16919327,47.79549397],[1.16386885,47.79929439],[1.15788092,47.80436701],[1.17686568,47.81632759],[1.17843721,47.82195427],[1.18323369,47.82073145],[1.18423229,47.81888881],[1.18747618,47.81857892],[1.19123088,47.819322],[1.19542292,47.81281392],[1.20327748,47.80913285],[1.21044268,47.80771746],[1.21108597,47.80670911],[1.21305944,47.80373419],[1.21731203,47.80080384],[1.21958157,47.79742911]]]]},"geometry_name":"geometrie","properties":{"code":"41081","name":"Faye","epci":"200072072","level":"commune"}},{"type":"Feature","id":"commune.15405","geometry":{"type":"MultiPolygon","coordinates":[[[[0.84819142,47.83272148],[0.86137045,47.81862208],[0.86340174,47.81165087],[0.86314308,47.80618017],[0.86099655,47.80030315],[0.86339434,47.80022536],[0.86424588,47.79662328],[0.85935997,47.78379139],[0.85701954,47.76946165],[0.85438601,47.76571471],[0.84957093,47.76246248],[0.84191029,47.76528645],[0.84064562,47.76633998],[0.83772756,47.77584177],[0.82808268,47.78362436],[0.8115408,47.78477777],[0.80304213,47.78136651],[0.80050679,47.78213917],[0.80184515,47.7840839],[0.80078531,47.8113722],[0.81745818,47.81436785],[0.82742706,47.81826252],[0.83258297,47.82118147],[0.84447844,47.83077067],[0.84819142,47.83272148]]]]},"geometry_name":"geometrie","properties":{"code":"41087","name":"Fontaine-les-Coteaux","epci":"200072072","level":"commune"}},{"type":"Feature","id":"commune.15408","geometry":{"type":"MultiPolygon","coordinates":[[[[0.92327668,47.82454566],[0.91187434,47.83128547],[0.90756468,47.83475768],[0.89506099,47.84930987],[0.9011405,47.85800057],[0.9073902,47.86011181],[0.91358964,47.85956321],[0.91587554,47.85756016],[0.91882143,47.85888639],[0.92253435,47.84826382],[0.9275486,47.84311906],[0.93161585,47.83699316],[0.92327668,47.82454566]]]]},"geometry_name":"geometrie","properties":{"code":"41090","name":"Fortan","epci":"200072072","level":"commune"}},{"type":"Feature","id":"commune.15409","geometry":{"type":"MultiPolygon","coordinates":[[[[1.27194646,47.65317848],[1.28088691,47.65558543],[1.28825429,47.64076293],[1.29956488,47.63283796],[1.29756085,47.63069214],[1.29875943,47.61924772],[1.29289012,47.61415629],[1.280933,47.61429597],[1.2691272,47.6156377],[1.254151,47.62070505],[1.25367328,47.62081675],[1.25239725,47.6334346],[1.26304596,47.63729195],[1.26811625,47.643023],[1.27160085,47.65307074],[1.27194646,47.65317848]]]]},"geometry_name":"geometrie","properties":{"code":"41091","name":"Fossé","epci":"200030385","level":"commune"}},{"type":"Feature","id":"commune.15410","geometry":{"type":"MultiPolygon","coordinates":[[[[1.07429771,47.5910722],[1.08051735,47.60433016],[1.08127621,47.61714779],[1.07988031,47.62596829],[1.07799254,47.63075421],[1.07567178,47.6322079],[1.07503184,47.63403321],[1.07895622,47.63547178],[1.10179606,47.63925395],[1.10270717,47.63861959],[1.10925109,47.63875902],[1.12187584,47.64122077],[1.13580116,47.6424099],[1.13692796,47.64073882],[1.15137985,47.63357839],[1.1429224,47.6310673],[1.13280006,47.62621866],[1.13265098,47.62442727],[1.1369727,47.62026643],[1.1372694,47.61081019],[1.123574,47.59918412],[1.12173375,47.59874665],[1.11209826,47.59620341],[1.07429771,47.5910722]]]]},"geometry_name":"geometrie","properties":{"code":"41093","name":"Françay","epci":"200030385","level":"commune"}},{"type":"Feature","id":"commune.15415","geometry":{"type":"MultiPolygon","coordinates":[[[[1.10328286,47.66510917],[1.10254268,47.65463332],[1.09781536,47.6457609],[1.10179606,47.63925395],[1.07895622,47.63547178],[1.07503184,47.63403321],[1.06833429,47.6387432],[1.05983101,47.64127187],[1.05026659,47.64098747],[1.04812895,47.64647014],[1.04616194,47.65172062],[1.0376053,47.6556856],[1.03155933,47.66019739],[1.03109716,47.66163379],[1.04481599,47.66426629],[1.05007009,47.66018],[1.06458185,47.65981621],[1.07009504,47.66151543],[1.07918459,47.66639204],[1.08797772,47.6690608],[1.09033118,47.66929735],[1.10328286,47.66510917]]]]},"geometry_name":"geometrie","properties":{"code":"41098","name":"Gombergean","epci":"200072072","level":"commune"}},{"type":"Feature","id":"commune.15417","geometry":{"type":"MultiPolygon","coordinates":[[[[0.75491402,47.70872444],[0.77652597,47.72137758],[0.78610216,47.72248212],[0.78970449,47.72207662],[0.78935873,47.71892945],[0.79160005,47.71613638],[0.79659551,47.71393994],[0.80223941,47.70325827],[0.81576231,47.68865027],[0.8116195,47.68220772],[0.80516626,47.67899468],[0.79318854,47.68017203],[0.78313589,47.68233645],[0.74986024,47.69221151],[0.73682822,47.69509082],[0.73475471,47.69677501],[0.73709395,47.69863289],[0.75491402,47.70872444]]]]},"geometry_name":"geometrie","properties":{"code":"41100","name":"Les Hayes","epci":"200072072","level":"commune"}},{"type":"Feature","id":"commune.15418","geometry":{"type":"MultiPolygon","coordinates":[[[[1.12173375,47.59874665],[1.123574,47.59918412],[1.1372694,47.61081019],[1.1369727,47.62026643],[1.13265098,47.62442727],[1.13280006,47.62621866],[1.1429224,47.6310673],[1.15137985,47.63357839],[1.15442395,47.63421985],[1.16630334,47.6318815],[1.17638056,47.63271093],[1.17842549,47.6334424],[1.18011227,47.63092884],[1.1935201,47.62304025],[1.1804593,47.61364043],[1.17683871,47.60737063],[1.1644592,47.60673097],[1.15517666,47.60520349],[1.14831191,47.59600654],[1.1328335,47.5912671],[1.12911661,47.59132912],[1.12753406,47.59148202],[1.12173375,47.59874665]]]]},"geometry_name":"geometrie","properties":{"code":"41101","name":"Herbault","epci":"200030385","level":"commune"}},{"type":"Feature","id":"commune.15419","geometry":{"type":"MultiPolygon","coordinates":[[[[0.94907279,47.76702703],[0.95371123,47.76781315],[0.9596732,47.7647687],[0.97199472,47.77289757],[0.97552811,47.77442084],[0.97913765,47.77482351],[0.98126887,47.77068005],[0.97692786,47.76173687],[0.97610224,47.75626927],[0.97556504,47.75561444],[0.97261415,47.75604145],[0.96610932,47.74814337],[0.96263644,47.73507835],[0.95530157,47.71835143],[0.94686977,47.70996271],[0.94352066,47.71174512],[0.94009732,47.7153728],[0.94062815,47.720209],[0.93733109,47.7265174],[0.91868839,47.74057328],[0.91853492,47.74350933],[0.91646827,47.74600707],[0.91559481,47.74912117],[0.91557547,47.75012652],[0.92017444,47.75047303],[0.91828795,47.75395809],[0.94907279,47.76702703]]]]},"geometry_name":"geometrie","properties":{"code":"41102","name":"Houssay","epci":"200072072","level":"commune"}},{"type":"Feature","id":"commune.15420","geometry":{"type":"MultiPolygon","coordinates":[[[[1.00020337,47.70614275],[0.98836812,47.72033825],[0.98592043,47.72519134],[0.98806963,47.72615748],[0.98831712,47.7286494],[0.99281696,47.73098474],[1.00219559,47.73629338],[1.01092675,47.74308387],[1.01079403,47.73949019],[1.01456003,47.7332761],[1.03118006,47.73570869],[1.03221188,47.73704053],[1.03328745,47.73715315],[1.03450648,47.73316175],[1.02985034,47.71692422],[1.02610583,47.71165531],[1.0225009,47.70925893],[1.01488747,47.70626595],[1.00445152,47.70664838],[1.00020337,47.70614275]]]]},"geometry_name":"geometrie","properties":{"code":"41103","name":"Huisseau-en-Beauce","epci":"200072072","level":"commune"}},{"type":"Feature","id":"commune.15424","geometry":{"type":"MultiPolygon","coordinates":[[[[1.08797772,47.6690608],[1.07918459,47.66639204],[1.07009504,47.66151543],[1.06458185,47.65981621],[1.05007009,47.66018],[1.04481599,47.66426629],[1.04216762,47.66840684],[1.03964667,47.67980273],[1.04020695,47.68599576],[1.03576172,47.70021152],[1.04519585,47.69688256],[1.04881813,47.69698807],[1.05146388,47.69830617],[1.05496247,47.70191356],[1.06702262,47.70951517],[1.07923165,47.71419183],[1.09580249,47.69607086],[1.09741629,47.69584233],[1.09868565,47.69558657],[1.09947912,47.69281925],[1.09864041,47.68492948],[1.0966044,47.68366109],[1.09354945,47.68352308],[1.08881927,47.6793493],[1.08692612,47.67147363],[1.08797772,47.6690608]]]]},"geometry_name":"geometrie","properties":{"code":"41107","name":"Lancé","epci":"200072072","level":"commune"}},{"type":"Feature","id":"commune.15425","geometry":{"type":"MultiPolygon","coordinates":[[[[1.10179606,47.63925395],[1.09781536,47.6457609],[1.10254268,47.65463332],[1.10328286,47.66510917],[1.12351592,47.66780818],[1.13211981,47.65924064],[1.14504825,47.65884695],[1.15571532,47.66549639],[1.16228547,47.65990439],[1.1655861,47.65526552],[1.16236519,47.65205924],[1.13580116,47.6424099],[1.12187584,47.64122077],[1.10925109,47.63875902],[1.10270717,47.63861959],[1.10179606,47.63925395]]]]},"geometry_name":"geometrie","properties":{"code":"41108","name":"Lancôme","epci":"200030385","level":"commune"}},{"type":"Feature","id":"commune.15426","geometry":{"type":"MultiPolygon","coordinates":[[[[1.15137985,47.63357839],[1.13692796,47.64073882],[1.13580116,47.6424099],[1.16236519,47.65205924],[1.1655861,47.65526552],[1.16228547,47.65990439],[1.15571532,47.66549639],[1.14504825,47.65884695],[1.13211981,47.65924064],[1.12351592,47.66780818],[1.12562405,47.6796535],[1.13380396,47.6842356],[1.14144679,47.68112427],[1.14715961,47.67985636],[1.16101873,47.67882555],[1.1691207,47.67562694],[1.17230953,47.67760533],[1.17653158,47.67409339],[1.18262857,47.67073561],[1.18815333,47.66885869],[1.19982222,47.67088464],[1.20981372,47.67191861],[1.21815551,47.66875993],[1.22000248,47.66533717],[1.21812157,47.66199715],[1.21914498,47.66140144],[1.21668266,47.65222025],[1.21320758,47.64732882],[1.20696469,47.64497786],[1.20177815,47.64406894],[1.20212875,47.64311369],[1.19161894,47.63823553],[1.17842549,47.6334424],[1.17638056,47.63271093],[1.16630334,47.6318815],[1.15442395,47.63421985],[1.15137985,47.63357839]]]]},"geometry_name":"geometrie","properties":{"code":"41109","name":"Landes-le-Gaulois","epci":"200030385","level":"commune"}},{"type":"Feature","id":"commune.15429","geometry":{"type":"MultiPolygon","coordinates":[[[[0.8915154,47.75485109],[0.89184392,47.74773513],[0.89643823,47.74379855],[0.90730736,47.73729558],[0.90724884,47.7293767],[0.90879026,47.72600986],[0.9040331,47.72065034],[0.90201802,47.71954007],[0.90180333,47.72041769],[0.89858491,47.72157093],[0.89402134,47.72714504],[0.88643865,47.7310537],[0.88364985,47.73114375],[0.87038249,47.72681621],[0.86957353,47.72742364],[0.86863552,47.72692035],[0.8637463,47.7296755],[0.86063247,47.73347225],[0.86307951,47.73402118],[0.86727955,47.7364559],[0.87247727,47.7437292],[0.87758317,47.74828414],[0.88794478,47.7542222],[0.8915154,47.75485109]]]]},"geometry_name":"geometrie","properties":{"code":"41113","name":"Lavardin","epci":"200072072","level":"commune"}},{"type":"Feature","id":"commune.15435","geometry":{"type":"MultiPolygon","coordinates":[[[[0.87244915,47.7951465],[0.87022175,47.79668164],[0.86915453,47.80004034],[0.86339434,47.80022536],[0.86099655,47.80030315],[0.86314308,47.80618017],[0.86340174,47.81165087],[0.86137045,47.81862208],[0.84819142,47.83272148],[0.87024559,47.84240745],[0.87789358,47.85022042],[0.89376515,47.85024904],[0.89506099,47.84930987],[0.90756468,47.83475768],[0.91187434,47.83128547],[0.92327668,47.82454566],[0.92279953,47.82372152],[0.9403642,47.81341313],[0.94915106,47.80568314],[0.95671062,47.8049644],[0.95605418,47.7888714],[0.95678881,47.7814313],[0.95351789,47.77412652],[0.94681524,47.76887908],[0.94397386,47.76831243],[0.94033714,47.76862937],[0.93191823,47.77131166],[0.93192306,47.77458989],[0.93028583,47.77750237],[0.92674147,47.78070972],[0.9196196,47.78243814],[0.90982507,47.78074308],[0.90045105,47.78120206],[0.89620382,47.78213154],[0.89531515,47.78278183],[0.89537215,47.78920952],[0.8940686,47.79385708],[0.87244915,47.7951465]]]]},"geometry_name":"geometrie","properties":{"code":"41120","name":"Lunay","epci":"200072072","level":"commune"}},{"type":"Feature","id":"commune.15439","geometry":{"type":"MultiPolygon","coordinates":[[[[1.02457476,47.76727171],[1.02530412,47.76622164],[1.01660904,47.75727404],[1.0099985,47.75417097],[1.00595087,47.75376988],[1.00086419,47.75576198],[0.99864117,47.7546265],[1.01092675,47.74308387],[1.00219559,47.73629338],[0.99281696,47.73098474],[0.9963648,47.75693292],[0.99319556,47.76542186],[0.9935284,47.7671841],[0.99197013,47.77089644],[0.98778794,47.77596641],[0.99087922,47.77669292],[0.99600405,47.77651783],[1.01687555,47.77277126],[1.02371051,47.76702665],[1.02457476,47.76727171]]]]},"geometry_name":"geometrie","properties":{"code":"41124","name":"Marcilly-en-Beauce","epci":"200072072","level":"commune"}},{"type":"Feature","id":"commune.15443","geometry":{"type":"MultiPolygon","coordinates":[[[[1.28088691,47.65558543],[1.28636905,47.65869007],[1.29349299,47.6593579],[1.30295961,47.66195897],[1.31344854,47.66627105],[1.32230037,47.67162101],[1.3285856,47.6744074],[1.32785046,47.67073094],[1.33621114,47.66501911],[1.33417611,47.65964151],[1.33052488,47.65504114],[1.32693535,47.64777125],[1.32529165,47.6389743],[1.31014228,47.63925669],[1.30240785,47.63386515],[1.30106195,47.63196034],[1.29956488,47.63283796],[1.28825429,47.64076293],[1.28088691,47.65558543]]]]},"geometry_name":"geometrie","properties":{"code":"41128","name":"Marolles","epci":"200030385","level":"commune"}},{"type":"Feature","id":"commune.15445","geometry":{"type":"MultiPolygon","coordinates":[[[[1.20212875,47.64311369],[1.20177815,47.64406894],[1.20696469,47.64497786],[1.21320758,47.64732882],[1.21668266,47.65222025],[1.21914498,47.66140144],[1.25730654,47.65848805],[1.26748255,47.65576919],[1.27160085,47.65307074],[1.26811625,47.643023],[1.26304596,47.63729195],[1.25239725,47.6334346],[1.25367328,47.62081675],[1.24679436,47.62339935],[1.22414018,47.62901093],[1.21744739,47.63156765],[1.21435975,47.63348501],[1.20740724,47.64041099],[1.20212875,47.64311369]]]]},"geometry_name":"geometrie","properties":{"code":"41203","name":"Saint-Bohaire","epci":"200030385","level":"commune"}},{"type":"Feature","id":"commune.15447","geometry":{"type":"MultiPolygon","coordinates":[[[[0.91882143,47.85888639],[0.91611099,47.864313],[0.91273655,47.86690799],[0.9110115,47.87277063],[0.93871058,47.87065688],[0.94535869,47.87126054],[0.95737491,47.87430893],[0.95962771,47.87610097],[0.96105909,47.87457917],[0.96481354,47.85887319],[0.95836976,47.84484179],[0.96543325,47.84073406],[0.97602813,47.8375125],[0.98368886,47.83289543],[0.98667167,47.82944094],[0.98837867,47.8223831],[0.97371093,47.81783061],[0.96765731,47.8136267],[0.96794775,47.81169247],[0.96408386,47.81134181],[0.96011661,47.80974949],[0.95647272,47.80642597],[0.95671062,47.8049644],[0.94915106,47.80568314],[0.9403642,47.81341313],[0.92279953,47.82372152],[0.92327668,47.82454566],[0.93161585,47.83699316],[0.9275486,47.84311906],[0.92253435,47.84826382],[0.91882143,47.85888639]]]]},"geometry_name":"geometrie","properties":{"code":"41131","name":"Mazangé","epci":"200072072","level":"commune"}},{"type":"Feature","id":"commune.15449","geometry":{"type":"MultiPolygon","coordinates":[[[[1.4096839,47.6334961],[1.40662602,47.63549716],[1.39440514,47.64014904],[1.38428453,47.64545352],[1.38247536,47.65178178],[1.39186464,47.66291905],[1.42002811,47.64193344],[1.41719679,47.63885398],[1.4096839,47.6334961]]]]},"geometry_name":"geometrie","properties":{"code":"41134","name":"Menars","epci":"200030385","level":"commune"}},{"type":"Feature","id":"commune.15452","geometry":{"type":"MultiPolygon","coordinates":[[[[1.08156806,47.4882708],[1.07901752,47.49444983],[1.06845888,47.50351544],[1.06841212,47.50683453],[1.07115737,47.51402758],[1.06803088,47.52309345],[1.05830401,47.52555834],[1.04483363,47.5318117],[1.04709179,47.53707199],[1.05444556,47.53471069],[1.08809486,47.53696919],[1.0958677,47.54018389],[1.1026646,47.54458241],[1.10637808,47.54925642],[1.1086543,47.55017575],[1.11546436,47.54811785],[1.11949766,47.54003619],[1.12985836,47.53046414],[1.13573222,47.51695588],[1.14271052,47.50752663],[1.14291646,47.50507811],[1.13987215,47.4965558],[1.13800899,47.49534739],[1.13527134,47.49582764],[1.12310089,47.49618504],[1.11278918,47.49540615],[1.08156806,47.4882708]]]]},"geometry_name":"geometrie","properties":{"code":"41137","name":"Mesland","epci":"200030385","level":"commune"}},{"type":"Feature","id":"commune.15453","geometry":{"type":"MultiPolygon","coordinates":[[[[1.09447871,47.80967402],[1.09403424,47.8139467],[1.09270704,47.81629463],[1.08829142,47.8205179],[1.09023743,47.82685151],[1.09375532,47.82802869],[1.11883066,47.82960136],[1.12827153,47.82900885],[1.12631171,47.81531249],[1.1315477,47.80213245],[1.12650248,47.80196907],[1.12307233,47.80075823],[1.12262496,47.79707885],[1.12125475,47.7970983],[1.11533943,47.80057739],[1.11736243,47.80193691],[1.11674459,47.80312075],[1.11040541,47.80657928],[1.09980486,47.81011071],[1.09447871,47.80967402]]]]},"geometry_name":"geometrie","properties":{"code":"41138","name":"Meslay","epci":"200072072","level":"commune"}},{"type":"Feature","id":"commune.15457","geometry":{"type":"MultiPolygon","coordinates":[[[[1.17683871,47.60737063],[1.18878809,47.60480247],[1.20091326,47.59907558],[1.21307504,47.59527836],[1.21827177,47.59343107],[1.22977198,47.60293091],[1.22744352,47.5950761],[1.25120887,47.58922046],[1.25410381,47.58253375],[1.25811521,47.57329044],[1.26484912,47.5576689],[1.25388693,47.55468809],[1.24625448,47.54981067],[1.23816703,47.54586942],[1.23541757,47.54657785],[1.23367697,47.55023668],[1.21929508,47.55527609],[1.21344327,47.55622112],[1.20457914,47.55160746],[1.18800835,47.53778787],[1.17796519,47.53651847],[1.17614249,47.53628018],[1.17265633,47.53686396],[1.17032431,47.54470934],[1.17601595,47.54790033],[1.17859318,47.54790189],[1.18770753,47.55097643],[1.18704587,47.56134744],[1.17972793,47.56522931],[1.17380985,47.56696906],[1.16019583,47.56698743],[1.15516913,47.56538821],[1.15325329,47.56400822],[1.15170767,47.56469594],[1.14747936,47.57250357],[1.14108275,47.5773872],[1.13587599,47.57925794],[1.13334479,47.58174123],[1.13018383,47.58624111],[1.12911661,47.59132912],[1.1328335,47.5912671],[1.14831191,47.59600654],[1.15517666,47.60520349],[1.1644592,47.60673097],[1.17683871,47.60737063]]]]},"geometry_name":"geometrie","properties":{"code":"41142","name":"Valencisse","epci":"200030385","level":"commune"}},{"type":"Feature","id":"commune.15459","geometry":{"type":"MultiPolygon","coordinates":[[[[1.13527134,47.49582764],[1.12715029,47.49197684],[1.12867218,47.48420548],[1.11809761,47.4810691],[1.09347101,47.47062511],[1.09023552,47.4728736],[1.08699601,47.47723345],[1.08156806,47.4882708],[1.11278918,47.49540615],[1.12310089,47.49618504],[1.13527134,47.49582764]]]]},"geometry_name":"geometrie","properties":{"code":"41144","name":"Monteaux","epci":"200030385","level":"commune"}},{"type":"Feature","id":"commune.15460","geometry":{"type":"MultiPolygon","coordinates":[[[[1.23234183,47.45705826],[1.25926868,47.46446461],[1.27148298,47.47041989],[1.27813944,47.49024588],[1.28460205,47.4895417],[1.28805578,47.49203433],[1.29522414,47.49357286],[1.30106187,47.48728261],[1.30220515,47.48034479],[1.29872126,47.46288508],[1.3007854,47.45231498],[1.3025866,47.4482571],[1.29309855,47.4482633],[1.28514026,47.44588542],[1.25867584,47.44831883],[1.23028037,47.44074127],[1.22507124,47.43697474],[1.22092039,47.44128106],[1.2183254,47.44903082],[1.22604482,47.45117555],[1.23234183,47.45705826]]]]},"geometry_name":"geometrie","properties":{"code":"41145","name":"Monthou-sur-Bièvre","epci":"200030385","level":"commune"}},{"type":"Feature","id":"commune.15462","geometry":{"type":"MultiPolygon","coordinates":[[[[1.3338225,47.51806464],[1.33377135,47.51155795],[1.32485387,47.50656816],[1.32092996,47.50229259],[1.32018243,47.49639434],[1.32303705,47.49369385],[1.32312876,47.49220867],[1.32106533,47.4910778],[1.31224449,47.49037049],[1.30710052,47.49097292],[1.29975312,47.49344007],[1.29522414,47.49357286],[1.28805578,47.49203433],[1.28460205,47.4895417],[1.27813944,47.49024588],[1.27430986,47.49316496],[1.2747905,47.49976553],[1.27864377,47.50727401],[1.28550977,47.51013397],[1.29069454,47.50927736],[1.30049887,47.51161946],[1.30277646,47.51179221],[1.32256604,47.5182534],[1.3338225,47.51806464]]]]},"geometry_name":"geometrie","properties":{"code":"41147","name":"Les Montils","epci":"200030385","level":"commune"}},{"type":"Feature","id":"commune.15464","geometry":{"type":"MultiPolygon","coordinates":[[[[0.87244915,47.7951465],[0.8872846,47.77368325],[0.89006201,47.77242061],[0.89009537,47.76298908],[0.8915154,47.75485109],[0.88794478,47.7542222],[0.87758317,47.74828414],[0.87247727,47.7437292],[0.86727955,47.7364559],[0.86307951,47.73402118],[0.86063247,47.73347225],[0.85730861,47.73305668],[0.85236663,47.73374852],[0.83856657,47.73677005],[0.84132811,47.74292743],[0.84197729,47.74973459],[0.84058809,47.75653384],[0.8385838,47.76140391],[0.82413772,47.76474414],[0.80398944,47.77339972],[0.79807623,47.77469688],[0.79848292,47.77975026],[0.80050679,47.78213917],[0.80304213,47.78136651],[0.8115408,47.78477777],[0.82808268,47.78362436],[0.83772756,47.77584177],[0.84064562,47.76633998],[0.84191029,47.76528645],[0.84957093,47.76246248],[0.85438601,47.76571471],[0.85701954,47.76946165],[0.85935997,47.78379139],[0.86424588,47.79662328],[0.86339434,47.80022536],[0.86915453,47.80004034],[0.87022175,47.79668164],[0.87244915,47.7951465]]]]},"geometry_name":"geometrie","properties":{"code":"41149","name":"Montoire-sur-le-Loir","epci":"200072072","level":"commune"}},{"type":"Feature","id":"commune.15468","geometry":{"type":"MultiPolygon","coordinates":[[[[0.69905335,47.72584665],[0.70650394,47.72026797],[0.71589063,47.71956649],[0.72305076,47.72290621],[0.72359365,47.72506611],[0.74264694,47.72898025],[0.74311384,47.72092236],[0.74533719,47.71363305],[0.75491402,47.70872444],[0.73709395,47.69863289],[0.73475471,47.69677501],[0.73682822,47.69509082],[0.7253115,47.69024625],[0.71232382,47.68218952],[0.70495922,47.68315272],[0.69843714,47.68581321],[0.67474602,47.69925924],[0.69115259,47.71929876],[0.69423812,47.72064365],[0.69384154,47.72314626],[0.69905335,47.72584665]]]]},"geometry_name":"geometrie","properties":{"code":"41153","name":"Montrouveau","epci":"200072072","level":"commune"}},{"type":"Feature","id":"commune.15473","geometry":{"type":"MultiPolygon","coordinates":[[[[0.99600405,47.77651783],[0.99633571,47.7776417],[0.98460338,47.79015382],[0.98379696,47.79278418],[0.9855649,47.79344571],[0.9908132,47.78891272],[0.99516034,47.78781589],[1.00718403,47.79315732],[1.0145249,47.80892922],[1.02120946,47.80825722],[1.02668049,47.8011705],[1.02880341,47.79966672],[1.04990944,47.79651684],[1.05165436,47.79619026],[1.05677957,47.78972032],[1.06084983,47.78514944],[1.05952992,47.7842732],[1.04467989,47.77557779],[1.02457476,47.76727171],[1.02371051,47.76702665],[1.01687555,47.77277126],[0.99600405,47.77651783]]]]},"geometry_name":"geometrie","properties":{"code":"41158","name":"Naveil","epci":"200072072","level":"commune"}},{"type":"Feature","id":"commune.15477","geometry":{"type":"MultiPolygon","coordinates":[[[[1.05072678,47.74150448],[1.0538855,47.734765],[1.0667415,47.72987416],[1.07923165,47.71419183],[1.06702262,47.70951517],[1.05496247,47.70191356],[1.05146388,47.69830617],[1.04881813,47.69698807],[1.04519585,47.69688256],[1.03576172,47.70021152],[1.03137854,47.70203215],[1.02610583,47.71165531],[1.02985034,47.71692422],[1.03450648,47.73316175],[1.03328745,47.73715315],[1.03221188,47.73704053],[1.04053113,47.73953177],[1.05072678,47.74150448]]]]},"geometry_name":"geometrie","properties":{"code":"41163","name":"Nourray","epci":"200072072","level":"commune"}},{"type":"Feature","id":"commune.15481","geometry":{"type":"MultiPolygon","coordinates":[[[[1.21196392,47.49250286],[1.20039846,47.48996752],[1.17658515,47.48006726],[1.16711872,47.47907317],[1.15522987,47.47762306],[1.13169575,47.47163913],[1.1197908,47.46750452],[1.11281677,47.46610947],[1.08711125,47.46181986],[1.085394,47.46432007],[1.09265853,47.46715233],[1.09459758,47.46941896],[1.09347101,47.47062511],[1.11809761,47.4810691],[1.12867218,47.48420548],[1.12715029,47.49197684],[1.13527134,47.49582764],[1.13800899,47.49534739],[1.13987215,47.4965558],[1.14291646,47.50507811],[1.14271052,47.50752663],[1.13573222,47.51695588],[1.12985836,47.53046414],[1.11949766,47.54003619],[1.11546436,47.54811785],[1.12255016,47.5490227],[1.14365748,47.55395259],[1.14282402,47.54299241],[1.14425322,47.53729318],[1.16768536,47.52979263],[1.17509997,47.52876635],[1.18045305,47.52928492],[1.1843009,47.53377031],[1.19112545,47.53187846],[1.1965685,47.52520992],[1.19841176,47.52135687],[1.19960404,47.51314487],[1.20198022,47.51010223],[1.20653758,47.50663844],[1.21225582,47.49418388],[1.21196392,47.49250286]]]]},"geometry_name":"geometrie","properties":{"code":"41167","name":"Veuzain-sur-Loire","epci":"200030385","level":"commune"}},{"type":"Feature","id":"commune.15486","geometry":{"type":"MultiPolygon","coordinates":[[[[1.16846994,47.77013017],[1.17321241,47.76805619],[1.17095487,47.75712037],[1.17895582,47.74772101],[1.16636297,47.74283212],[1.14875696,47.73406337],[1.1343087,47.73747384],[1.12311983,47.74552461],[1.11817517,47.74908873],[1.12602342,47.75492072],[1.12813816,47.75754019],[1.12680656,47.75861635],[1.14788636,47.76032645],[1.15411585,47.7660768],[1.16121847,47.77059812],[1.16410265,47.77111151],[1.16846994,47.77013017]]]]},"geometry_name":"geometrie","properties":{"code":"41174","name":"Périgny","epci":"200072072","level":"commune"}},{"type":"Feature","id":"commune.15494","geometry":{"type":"MultiPolygon","coordinates":[[[[1.10328286,47.66510917],[1.09033118,47.66929735],[1.08797772,47.6690608],[1.08692612,47.67147363],[1.08881927,47.6793493],[1.09354945,47.68352308],[1.0966044,47.68366109],[1.09864041,47.68492948],[1.09947912,47.69281925],[1.09868565,47.69558657],[1.09741629,47.69584233],[1.1041769,47.69856038],[1.11107454,47.70713955],[1.11661431,47.7086802],[1.12277741,47.70768179],[1.12285456,47.70677911],[1.12219179,47.70594198],[1.1305645,47.69703689],[1.1335256,47.6951566],[1.13027385,47.69300509],[1.12643276,47.6885077],[1.13380396,47.6842356],[1.12562405,47.6796535],[1.12351592,47.66780818],[1.10328286,47.66510917]]]]},"geometry_name":"geometrie","properties":{"code":"41182","name":"Pray","epci":"200072072","level":"commune"}},{"type":"Feature","id":"commune.15495","geometry":{"type":"MultiPolygon","coordinates":[[[[0.86214792,47.67670117],[0.85861128,47.67838503],[0.85973019,47.68053589],[0.86236733,47.68449641],[0.86776368,47.68656144],[0.86951433,47.68943502],[0.87977626,47.69770352],[0.88235399,47.70489574],[0.89014672,47.71698829],[0.89858491,47.72157093],[0.90180333,47.72041769],[0.90201802,47.71954007],[0.9040331,47.72065034],[0.90745429,47.71864432],[0.90383942,47.71404351],[0.90472151,47.71128974],[0.90575285,47.70884297],[0.91074006,47.70338042],[0.93744591,47.70670053],[0.94670963,47.70982574],[0.94825738,47.7088823],[0.94697468,47.69976155],[0.94063873,47.69539497],[0.95168598,47.68770712],[0.95630788,47.6918757],[0.957359,47.69141597],[0.96126879,47.68374909],[0.96012351,47.67388617],[0.95742788,47.67166197],[0.95209426,47.66951306],[0.94674826,47.66838922],[0.94043805,47.66514393],[0.93178798,47.65582063],[0.92521341,47.6537457],[0.91174788,47.65482219],[0.89308717,47.66338412],[0.879292,47.67266902],[0.86214792,47.67670117]]]]},"geometry_name":"geometrie","properties":{"code":"41184","name":"Prunay-Cassereau","epci":"200072072","level":"commune"}},{"type":"Feature","id":"commune.15497","geometry":{"type":"MultiPolygon","coordinates":[[[[1.0664326,47.90055953],[1.07037491,47.90148771],[1.07300276,47.89831974],[1.07406827,47.89381984],[1.07755863,47.88906799],[1.08854718,47.88122453],[1.09144883,47.86948488],[1.09082031,47.86705659],[1.07480761,47.86379439],[1.06778988,47.85958916],[1.06510718,47.85670372],[1.06477662,47.85314584],[1.06504459,47.85111297],[1.0690982,47.84733115],[1.06355669,47.84632152],[1.05942712,47.84810961],[1.04156927,47.84765252],[1.03677056,47.84902983],[1.03286968,47.85277441],[1.03099754,47.85626396],[1.03155657,47.8669541],[1.03027969,47.86729278],[1.05101628,47.8772403],[1.05531741,47.88048504],[1.05981204,47.88661629],[1.06710304,47.89979456],[1.0664326,47.90055953]]]]},"geometry_name":"geometrie","properties":{"code":"41186","name":"Rahart","epci":"200072072","level":"commune"}},{"type":"Feature","id":"commune.15500","geometry":{"type":"MultiPolygon","coordinates":[[[[1.13346593,47.44897943],[1.12956975,47.44963093],[1.12490747,47.45229323],[1.11393242,47.46267259],[1.11281677,47.46610947],[1.1197908,47.46750452],[1.13169575,47.47163913],[1.15522987,47.47762306],[1.15681509,47.47397537],[1.16477452,47.46412178],[1.16900334,47.4460737],[1.16716451,47.44496245],[1.16396045,47.44170822],[1.15005078,47.4441361],[1.14007347,47.44818748],[1.13346593,47.44897943]]]]},"geometry_name":"geometrie","properties":{"code":"41189","name":"Rilly-sur-Loire","epci":"200030385","level":"commune"}},{"type":"Feature","id":"commune.15501","geometry":{"type":"MultiPolygon","coordinates":[[[[1.1315477,47.80213245],[1.12631171,47.81531249],[1.12827153,47.82900885],[1.13093534,47.82845718],[1.13726281,47.8289549],[1.14672131,47.82742402],[1.1571997,47.82738394],[1.16404954,47.82634539],[1.17638671,47.8219926],[1.17843721,47.82195427],[1.17686568,47.81632759],[1.15788092,47.80436701],[1.16386885,47.79929439],[1.16155077,47.79789864],[1.15165035,47.79570017],[1.14214204,47.79518878],[1.13922394,47.79660631],[1.13317686,47.79881211],[1.1315477,47.80213245]]]]},"geometry_name":"geometrie","properties":{"code":"41190","name":"Rocé","epci":"200072072","level":"commune"}},{"type":"Feature","id":"commune.15503","geometry":{"type":"MultiPolygon","coordinates":[[[[0.89620382,47.78213154],[0.89280123,47.77812324],[0.89006201,47.77242061],[0.8872846,47.77368325],[0.87244915,47.7951465],[0.8940686,47.79385708],[0.89537215,47.78920952],[0.89531515,47.78278183],[0.89620382,47.78213154]]]]},"geometry_name":"geometrie","properties":{"code":"41192","name":"Les Roches-l'Évêque","epci":"200072072","level":"commune"}},{"type":"Feature","id":"commune.15509","geometry":{"type":"MultiPolygon","coordinates":[[[[0.93708555,47.64923242],[0.93493608,47.65030374],[0.93178798,47.65582063],[0.94043805,47.66514393],[0.94674826,47.66838922],[0.95209426,47.66951306],[0.95742788,47.67166197],[0.96012351,47.67388617],[0.96126879,47.68374909],[0.96480457,47.68448868],[0.96983907,47.68915191],[0.98995454,47.70294006],[1.00020337,47.70614275],[1.00445152,47.70664838],[1.01488747,47.70626595],[1.0225009,47.70925893],[1.02610583,47.71165531],[1.03137854,47.70203215],[1.03576172,47.70021152],[1.04020695,47.68599576],[1.03964667,47.67980273],[1.04216762,47.66840684],[1.04481599,47.66426629],[1.03109716,47.66163379],[1.02847907,47.66774185],[1.01172611,47.67269909],[0.99061128,47.68039362],[0.98685435,47.67869481],[0.98135564,47.67469597],[0.96813104,47.67043223],[0.95234391,47.66127618],[0.93926029,47.6556105],[0.93708555,47.64923242]]]]},"geometry_name":"geometrie","properties":{"code":"41199","name":"Saint-Amand-Longpré","epci":"200072072","level":"commune"}},{"type":"Feature","id":"commune.15510","geometry":{"type":"MultiPolygon","coordinates":[[[[1.06941812,47.75381277],[1.06950964,47.75578056],[1.07272528,47.75649797],[1.07386143,47.75790134],[1.06563978,47.77259293],[1.06888741,47.77300755],[1.08013725,47.77221119],[1.1003883,47.75868046],[1.10240717,47.75616805],[1.10101225,47.75275489],[1.09971606,47.75151755],[1.08775411,47.74614239],[1.07944053,47.74570197],[1.0708555,47.75426771],[1.06941812,47.75381277]]]]},"geometry_name":"geometrie","properties":{"code":"41200","name":"Sainte-Anne","epci":"200072072","level":"commune"}},{"type":"Feature","id":"commune.15511","geometry":{"type":"MultiPolygon","coordinates":[[[[0.89858491,47.72157093],[0.89014672,47.71698829],[0.88235399,47.70489574],[0.87977626,47.69770352],[0.86951433,47.68943502],[0.86776368,47.68656144],[0.86620514,47.68798716],[0.86160725,47.68788784],[0.85325661,47.68610777],[0.84425096,47.6818758],[0.84426227,47.68766295],[0.84716901,47.69625417],[0.85331545,47.70434833],[0.86264245,47.71378421],[0.86925776,47.72310776],[0.87038249,47.72681621],[0.88364985,47.73114375],[0.88643865,47.7310537],[0.89402134,47.72714504],[0.89858491,47.72157093]]]]},"geometry_name":"geometrie","properties":{"code":"41201","name":"Saint-Arnoult","epci":"200072072","level":"commune"}},{"type":"Feature","id":"commune.15513","geometry":{"type":"MultiPolygon","coordinates":[[[[1.03308673,47.60732403],[1.03258793,47.6081782],[1.0243309,47.60899317],[1.01851293,47.60779698],[1.01558125,47.60517925],[1.00381505,47.59000041],[1.0037147,47.58456652],[0.99702658,47.58412146],[0.99690972,47.58674055],[0.99302099,47.58903821],[0.98743555,47.59453177],[0.98396793,47.60535877],[0.98548201,47.61099623],[0.99178548,47.62023218],[0.99680973,47.63347863],[1.00203567,47.64300689],[1.01511902,47.64346853],[1.01735716,47.63974384],[1.02381876,47.64304338],[1.0238906,47.64354971],[1.04812895,47.64647014],[1.05026659,47.64098747],[1.05983101,47.64127187],[1.06833429,47.6387432],[1.07503184,47.63403321],[1.07567178,47.6322079],[1.07799254,47.63075421],[1.07988031,47.62596829],[1.07737152,47.62591981],[1.07017547,47.6236015],[1.06425225,47.62079423],[1.06527884,47.61613289],[1.0647005,47.61430814],[1.06010337,47.61098957],[1.04964713,47.60807639],[1.03308673,47.60732403]]]]},"geometry_name":"geometrie","properties":{"code":"41205","name":"Saint-Cyr-du-Gault","epci":"200030385","level":"commune"}},{"type":"Feature","id":"commune.15514","geometry":{"type":"MultiPolygon","coordinates":[[[[1.4096839,47.6334961],[1.39161842,47.62065998],[1.38092338,47.61437036],[1.37030281,47.62129265],[1.35888985,47.62556859],[1.35319946,47.62427038],[1.34675501,47.62105708],[1.34337528,47.62123066],[1.34141183,47.62305111],[1.34540316,47.63893588],[1.34646763,47.64774322],[1.35110844,47.64988397],[1.35973743,47.64933922],[1.3683232,47.65076755],[1.37930148,47.6543306],[1.38247536,47.65178178],[1.38428453,47.64545352],[1.39440514,47.64014904],[1.40662602,47.63549716],[1.4096839,47.6334961]]]]},"geometry_name":"geometrie","properties":{"code":"41206","name":"Saint-Denis-sur-Loire","epci":"200030385","level":"commune"}},{"type":"Feature","id":"commune.15516","geometry":{"type":"MultiPolygon","coordinates":[[[[1.07429771,47.5910722],[1.07256724,47.58705761],[1.07702165,47.57238359],[1.0695197,47.57040937],[1.06387766,47.56635771],[1.05687375,47.58028208],[1.05189803,47.58714657],[1.03308673,47.60732403],[1.04964713,47.60807639],[1.06010337,47.61098957],[1.0647005,47.61430814],[1.06527884,47.61613289],[1.06425225,47.62079423],[1.07017547,47.6236015],[1.07737152,47.62591981],[1.07988031,47.62596829],[1.08127621,47.61714779],[1.08051735,47.60433016],[1.07429771,47.5910722]]]]},"geometry_name":"geometrie","properties":{"code":"41208","name":"Saint-Étienne-des-Guérets","epci":"200030385","level":"commune"}},{"type":"Feature","id":"commune.15517","geometry":{"type":"MultiPolygon","coordinates":[[[[1.0690982,47.84733115],[1.06504459,47.85111297],[1.06477662,47.85314584],[1.06510718,47.85670372],[1.06778988,47.85958916],[1.07480761,47.86379439],[1.09082031,47.86705659],[1.09298962,47.86767343],[1.09463331,47.86395961],[1.10158872,47.85605567],[1.11259927,47.85057438],[1.11623957,47.84997843],[1.12001154,47.85049717],[1.12700493,47.85638323],[1.12943241,47.85612488],[1.13341584,47.85341919],[1.1337303,47.85162551],[1.12387983,47.84453915],[1.13297801,47.83641646],[1.13554459,47.83620613],[1.13848675,47.8381371],[1.14334319,47.83821499],[1.14215007,47.83432412],[1.13726281,47.8289549],[1.13093534,47.82845718],[1.12827153,47.82900885],[1.11883066,47.82960136],[1.09375532,47.82802869],[1.09023743,47.82685151],[1.08829142,47.8205179],[1.08740063,47.82083016],[1.0870121,47.83036578],[1.08526483,47.83993859],[1.07554993,47.84559166],[1.0690982,47.84733115]]]]},"geometry_name":"geometrie","properties":{"code":"41209","name":"Saint-Firmin-des-Prés","epci":"200072072","level":"commune"}},{"type":"Feature","id":"commune.15519","geometry":{"type":"MultiPolygon","coordinates":[[[[1.39051957,47.55022807],[1.3446817,47.54672515],[1.34186675,47.56318108],[1.32719981,47.55651986],[1.32577517,47.55678033],[1.34783175,47.57142629],[1.34853513,47.57772321],[1.34860721,47.57780166],[1.35347479,47.58158607],[1.35793413,47.57975554],[1.3666955,47.57816341],[1.36833039,47.57800082],[1.36367927,47.57616115],[1.36749371,47.57133125],[1.37225051,47.56650447],[1.38508581,47.5577994],[1.389856,47.55243461],[1.39069737,47.55024132],[1.39051957,47.55022807]]]]},"geometry_name":"geometrie","properties":{"code":"41212","name":"Saint-Gervais-la-Forêt","epci":"200030385","level":"commune"}},{"type":"Feature","id":"commune.15520","geometry":{"type":"MultiPolygon","coordinates":[[[[0.96813104,47.67043223],[0.98135564,47.67469597],[0.98685435,47.67869481],[0.99061128,47.68039362],[1.01172611,47.67269909],[1.02847907,47.66774185],[1.03109716,47.66163379],[1.03155933,47.66019739],[1.0376053,47.6556856],[1.04616194,47.65172062],[1.04812895,47.64647014],[1.0238906,47.64354971],[1.02381876,47.64304338],[1.02146844,47.64577766],[1.01873513,47.64726558],[1.01614877,47.64755663],[1.00745006,47.65157104],[1.00064062,47.65918627],[0.99024398,47.66438948],[0.98536414,47.66626738],[0.97860327,47.66684123],[0.97092449,47.66613732],[0.96985205,47.6694492],[0.96813104,47.67043223]]]]},"geometry_name":"geometrie","properties":{"code":"41213","name":"Saint-Gourgon","epci":"200072072","level":"commune"}},{"type":"Feature","id":"commune.15522","geometry":{"type":"MultiPolygon","coordinates":[[[[0.78815845,47.75580709],[0.78587111,47.7554244],[0.77864248,47.76031437],[0.77694816,47.76245126],[0.7877476,47.76922776],[0.78728862,47.77403526],[0.79179795,47.77509549],[0.79807623,47.77469688],[0.80398944,47.77339972],[0.78887442,47.75927183],[0.78815845,47.75580709]]]]},"geometry_name":"geometrie","properties":{"code":"41215","name":"Saint-Jacques-des-Guérets","epci":"200072072","level":"commune"}},{"type":"Feature","id":"commune.15530","geometry":{"type":"MultiPolygon","coordinates":[[[[1.254151,47.62070505],[1.25368356,47.61842654],[1.2467747,47.61329466],[1.22977198,47.60293091],[1.21827177,47.59343107],[1.21307504,47.59527836],[1.20091326,47.59907558],[1.18878809,47.60480247],[1.17683871,47.60737063],[1.1804593,47.61364043],[1.1935201,47.62304025],[1.18011227,47.63092884],[1.17842549,47.6334424],[1.19161894,47.63823553],[1.20212875,47.64311369],[1.20740724,47.64041099],[1.21435975,47.63348501],[1.21744739,47.63156765],[1.22414018,47.62901093],[1.24679436,47.62339935],[1.25367328,47.62081675],[1.254151,47.62070505]]]]},"geometry_name":"geometrie","properties":{"code":"41223","name":"Saint-Lubin-en-Vergonnois","epci":"200030385","level":"commune"}},{"type":"Feature","id":"commune.15532","geometry":{"type":"MultiPolygon","coordinates":[[[[0.87038249,47.72681621],[0.86925776,47.72310776],[0.86264245,47.71378421],[0.85331545,47.70434833],[0.84716901,47.69625417],[0.84426227,47.68766295],[0.84425096,47.6818758],[0.83731459,47.67964791],[0.83377547,47.67706931],[0.8116195,47.68220772],[0.81576231,47.68865027],[0.80223941,47.70325827],[0.79659551,47.71393994],[0.79160005,47.71613638],[0.78935873,47.71892945],[0.78970449,47.72207662],[0.7951181,47.72165653],[0.80062507,47.73054274],[0.79687117,47.74292467],[0.78815845,47.75580709],[0.78887442,47.75927183],[0.80398944,47.77339972],[0.82413772,47.76474414],[0.8385838,47.76140391],[0.84058809,47.75653384],[0.84197729,47.74973459],[0.84132811,47.74292743],[0.83856657,47.73677005],[0.85236663,47.73374852],[0.85730861,47.73305668],[0.86063247,47.73347225],[0.8637463,47.7296755],[0.86863552,47.72692035],[0.86957353,47.72742364],[0.87038249,47.72681621]]]]},"geometry_name":"geometrie","properties":{"code":"41225","name":"Saint-Martin-des-Bois","epci":"200072072","level":"commune"}},{"type":"Feature","id":"commune.15533","geometry":{"type":"MultiPolygon","coordinates":[[[[1.09447871,47.80967402],[1.0831098,47.79750676],[1.08083013,47.79810505],[1.07607053,47.80335668],[1.07101741,47.80429453],[1.06999479,47.80393558],[1.06857286,47.80839107],[1.06749633,47.81352294],[1.0588219,47.82780838],[1.04350844,47.83773777],[1.04190385,47.84031458],[1.04156927,47.84765252],[1.05942712,47.84810961],[1.06355669,47.84632152],[1.0690982,47.84733115],[1.07554993,47.84559166],[1.08526483,47.83993859],[1.0870121,47.83036578],[1.08740063,47.82083016],[1.08829142,47.8205179],[1.09270704,47.81629463],[1.09403424,47.8139467],[1.09447871,47.80967402]]]]},"geometry_name":"geometrie","properties":{"code":"41226","name":"Saint-Ouen","epci":"200072072","level":"commune"}},{"type":"Feature","id":"commune.15534","geometry":{"type":"MultiPolygon","coordinates":[[[[0.89009537,47.76298908],[0.89006201,47.77242061],[0.89280123,47.77812324],[0.89620382,47.78213154],[0.90045105,47.78120206],[0.90982507,47.78074308],[0.9196196,47.78243814],[0.92674147,47.78070972],[0.93028583,47.77750237],[0.93192306,47.77458989],[0.93191823,47.77131166],[0.94033714,47.76862937],[0.94397386,47.76831243],[0.94681524,47.76887908],[0.94867425,47.76835885],[0.94907279,47.76702703],[0.91828795,47.75395809],[0.91516892,47.7536901],[0.91756746,47.7552769],[0.91743723,47.75679708],[0.91270898,47.76222034],[0.90825158,47.76487246],[0.89859615,47.76694866],[0.89529739,47.76702086],[0.89388775,47.766702],[0.89009537,47.76298908]]]]},"geometry_name":"geometrie","properties":{"code":"41228","name":"Saint-Rimay","epci":"200072072","level":"commune"}},{"type":"Feature","id":"commune.15536","geometry":{"type":"MultiPolygon","coordinates":[[[[1.254151,47.62070505],[1.2691272,47.6156377],[1.280933,47.61429597],[1.29289012,47.61415629],[1.30118553,47.6086638],[1.30372053,47.60790477],[1.28840645,47.59905884],[1.27689645,47.5945625],[1.25990045,47.59208831],[1.25991502,47.58269528],[1.25410381,47.58253375],[1.25120887,47.58922046],[1.22744352,47.5950761],[1.22977198,47.60293091],[1.2467747,47.61329466],[1.25368356,47.61842654],[1.254151,47.62070505]]]]},"geometry_name":"geometrie","properties":{"code":"41230","name":"Saint-Sulpice-de-Pommeray","epci":"200030385","level":"commune"}},{"type":"Feature","id":"commune.15539","geometry":{"type":"MultiPolygon","coordinates":[[[[1.3025866,47.4482571],[1.30286973,47.44686202],[1.30668664,47.4512836],[1.3184987,47.45197887],[1.316996,47.42786273],[1.32022447,47.42129419],[1.30684567,47.41875378],[1.30229449,47.41819583],[1.28941743,47.41332596],[1.28641451,47.41178348],[1.2843403,47.40953519],[1.27956767,47.41429539],[1.27576307,47.41594983],[1.26742076,47.41807149],[1.26014349,47.41605399],[1.24528314,47.42266311],[1.2295379,47.42823134],[1.22421107,47.43614044],[1.22507124,47.43697474],[1.23028037,47.44074127],[1.25867584,47.44831883],[1.28514026,47.44588542],[1.29309855,47.4482633],[1.3025866,47.4482571]]]]},"geometry_name":"geometrie","properties":{"code":"41233","name":"Sambin","epci":"200030385","level":"commune"}},{"type":"Feature","id":"commune.15540","geometry":{"type":"MultiPolygon","coordinates":[[[[1.15325329,47.56400822],[1.14861039,47.56213386],[1.14365748,47.55395259],[1.12255016,47.5490227],[1.11546436,47.54811785],[1.1086543,47.55017575],[1.10637808,47.54925642],[1.1026646,47.54458241],[1.0958677,47.54018389],[1.08809486,47.53696919],[1.05444556,47.53471069],[1.04709179,47.53707199],[1.06688895,47.5546826],[1.07708537,47.56155646],[1.07702165,47.57238359],[1.07256724,47.58705761],[1.07429771,47.5910722],[1.11209826,47.59620341],[1.12173375,47.59874665],[1.12753406,47.59148202],[1.12911661,47.59132912],[1.13018383,47.58624111],[1.13334479,47.58174123],[1.13587599,47.57925794],[1.14108275,47.5773872],[1.14747936,47.57250357],[1.15170767,47.56469594],[1.15325329,47.56400822]]]]},"geometry_name":"geometrie","properties":{"code":"41234","name":"Santenay","epci":"200030385","level":"commune"}},{"type":"Feature","id":"commune.15542","geometry":{"type":"MultiPolygon","coordinates":[[[[0.90730736,47.73729558],[0.90912243,47.73668697],[0.91460584,47.73779862],[0.91597429,47.74246166],[0.91853492,47.74350933],[0.91868839,47.74057328],[0.93733109,47.7265174],[0.94062815,47.720209],[0.94009732,47.7153728],[0.94352066,47.71174512],[0.94686977,47.70996271],[0.94670963,47.70982574],[0.93744591,47.70670053],[0.91074006,47.70338042],[0.90575285,47.70884297],[0.90472151,47.71128974],[0.90383942,47.71404351],[0.90745429,47.71864432],[0.9040331,47.72065034],[0.90879026,47.72600986],[0.90724884,47.7293767],[0.90730736,47.73729558]]]]},"geometry_name":"geometrie","properties":{"code":"41236","name":"Sasnières","epci":"200072072","level":"commune"}},{"type":"Feature","id":"commune.15544","geometry":{"type":"MultiPolygon","coordinates":[[[[0.84819142,47.83272148],[0.84447844,47.83077067],[0.83258297,47.82118147],[0.81955158,47.83261819],[0.80768986,47.83939269],[0.78727363,47.8543142],[0.78423561,47.85463769],[0.77964047,47.85380801],[0.77411914,47.85126971],[0.76465493,47.85519171],[0.75916596,47.85922589],[0.76358913,47.86287388],[0.7645351,47.8664969],[0.75768027,47.88383902],[0.75930495,47.8980224],[0.75964958,47.89959555],[0.76397588,47.8995844],[0.76804139,47.90157226],[0.76855335,47.90114623],[0.77026461,47.90203495],[0.77640164,47.90824832],[0.78564868,47.91159849],[0.78995939,47.91211276],[0.79309606,47.90898015],[0.79459244,47.90532328],[0.80176511,47.89575871],[0.80811678,47.89172072],[0.81449655,47.89100869],[0.81694606,47.89195639],[0.8188359,47.89209416],[0.82613362,47.89517987],[0.83190813,47.89909766],[0.83829414,47.90432735],[0.83766115,47.90606138],[0.83859916,47.9074246],[0.84177398,47.90893878],[0.84370968,47.90819469],[0.85225001,47.9007158],[0.85874104,47.89284062],[0.86077788,47.89225655],[0.86933596,47.89164876],[0.882655,47.89524067],[0.89278818,47.89593167],[0.89740241,47.89208465],[0.89974847,47.8836036],[0.90485494,47.87772143],[0.9110115,47.87277063],[0.91273655,47.86690799],[0.91611099,47.864313],[0.91882143,47.85888639],[0.91587554,47.85756016],[0.91358964,47.85956321],[0.9073902,47.86011181],[0.9011405,47.85800057],[0.89506099,47.84930987],[0.89376515,47.85024904],[0.87789358,47.85022042],[0.87024559,47.84240745],[0.84819142,47.83272148]]]]},"geometry_name":"geometrie","properties":{"code":"41238","name":"Savigny-sur-Braye","epci":"200072072","level":"commune"}},{"type":"Feature","id":"commune.15548","geometry":{"type":"MultiPolygon","coordinates":[[[[1.23904669,47.74460269],[1.23346845,47.73962295],[1.2165723,47.73248046],[1.21063546,47.73922838],[1.20144897,47.74666523],[1.19403354,47.74648354],[1.18446737,47.7432989],[1.17895582,47.74772101],[1.17095487,47.75712037],[1.17321241,47.76805619],[1.16846994,47.77013017],[1.17034172,47.77181414],[1.16918774,47.77282782],[1.16785727,47.77388464],[1.17008326,47.77459285],[1.17416999,47.77124459],[1.17837978,47.77306478],[1.18746708,47.78359395],[1.18796878,47.79023845],[1.19803927,47.79089792],[1.21102633,47.7941002],[1.21681531,47.79708726],[1.21958157,47.79742911],[1.22490126,47.79712632],[1.2307782,47.7895874],[1.2366618,47.78631097],[1.2434698,47.78110808],[1.2524256,47.77296873],[1.24651355,47.76571253],[1.24540744,47.75795012],[1.23843164,47.74532085],[1.23904669,47.74460269]]]]},"geometry_name":"geometrie","properties":{"code":"41243","name":"Selommes","epci":"200072072","level":"commune"}},{"type":"Feature","id":"commune.15550","geometry":{"type":"MultiPolygon","coordinates":[[[[1.34690254,47.53343433],[1.35468345,47.53422146],[1.34113028,47.51474575],[1.34797004,47.51136215],[1.34997014,47.51204775],[1.3533669,47.5105778],[1.35284229,47.50953228],[1.3365121,47.50089997],[1.32303705,47.49369385],[1.32018243,47.49639434],[1.32092996,47.50229259],[1.32485387,47.50656816],[1.33377135,47.51155795],[1.3338225,47.51806464],[1.33374145,47.51947163],[1.33691435,47.52476059],[1.3432578,47.53307198],[1.34690254,47.53343433]]]]},"geometry_name":"geometrie","properties":{"code":"41246","name":"Seur","epci":"200030385","level":"commune"}},{"type":"Feature","id":"commune.15554","geometry":{"type":"MultiPolygon","coordinates":[[[[0.72129138,47.75623447],[0.71529302,47.75851356],[0.70562693,47.76051884],[0.69853411,47.7603166],[0.69727977,47.76427719],[0.70356522,47.76778981],[0.70329688,47.76945842],[0.6995876,47.77468725],[0.68933826,47.78001312],[0.69099626,47.7830568],[0.69837376,47.78937881],[0.70052207,47.79012422],[0.7037531,47.78990127],[0.71195483,47.78715255],[0.71298517,47.79037901],[0.71448949,47.7938659],[0.72152191,47.79620706],[0.72991708,47.80533252],[0.73396832,47.80770872],[0.73448096,47.80621679],[0.74302087,47.79904615],[0.74717911,47.79678427],[0.75676959,47.79336045],[0.75278316,47.78704886],[0.75467043,47.77626685],[0.75392137,47.77319024],[0.75040034,47.76772836],[0.74322874,47.76665123],[0.7325734,47.75603754],[0.72721338,47.75513764],[0.72129138,47.75623447]]]]},"geometry_name":"geometrie","properties":{"code":"41250","name":"Sougé","epci":"200072072","level":"commune"}},{"type":"Feature","id":"commune.15559","geometry":{"type":"MultiPolygon","coordinates":[[[[0.77694816,47.76245126],[0.77864248,47.76031437],[0.78587111,47.7554244],[0.78815845,47.75580709],[0.79687117,47.74292467],[0.80062507,47.73054274],[0.7951181,47.72165653],[0.78970449,47.72207662],[0.78610216,47.72248212],[0.77652597,47.72137758],[0.75491402,47.70872444],[0.74533719,47.71363305],[0.74311384,47.72092236],[0.74264694,47.72898025],[0.7483763,47.72989472],[0.76543224,47.74771036],[0.76233191,47.75947253],[0.77694816,47.76245126]]]]},"geometry_name":"geometrie","properties":{"code":"41255","name":"Ternay","epci":"200072072","level":"commune"}},{"type":"Feature","id":"commune.15562","geometry":{"type":"MultiPolygon","coordinates":[[[[0.99600405,47.77651783],[0.99087922,47.77669292],[0.98778794,47.77596641],[0.99197013,47.77089644],[0.9935284,47.7671841],[0.99319556,47.76542186],[0.98936515,47.76536606],[0.97692786,47.76173687],[0.98126887,47.77068005],[0.97913765,47.77482351],[0.97552811,47.77442084],[0.97199472,47.77289757],[0.9596732,47.7647687],[0.95371123,47.76781315],[0.94907279,47.76702703],[0.94867425,47.76835885],[0.94681524,47.76887908],[0.95351789,47.77412652],[0.95678881,47.7814313],[0.95605418,47.7888714],[0.95671062,47.8049644],[0.95647272,47.80642597],[0.96011661,47.80974949],[0.96408386,47.81134181],[0.96794775,47.81169247],[0.97462373,47.81197459],[0.97670643,47.81052505],[0.98379696,47.79278418],[0.98460338,47.79015382],[0.99633571,47.7776417],[0.99600405,47.77651783]]]]},"geometry_name":"geometrie","properties":{"code":"41259","name":"Thoré-la-Rochette","epci":"200072072","level":"commune"}},{"type":"Feature","id":"commune.15564","geometry":{"type":"MultiPolygon","coordinates":[[[[1.17068419,47.70632783],[1.17834446,47.7003145],[1.18287849,47.6967676],[1.17405818,47.68913871],[1.16707544,47.68145417],[1.17230953,47.67760533],[1.1691207,47.67562694],[1.16101873,47.67882555],[1.14715961,47.67985636],[1.14144679,47.68112427],[1.13380396,47.6842356],[1.12643276,47.6885077],[1.13027385,47.69300509],[1.1335256,47.6951566],[1.134818,47.69419857],[1.14517683,47.69607664],[1.17068419,47.70632783]]]]},"geometry_name":"geometrie","properties":{"code":"41261","name":"Tourailles","epci":"200072072","level":"commune"}},{"type":"Feature","id":"commune.15566","geometry":{"type":"MultiPolygon","coordinates":[[[[0.78728862,47.77403526],[0.77409471,47.77224735],[0.76465251,47.76784014],[0.76101009,47.76524673],[0.7510049,47.763093],[0.75040034,47.76772836],[0.75392137,47.77319024],[0.75467043,47.77626685],[0.75278316,47.78704886],[0.75676959,47.79336045],[0.77398696,47.8011341],[0.78080701,47.80291385],[0.78398591,47.80532939],[0.78278294,47.81369987],[0.77960271,47.81821982],[0.78066934,47.8216497],[0.78797967,47.81682329],[0.80078531,47.8113722],[0.80184515,47.7840839],[0.80050679,47.78213917],[0.79848292,47.77975026],[0.79807623,47.77469688],[0.79179795,47.77509549],[0.78728862,47.77403526]]]]},"geometry_name":"geometrie","properties":{"code":"41265","name":"Troo","epci":"200072072","level":"commune"}},{"type":"Feature","id":"commune.15567","geometry":{"type":"MultiPolygon","coordinates":[[[[1.23678205,47.4770316],[1.24009501,47.47745358],[1.2511053,47.48272376],[1.25902217,47.48351857],[1.26400043,47.48523698],[1.26858387,47.48759037],[1.26974017,47.49237687],[1.27430986,47.49316496],[1.27813944,47.49024588],[1.27148298,47.47041989],[1.25926868,47.46446461],[1.23234183,47.45705826],[1.2305338,47.4581788],[1.23239572,47.45936681],[1.23440062,47.46443498],[1.23500919,47.47320148],[1.23580284,47.47692313],[1.23678205,47.4770316]]]]},"geometry_name":"geometrie","properties":{"code":"41266","name":"Valaire","epci":"200030385","level":"commune"}},{"type":"Feature","id":"commune.15570","geometry":{"type":"MultiPolygon","coordinates":[[[[1.10466033,47.78670646],[1.10778563,47.78495821],[1.10099378,47.78336463],[1.1015592,47.77844922],[1.10257624,47.77670923],[1.10973842,47.7720283],[1.10654919,47.76414783],[1.1003883,47.75868046],[1.08013725,47.77221119],[1.06888741,47.77300755],[1.06563978,47.77259293],[1.06436635,47.77330924],[1.06397951,47.78170355],[1.06228618,47.78396681],[1.05952992,47.7842732],[1.06084983,47.78514944],[1.05677957,47.78972032],[1.05165436,47.79619026],[1.04990944,47.79651684],[1.02880341,47.79966672],[1.02668049,47.8011705],[1.02120946,47.80825722],[1.02175958,47.8137313],[1.02101871,47.82243362],[1.01996772,47.82355384],[1.02042431,47.83358714],[1.04190385,47.84031458],[1.04350844,47.83773777],[1.0588219,47.82780838],[1.06749633,47.81352294],[1.06857286,47.80839107],[1.06999479,47.80393558],[1.07101741,47.80429453],[1.07607053,47.80335668],[1.08083013,47.79810505],[1.0831098,47.79750676],[1.08265289,47.79587427],[1.0813947,47.79382533],[1.10150287,47.78946242],[1.10237493,47.787748],[1.10466033,47.78670646]]]]},"geometry_name":"geometrie","properties":{"code":"41269","name":"Vendôme","epci":"200072072","level":"commune"}},{"type":"Feature","id":"commune.15573","geometry":{"type":"MultiPolygon","coordinates":[[[[0.91828795,47.75395809],[0.92017444,47.75047303],[0.91557547,47.75012652],[0.91559481,47.74912117],[0.91646827,47.74600707],[0.91853492,47.74350933],[0.91597429,47.74246166],[0.91460584,47.73779862],[0.90912243,47.73668697],[0.90730736,47.73729558],[0.89643823,47.74379855],[0.89184392,47.74773513],[0.8915154,47.75485109],[0.89009537,47.76298908],[0.89388775,47.766702],[0.89529739,47.76702086],[0.89859615,47.76694866],[0.90825158,47.76487246],[0.91270898,47.76222034],[0.91743723,47.75679708],[0.91756746,47.7552769],[0.91516892,47.7536901],[0.91828795,47.75395809]]]]},"geometry_name":"geometrie","properties":{"code":"41274","name":"Villavard","epci":"200072072","level":"commune"}},{"type":"Feature","id":"commune.15574","geometry":{"type":"MultiPolygon","coordinates":[[[[1.14534804,47.93507454],[1.12719212,47.92700786],[1.11275557,47.92439035],[1.11259113,47.91225733],[1.10967061,47.90304972],[1.11155858,47.89457388],[1.11569769,47.89132306],[1.1087398,47.88866711],[1.10753525,47.89110712],[1.0980456,47.88075048],[1.09010745,47.88160012],[1.08854718,47.88122453],[1.07755863,47.88906799],[1.07406827,47.89381984],[1.07300276,47.89831974],[1.07037491,47.90148771],[1.0664326,47.90055953],[1.06535749,47.90030505],[1.0641653,47.901426],[1.06047467,47.90841573],[1.05012482,47.93224804],[1.06038213,47.93110082],[1.06382281,47.92931663],[1.06526255,47.92821958],[1.07750096,47.92474492],[1.08529073,47.92407277],[1.09643731,47.9455943],[1.105988,47.95181866],[1.11621284,47.95470879],[1.12046597,47.9572128],[1.12217084,47.95489866],[1.12362674,47.95567807],[1.12750401,47.95346693],[1.1393573,47.94122807],[1.14534804,47.93507454]]]]},"geometry_name":"geometrie","properties":{"code":"41275","name":"La Ville-aux-Clercs","epci":"200072072","level":"commune"}},{"type":"Feature","id":"commune.15575","geometry":{"type":"MultiPolygon","coordinates":[[[[1.29289012,47.61415629],[1.29875943,47.61924772],[1.29756085,47.63069214],[1.29956488,47.63283796],[1.30106195,47.63196034],[1.30240785,47.63386515],[1.31014228,47.63925669],[1.32529165,47.6389743],[1.34172985,47.63788987],[1.34540316,47.63893588],[1.34141183,47.62305111],[1.34337528,47.62123066],[1.34053266,47.62096072],[1.31904602,47.6171818],[1.31513381,47.61549945],[1.30829869,47.61043267],[1.30372053,47.60790477],[1.30118553,47.6086638],[1.29289012,47.61415629]]]]},"geometry_name":"geometrie","properties":{"code":"41276","name":"Villebarou","epci":"200030385","level":"commune"}},{"type":"Feature","id":"commune.15578","geometry":{"type":"MultiPolygon","coordinates":[[[[0.93736435,47.62847851],[0.92356713,47.63075426],[0.91928983,47.63273918],[0.92157038,47.63745833],[0.92485968,47.64125801],[0.93696244,47.64762663],[0.93708555,47.64923242],[0.93926029,47.6556105],[0.95234391,47.66127618],[0.96813104,47.67043223],[0.96985205,47.6694492],[0.97092449,47.66613732],[0.96309016,47.66343854],[0.96729885,47.65746933],[0.97071439,47.65509045],[0.97207403,47.64817567],[0.97054474,47.64084603],[0.96409253,47.6308969],[0.96510777,47.62973777],[0.95803198,47.62692476],[0.95149391,47.62639517],[0.94304139,47.6282662],[0.93736435,47.62847851]]]]},"geometry_name":"geometrie","properties":{"code":"41278","name":"Villechauve","epci":"200072072","level":"commune"}},{"type":"Feature","id":"commune.15579","geometry":{"type":"MultiPolygon","coordinates":[[[[0.61109805,47.7280764],[0.62812108,47.72990309],[0.65012707,47.7396965],[0.65733298,47.74193721],[0.66526504,47.74038758],[0.68442602,47.7340042],[0.69384154,47.72314626],[0.69423812,47.72064365],[0.69115259,47.71929876],[0.67474602,47.69925924],[0.66939258,47.69430277],[0.65733127,47.68763329],[0.65441227,47.68453746],[0.65412379,47.68409314],[0.64664791,47.6847344],[0.64318271,47.68604772],[0.64369331,47.68795171],[0.653822,47.69900877],[0.63627886,47.7084832],[0.63084963,47.70954936],[0.62657881,47.70724851],[0.62129514,47.70242267],[0.61493065,47.69414009],[0.61312106,47.69371596],[0.60422027,47.68542231],[0.59552405,47.68802629],[0.59160184,47.69770777],[0.59440867,47.70032924],[0.59297009,47.70359091],[0.58049325,47.71245897],[0.5805948,47.71292572],[0.59093123,47.72130552],[0.59504091,47.72347288],[0.61109805,47.7280764]]]]},"geometry_name":"geometrie","properties":{"code":"41279","name":"Villedieu-le-Château","epci":"200072072","level":"commune"}},{"type":"Feature","id":"commune.15581","geometry":{"type":"MultiPolygon","coordinates":[[[[1.17834446,47.7003145],[1.18383537,47.70496534],[1.18923682,47.71208044],[1.20543972,47.72532765],[1.21773261,47.73094515],[1.22030915,47.72731752],[1.22055374,47.71803839],[1.22298241,47.70838008],[1.22679421,47.70462249],[1.24374737,47.69770657],[1.23894335,47.6975596],[1.23594265,47.69635569],[1.22541209,47.68636869],[1.20972095,47.68274162],[1.20199784,47.67787306],[1.19862178,47.67453854],[1.19982222,47.67088464],[1.18815333,47.66885869],[1.18262857,47.67073561],[1.17653158,47.67409339],[1.17230953,47.67760533],[1.16707544,47.68145417],[1.17405818,47.68913871],[1.18287849,47.6967676],[1.17834446,47.7003145]]]]},"geometry_name":"geometrie","properties":{"code":"41281","name":"Villefrancœur","epci":"200030385","level":"commune"}},{"type":"Feature","id":"commune.15583","geometry":{"type":"MultiPolygon","coordinates":[[[[1.17068419,47.70632783],[1.16527228,47.71056814],[1.16302052,47.72066932],[1.17119108,47.73139472],[1.17033583,47.73589723],[1.16636297,47.74283212],[1.17895582,47.74772101],[1.18446737,47.7432989],[1.19403354,47.74648354],[1.20144897,47.74666523],[1.21063546,47.73922838],[1.2165723,47.73248046],[1.21773261,47.73094515],[1.20543972,47.72532765],[1.18923682,47.71208044],[1.18383537,47.70496534],[1.17834446,47.7003145],[1.17068419,47.70632783]]]]},"geometry_name":"geometrie","properties":{"code":"41283","name":"Villemardy","epci":"200072072","level":"commune"}},{"type":"Feature","id":"commune.15586","geometry":{"type":"MultiPolygon","coordinates":[[[[0.96510777,47.62973777],[0.96409253,47.6308969],[0.97054474,47.64084603],[0.97207403,47.64817567],[0.97071439,47.65509045],[0.96729885,47.65746933],[0.96309016,47.66343854],[0.97092449,47.66613732],[0.97860327,47.66684123],[0.98536414,47.66626738],[0.99024398,47.66438948],[1.00064062,47.65918627],[1.00745006,47.65157104],[1.01614877,47.64755663],[1.01873513,47.64726558],[1.02146844,47.64577766],[1.02381876,47.64304338],[1.01735716,47.63974384],[1.01511902,47.64346853],[1.00203567,47.64300689],[0.99680973,47.63347863],[0.99178548,47.62023218],[0.97073066,47.62205164],[0.96736958,47.62483936],[0.9665284,47.62898457],[0.96510777,47.62973777]]]]},"geometry_name":"geometrie","properties":{"code":"41286","name":"Villeporcher","epci":"200072072","level":"commune"}},{"type":"Feature","id":"commune.15587","geometry":{"type":"MultiPolygon","coordinates":[[[[1.02457476,47.76727171],[1.04467989,47.77557779],[1.05952992,47.7842732],[1.06228618,47.78396681],[1.06397951,47.78170355],[1.06436635,47.77330924],[1.06563978,47.77259293],[1.07386143,47.75790134],[1.07272528,47.75649797],[1.06950964,47.75578056],[1.06941812,47.75381277],[1.06892946,47.75186274],[1.06405324,47.74685477],[1.05721528,47.74292323],[1.05072678,47.74150448],[1.04053113,47.73953177],[1.03221188,47.73704053],[1.03118006,47.73570869],[1.01456003,47.7332761],[1.01079403,47.73949019],[1.01092675,47.74308387],[0.99864117,47.7546265],[1.00086419,47.75576198],[1.00595087,47.75376988],[1.0099985,47.75417097],[1.01660904,47.75727404],[1.02530412,47.76622164],[1.02457476,47.76727171]]]]},"geometry_name":"geometrie","properties":{"code":"41287","name":"Villerable","epci":"200072072","level":"commune"}},{"type":"Feature","id":"commune.15588","geometry":{"type":"MultiPolygon","coordinates":[[[[1.34540316,47.63893588],[1.34172985,47.63788987],[1.32529165,47.6389743],[1.32693535,47.64777125],[1.33052488,47.65504114],[1.33417611,47.65964151],[1.33621114,47.66501911],[1.32785046,47.67073094],[1.3285856,47.6744074],[1.35488737,47.68901473],[1.3590433,47.69096459],[1.37126909,47.68541613],[1.37722195,47.68164846],[1.37761626,47.67898554],[1.39602639,47.66832925],[1.39186464,47.66291905],[1.38247536,47.65178178],[1.37930148,47.6543306],[1.3683232,47.65076755],[1.35973743,47.64933922],[1.35110844,47.64988397],[1.34646763,47.64774322],[1.34540316,47.63893588]]]]},"geometry_name":"geometrie","properties":{"code":"41288","name":"Villerbon","epci":"200030385","level":"commune"}},{"type":"Feature","id":"commune.15590","geometry":{"type":"MultiPolygon","coordinates":[[[[1.17068419,47.70632783],[1.14517683,47.69607664],[1.134818,47.69419857],[1.1335256,47.6951566],[1.1305645,47.69703689],[1.12219179,47.70594198],[1.12285456,47.70677911],[1.12513878,47.70812481],[1.13350463,47.72104125],[1.12839848,47.72765348],[1.12646121,47.73204748],[1.12228247,47.7434927],[1.12311983,47.74552461],[1.1343087,47.73747384],[1.14875696,47.73406337],[1.16636297,47.74283212],[1.17033583,47.73589723],[1.17119108,47.73139472],[1.16302052,47.72066932],[1.16527228,47.71056814],[1.17068419,47.70632783]]]]},"geometry_name":"geometrie","properties":{"code":"41290","name":"Villeromain","epci":"200072072","level":"commune"}},{"type":"Feature","id":"commune.15591","geometry":{"type":"MultiPolygon","coordinates":[[[[1.16918774,47.77282782],[1.1517792,47.78064697],[1.14019757,47.79279562],[1.1385111,47.7959774],[1.13922394,47.79660631],[1.14214204,47.79518878],[1.15165035,47.79570017],[1.16155077,47.79789864],[1.16386885,47.79929439],[1.16919327,47.79549397],[1.17000662,47.79659059],[1.17678945,47.79621379],[1.18796878,47.79023845],[1.18746708,47.78359395],[1.17837978,47.77306478],[1.17416999,47.77124459],[1.17008326,47.77459285],[1.16785727,47.77388464],[1.16918774,47.77282782]]]]},"geometry_name":"geometrie","properties":{"code":"41291","name":"Villetrun","epci":"200072072","level":"commune"}},{"type":"Feature","id":"commune.15593","geometry":{"type":"MultiPolygon","coordinates":[[[[0.98592043,47.72519134],[0.97393669,47.73009663],[0.96496528,47.73480105],[0.96263644,47.73507835],[0.96610932,47.74814337],[0.97261415,47.75604145],[0.97556504,47.75561444],[0.97610224,47.75626927],[0.97692786,47.76173687],[0.98936515,47.76536606],[0.99319556,47.76542186],[0.9963648,47.75693292],[0.99281696,47.73098474],[0.98831712,47.7286494],[0.98806963,47.72615748],[0.98592043,47.72519134]]]]},"geometry_name":"geometrie","properties":{"code":"41293","name":"Villiersfaux","epci":"200072072","level":"commune"}},{"type":"Feature","id":"commune.15594","geometry":{"type":"MultiPolygon","coordinates":[[[[0.98837867,47.8223831],[0.98944044,47.82081859],[0.99532054,47.82125241],[1.00470236,47.8272986],[1.00861788,47.82705728],[1.01996772,47.82355384],[1.02101871,47.82243362],[1.02175958,47.8137313],[1.02120946,47.80825722],[1.0145249,47.80892922],[1.00718403,47.79315732],[0.99516034,47.78781589],[0.9908132,47.78891272],[0.9855649,47.79344571],[0.98379696,47.79278418],[0.97670643,47.81052505],[0.97462373,47.81197459],[0.96794775,47.81169247],[0.96765731,47.8136267],[0.97371093,47.81783061],[0.98837867,47.8223831]]]]},"geometry_name":"geometrie","properties":{"code":"41294","name":"Villiers-sur-Loir","epci":"200072072","level":"commune"}},{"type":"Feature","id":"commune.15596","geometry":{"type":"MultiPolygon","coordinates":[[[[1.40858194,47.57602869],[1.40905204,47.57377983],[1.41397774,47.57331571],[1.41366921,47.5721015],[1.40936147,47.57013419],[1.40907102,47.56465362],[1.4114433,47.55233001],[1.39069737,47.55024132],[1.389856,47.55243461],[1.38508581,47.5577994],[1.37225051,47.56650447],[1.36749371,47.57133125],[1.36367927,47.57616115],[1.36833039,47.57800082],[1.3666955,47.57816341],[1.35793413,47.57975554],[1.35347479,47.58158607],[1.35563385,47.59055217],[1.35389543,47.59280816],[1.3556915,47.59382382],[1.36672299,47.60050416],[1.38092338,47.61437036],[1.39161842,47.62065998],[1.41169682,47.60810835],[1.42380352,47.59922179],[1.41977719,47.59845341],[1.40912119,47.5983996],[1.40858194,47.57602869]]]]},"geometry_name":"geometrie","properties":{"code":"41295","name":"Vineuil","epci":"200030385","level":"commune"}},{"type":"Feature","id":"commune.16782","geometry":{"type":"MultiPolygon","coordinates":[[[[0.04172922,47.2038193],[0.01229901,47.1941762],[0.00579799,47.19369204],[-0.00970497,47.19925427],[-0.00091632,47.20219865],[0.0047753,47.20541364],[0.01129125,47.21093613],[0.01448245,47.21454011],[0.01638621,47.22259917],[0.02236316,47.2336377],[0.0305238,47.23189486],[0.04379591,47.2267802],[0.03983835,47.22102691],[0.03414414,47.22208397],[0.03314274,47.21772858],[0.03587216,47.20916057],[0.04172922,47.2038193]]]]},"geometry_name":"geometrie","properties":{"code":"49358","name":"Turquant","epci":"200071876","level":"commune"}},{"type":"Feature","id":"commune.17470","geometry":{"type":"MultiPolygon","coordinates":[[[[-0.0863751,47.4573389],[-0.0843673,47.45822454],[-0.08269227,47.4644047],[-0.06954156,47.47166994],[-0.05008568,47.46992747],[-0.04962572,47.46980619],[-0.04485393,47.46479271],[-0.04389917,47.4624872],[-0.04887898,47.45760848],[-0.05550693,47.45293037],[-0.06175897,47.45586407],[-0.07474464,47.45470098],[-0.08413485,47.45149312],[-0.09645483,47.45388474],[-0.09295885,47.45652538],[-0.0863751,47.4573389]]]]},"geometry_name":"geometrie","properties":{"code":"49171","name":"La Lande-Chasles","epci":"200071876","level":"commune"}},{"type":"Feature","id":"commune.17493","geometry":{"type":"MultiPolygon","coordinates":[[[[0.00372209,47.26779433],[-0.01207844,47.27303723],[-0.02532162,47.28109526],[-0.02554152,47.28274269],[-0.03732309,47.29224658],[-0.03037106,47.30054915],[-0.02584286,47.30771237],[-0.01289918,47.31483288],[0.01047314,47.34328873],[0.01604973,47.3483518],[0.03365485,47.34526426],[0.04064038,47.3429237],[0.04101354,47.34098826],[0.04439413,47.33644666],[0.04049934,47.32678932],[0.05352842,47.32042919],[0.04364144,47.31088085],[0.03933833,47.29699232],[0.03570728,47.28989258],[0.03203208,47.28545365],[0.03212791,47.28285706],[0.03962537,47.27394076],[0.04062611,47.26766913],[0.03409442,47.26556263],[0.01560536,47.26573414],[0.00372209,47.26779433]]]]},"geometry_name":"geometrie","properties":{"code":"49002","name":"Allonnes","epci":"200071876","level":"commune"}},{"type":"Feature","id":"commune.17494","geometry":{"type":"MultiPolygon","coordinates":[[[[-0.37993469,47.27605011],[-0.37464156,47.28545105],[-0.36559031,47.28603936],[-0.36104245,47.28861312],[-0.34996124,47.30093123],[-0.34271543,47.29833077],[-0.33536572,47.3005057],[-0.33389093,47.30478389],[-0.33072195,47.30744648],[-0.32445398,47.30895437],[-0.31642958,47.30976427],[-0.31105152,47.31009537],[-0.29542852,47.31001123],[-0.29069325,47.30663165],[-0.28629294,47.30531654],[-0.27987256,47.30820306],[-0.2743298,47.31299981],[-0.271979,47.31399056],[-0.26773764,47.31280722],[-0.26562583,47.3097582],[-0.266104,47.30805896],[-0.2710657,47.3008967],[-0.28150562,47.29255306],[-0.28268516,47.28814883],[-0.28888842,47.29006077],[-0.30145986,47.28006797],[-0.30562967,47.27076039],[-0.31749956,47.25713721],[-0.32890346,47.24119221],[-0.34532551,47.22696621],[-0.35221401,47.22939823],[-0.36190746,47.23081137],[-0.37508931,47.23086513],[-0.37829047,47.23368235],[-0.37631396,47.2408216],[-0.36970919,47.24987868],[-0.35628776,47.26063945],[-0.35705165,47.26178602],[-0.35862981,47.26526438],[-0.3643787,47.26953365],[-0.37993469,47.27605011]]]]},"geometry_name":"geometrie","properties":{"code":"49003","name":"Tuffalun","epci":"200071876","level":"commune"}},{"type":"Feature","id":"commune.17497","geometry":{"type":"MultiPolygon","coordinates":[[[[-0.17457528,47.06764273],[-0.17885437,47.07003266],[-0.16528963,47.08244036],[-0.16268505,47.08422726],[-0.15282489,47.08793237],[-0.14573015,47.09163974],[-0.1405458,47.09839606],[-0.14140103,47.10412674],[-0.13252769,47.09876413],[-0.12917805,47.09765923],[-0.11792228,47.09698133],[-0.09722247,47.09166248],[-0.10128389,47.0857817],[-0.10067409,47.08476641],[-0.10502714,47.07130012],[-0.1021003,47.06517167],[-0.11938009,47.05927401],[-0.1287884,47.05442425],[-0.13014539,47.05497585],[-0.13844474,47.06546657],[-0.14512449,47.06830514],[-0.15090578,47.06988387],[-0.15733837,47.07023713],[-0.16601,47.06469894],[-0.17457528,47.06764273]]]]},"geometry_name":"geometrie","properties":{"code":"49009","name":"Antoigné","epci":"200071876","level":"commune"}},{"type":"Feature","id":"commune.17499","geometry":{"type":"MultiPolygon","coordinates":[[[[-0.10709584,47.21217594],[-0.09267539,47.22130031],[-0.09081084,47.21803544],[-0.09072014,47.21530705],[-0.08008083,47.21565172],[-0.08414079,47.21224798],[-0.08566948,47.20745831],[-0.08228926,47.20033703],[-0.08183559,47.19477215],[-0.08353632,47.18936882],[-0.08741054,47.18757986],[-0.09208297,47.18701368],[-0.09494917,47.18815611],[-0.09805319,47.18828482],[-0.10110467,47.18715799],[-0.11065924,47.18991092],[-0.11391691,47.19444987],[-0.11456546,47.19756964],[-0.11076122,47.20650955],[-0.10709584,47.21217594]]]]},"geometry_name":"geometrie","properties":{"code":"49011","name":"Artannes-sur-Thouet","epci":"200071876","level":"commune"}},{"type":"Feature","id":"commune.17512","geometry":{"type":"MultiPolygon","coordinates":[[[[-0.05112849,47.33919718],[-0.0620629,47.34442915],[-0.06215958,47.34670317],[-0.07135535,47.34972338],[-0.08573351,47.34800617],[-0.08988584,47.34415156],[-0.10383127,47.3521014],[-0.10280122,47.35297218],[-0.0911333,47.36087709],[-0.0854151,47.37906516],[-0.08614881,47.38287088],[-0.08470289,47.38309936],[-0.06968422,47.37801246],[-0.06689571,47.37783925],[-0.05170337,47.38068696],[-0.04728146,47.38281287],[-0.03871569,47.38239396],[-0.02825368,47.37909242],[-0.01549927,47.37334957],[-0.0086401,47.37121667],[-0.00631163,47.37159766],[-0.00414662,47.36890873],[-0.00353405,47.36509859],[-0.00466848,47.36250899],[-0.01113416,47.35761018],[-0.01338598,47.35264381],[-0.01531787,47.3543729],[-0.02097785,47.35591406],[-0.03208904,47.35425427],[-0.04296972,47.34802833],[-0.05112849,47.33919718]]]]},"geometry_name":"geometrie","properties":{"code":"49030","name":"Blou","epci":"200071876","level":"commune"}},{"type":"Feature","id":"commune.17517","geometry":{"type":"MultiPolygon","coordinates":[[[[0.07990101,47.27168277],[0.05741821,47.26593799],[0.04780345,47.26569448],[0.04062611,47.26766913],[0.03962537,47.27394076],[0.03212791,47.28285706],[0.03203208,47.28545365],[0.03570728,47.28989258],[0.03933833,47.29699232],[0.04364144,47.31088085],[0.05352842,47.32042919],[0.04049934,47.32678932],[0.04439413,47.33644666],[0.05419977,47.33354108],[0.06334895,47.3333855],[0.07488185,47.33780072],[0.09850062,47.34204712],[0.09935184,47.34010367],[0.10475629,47.3368118],[0.11506111,47.33234526],[0.11746819,47.33230596],[0.11843022,47.32606278],[0.11395959,47.31828562],[0.10895204,47.31327125],[0.10282273,47.31028526],[0.09549884,47.30412777],[0.08126161,47.28656774],[0.08241749,47.28276456],[0.08652403,47.28049583],[0.08855005,47.27538027],[0.08340008,47.27495808],[0.07990101,47.27168277]]]]},"geometry_name":"geometrie","properties":{"code":"49041","name":"Brain-sur-Allonnes","epci":"200071876","level":"commune"}},{"type":"Feature","id":"commune.17518","geometry":{"type":"MultiPolygon","coordinates":[[[[0.01604973,47.3483518],[0.0159679,47.34875058],[0.01727674,47.35124356],[0.02820288,47.36144659],[0.03732009,47.36613509],[0.05494969,47.37108396],[0.06993017,47.36622799],[0.08035,47.36784518],[0.09069306,47.36751552],[0.09861101,47.36642266],[0.11047259,47.35667776],[0.11501428,47.36301171],[0.11871779,47.36305138],[0.13333514,47.36041603],[0.14041466,47.36180661],[0.14694,47.35174021],[0.14784771,47.34753231],[0.14698332,47.34554281],[0.13997845,47.33963231],[0.13797626,47.33605088],[0.1264079,47.33256091],[0.11746819,47.33230596],[0.11506111,47.33234526],[0.10475629,47.3368118],[0.09935184,47.34010367],[0.09850062,47.34204712],[0.07488185,47.33780072],[0.06334895,47.3333855],[0.05419977,47.33354108],[0.04439413,47.33644666],[0.04101354,47.34098826],[0.04064038,47.3429237],[0.03365485,47.34526426],[0.01604973,47.3483518]]]]},"geometry_name":"geometrie","properties":{"code":"49045","name":"La Breille-les-Pins","epci":"200071876","level":"commune"}},{"type":"Feature","id":"commune.17521","geometry":{"type":"MultiPolygon","coordinates":[[[[-0.23324785,47.16165907],[-0.23195883,47.16894757],[-0.22674817,47.17816551],[-0.22385464,47.18236477],[-0.21891908,47.18217505],[-0.21150503,47.17723702],[-0.2023738,47.17363904],[-0.20049798,47.17375851],[-0.19718084,47.15940405],[-0.20200169,47.16038981],[-0.21222845,47.15823129],[-0.21820753,47.15856792],[-0.23324785,47.16165907]]]]},"geometry_name":"geometrie","properties":{"code":"49053","name":"Brossay","epci":"200071876","level":"commune"}},{"type":"Feature","id":"commune.17527","geometry":{"type":"MultiPolygon","coordinates":[[[[-0.00035387,47.18616679],[-0.00079133,47.18630952],[-0.01451775,47.17637233],[-0.03448458,47.16522928],[-0.04199762,47.15964791],[-0.05712009,47.14612317],[-0.06783158,47.14028598],[-0.07186053,47.13577687],[-0.0726667,47.13215695],[-0.07095041,47.1306988],[-0.08008648,47.12536887],[-0.08635618,47.12897323],[-0.08665242,47.13356666],[-0.08114259,47.14895549],[-0.08346256,47.15870262],[-0.08585923,47.16198406],[-0.08947629,47.16693572],[-0.08066716,47.17275298],[-0.08353632,47.18936882],[-0.08183559,47.19477215],[-0.08228926,47.20033703],[-0.08566948,47.20745831],[-0.08414079,47.21224798],[-0.08008083,47.21565172],[-0.08212219,47.21956883],[-0.08740402,47.22452309],[-0.08730205,47.22723858],[-0.08077466,47.22670059],[-0.07968422,47.22876753],[-0.07238542,47.22579537],[-0.06810166,47.21777604],[-0.05917384,47.21706707],[-0.05134889,47.2178924],[-0.05190497,47.21736872],[-0.05026524,47.2152001],[-0.04480598,47.21294182],[-0.04371745,47.20975858],[-0.05312627,47.20904515],[-0.04811341,47.20182457],[-0.01022956,47.19856583],[-0.00982299,47.19609524],[-0.00373935,47.18746374],[-0.00082969,47.18647609],[-0.00035387,47.18616679]]]]},"geometry_name":"geometrie","properties":{"code":"49060","name":"Bellevigne-les-Châteaux","epci":"200071876","level":"commune"}},{"type":"Feature","id":"commune.17544","geometry":{"type":"MultiPolygon","coordinates":[[[[-0.19718084,47.15940405],[-0.20049798,47.17375851],[-0.20546167,47.19100639],[-0.21217753,47.20158567],[-0.216614,47.20308346],[-0.21053387,47.21484648],[-0.20799062,47.21714605],[-0.1922342,47.2123384],[-0.17893609,47.20934432],[-0.17659283,47.20676508],[-0.17630345,47.20448447],[-0.17787334,47.20306196],[-0.17160321,47.19396615],[-0.16216964,47.18425729],[-0.1573519,47.18082444],[-0.15393887,47.17952363],[-0.1504312,47.17931192],[-0.15017127,47.17735481],[-0.15499447,47.17302837],[-0.15846642,47.1673249],[-0.16959348,47.15050145],[-0.17594326,47.14805313],[-0.18216312,47.15217557],[-0.19718084,47.15940405]]]]},"geometry_name":"geometrie","properties":{"code":"49100","name":"Cizay-la-Madeleine","epci":"200071876","level":"commune"}},{"type":"Feature","id":"commune.17549","geometry":{"type":"MultiPolygon","coordinates":[[[[-0.12470154,47.16036053],[-0.12994955,47.15665344],[-0.15846642,47.1673249],[-0.15499447,47.17302837],[-0.15017127,47.17735481],[-0.1504312,47.17931192],[-0.14908585,47.18653579],[-0.13837372,47.19992076],[-0.13918347,47.20235671],[-0.13850872,47.20377513],[-0.13534209,47.20488082],[-0.12877612,47.20512147],[-0.10709584,47.21217594],[-0.11076122,47.20650955],[-0.11456546,47.19756964],[-0.11391691,47.19444987],[-0.11065924,47.18991092],[-0.10110467,47.18715799],[-0.11930984,47.17805908],[-0.1177531,47.17420245],[-0.11899891,47.16790702],[-0.12141912,47.16209524],[-0.12470154,47.16036053]]]]},"geometry_name":"geometrie","properties":{"code":"49112","name":"Le Coudray-Macouard","epci":"200071876","level":"commune"}},{"type":"Feature","id":"commune.17550","geometry":{"type":"MultiPolygon","coordinates":[[[[-0.16322257,47.21077648],[-0.16047171,47.2085162],[-0.15508148,47.20743962],[-0.14075499,47.2086219],[-0.13534209,47.20488082],[-0.13850872,47.20377513],[-0.13918347,47.20235671],[-0.13837372,47.19992076],[-0.14908585,47.18653579],[-0.1504312,47.17931192],[-0.15393887,47.17952363],[-0.1573519,47.18082444],[-0.16216964,47.18425729],[-0.17160321,47.19396615],[-0.17787334,47.20306196],[-0.17630345,47.20448447],[-0.17659283,47.20676508],[-0.17240811,47.21066309],[-0.17007549,47.21162435],[-0.16700451,47.21217418],[-0.16322257,47.21077648]]]]},"geometry_name":"geometrie","properties":{"code":"49113","name":"Courchamps","epci":"200071876","level":"commune"}},{"type":"Feature","id":"commune.17551","geometry":{"type":"MultiPolygon","coordinates":[[[[0.14519158,47.40394177],[0.148699,47.40011392],[0.15197612,47.39843862],[0.15345668,47.39876314],[0.16640844,47.39729242],[0.16950974,47.3958925],[0.17926042,47.38444461],[0.17898822,47.3806448],[0.17644698,47.37697274],[0.1626831,47.3682781],[0.15364251,47.36356647],[0.14605317,47.36160658],[0.14041466,47.36180661],[0.13333514,47.36041603],[0.11871779,47.36305138],[0.11501428,47.36301171],[0.13290685,47.38080152],[0.1311775,47.38496378],[0.12769929,47.3879442],[0.12462464,47.39259288],[0.12654632,47.39641205],[0.13335346,47.40007882],[0.14519158,47.40394177]]]]},"geometry_name":"geometrie","properties":{"code":"49114","name":"Courléon","epci":"200071876","level":"commune"}},{"type":"Feature","id":"commune.17553","geometry":{"type":"MultiPolygon","coordinates":[[[[-0.22463396,47.27684707],[-0.22000129,47.26889205],[-0.22020373,47.26577707],[-0.22826279,47.26385184],[-0.23057941,47.26022563],[-0.23525429,47.25102116],[-0.23695132,47.2357637],[-0.23936637,47.22888358],[-0.24047095,47.2274588],[-0.25566851,47.22266991],[-0.26982524,47.22127192],[-0.27720639,47.22283208],[-0.27627114,47.22491291],[-0.27834464,47.23444945],[-0.2814767,47.24191601],[-0.29037108,47.24525355],[-0.29853889,47.2468676],[-0.29791677,47.2525781],[-0.28962885,47.26137979],[-0.28138123,47.26694134],[-0.2692941,47.2832462],[-0.26705887,47.28224239],[-0.2574803,47.28167028],[-0.24820796,47.27913003],[-0.24121031,47.27561277],[-0.23784401,47.27004038],[-0.22463396,47.27684707]]]]},"geometry_name":"geometrie","properties":{"code":"49121","name":"Dénezé-sous-Doué","epci":"200071876","level":"commune"}},{"type":"Feature","id":"commune.17554","geometry":{"type":"MultiPolygon","coordinates":[[[[-0.08640034,47.22853385],[-0.08730205,47.22723858],[-0.08740402,47.22452309],[-0.08212219,47.21956883],[-0.08008083,47.21565172],[-0.09072014,47.21530705],[-0.09081084,47.21803544],[-0.09267539,47.22130031],[-0.10709584,47.21217594],[-0.12877612,47.20512147],[-0.13534209,47.20488082],[-0.14075499,47.2086219],[-0.15508148,47.20743962],[-0.16047171,47.2085162],[-0.16322257,47.21077648],[-0.15853592,47.21709149],[-0.15709104,47.22311345],[-0.15139742,47.22360814],[-0.14281304,47.22745878],[-0.12476577,47.247734],[-0.12418206,47.24950571],[-0.11581868,47.2496939],[-0.10904333,47.2449467],[-0.10814328,47.24500869],[-0.10779278,47.2450334],[-0.11147887,47.2398702],[-0.1097181,47.23612082],[-0.10656742,47.23347091],[-0.09491803,47.2285562],[-0.08640034,47.22853385]]]]},"geometry_name":"geometrie","properties":{"code":"49123","name":"Distré","epci":"200071876","level":"commune"}},{"type":"Feature","id":"commune.17555","geometry":{"type":"MultiPolygon","coordinates":[[[[-0.21150503,47.17723702],[-0.21891908,47.18217505],[-0.22385464,47.18236477],[-0.22674817,47.17816551],[-0.23195883,47.16894757],[-0.23324785,47.16165907],[-0.23894542,47.16242329],[-0.26113793,47.16914715],[-0.2624596,47.14886131],[-0.25060781,47.13922925],[-0.25003011,47.13716224],[-0.24666735,47.13533112],[-0.26060541,47.13037059],[-0.27083535,47.12965277],[-0.29090028,47.13051529],[-0.30629166,47.12391099],[-0.31936609,47.12046813],[-0.32145858,47.12128301],[-0.32558135,47.12312078],[-0.34353896,47.13492731],[-0.34773249,47.13912679],[-0.35094998,47.14371847],[-0.35048817,47.14794902],[-0.35168512,47.15221802],[-0.35332259,47.15276169],[-0.35577984,47.14918513],[-0.37394868,47.15254132],[-0.38699478,47.15737486],[-0.41012533,47.15882745],[-0.40538279,47.16476318],[-0.38979704,47.17594411],[-0.40934642,47.17975653],[-0.41378424,47.18023127],[-0.41404321,47.18860318],[-0.41840125,47.19430032],[-0.41124676,47.20372617],[-0.40193684,47.21520085],[-0.40116807,47.21962713],[-0.39313744,47.22214695],[-0.39633245,47.23197803],[-0.39975503,47.23666608],[-0.40362632,47.24000994],[-0.4050936,47.24673318],[-0.40007903,47.24994413],[-0.39216821,47.25248453],[-0.38792488,47.25652837],[-0.38774239,47.26289085],[-0.39325253,47.26919317],[-0.38788294,47.27580283],[-0.38362635,47.2769174],[-0.37993469,47.27605011],[-0.3643787,47.26953365],[-0.35862981,47.26526438],[-0.35705165,47.26178602],[-0.35628776,47.26063945],[-0.36970919,47.24987868],[-0.37631396,47.2408216],[-0.37829047,47.23368235],[-0.37508931,47.23086513],[-0.36190746,47.23081137],[-0.35221401,47.22939823],[-0.34532551,47.22696621],[-0.35665747,47.21510006],[-0.3372558,47.20958657],[-0.32779978,47.20958565],[-0.31063194,47.21252499],[-0.29907452,47.21528673],[-0.28400558,47.21656826],[-0.27826331,47.21895201],[-0.27720639,47.22283208],[-0.26982524,47.22127192],[-0.25566851,47.22266991],[-0.24047095,47.2274588],[-0.23936637,47.22888358],[-0.23695132,47.2357637],[-0.23525429,47.25102116],[-0.23057941,47.26022563],[-0.22826279,47.26385184],[-0.22020373,47.26577707],[-0.21757373,47.26343541],[-0.21143366,47.26237219],[-0.20051119,47.26240575],[-0.19816439,47.26158033],[-0.19551054,47.25481227],[-0.19590787,47.24545078],[-0.19470757,47.24342149],[-0.1925346,47.24223259],[-0.19386667,47.23681873],[-0.20156693,47.22406423],[-0.20697075,47.21858258],[-0.20799062,47.21714605],[-0.21053387,47.21484648],[-0.216614,47.20308346],[-0.21217753,47.20158567],[-0.20546167,47.19100639],[-0.20049798,47.17375851],[-0.2023738,47.17363904],[-0.21150503,47.17723702]]]]},"geometry_name":"geometrie","properties":{"code":"49125","name":"Doué-en-Anjou","epci":"200071876","level":"commune"}},{"type":"Feature","id":"commune.17560","geometry":{"type":"MultiPolygon","coordinates":[[[[-0.00035387,47.18616679],[0.01204468,47.18112154],[0.01888438,47.17599053],[0.01055022,47.16960871],[-0.00181535,47.16375599],[-0.01210108,47.15644783],[-0.03418791,47.12739138],[-0.03444017,47.12062121],[-0.03983891,47.11475283],[-0.04010065,47.11279534],[-0.03839893,47.10946233],[-0.03728058,47.10769608],[-0.02652515,47.10608975],[-0.02933846,47.09554947],[-0.0354303,47.08686728],[-0.03967164,47.08701437],[-0.04095352,47.08771044],[-0.04464398,47.09337684],[-0.05697835,47.09522079],[-0.06771172,47.09356147],[-0.08298518,47.09925567],[-0.08590927,47.10101026],[-0.07305638,47.10955351],[-0.06518802,47.11659997],[-0.06408781,47.12171517],[-0.06572626,47.13320247],[-0.07095041,47.1306988],[-0.0726667,47.13215695],[-0.07186053,47.13577687],[-0.06783158,47.14028598],[-0.05712009,47.14612317],[-0.04199762,47.15964791],[-0.03448458,47.16522928],[-0.01451775,47.17637233],[-0.00079133,47.18630952],[-0.00035387,47.18616679]]]]},"geometry_name":"geometrie","properties":{"code":"49131","name":"Épieds","epci":"200071876","level":"commune"}},{"type":"Feature","id":"commune.17564","geometry":{"type":"MultiPolygon","coordinates":[[[[0.04172922,47.2038193],[0.04657672,47.20148445],[0.05120813,47.20209527],[0.05357844,47.19931686],[0.05660102,47.19425137],[0.06188884,47.19043251],[0.06652071,47.18966257],[0.06318217,47.1763022],[0.05390703,47.16367895],[0.04796342,47.16778612],[0.04017047,47.16379961],[0.03626372,47.16004547],[0.01888438,47.17599053],[0.01204468,47.18112154],[-0.00035387,47.18616679],[-0.00082969,47.18647609],[-0.00373935,47.18746374],[-0.00982299,47.19609524],[-0.01022956,47.19856583],[-0.01001733,47.19947408],[-0.00970497,47.19925427],[0.00579799,47.19369204],[0.01229901,47.1941762],[0.04172922,47.2038193]]]]},"geometry_name":"geometrie","properties":{"code":"49140","name":"Fontevraud-l'Abbaye","epci":"200071876","level":"commune"}},{"type":"Feature","id":"commune.17573","geometry":{"type":"MultiPolygon","coordinates":[[[[-0.17235679,47.35438501],[-0.17717479,47.35716156],[-0.18283091,47.35783196],[-0.18491949,47.35931083],[-0.19065058,47.37674546],[-0.19552557,47.37976029],[-0.19786202,47.38348359],[-0.19622245,47.3977654],[-0.19329892,47.39539791],[-0.1863176,47.39395341],[-0.18209957,47.39468702],[-0.17346102,47.39663858],[-0.1703608,47.39664841],[-0.16653429,47.40026453],[-0.13948041,47.41866071],[-0.12643385,47.42495906],[-0.11761417,47.43937584],[-0.11254709,47.4455889],[-0.09909527,47.45168208],[-0.09645483,47.45388474],[-0.08413485,47.45149312],[-0.07474464,47.45470098],[-0.06175897,47.45586407],[-0.05550693,47.45293037],[-0.04887898,47.45760848],[-0.04389917,47.4624872],[-0.04485393,47.46479271],[-0.04962572,47.46980619],[-0.03531919,47.46560209],[-0.03377088,47.46394978],[-0.03304943,47.46221285],[-0.02943813,47.46189342],[-0.02558324,47.45937857],[-0.0199861,47.45241455],[-0.02319288,47.44718297],[-0.02574851,47.43593794],[-0.02437436,47.42004664],[-0.0246681,47.40862966],[-0.03817729,47.40563427],[-0.05027376,47.4005501],[-0.05923361,47.40093895],[-0.06399147,47.40295322],[-0.08046921,47.39843041],[-0.08273783,47.39745766],[-0.08595775,47.39637133],[-0.08831809,47.39379335],[-0.09379275,47.39247208],[-0.09435291,47.3863653],[-0.09141654,47.38451193],[-0.08614881,47.38287088],[-0.0854151,47.37906516],[-0.0911333,47.36087709],[-0.10280122,47.35297218],[-0.10383127,47.3521014],[-0.08988584,47.34415156],[-0.09488699,47.33854801],[-0.10777432,47.3334631],[-0.11785993,47.3222995],[-0.11987436,47.32595451],[-0.12488048,47.32993802],[-0.15269905,47.34373246],[-0.17235679,47.35438501]]]]},"geometry_name":"geometrie","properties":{"code":"49180","name":"Longué-Jumelles","epci":"200071876","level":"commune"}},{"type":"Feature","id":"commune.17574","geometry":{"type":"MultiPolygon","coordinates":[[[[-0.3372558,47.20958657],[-0.35665747,47.21510006],[-0.34532551,47.22696621],[-0.32890346,47.24119221],[-0.31749956,47.25713721],[-0.30562967,47.27076039],[-0.30145986,47.28006797],[-0.28888842,47.29006077],[-0.28268516,47.28814883],[-0.26803592,47.28422052],[-0.2692941,47.2832462],[-0.28138123,47.26694134],[-0.28962885,47.26137979],[-0.29791677,47.2525781],[-0.29853889,47.2468676],[-0.29037108,47.24525355],[-0.2814767,47.24191601],[-0.27834464,47.23444945],[-0.27627114,47.22491291],[-0.27720639,47.22283208],[-0.27826331,47.21895201],[-0.28400558,47.21656826],[-0.29907452,47.21528673],[-0.31063194,47.21252499],[-0.32779978,47.20958565],[-0.3372558,47.20958657]]]]},"geometry_name":"geometrie","properties":{"code":"49182","name":"Louresse-Rochemenier","epci":"200071876","level":"commune"}},{"type":"Feature","id":"commune.17587","geometry":{"type":"MultiPolygon","coordinates":[[[[-0.06572626,47.13320247],[-0.06408781,47.12171517],[-0.06518802,47.11659997],[-0.07305638,47.10955351],[-0.08590927,47.10101026],[-0.09511713,47.09518144],[-0.09722247,47.09166248],[-0.11792228,47.09698133],[-0.12917805,47.09765923],[-0.13252769,47.09876413],[-0.14140103,47.10412674],[-0.14806899,47.10229645],[-0.15779668,47.1020455],[-0.16733247,47.10400833],[-0.17985427,47.1081652],[-0.18526503,47.10840818],[-0.18613345,47.11006018],[-0.18604172,47.11234774],[-0.16789921,47.12473719],[-0.16813145,47.1350827],[-0.17180752,47.1445454],[-0.17594326,47.14805313],[-0.16959348,47.15050145],[-0.15846642,47.1673249],[-0.12994955,47.15665344],[-0.12470154,47.16036053],[-0.10920702,47.15490258],[-0.08585923,47.16198406],[-0.08346256,47.15870262],[-0.08114259,47.14895549],[-0.08665242,47.13356666],[-0.08635618,47.12897323],[-0.08008648,47.12536887],[-0.07095041,47.1306988],[-0.06572626,47.13320247]]]]},"geometry_name":"geometrie","properties":{"code":"49215","name":"Montreuil-Bellay","epci":"200071876","level":"commune"}},{"type":"Feature","id":"commune.17591","geometry":{"type":"MultiPolygon","coordinates":[[[[0.07247296,47.22000035],[0.07705127,47.21940786],[0.07887167,47.21780876],[0.07920482,47.21676312],[0.07623662,47.21610267],[0.07451948,47.21444222],[0.06818587,47.21578297],[0.0611465,47.20837761],[0.05619748,47.20078076],[0.05357844,47.19931686],[0.05120813,47.20209527],[0.04657672,47.20148445],[0.04172922,47.2038193],[0.03587216,47.20916057],[0.03314274,47.21772858],[0.03414414,47.22208397],[0.03983835,47.22102691],[0.04379591,47.2267802],[0.06014458,47.21949986],[0.07247296,47.22000035]]]]},"geometry_name":"geometrie","properties":{"code":"49219","name":"Montsoreau","epci":"200071876","level":"commune"}},{"type":"Feature","id":"commune.17593","geometry":{"type":"MultiPolygon","coordinates":[[[[-0.02119796,47.40947751],[-0.0246681,47.40862966],[-0.02437436,47.42004664],[-0.02574851,47.43593794],[-0.02319288,47.44718297],[-0.0199861,47.45241455],[-0.02558324,47.45937857],[-0.02943813,47.46189342],[-0.03304943,47.46221285],[-0.03377088,47.46394978],[-0.03193526,47.46747125],[-0.01864727,47.48145338],[0.00135963,47.47490708],[0.00962698,47.47451801],[0.01642203,47.47648858],[0.02681644,47.48853796],[0.03003547,47.49133422],[0.0332117,47.49174488],[0.05824479,47.48806158],[0.06995469,47.48229994],[0.0610957,47.46785582],[0.06102962,47.46516437],[0.0562381,47.4588863],[0.05062507,47.45625796],[0.0393196,47.45313872],[0.03605357,47.45057653],[0.03639719,47.44590464],[0.05291491,47.44026176],[0.04916494,47.43340158],[0.04005974,47.42692573],[0.00932646,47.42077141],[-0.00779429,47.41384103],[-0.02119796,47.40947751]]]]},"geometry_name":"geometrie","properties":{"code":"49221","name":"Mouliherne","epci":"200071876","level":"commune"}},{"type":"Feature","id":"commune.17596","geometry":{"type":"MultiPolygon","coordinates":[[[[-0.02584286,47.30771237],[-0.03217963,47.31078749],[-0.03545916,47.31333689],[-0.03324543,47.31701368],[-0.02601855,47.32443381],[-0.02619205,47.32746348],[-0.0441745,47.33333471],[-0.05112849,47.33919718],[-0.04296972,47.34802833],[-0.03208904,47.35425427],[-0.02097785,47.35591406],[-0.01531787,47.3543729],[-0.01338598,47.35264381],[-0.00010664,47.3511183],[0.01337052,47.35352415],[0.01550213,47.35130877],[0.0159679,47.34875058],[0.01604973,47.3483518],[0.01047314,47.34328873],[-0.01289918,47.31483288],[-0.02584286,47.30771237]]]]},"geometry_name":"geometrie","properties":{"code":"49224","name":"Neuillé","epci":"200071876","level":"commune"}},{"type":"Feature","id":"commune.17601","geometry":{"type":"MultiPolygon","coordinates":[[[[0.00293243,47.24249542],[0.00916231,47.23794912],[0.02236316,47.2336377],[0.01638621,47.22259917],[0.01448245,47.21454011],[0.01129125,47.21093613],[0.0047753,47.20541364],[-0.00091632,47.20219865],[-0.00970497,47.19925427],[-0.01001733,47.19947408],[-0.01210631,47.20205499],[-0.01134554,47.2140382],[0.00293243,47.24249542]]]]},"geometry_name":"geometrie","properties":{"code":"49235","name":"Parnay","epci":"200071876","level":"commune"}},{"type":"Feature","id":"commune.17610","geometry":{"type":"MultiPolygon","coordinates":[[[[-0.18526503,47.10840818],[-0.18469487,47.10697862],[-0.1866494,47.10140047],[-0.20614194,47.09316729],[-0.21740328,47.09852196],[-0.2340704,47.1036037],[-0.25215257,47.10235924],[-0.25478615,47.10088845],[-0.26056404,47.09976504],[-0.26305051,47.10157991],[-0.26262025,47.10569827],[-0.26149069,47.11821542],[-0.26864301,47.12372533],[-0.27085926,47.12754629],[-0.27083535,47.12965277],[-0.26060541,47.13037059],[-0.24666735,47.13533112],[-0.2418708,47.13417897],[-0.23439014,47.13375228],[-0.22762546,47.13161026],[-0.22018178,47.12748734],[-0.20967338,47.11952232],[-0.18613345,47.11006018],[-0.18526503,47.10840818]]]]},"geometry_name":"geometrie","properties":{"code":"49253","name":"Le Puy-Notre-Dame","epci":"200071876","level":"commune"}},{"type":"Feature","id":"commune.17612","geometry":{"type":"MultiPolygon","coordinates":[[[[-0.2692941,47.2832462],[-0.26803592,47.28422052],[-0.28268516,47.28814883],[-0.28150562,47.29255306],[-0.2710657,47.3008967],[-0.266104,47.30805896],[-0.26562583,47.3097582],[-0.26773764,47.31280722],[-0.271979,47.31399056],[-0.2743298,47.31299981],[-0.27987256,47.30820306],[-0.28629294,47.30531654],[-0.29069325,47.30663165],[-0.29542852,47.31001123],[-0.31105152,47.31009537],[-0.31642958,47.30976427],[-0.32445398,47.30895437],[-0.33072195,47.30744648],[-0.33389093,47.30478389],[-0.33536572,47.3005057],[-0.34271543,47.29833077],[-0.34996124,47.30093123],[-0.35428807,47.30249027],[-0.36239756,47.30261864],[-0.37276598,47.29929461],[-0.37454087,47.29973677],[-0.37471474,47.30216548],[-0.37322178,47.30226927],[-0.36288596,47.31405147],[-0.36249752,47.3204764],[-0.36390947,47.32926035],[-0.3598256,47.3370384],[-0.33383062,47.34066841],[-0.32944898,47.34204567],[-0.33223922,47.34840254],[-0.3322596,47.35333956],[-0.32627829,47.3630393],[-0.31977315,47.3640147],[-0.31590293,47.36312603],[-0.30039858,47.36504887],[-0.29470319,47.36725583],[-0.29284795,47.36818601],[-0.28955855,47.37500964],[-0.29704354,47.38064221],[-0.29786444,47.38889633],[-0.29390817,47.40070426],[-0.29187542,47.40018972],[-0.28860457,47.39902544],[-0.27833132,47.39219522],[-0.26675451,47.37860381],[-0.26343989,47.37995743],[-0.25152098,47.3829882],[-0.23617994,47.39165128],[-0.23250641,47.39469064],[-0.22987803,47.39946851],[-0.22672522,47.41022154],[-0.2211801,47.41520888],[-0.21869022,47.4139084],[-0.21078972,47.40685806],[-0.19622245,47.3977654],[-0.19786202,47.38348359],[-0.19552557,47.37976029],[-0.19065058,47.37674546],[-0.19956419,47.3675764],[-0.20082211,47.36090261],[-0.19997023,47.35947014],[-0.19650815,47.35773383],[-0.19786357,47.34813464],[-0.2079743,47.33793882],[-0.18020351,47.32662821],[-0.17660077,47.32226711],[-0.17244037,47.32648206],[-0.16541597,47.33029927],[-0.15269905,47.34373246],[-0.12488048,47.32993802],[-0.11987436,47.32595451],[-0.11785993,47.3222995],[-0.1163779,47.32096358],[-0.09562835,47.31671333],[-0.11226977,47.30603001],[-0.12247838,47.29562822],[-0.11930339,47.29342884],[-0.12581243,47.29348067],[-0.13599109,47.29806838],[-0.15876521,47.2865903],[-0.17304554,47.28407781],[-0.18012128,47.28519583],[-0.19031702,47.28809809],[-0.19981736,47.28713361],[-0.21221148,47.28339428],[-0.21884098,47.2826861],[-0.22463396,47.27684707],[-0.23784401,47.27004038],[-0.24121031,47.27561277],[-0.24820796,47.27913003],[-0.2574803,47.28167028],[-0.26705887,47.28224239],[-0.2692941,47.2832462]]]]},"geometry_name":"geometrie","properties":{"code":"49261","name":"Gennes-Val-de-Loire","epci":"200071876","level":"commune"}},{"type":"Feature","id":"commune.17613","geometry":{"type":"MultiPolygon","coordinates":[[[[-0.15709104,47.22311345],[-0.16436309,47.22532789],[-0.17228836,47.23017382],[-0.1799384,47.23906325],[-0.18064347,47.2430416],[-0.17909716,47.24535092],[-0.17208466,47.25097601],[-0.16563493,47.25276781],[-0.16059189,47.25519662],[-0.15425804,47.26851253],[-0.14604696,47.26920502],[-0.13259957,47.25832691],[-0.12418206,47.24950571],[-0.12476577,47.247734],[-0.14281304,47.22745878],[-0.15139742,47.22360814],[-0.15709104,47.22311345]]]]},"geometry_name":"geometrie","properties":{"code":"49262","name":"Rou-Marson","epci":"200071876","level":"commune"}},{"type":"Feature","id":"commune.17618","geometry":{"type":"MultiPolygon","coordinates":[[[[-0.17235679,47.35438501],[-0.15269905,47.34373246],[-0.16541597,47.33029927],[-0.17244037,47.32648206],[-0.17660077,47.32226711],[-0.18020351,47.32662821],[-0.2079743,47.33793882],[-0.19786357,47.34813464],[-0.19650815,47.35773383],[-0.19997023,47.35947014],[-0.20082211,47.36090261],[-0.19956419,47.3675764],[-0.19065058,47.37674546],[-0.18491949,47.35931083],[-0.18283091,47.35783196],[-0.17717479,47.35716156],[-0.17235679,47.35438501]]]]},"geometry_name":"geometrie","properties":{"code":"49272","name":"Saint-Clément-des-Levées","epci":"200071876","level":"commune"}},{"type":"Feature","id":"commune.17623","geometry":{"type":"MultiPolygon","coordinates":[[[[-0.10110467,47.18715799],[-0.09805319,47.18828482],[-0.09494917,47.18815611],[-0.09208297,47.18701368],[-0.08741054,47.18757986],[-0.08353632,47.18936882],[-0.08066716,47.17275298],[-0.08947629,47.16693572],[-0.08585923,47.16198406],[-0.10920702,47.15490258],[-0.12470154,47.16036053],[-0.12141912,47.16209524],[-0.11899891,47.16790702],[-0.1177531,47.17420245],[-0.11930984,47.17805908],[-0.10110467,47.18715799]]]]},"geometry_name":"geometrie","properties":{"code":"49291","name":"Saint-Just-sur-Dive","epci":"200071876","level":"commune"}},{"type":"Feature","id":"commune.17629","geometry":{"type":"MultiPolygon","coordinates":[[[[-0.26262025,47.10569827],[-0.26573025,47.1054924],[-0.26739024,47.10181053],[-0.26940682,47.10111734],[-0.28032458,47.09988977],[-0.28750372,47.1016934],[-0.29791535,47.09970271],[-0.31255536,47.09225721],[-0.31552693,47.10592282],[-0.32387372,47.11643596],[-0.32145858,47.12128301],[-0.31936609,47.12046813],[-0.30629166,47.12391099],[-0.29090028,47.13051529],[-0.27083535,47.12965277],[-0.27085926,47.12754629],[-0.26864301,47.12372533],[-0.26149069,47.11821542],[-0.26262025,47.10569827]]]]},"geometry_name":"geometrie","properties":{"code":"49302","name":"Saint-Macaire-du-Bois","epci":"200071876","level":"commune"}},{"type":"Feature","id":"commune.17634","geometry":{"type":"MultiPolygon","coordinates":[[[[-0.02119796,47.40947751],[-0.01023004,47.40159036],[-0.00821677,47.39354649],[-0.00631163,47.37159766],[-0.0086401,47.37121667],[-0.01549927,47.37334957],[-0.02825368,47.37909242],[-0.03871569,47.38239396],[-0.04728146,47.38281287],[-0.05170337,47.38068696],[-0.06689571,47.37783925],[-0.06968422,47.37801246],[-0.08470289,47.38309936],[-0.08614881,47.38287088],[-0.09141654,47.38451193],[-0.09435291,47.3863653],[-0.09379275,47.39247208],[-0.08831809,47.39379335],[-0.08595775,47.39637133],[-0.08273783,47.39745766],[-0.08046921,47.39843041],[-0.06399147,47.40295322],[-0.05923361,47.40093895],[-0.05027376,47.4005501],[-0.03817729,47.40563427],[-0.0246681,47.40862966],[-0.02119796,47.40947751]]]]},"geometry_name":"geometrie","properties":{"code":"49311","name":"Saint-Philbert-du-Peuple","epci":"200071876","level":"commune"}},{"type":"Feature","id":"commune.17637","geometry":{"type":"MultiPolygon","coordinates":[[[[-0.04417161,47.25629878],[-0.04410797,47.25272287],[-0.03985049,47.25137601],[-0.02230268,47.24951411],[-0.00737742,47.24600137],[-0.01880126,47.23419513],[-0.0270376,47.22014381],[-0.03679183,47.21342971],[-0.04132038,47.21230634],[-0.04480598,47.21294182],[-0.05026524,47.2152001],[-0.05190497,47.21736872],[-0.05134889,47.2178924],[-0.04509407,47.23418826],[-0.0484548,47.23278273],[-0.05821421,47.2328607],[-0.07004668,47.23368479],[-0.07418319,47.23535539],[-0.07608668,47.2370428],[-0.08559125,47.23819559],[-0.08426567,47.23390632],[-0.08589338,47.23207549],[-0.08640034,47.22853385],[-0.09491803,47.2285562],[-0.10656742,47.23347091],[-0.1097181,47.23612082],[-0.11147887,47.2398702],[-0.10779278,47.2450334],[-0.10814328,47.24500869],[-0.10904333,47.2449467],[-0.11581868,47.2496939],[-0.12418206,47.24950571],[-0.13259957,47.25832691],[-0.14604696,47.26920502],[-0.15425804,47.26851253],[-0.15618881,47.26864018],[-0.15739165,47.27593052],[-0.15668182,47.28203047],[-0.15876521,47.2865903],[-0.13599109,47.29806838],[-0.12581243,47.29348067],[-0.11930339,47.29342884],[-0.12247838,47.29562822],[-0.11226977,47.30603001],[-0.09562835,47.31671333],[-0.06368714,47.30428866],[-0.04181131,47.2935434],[-0.03732309,47.29224658],[-0.02554152,47.28274269],[-0.03733818,47.27540092],[-0.04495469,47.26294866],[-0.04881001,47.25861299],[-0.04417161,47.25629878]]]]},"geometry_name":"geometrie","properties":{"code":"49328","name":"Saumur","epci":"200071876","level":"commune"}},{"type":"Feature","id":"commune.17648","geometry":{"type":"MultiPolygon","coordinates":[[[[-0.04480598,47.21294182],[-0.04132038,47.21230634],[-0.03679183,47.21342971],[-0.0270376,47.22014381],[-0.01880126,47.23419513],[-0.00737742,47.24600137],[-0.00037633,47.24311432],[0.00293243,47.24249542],[-0.01134554,47.2140382],[-0.01210631,47.20205499],[-0.01001733,47.19947408],[-0.01022956,47.19856583],[-0.04811341,47.20182457],[-0.05312627,47.20904515],[-0.04371745,47.20975858],[-0.04480598,47.21294182]]]]},"geometry_name":"geometrie","properties":{"code":"49341","name":"Souzay-Champigny","epci":"200071876","level":"commune"}},{"type":"Feature","id":"commune.17655","geometry":{"type":"MultiPolygon","coordinates":[[[[-0.20799062,47.21714605],[-0.20697075,47.21858258],[-0.20156693,47.22406423],[-0.19386667,47.23681873],[-0.1925346,47.24223259],[-0.18673889,47.24308858],[-0.18064347,47.2430416],[-0.1799384,47.23906325],[-0.17228836,47.23017382],[-0.16436309,47.22532789],[-0.15709104,47.22311345],[-0.15853592,47.21709149],[-0.16322257,47.21077648],[-0.16700451,47.21217418],[-0.17007549,47.21162435],[-0.17240811,47.21066309],[-0.17659283,47.20676508],[-0.17893609,47.20934432],[-0.1922342,47.2123384],[-0.20799062,47.21714605]]]]},"geometry_name":"geometrie","properties":{"code":"49359","name":"Les Ulmes","epci":"200071876","level":"commune"}},{"type":"Feature","id":"commune.17656","geometry":{"type":"MultiPolygon","coordinates":[[[[-0.00737742,47.24600137],[-0.00354585,47.24952599],[0.00499498,47.26082091],[0.00372209,47.26779433],[0.01560536,47.26573414],[0.03409442,47.26556263],[0.04062611,47.26766913],[0.04780345,47.26569448],[0.05741821,47.26593799],[0.07990101,47.27168277],[0.080794,47.26789098],[0.07328363,47.24791306],[0.07247296,47.22000035],[0.06014458,47.21949986],[0.04379591,47.2267802],[0.0305238,47.23189486],[0.02236316,47.2336377],[0.00916231,47.23794912],[0.00293243,47.24249542],[-0.00037633,47.24311432],[-0.00737742,47.24600137]]]]},"geometry_name":"geometrie","properties":{"code":"49361","name":"Varennes-sur-Loire","epci":"200071876","level":"commune"}},{"type":"Feature","id":"commune.17657","geometry":{"type":"MultiPolygon","coordinates":[[[[-0.08730205,47.22723858],[-0.08640034,47.22853385],[-0.08589338,47.23207549],[-0.08426567,47.23390632],[-0.08559125,47.23819559],[-0.07608668,47.2370428],[-0.07418319,47.23535539],[-0.07004668,47.23368479],[-0.05821421,47.2328607],[-0.0484548,47.23278273],[-0.04509407,47.23418826],[-0.05134889,47.2178924],[-0.05917384,47.21706707],[-0.06810166,47.21777604],[-0.07238542,47.22579537],[-0.07968422,47.22876753],[-0.08077466,47.22670059],[-0.08730205,47.22723858]]]]},"geometry_name":"geometrie","properties":{"code":"49362","name":"Varrains","epci":"200071876","level":"commune"}},{"type":"Feature","id":"commune.17658","geometry":{"type":"MultiPolygon","coordinates":[[[[-0.17594326,47.14805313],[-0.17180752,47.1445454],[-0.16813145,47.1350827],[-0.16789921,47.12473719],[-0.18604172,47.11234774],[-0.18613345,47.11006018],[-0.20967338,47.11952232],[-0.22018178,47.12748734],[-0.22762546,47.13161026],[-0.23439014,47.13375228],[-0.2418708,47.13417897],[-0.24666735,47.13533112],[-0.25003011,47.13716224],[-0.25060781,47.13922925],[-0.2624596,47.14886131],[-0.26113793,47.16914715],[-0.23894542,47.16242329],[-0.23324785,47.16165907],[-0.21820753,47.15856792],[-0.21222845,47.15823129],[-0.20200169,47.16038981],[-0.19718084,47.15940405],[-0.18216312,47.15217557],[-0.17594326,47.14805313]]]]},"geometry_name":"geometrie","properties":{"code":"49364","name":"Vaudelnay","epci":"200071876","level":"commune"}},{"type":"Feature","id":"commune.17660","geometry":{"type":"MultiPolygon","coordinates":[[[[-0.00631163,47.37159766],[-0.00821677,47.39354649],[-0.01023004,47.40159036],[-0.02119796,47.40947751],[-0.00779429,47.41384103],[0.00932646,47.42077141],[0.04005974,47.42692573],[0.04916494,47.43340158],[0.05291491,47.44026176],[0.05800992,47.43532456],[0.06562895,47.43528099],[0.06762827,47.43123363],[0.06845426,47.420315],[0.06803419,47.3933618],[0.06137156,47.38115215],[0.0596357,47.37357906],[0.05494969,47.37108396],[0.03732009,47.36613509],[0.02820288,47.36144659],[0.01727674,47.35124356],[0.0159679,47.34875058],[0.01550213,47.35130877],[0.01337052,47.35352415],[-0.00010664,47.3511183],[-0.01338598,47.35264381],[-0.01113416,47.35761018],[-0.00466848,47.36250899],[-0.00353405,47.36509859],[-0.00414662,47.36890873],[-0.00631163,47.37159766]]]]},"geometry_name":"geometrie","properties":{"code":"49368","name":"Vernantes","epci":"200071876","level":"commune"}},{"type":"Feature","id":"commune.17661","geometry":{"type":"MultiPolygon","coordinates":[[[[0.11501428,47.36301171],[0.11047259,47.35667776],[0.09861101,47.36642266],[0.09069306,47.36751552],[0.08035,47.36784518],[0.06993017,47.36622799],[0.05494969,47.37108396],[0.0596357,47.37357906],[0.06137156,47.38115215],[0.06803419,47.3933618],[0.06845426,47.420315],[0.06762827,47.43123363],[0.06914945,47.43354111],[0.07657273,47.43620242],[0.0898242,47.43768771],[0.08455619,47.43324547],[0.09659554,47.42612583],[0.10354821,47.42298696],[0.12755334,47.41848838],[0.14028697,47.40967365],[0.14519158,47.40394177],[0.13335346,47.40007882],[0.12654632,47.39641205],[0.12462464,47.39259288],[0.12769929,47.3879442],[0.1311775,47.38496378],[0.13290685,47.38080152],[0.11501428,47.36301171]]]]},"geometry_name":"geometrie","properties":{"code":"49369","name":"Vernoil-le-Fourrier","epci":"200071876","level":"commune"}},{"type":"Feature","id":"commune.17662","geometry":{"type":"MultiPolygon","coordinates":[[[[-0.15876521,47.2865903],[-0.15668182,47.28203047],[-0.15739165,47.27593052],[-0.15618881,47.26864018],[-0.15425804,47.26851253],[-0.16059189,47.25519662],[-0.16563493,47.25276781],[-0.17208466,47.25097601],[-0.17909716,47.24535092],[-0.18064347,47.2430416],[-0.18673889,47.24308858],[-0.1925346,47.24223259],[-0.19470757,47.24342149],[-0.19590787,47.24545078],[-0.19551054,47.25481227],[-0.19816439,47.26158033],[-0.20051119,47.26240575],[-0.21143366,47.26237219],[-0.21757373,47.26343541],[-0.22020373,47.26577707],[-0.22000129,47.26889205],[-0.22463396,47.27684707],[-0.21884098,47.2826861],[-0.21221148,47.28339428],[-0.19981736,47.28713361],[-0.19031702,47.28809809],[-0.18012128,47.28519583],[-0.17304554,47.28407781],[-0.15876521,47.2865903]]]]},"geometry_name":"geometrie","properties":{"code":"49370","name":"Verrie","epci":"200071876","level":"commune"}},{"type":"Feature","id":"commune.17665","geometry":{"type":"MultiPolygon","coordinates":[[[[-0.04881001,47.25861299],[-0.04495469,47.26294866],[-0.03733818,47.27540092],[-0.02554152,47.28274269],[-0.02532162,47.28109526],[-0.01207844,47.27303723],[0.00372209,47.26779433],[0.00499498,47.26082091],[-0.00354585,47.24952599],[-0.00737742,47.24600137],[-0.02230268,47.24951411],[-0.03985049,47.25137601],[-0.04410797,47.25272287],[-0.04417161,47.25629878],[-0.04881001,47.25861299]]]]},"geometry_name":"geometrie","properties":{"code":"49374","name":"Villebernier","epci":"200071876","level":"commune"}},{"type":"Feature","id":"commune.17667","geometry":{"type":"MultiPolygon","coordinates":[[[[-0.02584286,47.30771237],[-0.03037106,47.30054915],[-0.03732309,47.29224658],[-0.04181131,47.2935434],[-0.06368714,47.30428866],[-0.09562835,47.31671333],[-0.1163779,47.32096358],[-0.11785993,47.3222995],[-0.10777432,47.3334631],[-0.09488699,47.33854801],[-0.08988584,47.34415156],[-0.08573351,47.34800617],[-0.07135535,47.34972338],[-0.06215958,47.34670317],[-0.0620629,47.34442915],[-0.05112849,47.33919718],[-0.0441745,47.33333471],[-0.02619205,47.32746348],[-0.02601855,47.32443381],[-0.03324543,47.31701368],[-0.03545916,47.31333689],[-0.03217963,47.31078749],[-0.02584286,47.30771237]]]]},"geometry_name":"geometrie","properties":{"code":"49378","name":"Vivy","epci":"200071876","level":"commune"}}]}